canonical_key,display_name,state_at_creation,established_year,closed_year,is_active,origin_kind,census_years_present,first_census_year,last_census_year,max_area_km2,min_area_km2,area_change_km2,area_km2_1951,area_km2_1961,area_km2_1971,area_km2_1981,area_km2_1991,area_km2_2001,area_km2_2011,area_km2_2021,area_km2_2025
IND-000101,Ajmer,Ajmer,1951,1961.0,False,ANCHOR,1,1951,1951,5030.79,5030.79,0.0,5030.79,,,,,,,,
IND-000510,Andamans,Andaman & Nicobar Island,1981,2011.0,False,NEW,3,1981,2001,5791.149,5791.149,0.0,,,,5791.149,5791.149,5791.149,,,
IND-000511,Nicobars,Andaman & Nicobar Island,1981,2021.0,False,NEW,4,1981,2011,1716.065,1665.965,50.1,,,,1665.992,1665.965,1665.965,1716.065,,
IND-000140,Andaman And Nicobar Islands,Andaman And Nicobar Islands,1951,1981.0,False,ANCHOR,3,1951,1971,7457.121,7399.462,57.659,7457.121,7457.121,7399.462,,,,,,
IND-001095,North & Middle Andaman,Andaman And Nicobar Islands,2011,2021.0,False,NEW,1,2011,2011,2858.089,2858.089,0.0,,,,,,,2858.089,,
IND-001096,South Andaman,Andaman And Nicobar Islands,2011,,True,NEW,3,2011,2025,2529.266,2249.375,279.891,,,,,,,2249.375,2339.555,2529.266
IND-000419,,Andaman And Nicobar Islands,1971,1981.0,False,NEW,1,1971,1971,57.659,57.659,0.0,,,57.659,,,,,,
IND-000420,,Andaman And Nicobar Islands,1971,1981.0,False,NEW,1,1971,1971,0.73,0.73,0.0,,,0.73,,,,,,
IND-001279,Nicobars,Andaman and Nicobar Islands,2021,,True,NEW,2,2021,2025,1777.754,1679.236,98.517,,,,,,,,1679.236,1777.754
IND-001278,North & Middle Andaman,Andaman and Nicobar Islands,2021,,True,NEW,2,2021,2025,3447.176,3291.732,155.444,,,,,,,,3291.732,3447.176
IND-000330,Adilabad,Andhra Pradesh,1961,2021.0,False,NEW,6,1961,2011,16709.377,16107.291,602.086,,16709.376,16709.376,16709.377,16709.373,16151.956,16107.291,,
IND-000322,Ananthapur,Andhra Pradesh,1961,,True,NEW,8,1961,2025,19405.635,19102.697,302.938,,19140.921,19140.921,19140.921,19140.892,19140.892,19102.697,19128.917,19405.635
IND-000320,East Godavari,Andhra Pradesh,1961,2021.0,False,NEW,6,1961,2011,10855.233,10777.989,77.244,,10855.233,10839.112,10839.115,10839.109,10839.109,10777.989,,
IND-001261,East Godavari,Andhra Pradesh,2021,,True,NEW,2,2021,2025,12982.355,12918.582,63.773,,,,,,,,12982.355,12918.582
IND-000404,Guntur,Andhra Pradesh,1971,,True,NEW,7,1971,2025,11417.248,11333.536,83.713,,,11417.247,11417.247,11417.248,11417.248,11333.536,11402.459,11403.935
IND-000328,Hyderabad,Andhra Pradesh,1961,2021.0,False,NEW,6,1961,2011,7761.909,7548.433,213.476,,7761.909,7761.909,7676.797,7676.815,7561.138,7548.433,,
IND-000459,Hyderabad,Andhra Pradesh,1981,2001.0,False,NEW,2,1981,1991,85.118,85.115,0.003,,,,85.115,85.118,,,,
IND-000906,Hyderabad,Andhra Pradesh,2001,2011.0,False,NEW,1,2001,2001,200.801,200.801,0.0,,,,,,200.801,,,
IND-001078,Hyderabad,Andhra Pradesh,2011,2021.0,False,NEW,1,2011,2011,181.407,181.407,0.0,,,,,,,181.407,,
IND-000332,Khammam,Andhra Pradesh,1961,2021.0,False,NEW,6,1961,2011,16002.879,15851.224,151.655,,16002.879,16002.879,16002.879,16002.791,16002.791,15851.224,,
IND-000323,Kurnool,Andhra Pradesh,1961,1971.0,False,NEW,1,1961,1961,24392.539,24392.539,0.0,,24392.539,,,,,,,
IND-000412,Kurnool,Andhra Pradesh,1971,,True,NEW,7,1971,2025,17667.111,17387.797,279.314,,,17667.111,17667.111,17667.072,17667.072,17532.979,17664.475,17387.797
IND-000327,Mahabubnagar,Andhra Pradesh,1961,2021.0,False,NEW,6,1961,2011,18418.665,18391.69,26.975,,18391.818,18391.818,18391.818,18391.69,18391.69,18418.665,,
IND-000329,Medak,Andhra Pradesh,1961,2021.0,False,NEW,6,1961,2011,9691.14,9446.872,244.268,,9691.098,9691.098,9691.098,9691.14,9691.14,9446.872,,
IND-000333,Nalgonda,Andhra Pradesh,1961,2021.0,False,NEW,6,1961,2011,14251.768,14196.315,55.453,,14196.315,14196.315,14196.315,14196.324,14196.324,14251.768,,
IND-000406,Nellore,Andhra Pradesh,1971,,True,NEW,7,1971,2025,13219.962,13190.771,29.191,,,13214.151,13214.151,13214.147,13214.147,13190.771,13219.962,13214.466
IND-000405,Ongole (Prakasam),Andhra Pradesh,1971,,True,NEW,7,1971,2025,17651.069,17615.741,35.328,,,17632.579,17632.579,17632.637,17632.637,17651.069,17626.796,17615.741
IND-000450,Srikakulam,Andhra Pradesh,1981,,True,NEW,6,1981,2025,5866.033,5634.157,231.877,,,,5654.296,5802.804,5802.804,5634.157,5866.033,5838.9
IND-000454,Visakhapatnam,Andhra Pradesh,1981,,True,NEW,6,1981,2025,11603.976,11437.006,166.97,,,,11541.072,11541.121,11541.121,11437.006,11603.976,11579.201
IND-000453,Vizianagaram,Andhra Pradesh,1981,,True,NEW,6,1981,2025,6180.587,6084.698,95.889,,,,6157.37,6157.385,6157.385,6084.698,6180.587,6147.329
IND-000331,Warangal,Andhra Pradesh,1961,2021.0,False,NEW,6,1961,2011,12921.096,12801.523,119.573,,12921.092,12921.092,12921.092,12921.096,12921.096,12801.523,,
IND-000321,West Godavari,Andhra Pradesh,1961,,True,NEW,8,1961,2025,8384.155,7722.865,661.29,,7722.882,7722.882,7722.882,7722.865,7722.865,7827.15,8384.155,8321.766
IND-001040,Anjaw,Arunachal Pradesh,2011,,True,NEW,3,2011,2025,6511.093,6015.131,495.963,,,,,,,6130.836,6511.093,6015.131
IND-000493,Dibang Valley,Arunachal Pradesh,1981,2011.0,False,NEW,3,1981,2001,13498.611,13498.575,0.036,,,,13498.611,13498.575,13498.575,,,
IND-001037,Dibang Valley,Arunachal Pradesh,2011,,True,NEW,3,2011,2025,9612.272,9324.53,287.742,,,,,,,9324.53,9612.272,9576.99
IND-000489,East Kameng,Arunachal Pradesh,1981,2021.0,False,NEW,4,1981,2011,6499.792,6271.931,227.862,,,,6271.941,6271.931,6271.931,6499.792,,
IND-001141,East Kameng,Arunachal Pradesh,2021,,True,NEW,2,2021,2025,4410.349,4356.025,54.324,,,,,,,,4356.025,4410.349
IND-000492,East Siang,Arunachal Pradesh,1981,2001.0,False,NEW,2,1981,1991,10378.621,10378.619,0.002,,,,10378.619,10378.621,,,,
IND-000778,East Siang,Arunachal Pradesh,2001,2011.0,False,NEW,1,2001,2001,3523.829,3523.829,0.0,,,,,,3523.829,,,
IND-001034,East Siang,Arunachal Pradesh,2011,2021.0,False,NEW,1,2011,2011,3789.294,3789.294,0.0,,,,,,,3789.294,,
IND-001137,East Siang,Arunachal Pradesh,2021,,True,NEW,2,2021,2025,1680.01,1637.455,42.555,,,,,,,,1637.455,1680.01
IND-001151,Kamle,Arunachal Pradesh,2021,,True,NEW,2,2021,2025,1378.955,1305.667,73.289,,,,,,,,1305.667,1378.955
IND-001142,Kra Daadi,Arunachal Pradesh,2021,2025.0,False,NEW,1,2021,2021,2201.674,2201.674,0.0,,,,,,,,2201.674,
IND-001364,Kra Daadi,Arunachal Pradesh,2025,,True,NEW,1,2025,2025,1760.26,1760.26,0.0,,,,,,,,,1760.26
IND-001036,Kurung Kumey,Arunachal Pradesh,2011,2021.0,False,NEW,1,2011,2011,7082.75,7082.75,0.0,,,,,,,7082.75,,
IND-001139,Kurung Kumey,Arunachal Pradesh,2021,,True,NEW,2,2021,2025,4444.152,4300.84,143.312,,,,,,,,4300.84,4444.152
IND-001150,Lepa Rada,Arunachal Pradesh,2021,,True,NEW,2,2021,2025,836.812,766.659,70.153,,,,,,,,836.812,766.659
IND-000494,Lohit,Arunachal Pradesh,1981,2011.0,False,NEW,3,1981,2001,10306.056,10306.055,0.001,,,,10306.056,10306.055,10306.055,,,
IND-001039,Lohit,Arunachal Pradesh,2011,2021.0,False,NEW,1,2011,2011,4146.673,4146.673,0.0,,,,,,,4146.673,,
IND-001138,Lohit,Arunachal Pradesh,2021,2025.0,False,NEW,1,2021,2021,2474.141,2474.141,0.0,,,,,,,,2474.141,
IND-001355,Lohit,Arunachal Pradesh,2025,,True,NEW,1,2025,2025,3054.542,3054.542,0.0,,,,,,,,,3054.542
IND-001144,Longding,Arunachal Pradesh,2021,,True,NEW,2,2021,2025,936.957,936.079,0.878,,,,,,,,936.957,936.079
IND-001038,Lower Dibang Valley,Arunachal Pradesh,2011,,True,NEW,3,2011,2025,3680.743,3540.761,139.982,,,,,,,3680.743,3567.815,3540.761
IND-001145,Lower Siang,Arunachal Pradesh,2021,,True,NEW,2,2021,2025,1813.528,1750.425,63.103,,,,,,,,1750.425,1813.528
IND-000777,Lower Subansiri,Arunachal Pradesh,2001,2011.0,False,NEW,1,2001,2001,9423.179,9423.179,0.0,,,,,,9423.179,,,
IND-001035,Lower Subansiri,Arunachal Pradesh,2011,2021.0,False,NEW,1,2011,2011,2711.552,2711.552,0.0,,,,,,,2711.552,,
IND-001140,Lower Subansiri,Arunachal Pradesh,2021,2025.0,False,NEW,1,2021,2021,1457.889,1457.889,0.0,,,,,,,,1457.889,
IND-001359,Lower Subansiri,Arunachal Pradesh,2025,,True,NEW,1,2025,2025,1942.489,1942.489,0.0,,,,,,,,,1942.489
IND-001143,Namsai,Arunachal Pradesh,2021,,True,NEW,2,2021,2025,1341.975,1340.95,1.024,,,,,,,,1340.95,1341.975
IND-001148,Pakke Kessang,Arunachal Pradesh,2021,,True,NEW,2,2021,2025,1909.953,1903.573,6.38,,,,,,,,1903.573,1909.953
IND-000776,Papum Pare,Arunachal Pradesh,2001,2021.0,False,NEW,2,2001,2011,3364.323,3352.98,11.343,,,,,,3364.323,3352.98,,
IND-001135,Papum Pare,Arunachal Pradesh,2021,,True,NEW,2,2021,2025,3773.724,3446.492,327.231,,,,,,,,3773.724,3446.492
IND-001147,Shi Yomi,Arunachal Pradesh,2021,,True,NEW,2,2021,2025,2640.053,2617.51,22.543,,,,,,,,2640.053,2617.51
IND-001146,Siang,Arunachal Pradesh,2021,,True,NEW,2,2021,2025,3450.88,3447.866,3.014,,,,,,,,3447.866,3450.88
IND-001031,Tawang,Arunachal Pradesh,2011,2021.0,False,NEW,1,2011,2011,2173.877,2173.877,0.0,,,,,,,2173.877,,
IND-001134,Tawang,Arunachal Pradesh,2021,,True,NEW,2,2021,2025,2456.638,2356.434,100.204,,,,,,,,2356.434,2456.638
IND-001136,Tirap,Arunachal Pradesh,2021,,True,NEW,2,2021,2025,1174.613,1087.43,87.183,,,,,,,,1087.43,1174.613
IND-000779,Upper Siang,Arunachal Pradesh,2001,,True,NEW,4,2001,2025,6854.764,6614.686,240.078,,,,,,6854.764,6614.686,6777.068,6701.54
IND-000490,Upper Subansiri,Arunachal Pradesh,1981,2011.0,False,NEW,3,1981,2001,5968.82,5968.792,0.027,,,,5968.792,5968.82,5968.82,,,
IND-001032,Upper Subansiri,Arunachal Pradesh,2011,,True,NEW,3,2011,2025,6736.205,6402.685,333.52,,,,,,,6736.205,6402.685,6482.544
IND-000488,West Kameng,Arunachal Pradesh,1981,1991.0,False,NEW,1,1981,1981,7137.061,7137.061,0.0,,,,7137.061,,,,,
IND-000491,West Siang,Arunachal Pradesh,1981,2011.0,False,NEW,3,1981,2001,7909.431,7909.408,0.023,,,,7909.431,7909.408,7909.408,,,
IND-001033,West Siang,Arunachal Pradesh,2011,2021.0,False,NEW,1,2011,2011,8361.155,8361.155,0.0,,,,,,,8361.155,,
IND-001149,West Siang,Arunachal Pradesh,2021,,True,NEW,2,2021,2025,1355.344,1333.428,21.917,,,,,,,,1355.344,1333.428
IND-000629,Changlang,Arunachal_Pradesh,1991,,True,NEW,5,1991,2025,5029.736,4948.253,81.483,,,,,4973.194,4973.194,5023.752,5029.736,4948.253
IND-000630,Tawang,Arunachal_Pradesh,1991,2011.0,False,NEW,2,1991,2001,2335.22,2335.22,0.0,,,,,2335.22,2335.22,,,
IND-000631,Tirap,Arunachal_Pradesh,1991,2021.0,False,NEW,3,1991,2011,2171.479,2019.305,152.174,,,,,2171.479,2171.479,2019.305,,
IND-000632,West_Kameng,Arunachal_Pradesh,1991,,True,NEW,5,1991,2025,5030.825,4801.627,229.198,,,,,4801.627,4801.627,4962.139,5030.825,4916.455
IND-000046,Abor Hills,Assam,1951,1961.0,False,ANCHOR,1,1951,1951,37044.454,37044.454,0.0,37044.454,,,,,,,,
IND-001070,Baksa,Assam,2011,,True,NEW,3,2011,2025,2442.694,2430.368,12.326,,,,,,,2442.694,2430.368,2439.913
IND-000048,Balipara Frontier Tract,Assam,1951,1981.0,False,ANCHOR,3,1951,1971,13408.959,13408.959,0.0,13408.959,13408.959,13408.959,,,,,,
IND-000516,Barpeta,Assam,1981,1991.0,False,NEW,1,1981,1981,3254.147,3254.147,0.0,,,,3254.147,,,,,
IND-000638,Barpeta,Assam,1991,2001.0,False,NEW,1,1991,1991,2866.106,2866.106,0.0,,,,,2866.106,,,,
IND-000803,Barpeta,Assam,2001,2011.0,False,NEW,1,2001,2001,3254.188,3254.188,0.0,,,,,,3254.188,,,
IND-001062,Barpeta,Assam,2011,,True,NEW,3,2011,2025,2322.334,2278.55,43.783,,,,,,,2322.334,2278.55,2289.136
IND-001199,Biswanath,Assam,2021,2025.0,False,NEW,1,2021,2021,1782.882,1782.882,0.0,,,,,,,,1782.882,
IND-001373,Biswanath,Assam,2025,,True,NEW,1,2025,2025,2220.114,2220.114,0.0,,,,,,,,,2220.114
IND-000514,Bongaigaon,Assam,1981,1991.0,False,NEW,1,1981,1981,2262.73,2262.73,0.0,,,,2262.73,,,,,
IND-000639,Bongaigaon,Assam,1991,2001.0,False,NEW,1,1991,1991,2765.654,2765.654,0.0,,,,,2765.654,,,,
IND-000802,Bongaigaon,Assam,2001,2011.0,False,NEW,1,2001,2001,2936.824,2936.824,0.0,,,,,,2936.824,,,
IND-001065,Bongaigaon,Assam,2011,,True,NEW,3,2011,2025,1118.104,1061.853,56.252,,,,,,,1061.853,1088.176,1118.104
IND-000010,Cachar,Assam,1951,1981.0,False,ANCHOR,3,1951,1971,6939.865,6939.865,0.0,6939.865,6939.865,6939.865,,,,,,
IND-000540,Cachar,Assam,1981,1991.0,False,NEW,1,1981,1981,3826.375,3826.375,0.0,,,,3826.375,,,,,
IND-000640,Cachar,Assam,1991,2001.0,False,NEW,1,1991,1991,4558.909,4558.909,0.0,,,,,4558.909,,,,
IND-000807,Cachar,Assam,2001,,True,NEW,4,2001,2025,3826.408,3781.956,44.453,,,,,,3826.408,3781.956,3783.329,3783.801
IND-001197,Charaideo,Assam,2021,,True,NEW,2,2021,2025,1068.181,1013.009,55.172,,,,,,,,1068.181,1013.009
IND-001066,Chirang,Assam,2011,,True,NEW,3,2011,2025,1931.896,1912.788,19.107,,,,,,,1931.896,1926.546,1912.788
IND-000020,Darrang,Assam,1951,1981.0,False,ANCHOR,3,1951,1971,8919.336,8919.336,0.0,8919.336,8919.336,8919.336,,,,,,
IND-000519,Darrang,Assam,1981,2011.0,False,NEW,3,1981,2001,3655.974,3655.97,0.004,,,,3655.974,3655.97,3655.97,,,
IND-001071,Darrang,Assam,2011,,True,NEW,3,2011,2025,1583.621,1580.341,3.28,,,,,,,1580.341,1583.621,1583.402
IND-000522,Dhemaji,Assam,1981,1991.0,False,NEW,1,1981,1981,3321.292,3321.292,0.0,,,,3321.292,,,,,
IND-000641,Dhemaji,Assam,1991,2001.0,False,NEW,1,1991,1991,2975.174,2975.174,0.0,,,,,2975.174,,,,
IND-000805,Dhemaji,Assam,2001,,True,NEW,4,2001,2025,2597.752,2478.994,118.759,,,,,,2597.752,2577.942,2482.8,2478.994
IND-000512,Dhubri,Assam,1981,2011.0,False,NEW,3,1981,2001,2656.421,2656.378,0.043,,,,2656.378,2656.421,2656.421,,,
IND-001061,Dhubri,Assam,2011,2021.0,False,NEW,1,2011,2011,2163.364,2163.364,0.0,,,,,,,2163.364,,
IND-001196,Dhubri,Assam,2021,,True,NEW,2,2021,2025,1659.399,1556.82,102.579,,,,,,,,1556.82,1659.399
IND-000528,Dibrugarh,Assam,1981,,True,NEW,6,1981,2025,3387.14,3370.727,16.413,,,,3387.14,3387.136,3387.136,3370.727,3379.44,3380.081
IND-000036,Garo Hills,Assam,1951,1981.0,False,ANCHOR,3,1951,1971,7959.739,7959.739,0.0,7959.739,7959.739,7959.739,,,,,,
IND-000018,Goalpara,Assam,1951,1981.0,False,ANCHOR,3,1951,1971,8084.736,8084.736,0.0,8084.736,8084.736,8084.736,,,,,,
IND-000515,Goalpara,Assam,1981,,True,NEW,6,1981,2025,1994.175,1955.298,38.877,,,,1988.976,1988.975,1988.975,1994.175,1978.853,1955.298
IND-000525,Golaghat,Assam,1981,,True,NEW,6,1981,2025,3523.678,3151.833,371.844,,,,3151.84,3223.795,3151.833,3280.12,3523.678,3225.033
IND-000539,Hailakandi,Assam,1981,,True,NEW,6,1981,2025,1341.735,1329.073,12.662,,,,1341.713,1341.735,1341.735,1337.739,1329.073,1329.755
IND-001200,Hojai,Assam,2021,,True,NEW,2,2021,2025,1455.758,1455.477,0.281,,,,,,,,1455.477,1455.758
IND-000526,Jorhat,Assam,1981,2021.0,False,NEW,4,1981,2011,3182.507,3142.67,39.837,,,,3142.67,3142.672,3142.672,3182.507,,
IND-001193,Jorhat,Assam,2021,,True,NEW,2,2021,2025,2048.026,1865.779,182.247,,,,,,,,2048.026,1865.779
IND-000019,Kamrup,Assam,1951,1981.0,False,ANCHOR,3,1951,1971,12246.802,12246.802,0.0,12246.802,12246.802,12246.802,,,,,,
IND-000518,Kamrup,Assam,1981,2011.0,False,NEW,3,1981,2001,4588.65,4588.641,0.009,,,,4588.65,4588.641,4588.641,,,
IND-001067,Kamrup,Assam,2011,,True,NEW,3,2011,2025,3124.651,3102.939,21.712,,,,,,,3105.626,3102.939,3124.651
IND-001068,Kamrup Metropolitan,Assam,2011,,True,NEW,3,2011,2025,991.173,971.979,19.194,,,,,,,982.752,991.173,971.979
IND-001202,Karbi Anglong,Assam,2021,,True,NEW,2,2021,2025,7325.26,7323.46,1.8,,,,,,,,7323.46,7325.26
IND-000533,Karimganj,Assam,1981,,True,NEW,6,1981,2025,1840.006,1771.942,68.064,,,,1772.023,1771.942,1771.942,1790.712,1840.006,1812.923
IND-000513,Kokrajhar,Assam,1981,2001.0,False,NEW,2,1981,1991,3439.322,3324.507,114.814,,,,3439.322,3324.507,,,,
IND-000801,Kokrajhar,Assam,2001,2011.0,False,NEW,1,2001,2001,2765.015,2765.015,0.0,,,,,,2765.015,,,
IND-001060,Kokrajhar,Assam,2011,,True,NEW,3,2011,2025,3147.394,3105.938,41.456,,,,,,,3147.394,3130.877,3105.938
IND-000023,Lakhimpur,Assam,1951,1981.0,False,ANCHOR,3,1951,1971,12685.686,12685.686,0.0,12685.686,12685.686,12685.686,,,,,,
IND-000521,Lakhimpur,Assam,1981,1991.0,False,NEW,1,1981,1981,2192.378,2192.378,0.0,,,,2192.378,,,,,
IND-000642,Lakhimpur,Assam,1991,2001.0,False,NEW,1,1991,1991,2538.691,2538.691,0.0,,,,,2538.691,,,,
IND-000804,Lakhimpur,Assam,2001,,True,NEW,4,2001,2025,2998.086,2868.81,129.275,,,,,,2916.091,2868.81,2998.086,2996.071
IND-000026,Lushai Hills,Assam,1951,1981.0,False,ANCHOR,3,1951,1971,21081.144,21081.144,0.0,21081.144,21081.144,21081.144,,,,,,
IND-001198,Majuli,Assam,2021,2025.0,False,NEW,1,2021,2021,787.063,787.063,0.0,,,,,,,,787.063,
IND-001374,Majuli,Assam,2025,,True,NEW,1,2025,2025,1270.103,1270.103,0.0,,,,,,,,,1270.103
IND-000523,Marigaon,Assam,1981,2011.0,False,NEW,3,1981,2001,1632.223,1632.14,0.082,,,,1632.223,1632.14,1632.14,,,
IND-000424,Mikir Hills,Assam,1971,2021.0,False,NEW,5,1971,2011,10454.007,10282.027,171.979,,,10282.027,10282.027,10282.032,10282.032,10454.007,,
IND-000045,Mishmi Hills,Assam,1951,1981.0,False,ANCHOR,3,1951,1971,23804.685,23804.685,0.0,23804.685,23804.685,23804.685,,,,,,
IND-001063,Morigaon,Assam,2011,,True,NEW,3,2011,2025,1511.11,1506.692,4.418,,,,,,,1506.692,1510.94,1511.11
IND-000025,Naga Hills,Assam,1951,1961.0,False,ANCHOR,1,1951,1951,10556.163,10556.163,0.0,10556.163,,,,,,,,
IND-000049,Naga Tribal Area,Assam,1951,1981.0,False,ANCHOR,3,1951,1971,6018.66,6018.66,0.0,6018.66,6018.66,6018.66,,,,,,
IND-000524,Nagaon,Assam,1981,2011.0,False,NEW,3,1981,2001,4076.653,4076.638,0.015,,,,4076.653,4076.638,4076.638,,,
IND-001064,Nagaon,Assam,2011,2021.0,False,NEW,1,2011,2011,3986.015,3986.015,0.0,,,,,,,3986.015,,
IND-001195,Nagaon,Assam,2021,,True,NEW,2,2021,2025,2578.238,2577.668,0.57,,,,,,,,2578.238,2577.668
IND-000517,Nalbari,Assam,1981,2011.0,False,NEW,3,1981,2001,2141.209,2141.193,0.015,,,,2141.209,2141.193,2141.193,,,
IND-001069,Nalbari,Assam,2011,,True,NEW,3,2011,2025,1046.596,1042.677,3.919,,,,,,,1042.677,1046.596,1045.595
IND-000425,North Cachar Hills,Assam,1971,1991.0,False,NEW,2,1971,1981,4896.225,4896.225,0.0,,,4896.225,4896.225,,,,,
IND-000806,North Cachar Hills,Assam,2001,,True,NEW,4,2001,2025,4902.856,4883.622,19.234,,,,,,4896.204,4902.856,4883.835,4883.622
IND-000643,North_Cachar_Hills,Assam,1991,2001.0,False,NEW,1,1991,1991,4163.708,4163.708,0.0,,,,,4163.708,,,,
IND-000021,Nowgong,Assam,1951,1981.0,False,ANCHOR,3,1951,1971,5708.704,5708.704,0.0,5708.704,5708.704,5708.704,,,,,,
IND-000022,Sibsagar,Assam,1951,1981.0,False,ANCHOR,3,1951,1971,8936.702,8936.702,0.0,8936.702,8936.702,8936.702,,,,,,
IND-000527,Sibsagar,Assam,1981,2021.0,False,NEW,4,1981,2011,2641.924,2620.058,21.866,,,,2641.924,2641.895,2641.895,2620.058,,
IND-001192,Sivasagar,Assam,2021,,True,NEW,2,2021,2025,1630.459,1572.717,57.742,,,,,,,,1572.717,1630.459
IND-000520,Sonitpur,Assam,1981,2021.0,False,NEW,4,1981,2011,5263.353,5199.658,63.695,,,,5263.353,5263.307,5263.307,5199.658,,
IND-001194,Sonitpur,Assam,2021,2025.0,False,NEW,1,2021,2021,3445.068,3445.068,0.0,,,,,,,,3445.068,
IND-001375,Sonitpur,Assam,2025,,True,NEW,1,2025,2025,3005.559,3005.559,0.0,,,,,,,,,3005.559
IND-001201,South Salmara Mancachar,Assam,2021,2025.0,False,NEW,1,2021,2021,684.592,684.592,0.0,,,,,,,,684.592,
IND-001376,South Salmara Mancachar,Assam,2025,,True,NEW,1,2025,2025,560.927,560.927,0.0,,,,,,,,,560.927
IND-000529,Tinsukia,Assam,1981,,True,NEW,6,1981,2025,3811.931,3784.522,27.41,,,,3784.538,3784.522,3784.522,3799.924,3810.85,3811.931
IND-000047,Tirap Frontier Tract,Assam,1951,1991.0,False,ANCHOR,4,1951,1981,7144.717,7144.717,0.0,7144.717,7144.717,7144.717,7144.717,,,,,
IND-001072,Udalguri,Assam,2011,,True,NEW,3,2011,2025,2015.152,2014.657,0.495,,,,,,,2015.152,2015.01,2014.657
IND-000024,United Khasi & Jaintia Hills,Assam,1951,1981.0,False,ANCHOR,3,1951,1971,14088.542,14088.542,0.0,14088.542,14088.542,14088.542,,,,,,
IND-000044,United Mikir And North Cachar Hills,Assam,1951,1971.0,False,ANCHOR,2,1951,1961,15178.317,15178.317,0.0,15178.317,15178.317,,,,,,,
IND-001203,West Karbi Anglong,Assam,2021,,True,NEW,2,2021,2025,3073.03,3072.807,0.223,,,,,,,,3072.807,3073.03
IND-000102,Raisen,Bhopal,1951,,True,ANCHOR,9,1951,2025,8488.503,8413.243,75.26,8488.46,8488.46,8488.46,8488.49,8488.503,8488.503,8413.243,8477.301,8477.477
IND-000103,Sehore,Bhopal,1951,1981.0,False,ANCHOR,3,1951,1971,9326.438,9326.438,0.0,9326.438,9326.438,9326.438,,,,,,
IND-000611,Araria,Bihar,1991,,True,NEW,5,1991,2025,2814.249,2759.625,54.625,,,,,2814.249,2814.249,2759.625,2798.724,2790.363
IND-000991,Arwal,Bihar,2011,,True,NEW,3,2011,2025,639.596,626.722,12.874,,,,,,,626.722,639.596,637.812
IND-000545,Aurangabad,Bihar,1981,,True,NEW,6,1981,2025,3327.4,3302.914,24.486,,,,3305.712,3305.741,3305.741,3327.4,3302.914,3306.127
IND-000767,Banka,Bihar,2001,,True,NEW,4,2001,2025,3077.583,3025.627,51.956,,,,,,3033.267,3077.583,3031.547,3025.627
IND-000556,Begusarai,Bihar,1981,,True,NEW,6,1981,2025,1938.175,1885.293,52.882,,,,1938.175,1938.159,1938.159,1885.293,1921.209,1922.974
IND-000114,Bhagalpur,Bihar,1951,2001.0,False,ANCHOR,5,1951,1991,5583.547,5583.502,0.045,5583.547,5583.547,5583.547,5583.547,5583.502,,,,
IND-000766,Bhagalpur,Bihar,2001,,True,NEW,4,2001,2025,2559.174,2550.268,8.906,,,,,,2550.268,2559.174,2554.205,2556.557
IND-000543,Bhojpur,Bihar,1981,2001.0,False,NEW,2,1981,1991,4094.931,4094.918,0.013,,,,4094.931,4094.918,,,,
IND-000771,Bhojpur,Bihar,2001,,True,NEW,4,2001,2025,2434.428,2389.734,44.694,,,,,,2402.187,2434.428,2425.005,2389.734
IND-000772,Buxar,Bihar,2001,,True,NEW,4,2001,2025,1702.619,1665.174,37.444,,,,,,1692.628,1702.619,1665.174,1700.683
IND-000110,Champaran,Bihar,1951,1981.0,False,ANCHOR,3,1951,1971,9204.087,9204.087,0.0,9204.087,9204.087,9204.087,,,,,,
IND-000112,Darbhanga,Bihar,1951,1981.0,False,ANCHOR,3,1951,1971,8702.391,8702.391,0.0,8702.391,8702.391,8702.391,,,,,,
IND-000558,Darbhanga,Bihar,1981,,True,NEW,6,1981,2025,2528.17,2485.634,42.535,,,,2485.653,2485.634,2485.634,2528.17,2508.351,2517.43
IND-000612,Deoghar,Bihar,1991,,True,NEW,5,1991,2025,2485.966,2454.462,31.504,,,,,2460.851,2460.851,2454.462,2483.672,2485.966
IND-000122,Dhanbad,Bihar,1951,2001.0,False,ANCHOR,5,1951,1991,2985.753,2985.75,0.003,2985.752,2985.752,2985.752,2985.753,2985.75,,,,
IND-000628,Dumka,Bihar,1991,2011.0,False,NEW,2,1991,2001,5593.344,5593.344,0.0,,,,,5593.344,5593.344,,,
IND-000107,Gaya,Bihar,1951,1981.0,False,ANCHOR,3,1951,1971,12341.759,12341.759,0.0,12341.759,12341.759,12341.759,,,,,,
IND-000546,Gaya,Bihar,1981,1991.0,False,NEW,1,1981,1981,6555.033,6555.033,0.0,,,,6555.033,,,,,
IND-000613,Gaya,Bihar,1991,,True,NEW,5,1991,2025,4992.511,4968.419,24.092,,,,,4992.511,4992.511,4986.13,4968.926,4968.419
IND-000563,Giridih,Bihar,1981,2001.0,False,NEW,2,1981,1991,7431.419,6879.07,552.349,,,,6879.07,7431.419,,,,
IND-000614,Godda,Bihar,1991,,True,NEW,5,1991,2025,2297.422,2262.388,35.035,,,,,2267.122,2267.122,2297.422,2262.388,2283.23
IND-000550,Gopalganj,Bihar,1981,,True,NEW,6,1981,2025,2039.224,2034.99,4.234,,,,2035.009,2034.99,2034.99,2037.989,2039.224,2036.439
IND-000615,Gumla,Bihar,1991,2011.0,False,NEW,2,1991,2001,9114.965,8562.462,552.503,,,,,8562.462,9114.965,,,
IND-000564,Hazaribag,Bihar,1981,2001.0,False,NEW,2,1981,1991,11159.379,11159.361,0.018,,,,11159.379,11159.361,,,,
IND-000119,Hazaribagh,Bihar,1951,1981.0,False,ANCHOR,3,1951,1971,18038.618,18038.618,0.0,18038.618,18038.618,18038.618,,,,,,
IND-000775,Jamui,Bihar,2001,,True,NEW,4,2001,2025,3101.247,3055.599,45.648,,,,,,3094.787,3055.599,3100.332,3101.247
IND-000616,Jehanabad,Bihar,1991,2011.0,False,NEW,2,1991,2001,1562.307,1562.307,0.0,,,,,1562.307,1562.307,,,
IND-000990,Jehanabad,Bihar,2011,,True,NEW,3,2011,2025,939.017,915.343,23.674,,,,,,,915.343,939.017,937.682
IND-000773,Kaimur (Bhabua),Bihar,2001,,True,NEW,4,2001,2025,3369.548,3338.596,30.952,,,,,,3343.908,3338.596,3368.164,3369.548
IND-000561,Katihar,Bihar,1981,,True,NEW,6,1981,2025,3072.22,3025.055,47.166,,,,3025.058,3025.055,3025.055,3072.22,3037.463,3044.004
IND-000617,Khagaria,Bihar,1991,,True,NEW,5,1991,2025,1492.97,1481.078,11.891,,,,,1481.078,1481.078,1487.691,1492.97,1492.506
IND-000618,Kishanganj,Bihar,1991,,True,NEW,5,1991,2025,1980.565,1920.839,59.726,,,,,1936.151,1936.151,1920.839,1980.565,1929.133
IND-000769,Lakhisarai,Bihar,2001,,True,NEW,4,2001,2025,1295.165,1211.028,84.137,,,,,,1211.028,1295.165,1216.617,1220.712
IND-000619,Lohardaga,Bihar,1991,,True,NEW,5,1991,2025,1579.53,1492.407,87.122,,,,,1492.407,1492.407,1579.53,1501.289,1506.263
IND-000620,Madhepura,Bihar,1991,,True,NEW,5,1991,2025,1813.859,1777.273,36.586,,,,,1813.859,1813.859,1777.273,1798.822,1807.634
IND-000559,Madhubani,Bihar,1981,,True,NEW,6,1981,2025,3502.483,3448.031,54.452,,,,3502.439,3502.483,3502.483,3448.031,3501.111,3501.313
IND-000121,Manbhum (Purulia),Bihar,1951,1961.0,False,ANCHOR,1,1951,1951,7830.042,7830.042,0.0,7830.042,,,,,,,,
IND-000113,Monghyar,Bihar,1951,1981.0,False,ANCHOR,3,1951,1971,10289.112,9825.282,463.83,10289.112,10289.112,9825.282,,,,,,
IND-000562,Munger,Bihar,1981,1991.0,False,NEW,1,1981,1981,7887.116,7887.116,0.0,,,,7887.116,,,,,
IND-000621,Munger,Bihar,1991,2001.0,False,NEW,1,1991,1991,6405.989,6405.989,0.0,,,,,6405.989,,,,
IND-000768,Munger,Bihar,2001,,True,NEW,4,2001,2025,1431.901,1394.745,37.156,,,,,,1431.901,1394.745,1411.533,1411.517
IND-000554,Muzaffarpur,Bihar,1981,,True,NEW,6,1981,2025,3211.645,3167.006,44.638,,,,3167.039,3167.006,3167.006,3211.645,3178.587,3178.867
IND-000111,Muzzaffarpur,Bihar,1951,1981.0,False,ANCHOR,3,1951,1971,7795.514,7795.514,0.0,7795.514,7795.514,7795.514,,,,,,
IND-000542,Nalanda,Bihar,1981,,True,NEW,6,1981,2025,2378.733,2319.445,59.288,,,,2378.733,2378.711,2378.711,2319.445,2354.192,2368.454
IND-000547,Nawada,Bihar,1981,,True,NEW,6,1981,2025,2502.801,2481.129,21.671,,,,2481.129,2481.154,2481.154,2502.801,2492.232,2491.705
IND-000123,Palamau,Bihar,1951,2001.0,False,ANCHOR,5,1951,1991,12750.339,12750.31,0.029,12750.31,12750.31,12750.31,12750.339,12750.333,,,,
IND-000551,Pashchim Champaran,Bihar,1981,,True,NEW,6,1981,2025,5244.378,5229.866,14.512,,,,5236.669,5236.703,5236.703,5244.378,5233.735,5229.866
IND-000622,Pashchimi_Singhbhum,Bihar,1991,2011.0,False,NEW,2,1991,2001,9899.483,9899.483,0.0,,,,,9899.483,9899.483,,,
IND-000106,Patna,Bihar,1951,1981.0,False,ANCHOR,3,1951,1971,5606.5,5606.5,0.0,5606.5,5606.5,5606.5,,,,,,
IND-000541,Patna,Bihar,1981,,True,NEW,6,1981,2025,3308.992,3195.092,113.899,,,,3227.72,3227.727,3227.727,3308.992,3211.663,3195.092
IND-000552,Purbi Champaran,Bihar,1981,,True,NEW,6,1981,2025,3996.694,3967.517,29.177,,,,3967.542,3967.517,3967.517,3996.694,3970.034,3972.129
IND-000623,Purbi_Singhbhum,Bihar,1991,,True,NEW,5,1991,2025,3569.516,3551.662,17.854,,,,,3569.516,3569.516,3551.662,3562.55,3555.431
IND-000117,Purnea,Bihar,1951,1981.0,False,ANCHOR,3,1951,1971,11445.679,10980.48,465.199,11445.679,10980.48,10980.48,,,,,,
IND-000560,Purnia,Bihar,1981,1991.0,False,NEW,1,1981,1981,7955.404,7955.404,0.0,,,,7955.404,,,,,
IND-000624,Purnia,Bihar,1991,,True,NEW,5,1991,2025,3229.398,3205.114,24.284,,,,,3205.114,3205.114,3220.08,3222.082,3229.398
IND-000120,Ranchi,Bihar,1951,1991.0,False,ANCHOR,4,1951,1981,18258.419,18258.415,0.004,18258.419,18258.419,18258.419,18258.415,,,,,
IND-000625,Ranchi,Bihar,1991,2011.0,False,NEW,2,1991,2001,7651.219,7651.219,0.0,,,,,7651.219,7651.219,,,
IND-000544,Rohtas,Bihar,1981,2001.0,False,NEW,2,1981,1991,7225.165,7225.163,0.001,,,,7225.163,7225.165,,,,
IND-000774,Rohtas,Bihar,2001,,True,NEW,4,2001,2025,3881.222,3843.737,37.485,,,,,,3881.222,3861.782,3843.737,3846.643
IND-000115,Saharsa,Bihar,1951,1991.0,False,ANCHOR,4,1951,1981,5894.936,5431.104,463.832,5431.104,5431.104,5894.935,5894.936,,,,,
IND-000626,Saharsa,Bihar,1991,2001.0,False,NEW,1,1991,1991,4081.159,4081.159,0.0,,,,,4081.159,,,,
IND-000765,Saharsa,Bihar,2001,,True,NEW,4,2001,2025,1709.917,1664.97,44.946,,,,,,1664.97,1709.917,1668.572,1668.342
IND-000627,Sahibganj,Bihar,1991,2001.0,False,NEW,1,1991,1991,3930.903,3930.903,0.0,,,,,3930.903,,,,
IND-000557,Samastipur,Bihar,1981,,True,NEW,6,1981,2025,2714.29,2600.007,114.283,,,,2714.225,2714.29,2714.29,2600.007,2686.5,2673.874
IND-000118,Santhal Parganas,Bihar,1951,1991.0,False,ANCHOR,4,1951,1981,14252.123,14252.123,0.0,14252.123,14252.123,14252.123,14252.123,,,,,
IND-000109,Saran,Bihar,1951,1981.0,False,ANCHOR,3,1951,1971,6902.697,6902.697,0.0,6902.697,6902.697,6902.697,,,,,,
IND-000548,Saran,Bihar,1981,,True,NEW,6,1981,2025,2680.937,2638.686,42.251,,,,2650.875,2650.862,2650.862,2638.686,2680.937,2641.11
IND-000108,Shahabad,Bihar,1951,1981.0,False,ANCHOR,3,1951,1971,11320.008,11320.008,0.0,11320.008,11320.008,11320.008,,,,,,
IND-000770,Sheikhpura,Bihar,2001,2011.0,False,NEW,1,2001,2001,668.434,668.434,0.0,,,,,,668.434,,,
IND-000989,Sheikhpura,Bihar,2011,2021.0,False,NEW,1,2011,2011,642.704,642.704,0.0,,,,,,,642.704,,
IND-001133,Sheikhpura,Bihar,2021,,True,NEW,2,2021,2025,690.014,678.577,11.437,,,,,,,,690.014,678.577
IND-000762,Sheohar,Bihar,2001,,True,NEW,4,2001,2025,447.083,441.819,5.263,,,,,,444.167,447.083,441.819,444.556
IND-000124,Singhbhum,Bihar,1951,1961.0,False,ANCHOR,1,1951,1951,11930.185,11930.185,0.0,11930.185,,,,,,,,
IND-000374,Singhbhum,Bihar,1961,1991.0,False,NEW,3,1961,1981,13469.033,13468.992,0.041,,13468.992,13468.992,13469.033,,,,,
IND-000553,Sitamarhi,Bihar,1981,2001.0,False,NEW,2,1981,1991,2623.221,2623.19,0.031,,,,2623.19,2623.221,,,,
IND-000763,Sitamarhi,Bihar,2001,,True,NEW,4,2001,2025,2191.741,2154.602,37.14,,,,,,2179.076,2154.602,2191.741,2189.649
IND-000549,Siwan,Bihar,1981,,True,NEW,6,1981,2025,2226.315,2214.552,11.763,,,,2216.615,2216.634,2216.634,2226.315,2214.552,2220.294
IND-000764,Supaul,Bihar,2001,,True,NEW,4,2001,2025,2464.737,2416.314,48.423,,,,,,2416.314,2464.737,2418.913,2421.49
IND-000555,Vaishali,Bihar,1981,,True,NEW,6,1981,2025,2037.717,1988.878,48.838,,,,2005.246,2005.234,2005.234,2015.426,1988.878,2037.717
IND-000104,Bilaspur,Bilaspur,1951,,True,ANCHOR,9,1951,2025,1196.339,1162.705,33.634,1162.705,1162.705,1162.705,1162.705,1162.76,1162.76,1196.339,1165.81,1165.718
IND-000157,Ahmadnagar,Bombay,1951,,True,ANCHOR,9,1951,2025,17123.062,17095.804,27.258,17123.055,17123.055,17123.055,17123.062,17123.025,17123.025,17098.676,17099.12,17095.804
IND-000150,Ahmedabad,Bombay,1951,2021.0,False,ANCHOR,7,1951,2011,9227.91,7972.674,1255.236,9227.91,9227.91,8552.991,8553.005,8552.826,7972.674,8122.693,,
IND-000148,Amreli,Bombay,1951,1961.0,False,ANCHOR,1,1951,1951,4631.616,4631.616,0.0,4631.616,,,,,,,,
IND-000145,Banaskantha,Bombay,1951,1961.0,False,ANCHOR,1,1951,1951,11601.094,11601.094,0.0,11601.094,,,,,,,,
IND-000149,Baroda,Bombay,1951,2021.0,False,ANCHOR,7,1951,2011,7800.103,7541.24,258.863,7800.103,7800.103,7541.274,7541.283,7800.068,7541.24,7560.107,,
IND-000167,Belgaum,Bombay,1951,,True,ANCHOR,9,1951,2025,14351.982,13363.521,988.461,14351.982,13363.623,13363.623,13363.521,13363.574,13363.574,13372.0,13418.306,13434.083
IND-000168,Bijapur,Bombay,1951,2001.0,False,ANCHOR,5,1951,1991,17080.889,17080.823,0.067,17080.823,17080.823,17080.823,17080.889,17080.875,,,,
IND-000153,Broach,Bombay,1951,2001.0,False,ANCHOR,5,1951,1991,7751.852,7493.036,258.817,7493.036,7493.036,7751.852,7751.852,7493.072,,,,
IND-000161,Dangs,Bombay,1951,,True,ANCHOR,9,1951,2025,1766.314,1711.11,55.204,1711.121,1711.121,1711.121,1711.11,1711.111,1711.111,1759.754,1762.218,1766.314
IND-000169,Dharwar,Bombay,1951,2001.0,False,ANCHOR,5,1951,1991,13721.905,13721.859,0.047,13721.905,13721.905,13721.905,13721.859,13721.903,,,,
IND-000158,East Khandesh,Bombay,1951,,True,ANCHOR,9,1951,2025,12006.65,11751.781,254.869,12006.622,12006.622,12006.622,12006.65,12006.581,12006.581,11882.838,11751.781,11792.151
IND-000144,Greater Bombay,Bombay,1951,2001.0,False,ANCHOR,5,1951,1991,422.458,422.434,0.024,422.434,422.434,422.434,422.434,422.458,,,,
IND-000151,Kaira,Bombay,1951,2001.0,False,ANCHOR,5,1951,1991,7149.583,7149.514,0.07,7149.514,7149.514,7149.514,7149.514,7149.583,,,,
IND-000170,Kanara,Bombay,1951,,True,ANCHOR,9,1951,2025,10304.683,10275.369,29.313,10304.668,10304.668,10304.668,10304.683,10304.64,10304.64,10294.469,10275.369,10276.841
IND-000166,Kolaba,Bombay,1951,,True,ANCHOR,9,1951,2025,7024.29,6948.512,75.778,6948.53,6948.53,6948.53,6948.52,6948.512,6948.512,6966.972,7024.29,6980.591
IND-000173,Kolhapur,Bombay,1951,1961.0,False,ANCHOR,1,1951,1951,7248.756,7248.756,0.0,7248.756,,,,,,,,
IND-000147,Mehsana,Bombay,1951,1961.0,False,ANCHOR,1,1951,1951,10934.941,10934.941,0.0,10934.941,,,,,,,,
IND-000160,Nashik,Bombay,1951,,True,ANCHOR,9,1951,2025,15514.978,15414.07,100.908,15414.1,15414.1,15414.1,15414.102,15414.07,15414.07,15478.455,15510.222,15514.978
IND-000152,Panchmahals,Bombay,1951,2001.0,False,ANCHOR,5,1951,1991,8891.957,8891.899,0.058,8891.9,8891.9,8891.9,8891.899,8891.957,,,,
IND-000162,Poona,Bombay,1951,,True,ANCHOR,9,1951,2025,15651.624,15609.74,41.885,15609.74,15609.74,15609.74,15609.768,15609.786,15609.786,15636.448,15651.456,15651.624
IND-000171,Ratnagiri,Bombay,1951,1991.0,False,ANCHOR,4,1951,1981,13378.296,12960.568,417.728,12960.568,12960.568,12960.568,13378.296,,,,,
IND-000146,Sabarkantha,Bombay,1951,2021.0,False,ANCHOR,7,1951,2011,7713.38,7403.318,310.062,7403.318,7403.318,7403.318,7403.318,7403.33,7403.33,7713.38,,
IND-000163,Satara North,Bombay,1951,,True,ANCHOR,9,1951,2025,10613.665,10477.1,136.564,10537.115,10537.115,10537.115,10537.109,10537.076,10537.076,10613.665,10477.1,10477.34
IND-000172,Satara South,Bombay,1951,,True,ANCHOR,9,1951,2025,8606.634,8518.35,88.283,8527.121,8527.121,8527.121,8527.056,8527.108,8527.108,8518.35,8606.634,8605.941
IND-000164,Sholapur,Bombay,1951,,True,ANCHOR,9,1951,2025,14889.204,14810.74,78.465,14889.204,14889.204,14889.204,14889.118,14889.16,14889.16,14810.74,14865.28,14857.435
IND-000155,Surat,Bombay,1951,1971.0,False,ANCHOR,2,1951,1961,12625.329,12625.329,0.0,12625.329,12625.329,,,,,,,
IND-000156,Thana,Bombay,1951,2021.0,False,ANCHOR,7,1951,2011,9553.885,9386.313,167.572,9386.313,9386.313,9386.313,9386.34,9386.345,9386.345,9553.885,,
IND-000159,West Khandesh,Bombay,1951,2001.0,False,ANCHOR,5,1951,1991,13192.202,13192.192,0.01,13192.192,13192.192,13192.192,13192.202,13192.199,,,,
IND-000373,Chandigarh,Chandigarh,1961,1971.0,False,NEW,1,1961,1961,1478.742,1478.742,0.0,,1478.742,,,,,,,
IND-000428,Chandigarh,Chandigarh,1971,,True,NEW,7,1971,2025,118.107,114.062,4.044,,,114.063,114.062,114.062,114.062,118.107,114.63,114.733
IND-001222,Balod,Chhattisgarh,2021,,True,NEW,2,2021,2025,3369.086,3368.914,0.172,,,,,,,,3368.914,3369.086
IND-001225,Baloda Bazar,Chhattisgarh,2021,,True,NEW,2,2021,2025,4667.521,4666.847,0.675,,,,,,,,4666.847,4667.521
IND-001228,Balrampur,Chhattisgarh,2021,,True,NEW,2,2021,2025,6270.43,6262.941,7.489,,,,,,,,6262.941,6270.43
IND-001223,Bametara,Chhattisgarh,2021,2025.0,False,NEW,1,2021,2021,2865.343,2865.343,0.0,,,,,,,,2865.343,
IND-000860,Bastar,Chhattisgarh,2001,2011.0,False,NEW,1,2001,2001,11380.833,11380.833,0.0,,,,,,11380.833,,,
IND-000940,Bastar,Chhattisgarh,2011,2021.0,False,NEW,1,2011,2011,10561.577,10561.577,0.0,,,,,,,10561.577,,
IND-001217,Bastar,Chhattisgarh,2021,,True,NEW,2,2021,2025,5590.225,5399.346,190.879,,,,,,,,5590.225,5399.346
IND-001320,Bemetara,Chhattisgarh,2025,,True,NEW,1,2025,2025,2238.169,2238.169,0.0,,,,,,,,,2238.169
IND-000943,Bijapur,Chhattisgarh,2011,2021.0,False,NEW,1,2011,2011,8191.851,8191.851,0.0,,,,,,,8191.851,,
IND-001229,Bijapur,Chhattisgarh,2021,,True,NEW,2,2021,2025,9248.372,8802.199,446.173,,,,,,,,8802.199,9248.372
IND-000853,Bilaspur,Chhattisgarh,2001,2021.0,False,NEW,2,2001,2011,8389.832,8295.89,93.943,,,,,,8295.89,8389.832,,
IND-001230,Bilaspur,Chhattisgarh,2021,2025.0,False,NEW,1,2021,2021,5544.423,5544.423,0.0,,,,,,,,5544.423,
IND-001321,Bilaspur,Chhattisgarh,2025,,True,NEW,1,2025,2025,3543.945,3543.945,0.0,,,,,,,,,3543.945
IND-000942,Dakshin Bastar Dantewada,Chhattisgarh,2011,2021.0,False,NEW,1,2011,2011,8602.775,8602.775,0.0,,,,,,,8602.775,,
IND-001216,Dakshin Bastar Dantewada,Chhattisgarh,2021,2025.0,False,NEW,1,2021,2021,3267.393,3267.393,0.0,,,,,,,,3267.393,
IND-001327,Dakshin Bastar Dantewada,Chhattisgarh,2025,,True,NEW,1,2025,2025,2820.215,2820.215,0.0,,,,,,,,,2820.215
IND-000861,Dantewada,Chhattisgarh,2001,2011.0,False,NEW,1,2001,2001,20514.977,20514.977,0.0,,,,,,20514.977,,,
IND-000858,Dhamtari,Chhattisgarh,2001,,True,NEW,4,2001,2025,4159.316,4079.735,79.581,,,,,,4079.735,4159.316,4086.539,4086.661
IND-001221,Durg,Chhattisgarh,2021,,True,NEW,2,2021,2025,2297.595,2297.55,0.045,,,,,,,,2297.595,2297.55
IND-001219,Gariaband,Chhattisgarh,2021,,True,NEW,2,2021,2025,4844.438,4839.119,5.32,,,,,,,,4839.119,4844.438
IND-001322,Gaurela-Pendra-Marwahi,Chhattisgarh,2025,,True,NEW,1,2025,2025,1994.273,1994.273,0.0,,,,,,,,,1994.273
IND-000852,Janjgir - Champa,Chhattisgarh,2001,2025.0,False,NEW,3,2001,2021,3879.252,3860.958,18.294,,,,,,3879.252,3860.958,3862.733,
IND-001331,Janjgir - Champa,Chhattisgarh,2025,,True,NEW,1,2025,2025,4489.311,4489.311,0.0,,,,,,,,,4489.311
IND-000849,Jashpur,Chhattisgarh,2001,,True,NEW,4,2001,2025,5876.078,5849.593,26.485,,,,,,5876.078,5867.036,5849.593,5850.714
IND-000859,Kanker,Chhattisgarh,2001,,True,NEW,4,2001,2025,7239.029,7145.775,93.254,,,,,,7239.029,7145.775,7189.08,7190.703
IND-000854,Kawardha,Chhattisgarh,2001,,True,NEW,4,2001,2025,4213.241,4166.325,46.916,,,,,,4213.241,4166.325,4197.035,4195.191
IND-001218,Kondagaon,Chhattisgarh,2021,,True,NEW,2,2021,2025,5077.901,5077.82,0.081,,,,,,,,5077.82,5077.901
IND-000851,Korba,Chhattisgarh,2001,,True,NEW,4,2001,2025,6613.357,6597.796,15.561,,,,,,6602.603,6613.357,6605.478,6597.796
IND-000847,Koriya,Chhattisgarh,2001,,True,NEW,4,2001,2025,6610.044,6548.125,61.919,,,,,,6589.765,6548.125,6610.044,6602.776
IND-000857,Mahasamund,Chhattisgarh,2001,,True,NEW,4,2001,2025,4757.28,4700.674,56.606,,,,,,4738.911,4700.674,4757.28,4752.068
IND-001226,Mungeli,Chhattisgarh,2021,,True,NEW,2,2021,2025,2776.898,2772.279,4.618,,,,,,,,2772.279,2776.898
IND-000941,Narayanpur,Chhattisgarh,2011,2021.0,False,NEW,1,2011,2011,4910.951,4910.951,0.0,,,,,,,4910.951,,
IND-001215,Narayanpur,Chhattisgarh,2021,,True,NEW,2,2021,2025,3900.611,3891.384,9.226,,,,,,,,3891.384,3900.611
IND-000850,Raigarh,Chhattisgarh,2001,,True,NEW,4,2001,2025,7183.725,7036.923,146.802,,,,,,7183.725,7036.923,7039.17,7045.59
IND-000856,Raipur,Chhattisgarh,2001,2021.0,False,NEW,2,2001,2011,12766.444,12545.692,220.752,,,,,,12766.444,12545.692,,
IND-001220,Raipur,Chhattisgarh,2021,,True,NEW,2,2021,2025,2904.54,2904.425,0.115,,,,,,,,2904.425,2904.54
IND-000855,Rajnandgaon,Chhattisgarh,2001,,True,NEW,4,2001,2025,8171.42,8051.615,119.805,,,,,,8051.615,8171.42,8069.375,8070.462
IND-001231,Sukma,Chhattisgarh,2021,,True,NEW,2,2021,2025,5478.755,5274.411,204.344,,,,,,,,5274.411,5478.755
IND-001224,Surajpur,Chhattisgarh,2021,,True,NEW,2,2021,2025,5455.047,5454.156,0.891,,,,,,,,5454.156,5455.047
IND-000848,Surguja,Chhattisgarh,2001,2021.0,False,NEW,2,2001,2011,15765.011,15725.646,39.365,,,,,,15725.646,15765.011,,
IND-001227,Surguja,Chhattisgarh,2021,,True,NEW,2,2021,2025,4007.474,4005.749,1.725,,,,,,,,4007.474,4005.749
IND-000105,Coorg,Coorg,1951,,True,ANCHOR,9,1951,2025,4133.783,4102.828,30.955,4133.773,4133.773,4133.773,4133.773,4133.783,4133.783,4104.296,4109.555,4102.828
IND-000165,Dadra & Nagar Haveli,Dadra & Nagar Haveli,1951,2011.0,False,ANCHOR,6,1951,2001,492.127,492.115,0.012,492.116,492.116,492.116,492.115,492.127,492.127,,,
IND-001326,Daman,Dadra & Nagar Haveli & Daman & Diu,2025,,True,NEW,1,2025,2025,71.459,71.459,0.0,,,,,,,,,71.459
IND-001352,Diu,Dadra & Nagar Haveli & Daman & Diu,2025,,True,NEW,1,2025,2025,38.875,38.875,0.0,,,,,,,,,38.875
IND-001075,Dadra & Nagar Haveli,Dadra And Nagar Haveli,2011,2021.0,False,NEW,1,2011,2011,505.478,505.478,0.0,,,,,,,505.478,,
IND-001256,Dadra & Nagar Haveli,Dadra and Nagar Haveli,2021,,True,NEW,2,2021,2025,495.95,490.156,5.794,,,,,,,,495.95,490.156
IND-000174,Daman,Daman,1951,2011.0,False,ANCHOR,6,1951,2001,59.285,59.283,0.002,59.284,59.284,59.285,59.284,59.283,59.283,,,
IND-001255,Diu,Daman & Diu,2021,2025.0,False,NEW,1,2021,2021,33.513,33.513,0.0,,,,,,,,33.513,
IND-001074,Daman,Daman And Diu,2011,2025.0,False,NEW,2,2011,2021,58.402,54.513,3.888,,,,,,,54.513,58.402,
IND-001073,Diu,Daman And Diu,2011,2021.0,False,NEW,1,2011,2011,37.746,37.746,0.0,,,,,,,37.746,,
IND-000709,Central,Delhi,2001,2011.0,False,NEW,1,2001,2001,15.027,15.027,0.0,,,,,,15.027,,,
IND-000975,Central,Delhi,2011,2021.0,False,NEW,1,2011,2011,19.628,19.628,0.0,,,,,,,19.628,,
IND-001116,Central,Delhi,2021,2025.0,False,NEW,1,2021,2021,92.176,92.176,0.0,,,,,,,,92.176,
IND-001324,Central,Delhi,2025,,True,NEW,1,2025,2025,106.602,106.602,0.0,,,,,,,,,106.602
IND-000116,Delhi,Delhi,1951,2001.0,False,ANCHOR,5,1951,1991,1467.83,1467.83,0.0,1467.83,1467.83,1467.83,1467.83,1467.83,,,,
IND-000707,East,Delhi,2001,2021.0,False,NEW,2,2001,2011,70.96,70.75,0.21,,,,,,70.75,70.96,,
IND-001114,East,Delhi,2021,2025.0,False,NEW,1,2021,2021,43.924,43.924,0.0,,,,,,,,43.924,
IND-001328,East,Delhi,2025,,True,NEW,1,2025,2025,31.526,31.526,0.0,,,,,,,,,31.526
IND-000708,New Delhi,Delhi,2001,2011.0,False,NEW,1,2001,2001,37.909,37.909,0.0,,,,,,37.909,,,
IND-000974,New Delhi,Delhi,2011,2021.0,False,NEW,1,2011,2011,35.86,35.86,0.0,,,,,,,35.86,,
IND-001117,New Delhi,Delhi,2021,,True,NEW,2,2021,2025,157.11,156.69,0.42,,,,,,,,157.11,156.69
IND-000705,North,Delhi,2001,2011.0,False,NEW,1,2001,2001,69.186,69.186,0.0,,,,,,69.186,,,
IND-000972,North,Delhi,2011,2021.0,False,NEW,1,2011,2011,62.191,62.191,0.0,,,,,,,62.191,,
IND-001112,North,Delhi,2021,,True,NEW,2,2021,2025,291.429,286.895,4.534,,,,,,,,286.895,291.429
IND-000706,North East,Delhi,2001,2011.0,False,NEW,1,2001,2001,48.133,48.133,0.0,,,,,,48.133,,,
IND-000973,North East,Delhi,2011,2021.0,False,NEW,1,2011,2011,54.465,54.465,0.0,,,,,,,54.465,,
IND-001113,North East,Delhi,2021,2025.0,False,NEW,1,2021,2021,34.457,34.457,0.0,,,,,,,,34.457,
IND-001337,North East,Delhi,2025,,True,NEW,1,2025,2025,35.334,35.334,0.0,,,,,,,,,35.334
IND-000704,North West,Delhi,2001,2011.0,False,NEW,1,2001,2001,395.667,395.667,0.0,,,,,,395.667,,,
IND-000971,North West,Delhi,2011,2021.0,False,NEW,1,2011,2011,458.361,458.361,0.0,,,,,,,458.361,,
IND-001121,North West,Delhi,2021,,True,NEW,2,2021,2025,154.938,153.947,0.991,,,,,,,,154.938,153.947
IND-001119,Shahdara,Delhi,2021,,True,NEW,2,2021,2025,36.122,34.39,1.731,,,,,,,,36.122,34.39
IND-000712,South,Delhi,2001,2021.0,False,NEW,2,2001,2011,276.129,270.125,6.004,,,,,,270.125,276.129,,
IND-001118,South,Delhi,2021,,True,NEW,2,2021,2025,162.912,159.335,3.577,,,,,,,,162.912,159.335
IND-001120,South East,Delhi,2021,,True,NEW,2,2021,2025,101.595,101.42,0.175,,,,,,,,101.595,101.42
IND-000711,South West,Delhi,2001,2011.0,False,NEW,1,2001,2001,405.225,405.225,0.0,,,,,,405.225,,,
IND-000977,South West,Delhi,2011,2021.0,False,NEW,1,2011,2011,415.034,415.034,0.0,,,,,,,415.034,,
IND-001115,South West,Delhi,2021,,True,NEW,2,2021,2025,283.34,280.704,2.636,,,,,,,,280.704,283.34
IND-000710,West,Delhi,2001,2011.0,False,NEW,1,2001,2001,155.772,155.772,0.0,,,,,,155.772,,,
IND-000976,West,Delhi,2011,,True,NEW,3,2011,2025,134.309,131.43,2.878,,,,,,,133.284,134.309,131.43
IND-001317,Disputed (Alirajpur & Dahod),Disputed (Madhya Pradesh & Gujarat),2025,,True,NEW,1,2025,2025,4.389,4.389,0.0,,,,,,,,,4.389
IND-001370,Disputed (Baran & Sheopur,Disputed (Madhya Pradesh & Rajasthan),2025,,True,NEW,1,2025,2025,8.356,8.356,0.0,,,,,,,,,8.356
IND-001339,Disputed (Mandsaur & Jhalawar),Disputed (Madhya Pradesh & Rajasthan),2025,,True,NEW,1,2025,2025,3.247,3.247,0.0,,,,,,,,,3.247
IND-001369,Disputed (Nimach & Chittaurgarh ),Disputed (Madhya Pradesh & Rajasthan),2025,,True,NEW,1,2025,2025,3.538,3.538,0.0,,,,,,,,,3.538
IND-001332,Disputed (Ratlam & Banswara),Disputed (Madhya Pradesh & Rajasthan),2025,,True,NEW,1,2025,2025,0.718,0.718,0.0,,,,,,,,,0.718
IND-001372,Disputed (Sabar Kantha & Sirohi),Disputed (Rajathan & Gujarat),2025,,True,NEW,1,2025,2025,1.705,1.705,0.0,,,,,,,,,1.705
IND-001371,Disputed (Sabar Kantha & Udaipur),Disputed (Rajathan & Gujarat),2025,,True,NEW,1,2025,2025,12.457,12.457,0.0,,,,,,,,,12.457
IND-001335,"Disputed (Sahibganj, Maldah & Katihar)","Disputed (West Bengal , Bihar & Jharkhand)",2025,,True,NEW,1,2025,2025,14.537,14.537,0.0,,,,,,,,,14.537
IND-000367,Diu,Goa,1961,2011.0,False,NEW,5,1961,2001,31.17,31.17,0.0,,31.17,31.17,31.17,31.17,31.17,,,
IND-000154,Goa,Goa,1951,1991.0,False,ANCHOR,4,1951,1981,3646.828,3646.827,0.0,3646.827,3646.827,3646.827,3646.828,,,,,
IND-001262,North Goa,Goa,2021,2025.0,False,NEW,1,2021,2021,1429.61,1429.61,0.0,,,,,,,,1429.61,
IND-001338,North Goa,Goa,2025,,True,NEW,1,2025,2025,1743.138,1743.138,0.0,,,,,,,,,1743.138
IND-000657,North_Goa,Goa,1991,2021.0,False,NEW,3,1991,2011,1700.32,1697.625,2.695,,,,,1697.625,1697.625,1700.32,,
IND-001263,South Goa,Goa,2021,2025.0,False,NEW,1,2021,2021,2191.728,2191.728,0.0,,,,,,,,2191.728,
IND-001341,South Goa,Goa,2025,,True,NEW,1,2025,2025,1953.663,1953.663,0.0,,,,,,,,,1953.663
IND-000658,South_Goa,Goa,1991,2021.0,False,NEW,3,1991,2011,1949.166,1940.829,8.337,,,,,1949.166,1949.166,1940.829,,
IND-001237,Ahmadabad,Gujarat,2021,,True,NEW,2,2021,2025,7242.058,6968.053,274.004,,,,,,,,6968.053,7242.058
IND-000375,Amreli,Gujarat,1961,2001.0,False,NEW,4,1961,1991,6709.584,6709.551,0.032,,6709.584,6709.584,6709.583,6709.551,,,,
IND-000884,Amreli,Gujarat,2001,,True,NEW,4,2001,2025,7386.096,7314.942,71.154,,,,,,7338.746,7373.23,7386.096,7314.942
IND-000886,Anand,Gujarat,2001,2021.0,False,NEW,2,2001,2011,3167.088,3126.115,40.973,,,,,,3167.088,3126.115,,
IND-001249,Anand,Gujarat,2021,2025.0,False,NEW,1,2021,2021,2764.586,2764.586,0.0,,,,,,,,2764.586,
IND-001314,Anand,Gujarat,2025,,True,NEW,1,2025,2025,3174.411,3174.411,0.0,,,,,,,,,3174.411
IND-001240,Aravalli,Gujarat,2021,,True,NEW,2,2021,2025,3255.421,3151.515,103.906,,,,,,,,3255.421,3151.515
IND-000878,Banas Kantha,Gujarat,2001,,True,NEW,4,2001,2025,10763.611,10656.957,106.654,,,,,,10719.91,10656.957,10734.249,10763.611
IND-000376,Banaskantha,Gujarat,1961,2001.0,False,NEW,4,1961,1991,12594.449,12594.374,0.074,,12594.374,12594.374,12594.375,12594.449,,,,
IND-000891,Bharuch,Gujarat,2001,2011.0,False,NEW,1,2001,2001,4943.018,4943.018,0.0,,,,,,4943.018,,,
IND-000937,Bharuch,Gujarat,2011,,True,NEW,3,2011,2025,5418.382,4928.916,489.465,,,,,,,5418.382,5100.068,4928.916
IND-000885,Bhavnagar,Gujarat,2001,2021.0,False,NEW,2,2001,2011,8875.033,8499.766,375.267,,,,,,8499.766,8875.033,,
IND-001250,Bhavnagar,Gujarat,2021,,True,NEW,2,2021,2025,6852.563,6763.398,89.165,,,,,,,,6852.563,6763.398
IND-001241,Botad,Gujarat,2021,,True,NEW,2,2021,2025,2631.859,2479.792,152.066,,,,,,,,2631.859,2479.792
IND-001242,Chota Udaipur,Gujarat,2021,,True,NEW,2,2021,2025,3458.306,3456.796,1.51,,,,,,,,3458.306,3456.796
IND-001253,Devbhumi Dwarka,Gujarat,2021,,True,NEW,2,2021,2025,4188.21,4158.872,29.338,,,,,,,,4188.21,4158.872
IND-000889,Dohad,Gujarat,2001,,True,NEW,4,2001,2025,3658.305,3592.749,65.556,,,,,,3630.961,3592.749,3658.305,3642.196
IND-000430,Gandhinagar,Gujarat,1971,2001.0,False,NEW,3,1971,1991,674.94,674.903,0.036,,,674.904,674.903,674.94,,,,
IND-000881,Gandhinagar,Gujarat,2001,,True,NEW,4,2001,2025,2138.21,2097.161,41.049,,,,,,2127.678,2097.161,2138.21,2102.718
IND-001244,Gir Somnath,Gujarat,2021,2025.0,False,NEW,1,2021,2021,3766.179,3766.179,0.0,,,,,,,,3766.179,
IND-001329,Gir Somnath,Gujarat,2025,,True,NEW,1,2025,2025,2644.215,2644.215,0.0,,,,,,,,,2644.215
IND-001252,Jamnagar,Gujarat,2021,2025.0,False,NEW,1,2021,2021,6606.251,6606.251,0.0,,,,,,,,6606.251,
IND-001315,Jamnagar,Gujarat,2025,,True,NEW,1,2025,2025,5917.278,5917.278,0.0,,,,,,,,,5917.278
IND-000883,Junagadh,Gujarat,2001,2021.0,False,NEW,2,2001,2011,8836.246,8785.29,50.957,,,,,,8836.246,8785.29,,
IND-001251,Junagadh,Gujarat,2021,2025.0,False,NEW,1,2021,2021,5049.526,5049.526,0.0,,,,,,,,5049.526,
IND-001333,Junagadh,Gujarat,2025,,True,NEW,1,2025,2025,6146.621,6146.621,0.0,,,,,,,,,6146.621
IND-000887,Kheda,Gujarat,2001,2021.0,False,NEW,2,2001,2011,3991.413,3982.406,9.008,,,,,,3982.406,3991.413,,
IND-001248,Kheda,Gujarat,2021,,True,NEW,2,2021,2025,3442.059,3392.018,50.041,,,,,,,,3392.018,3442.059
IND-000880,Mahesana,Gujarat,2001,,True,NEW,4,2001,2025,4426.655,4331.334,95.321,,,,,,4331.334,4426.655,4391.579,4418.608
IND-001243,Mahisagar,Gujarat,2021,,True,NEW,2,2021,2025,2513.494,2511.871,1.622,,,,,,,,2513.494,2511.871
IND-000377,Mehsana,Gujarat,1961,2001.0,False,NEW,4,1961,1991,9060.481,9060.448,0.033,,9060.481,9060.481,9060.469,9060.448,,,,
IND-001254,Morbi,Gujarat,2021,,True,NEW,2,2021,2025,4981.323,4869.138,112.185,,,,,,,,4869.138,4981.323
IND-000890,Narmada,Gujarat,2001,,True,NEW,4,2001,2025,2859.256,2808.929,50.327,,,,,,2808.929,2859.256,2816.677,2818.272
IND-000892,Navsari,Gujarat,2001,,True,NEW,4,2001,2025,2214.029,2204.62,9.41,,,,,,2210.368,2214.029,2210.698,2204.62
IND-000888,Panch Mahals,Gujarat,2001,2021.0,False,NEW,2,2001,2011,5276.754,5261.059,15.695,,,,,,5261.059,5276.754,,
IND-001238,Panch Mahals,Gujarat,2021,,True,NEW,2,2021,2025,3287.537,3283.87,3.667,,,,,,,,3287.537,3283.87
IND-000879,Patan,Gujarat,2001,,True,NEW,4,2001,2025,5785.379,5665.561,119.818,,,,,,5730.926,5665.561,5780.741,5785.379
IND-000882,Porbandar,Gujarat,2001,,True,NEW,4,2001,2025,2332.484,2314.103,18.381,,,,,,2316.461,2332.484,2317.927,2314.103
IND-001247,Rajkot,Gujarat,2021,,True,NEW,2,2021,2025,7689.623,7597.345,92.278,,,,,,,,7597.345,7689.623
IND-001245,Sabar Kantha,Gujarat,2021,,True,NEW,2,2021,2025,4242.655,4142.764,99.89,,,,,,,,4142.764,4242.655
IND-000431,Surat,Gujarat,1971,2011.0,False,NEW,4,1971,2001,7446.866,7446.843,0.024,,,7446.866,7446.843,7446.843,7446.843,,,
IND-000938,Surat,Gujarat,2011,,True,NEW,3,2011,2025,4333.606,4300.397,33.21,,,,,,,4306.079,4300.397,4333.606
IND-001246,Surendranagar,Gujarat,2021,,True,NEW,2,2021,2025,9175.376,9151.239,24.137,,,,,,,,9151.239,9175.376
IND-000939,Tapi,Gujarat,2011,,True,NEW,3,2011,2025,3210.399,3140.103,70.297,,,,,,,3210.399,3140.562,3140.103
IND-001239,Vadodara,Gujarat,2021,,True,NEW,2,2021,2025,4092.847,4053.173,39.674,,,,,,,,4053.173,4092.847
IND-000893,Valsad,Gujarat,2001,,True,NEW,4,2001,2025,3041.592,2948.949,92.643,,,,,,2968.041,3041.592,2948.949,2949.544
IND-000432,Valsad (Bulsar),Gujarat,1971,2001.0,False,NEW,3,1971,1991,5178.476,5178.429,0.047,,,5178.439,5178.476,5178.429,,,,
IND-000580,,Gujarat,1991,2011.0,False,NEW,2,1991,2001,270.497,270.497,0.0,,,,,270.497,270.497,,,
IND-000585,Ambala,Haryana,1991,2001.0,False,NEW,1,1991,1991,2436.684,2436.684,0.0,,,,,2436.684,,,,
IND-000696,Ambala,Haryana,2001,,True,NEW,4,2001,2025,1524.518,1505.48,19.038,,,,,,1524.518,1509.167,1505.48,1514.009
IND-000571,Bhiwani,Haryana,1981,2021.0,False,NEW,4,1981,2011,4907.739,4629.888,277.851,,,,4907.662,4907.739,4907.739,4629.888,,
IND-001111,Bhiwani,Haryana,2021,,True,NEW,2,2021,2025,3311.216,3291.159,20.057,,,,,,,,3311.216,3291.159
IND-001110,Charki Dadri,Haryana,2021,,True,NEW,2,2021,2025,1383.545,1380.643,2.902,,,,,,,,1380.643,1383.545
IND-000579,Faridabad,Haryana,1981,2011.0,False,NEW,3,1981,2001,2068.258,2068.228,0.03,,,,2068.228,2068.258,2068.258,,,
IND-000969,Faridabad,Haryana,2011,,True,NEW,3,2011,2025,765.858,743.339,22.519,,,,,,,751.979,765.858,743.339
IND-000700,Fatehabad,Haryana,2001,,True,NEW,4,2001,2025,2595.202,2527.543,67.659,,,,,,2595.202,2564.645,2528.208,2527.543
IND-000569,Gurgaon,Haryana,1981,2011.0,False,NEW,3,1981,2001,2744.298,2744.269,0.028,,,,2744.269,2744.298,2744.298,,,
IND-000967,Gurgaon,Haryana,2011,,True,NEW,3,2011,2025,1250.188,1221.051,29.138,,,,,,,1221.051,1249.499,1250.188
IND-000701,Hisar,Haryana,2001,,True,NEW,4,2001,2025,4220.115,4018.508,201.608,,,,,,4018.508,4220.115,4074.924,4074.467
IND-000572,Hissar,Haryana,1981,2001.0,False,NEW,2,1981,1991,6613.704,6613.703,0.001,,,,6613.704,6613.703,,,,
IND-000703,Jhajjar,Haryana,2001,2011.0,False,NEW,1,2001,2001,1811.607,1811.607,0.0,,,,,,1811.607,,,
IND-000965,Jhajjar,Haryana,2011,,True,NEW,3,2011,2025,1885.036,1822.199,62.837,,,,,,,1885.036,1822.199,1858.781
IND-000433,Jind,Haryana,1971,2011.0,False,NEW,4,1971,2001,3253.806,3253.756,0.05,,,3253.806,3253.806,3253.756,3253.756,,,
IND-000964,Jind,Haryana,2011,,True,NEW,3,2011,2025,2765.424,2730.278,35.147,,,,,,,2739.013,2765.424,2730.278
IND-000586,Kaithal,Haryana,1991,,True,NEW,5,1991,2025,2298.254,2233.525,64.729,,,,,2298.254,2298.254,2233.525,2297.623,2274.46
IND-000566,Karnal,Haryana,1981,1991.0,False,NEW,1,1981,1981,3819.8,3819.8,0.0,,,,3819.8,,,,,
IND-000587,Karnal,Haryana,1991,2001.0,False,NEW,1,1991,1991,1937.761,1937.761,0.0,,,,,1937.761,,,,
IND-000697,Karnal,Haryana,2001,,True,NEW,4,2001,2025,2477.358,2454.597,22.761,,,,,,2475.122,2465.042,2454.597,2477.358
IND-000565,Kurukshetra,Haryana,1981,1991.0,False,NEW,1,1981,1981,3945.507,3945.507,0.0,,,,3945.507,,,,,
IND-000588,Kurukshetra,Haryana,1991,,True,NEW,5,1991,2025,1679.967,1647.26,32.707,,,,,1647.26,1647.26,1671.813,1679.967,1676.264
IND-000570,Mahendragarh,Haryana,1981,1991.0,False,NEW,1,1981,1981,3265.553,3265.553,0.0,,,,3265.553,,,,,
IND-000589,Mahendragarh,Haryana,1991,2011.0,False,NEW,2,1991,2001,1834.238,1834.238,0.0,,,,,1834.238,1834.238,,,
IND-000966,Mahendragarh,Haryana,2011,,True,NEW,3,2011,2025,1934.5,1929.226,5.274,,,,,,,1929.226,1933.322,1934.5
IND-000968,Mewat,Haryana,2011,,True,NEW,3,2011,2025,1531.088,1504.816,26.271,,,,,,,1531.088,1504.816,1515.057
IND-000970,Palwal,Haryana,2011,,True,NEW,3,2011,2025,1385.37,1344.365,41.005,,,,,,,1385.37,1344.365,1359.707
IND-000695,Panchkula,Haryana,2001,,True,NEW,4,2001,2025,912.189,867.808,44.382,,,,,,912.189,867.808,896.863,880.827
IND-000590,Panipat,Haryana,1991,2001.0,False,NEW,1,1991,1991,1881.958,1881.958,0.0,,,,,1881.958,,,,
IND-000698,Panipat,Haryana,2001,,True,NEW,4,2001,2025,1344.618,1266.577,78.042,,,,,,1344.618,1331.097,1266.577,1302.976
IND-000591,Rewari,Haryana,1991,,True,NEW,5,1991,2025,1560.976,1431.339,129.637,,,,,1431.339,1431.339,1515.758,1560.976,1553.125
IND-000568,Rohtak,Haryana,1981,2001.0,False,NEW,2,1981,1991,4173.938,4173.912,0.026,,,,4173.912,4173.938,,,,
IND-000702,Rohtak,Haryana,2001,,True,NEW,4,2001,2025,1676.96,1623.197,53.762,,,,,,1623.197,1664.392,1676.96,1668.584
IND-000573,Sirsa,Haryana,1981,,True,NEW,6,1981,2025,4349.806,4272.371,77.435,,,,4349.741,4349.806,4349.806,4304.813,4272.635,4272.371
IND-000567,Sonipat,Haryana,1981,2001.0,False,NEW,2,1981,1991,1324.26,1324.213,0.047,,,,1324.26,1324.213,,,,
IND-000699,Sonipat,Haryana,2001,,True,NEW,4,2001,2025,2180.123,2063.285,116.838,,,,,,2063.285,2108.429,2180.123,2180.069
IND-000592,Yamunanagar,Haryana,1991,,True,NEW,5,1991,2025,1754.739,1711.524,43.215,,,,,1711.524,1711.524,1754.739,1723.668,1720.743
IND-000125,Chamba,Himachal Pradesh,1951,1981.0,False,ANCHOR,3,1951,1971,8505.726,8505.726,0.0,8505.726,8505.726,8505.726,,,,,,
IND-000574,Chamba,Himachal Pradesh,1981,,True,NEW,6,1981,2025,6518.671,6471.284,47.387,,,,6497.336,6497.418,6497.418,6471.284,6518.671,6513.659
IND-000576,Hamirpur,Himachal Pradesh,1981,,True,NEW,6,1981,2025,1115.711,1109.348,6.363,,,,1110.439,1110.438,1110.438,1109.348,1115.711,1115.691
IND-000434,Kangra,Himachal Pradesh,1971,1981.0,False,NEW,1,1971,1971,8401.794,8401.794,0.0,,,8401.794,,,,,,
IND-000575,Kangra,Himachal Pradesh,1981,1991.0,False,NEW,1,1981,1981,6346.531,6346.531,0.0,,,,6346.531,,,,,
IND-000954,Kangra,Himachal Pradesh,2011,,True,NEW,3,2011,2025,5742.527,5741.0,1.526,,,,,,,5742.527,5741.507,5741.0
IND-000366,Kinnaur,Himachal Pradesh,1961,,True,NEW,8,1961,2025,6511.892,6364.401,147.491,,6511.892,6511.892,6511.891,6511.835,6511.835,6470.784,6364.401,6502.331
IND-000435,Kulu,Himachal Pradesh,1971,,True,NEW,7,1971,2025,5502.101,5431.774,70.327,,,5431.778,5431.783,5431.774,5431.774,5502.101,5494.21,5487.328
IND-000578,Lahul & Spiti,Himachal Pradesh,1981,,True,NEW,6,1981,2025,13957.466,13644.972,312.494,,,,13645.033,13644.972,13644.972,13943.814,13905.458,13957.466
IND-000128,Mahasu,Himachal Pradesh,1951,1961.0,False,ANCHOR,1,1951,1951,11524.456,11524.456,0.0,11524.456,,,,,,,,
IND-000365,Mahasu,Himachal Pradesh,1961,,True,NEW,8,1961,2025,5523.245,5124.729,398.516,,5523.245,5142.423,5142.394,5142.464,5142.464,5133.777,5127.074,5124.729
IND-000126,Mandi,Himachal Pradesh,1951,,True,ANCHOR,9,1951,2025,3954.311,3946.754,7.557,3954.298,3954.298,3954.298,3954.311,3954.295,3954.295,3946.754,3947.153,3949.933
IND-000436,Simla,Himachal Pradesh,1971,,True,NEW,7,1971,2025,1945.384,1932.036,13.349,,,1932.083,1932.096,1932.036,1932.036,1945.384,1936.382,1935.696
IND-000127,Sirmoor,Himachal Pradesh,1951,,True,ANCHOR,9,1951,2025,2862.312,2825.486,36.826,2825.493,2825.493,2825.493,2825.493,2825.486,2825.486,2862.312,2830.574,2826.622
IND-000577,Una,Himachal Pradesh,1981,1991.0,False,NEW,1,1981,1981,944.871,944.871,0.0,,,,944.871,,,,,
IND-000955,Una,Himachal Pradesh,2011,,True,NEW,3,2011,2025,1560.195,1542.635,17.56,,,,,,,1560.195,1543.82,1542.635
IND-000581,Kangra,Himachal_Pradesh,1991,2011.0,False,NEW,2,1991,2001,5177.741,5177.741,0.0,,,,,5177.741,5177.741,,,
IND-000582,Una,Himachal_Pradesh,1991,2011.0,False,NEW,2,1991,2001,2113.617,2113.617,0.0,,,,,2113.617,2113.617,,,
IND-000012,Adilabad,Hyderabad,1951,1961.0,False,ANCHOR,1,1951,1951,20130.689,20130.689,0.0,20130.689,,,,,,,,
IND-000008,Aurangabad,Hyderabad,1951,1991.0,False,ANCHOR,4,1951,1981,19056.464,17491.564,1564.9,17491.564,17491.564,17491.564,19056.464,,,,,
IND-000007,Bhir,Hyderabad,1951,1991.0,False,ANCHOR,4,1951,1981,9625.688,9625.663,0.025,9625.663,9625.663,9625.663,9625.688,,,,,
IND-000005,Bidar,Hyderabad,1951,1961.0,False,ANCHOR,1,1951,1951,12144.197,12144.197,0.0,12144.197,,,,,,,,
IND-000004,Gulberga,Hyderabad,1951,1961.0,False,ANCHOR,1,1951,1951,18670.246,18670.246,0.0,18670.246,,,,,,,,
IND-000001,Hyderabad,Hyderabad,1951,1961.0,False,ANCHOR,1,1951,1951,4202.056,4202.056,0.0,4202.056,,,,,,,,
IND-000015,Karimnagar,Hyderabad,1951,2021.0,False,ANCHOR,7,1951,2011,12017.084,11862.882,154.202,12017.084,11862.912,11862.912,11862.912,11862.882,11862.882,11868.191,,
IND-000002,Mahbubnagar,Hyderabad,1951,1961.0,False,ANCHOR,1,1951,1951,14756.907,14756.907,0.0,14756.907,,,,,,,,
IND-000014,Medak,Hyderabad,1951,1961.0,False,ANCHOR,1,1951,1951,9362.497,9362.497,0.0,9362.497,,,,,,,,
IND-000017,Nalgonda,Hyderabad,1951,1961.0,False,ANCHOR,1,1951,1951,16690.234,16690.234,0.0,16690.234,,,,,,,,
IND-000011,Nanded,Hyderabad,1951,1961.0,False,ANCHOR,1,1951,1951,9008.11,9008.11,0.0,9008.11,,,,,,,,
IND-000013,Nizamabad,Hyderabad,1951,2021.0,False,ANCHOR,7,1951,2011,8035.07,7640.718,394.351,7640.718,7938.477,7938.477,7938.477,7938.384,7938.384,8035.07,,
IND-000006,Osmanabad,Hyderabad,1951,1961.0,False,ANCHOR,1,1951,1951,9967.385,9967.385,0.0,9967.385,,,,,,,,
IND-000009,Parbhani,Hyderabad,1951,1981.0,False,ANCHOR,3,1951,1971,12478.496,12478.496,0.0,12478.496,12478.496,12478.496,,,,,,
IND-000003,Raichur,Hyderabad,1951,1961.0,False,ANCHOR,1,1951,1951,16808.116,16808.116,0.0,16808.116,,,,,,,,
IND-000016,Warangal,Hyderabad,1951,1961.0,False,ANCHOR,1,1951,1951,21957.44,21957.44,0.0,21957.44,,,,,,,,
IND-000532,Anantnag,Jammu & Kashmir,1981,2011.0,False,NEW,3,1981,2001,3626.505,3626.504,0.0,,,,3626.504,3626.505,3626.505,,,
IND-000535,Badgam,Jammu & Kashmir,1981,2011.0,False,NEW,3,1981,2001,1442.553,1409.878,32.676,,,,1442.553,1409.878,1409.878,,,
IND-000537,Baramula,Jammu & Kashmir,1981,2011.0,False,NEW,3,1981,2001,4742.947,4742.937,0.01,,,,4742.937,4742.947,4742.947,,,
IND-001098,Ganderbal,Jammu & Kashmir,2021,2025.0,False,NEW,1,2021,2021,1483.406,1483.406,0.0,,,,,,,,1483.406,
IND-000143,Jammu & Kashmir,Jammu & Kashmir,1951,1961.0,False,ANCHOR,1,1951,1951,220168.503,220168.503,0.0,220168.503,,,,,,,,
IND-000531,Kargil,Jammu & Kashmir,1981,2011.0,False,NEW,3,1981,2001,16826.933,16826.893,0.041,,,,16826.933,16826.893,16826.893,,,
IND-000538,Kupwara,Jammu & Kashmir,1981,2011.0,False,NEW,3,1981,2001,2673.483,2673.481,0.001,,,,2673.483,2673.481,2673.481,,,
IND-000530,Ladakh,Jammu & Kashmir,1981,2011.0,False,NEW,3,1981,2001,79535.657,79535.615,0.042,,,,79535.615,79535.657,79535.657,,,
IND-001104,Mirpur,Jammu & Kashmir,2021,,True,NEW,2,2021,2025,3813.829,3624.307,189.522,,,,,,,,3813.829,3624.307
IND-001103,Muzaffarabad,Jammu & Kashmir,2021,,True,NEW,2,2021,2025,4801.977,4702.136,99.841,,,,,,,,4702.136,4801.977
IND-000534,Pulwama,Jammu & Kashmir,1981,2011.0,False,NEW,3,1981,2001,1293.054,1293.053,0.0,,,,1293.054,1293.053,1293.053,,,
IND-001100,Punch,Jammu & Kashmir,2021,,True,NEW,2,2021,2025,4282.112,4246.794,35.318,,,,,,,,4282.112,4246.794
IND-001101,Ramban,Jammu & Kashmir,2021,2025.0,False,NEW,1,2021,2021,1199.855,1199.855,0.0,,,,,,,,1199.855,
IND-001102,Samba,Jammu & Kashmir,2021,,True,NEW,2,2021,2025,946.136,928.439,17.698,,,,,,,,946.136,928.439
IND-000536,Srinagar,Jammu & Kashmir,1981,2011.0,False,NEW,3,1981,2001,1792.604,1759.915,32.689,,,,1759.915,1792.604,1792.604,,,
IND-001099,Srinagar,Jammu & Kashmir,2021,2025.0,False,NEW,1,2021,2021,400.082,400.082,0.0,,,,,,,,400.082,
IND-000444,,Jammu & Kashmir,1981,2011.0,False,NEW,3,1981,2001,80520.305,80520.29,0.015,,,,80520.305,80520.29,80520.29,,,
IND-000378,Anantnag,Jammu And Kashmir,1961,1981.0,False,NEW,2,1961,1971,4919.608,4919.608,0.0,,4919.608,4919.608,,,,,,
IND-001021,Anantnag,Jammu And Kashmir,2011,,True,NEW,3,2011,2025,2819.656,2729.185,90.471,,,,,,,2819.656,2761.693,2729.185
IND-001010,Badgam,Jammu And Kashmir,2011,,True,NEW,3,2011,2025,1315.513,1249.569,65.945,,,,,,,1249.569,1315.513,1250.507
IND-001016,Bandipore,Jammu And Kashmir,2011,2025.0,False,NEW,2,2011,2021,2587.388,2536.574,50.814,,,,,,,2587.388,2536.574,
IND-001345,Bandipura,Jammu And Kashmir,2025,,True,NEW,1,2025,2025,4045.641,4045.641,0.0,,,,,,,,,4045.641
IND-000438,Baramula,Jammu And Kashmir,1971,1981.0,False,NEW,1,1971,1971,7416.439,7416.439,0.0,,,7416.439,,,,,,
IND-001015,Baramula,Jammu And Kashmir,2011,,True,NEW,3,2011,2025,2156.482,2063.358,93.124,,,,,,,2118.122,2156.482,2063.358
IND-000380,Baramulla,Jammu And Kashmir,1961,1971.0,False,NEW,1,1961,1961,6141.542,6141.542,0.0,,6141.542,,,,,,,
IND-000382,Doda,Jammu And Kashmir,1961,2011.0,False,NEW,5,1961,2001,11864.264,11864.262,0.002,,11864.264,11864.264,11864.263,11864.262,11864.262,,,
IND-001023,Doda,Jammu And Kashmir,2011,,True,NEW,3,2011,2025,2432.735,2380.597,52.138,,,,,,,2432.735,2380.597,2409.783
IND-001018,Ganderbal,Jammu And Kashmir,2011,2021.0,False,NEW,1,2011,2011,1286.633,1286.633,0.0,,,,,,,1286.633,,
IND-001346,Ganderbal,Jammu And Kashmir,2025,,True,NEW,1,2025,2025,1620.888,1620.888,0.0,,,,,,,,,1620.888
IND-000384,Jammu,Jammu And Kashmir,1961,2011.0,False,NEW,5,1961,2001,3718.278,3718.278,0.0,,3718.278,3718.278,3718.278,3718.278,3718.278,,,
IND-001028,Jammu,Jammu And Kashmir,2011,,True,NEW,3,2011,2025,2411.612,2253.278,158.334,,,,,,,2253.278,2345.333,2411.612
IND-001012,Kargil,Jammu And Kashmir,2011,,True,NEW,3,2011,2025,14205.234,13845.821,359.413,,,,,,,13902.293,13845.821,14205.234
IND-000385,Kathua,Jammu And Kashmir,1961,,True,NEW,8,1961,2025,2525.09,2458.915,66.174,,2458.915,2458.915,2458.915,2458.936,2458.936,2525.09,2478.767,2501.924
IND-001025,Kishtwar,Jammu And Kashmir,2011,,True,NEW,3,2011,2025,8374.101,7831.507,542.594,,,,,,,7831.507,8374.101,8176.501
IND-001022,Kulgam,Jammu And Kashmir,2011,,True,NEW,3,2011,2025,1265.724,1165.854,99.87,,,,,,,1165.854,1175.719,1265.724
IND-001009,Kupwara,Jammu And Kashmir,2011,,True,NEW,3,2011,2025,2745.532,2602.633,142.899,,,,,,,2619.276,2602.633,2745.532
IND-000381,Ladakh,Jammu And Kashmir,1961,1981.0,False,NEW,2,1961,1971,96362.682,96362.682,0.0,,96362.682,96362.682,,,,,,
IND-001011,Leh(Ladakh),Jammu And Kashmir,2011,2021.0,False,NEW,1,2011,2011,50109.582,50109.582,0.0,,,,,,,50109.582,,
IND-001019,Pulwama,Jammu And Kashmir,2011,,True,NEW,3,2011,2025,902.464,896.261,6.203,,,,,,,896.261,902.464,897.105
IND-000386,Punch,Jammu And Kashmir,1961,1971.0,False,NEW,1,1961,1961,5135.654,5135.654,0.0,,5135.654,,,,,,,
IND-000440,Punch,Jammu And Kashmir,1971,2011.0,False,NEW,4,1971,2001,2299.619,2299.617,0.002,,,2299.619,2299.619,2299.617,2299.617,,,
IND-001013,Punch,Jammu And Kashmir,2011,2021.0,False,NEW,1,2011,2011,1795.923,1795.923,0.0,,,,,,,1795.923,,
IND-000439,Rajauri,Jammu And Kashmir,1971,2011.0,False,NEW,4,1971,2001,2835.971,2835.97,0.0,,,2835.97,2835.971,2835.971,2835.971,,,
IND-001014,Rajouri,Jammu And Kashmir,2011,,True,NEW,3,2011,2025,2783.506,2637.198,146.309,,,,,,,2783.506,2687.604,2637.198
IND-001024,Ramban,Jammu And Kashmir,2011,2021.0,False,NEW,1,2011,2011,1167.414,1167.414,0.0,,,,,,,1167.414,,
IND-001347,Ramban,Jammu And Kashmir,2025,,True,NEW,1,2025,2025,1289.208,1289.208,0.0,,,,,,,,,1289.208
IND-001027,Reasi,Jammu And Kashmir,2011,2025.0,False,NEW,2,2011,2021,2148.434,2126.075,22.36,,,,,,,2148.434,2126.075,
IND-001348,Riasi,Jammu And Kashmir,2025,,True,NEW,1,2025,2025,1933.832,1933.832,0.0,,,,,,,,,1933.832
IND-001029,Samba,Jammu And Kashmir,2011,2021.0,False,NEW,1,2011,2011,788.399,788.399,0.0,,,,,,,788.399,,
IND-001020,Shupiyan,Jammu And Kashmir,2011,,True,NEW,3,2011,2025,508.001,492.006,15.995,,,,,,,492.006,508.001,505.937
IND-000379,Srinagar,Jammu And Kashmir,1961,1971.0,False,NEW,1,1961,1961,4477.322,4477.322,0.0,,4477.322,,,,,,,
IND-000437,Srinagar,Jammu And Kashmir,1971,1981.0,False,NEW,1,1971,1971,3202.456,3202.456,0.0,,,3202.456,,,,,,
IND-001017,Srinagar,Jammu And Kashmir,2011,2021.0,False,NEW,1,2011,2011,477.218,477.218,0.0,,,,,,,477.218,,
IND-001349,Srinagar,Jammu And Kashmir,2025,,True,NEW,1,2025,2025,281.804,281.804,0.0,,,,,,,,,281.804
IND-000383,Udhampur,Jammu And Kashmir,1961,2011.0,False,NEW,5,1961,2001,4569.979,4569.965,0.014,,4569.979,4569.979,4569.979,4569.965,4569.965,,,
IND-001026,Udhampur,Jammu And Kashmir,2011,,True,NEW,3,2011,2025,2389.621,2234.494,155.127,,,,,,,2389.621,2234.494,2281.427
IND-001097,,Jammu And Kashmir,2011,2021.0,False,NEW,1,2011,2011,108672.049,108672.049,0.0,,,,,,,108672.049,,
IND-000819,Bokaro,Jharkhand,2001,,True,NEW,4,2001,2025,2888.459,2865.936,22.523,,,,,,2865.936,2888.459,2886.264,2880.028
IND-000812,Chatra,Jharkhand,2001,,True,NEW,4,2001,2025,3837.212,3722.606,114.606,,,,,,3784.166,3837.212,3722.606,3805.727
IND-000818,Dhanbad,Jharkhand,2001,,True,NEW,4,2001,2025,2041.013,2034.83,6.183,,,,,,2034.83,2038.992,2041.013,2037.82
IND-001001,Dumka,Jharkhand,2011,,True,NEW,3,2011,2025,3780.81,3760.255,20.555,,,,,,,3780.81,3765.519,3760.255
IND-000810,Garhwa,Jharkhand,2001,,True,NEW,4,2001,2025,4101.714,4073.943,27.77,,,,,,4073.943,4084.661,4085.01,4101.714
IND-000815,Giridih,Jharkhand,2001,,True,NEW,4,2001,2025,4993.831,4963.986,29.845,,,,,,4964.161,4993.831,4967.548,4963.986
IND-001005,Gumla,Jharkhand,2011,,True,NEW,3,2011,2025,5359.936,5266.934,93.002,,,,,,,5266.934,5357.1,5359.936
IND-000813,Hazaribagh,Jharkhand,2001,2011.0,False,NEW,1,2001,2001,5975.526,5975.526,0.0,,,,,,5975.526,,,
IND-000999,Hazaribagh,Jharkhand,2011,,True,NEW,3,2011,2025,4396.338,4291.409,104.929,,,,,,,4291.409,4396.338,4337.747
IND-001002,Jamtara,Jharkhand,2011,,True,NEW,3,2011,2025,1862.127,1807.916,54.21,,,,,,,1862.127,1815.095,1807.916
IND-001004,Khunti,Jharkhand,2011,,True,NEW,3,2011,2025,2677.699,2628.515,49.183,,,,,,,2677.699,2628.515,2635.809
IND-000814,Kodarma,Jharkhand,2001,2011.0,False,NEW,1,2001,2001,1399.745,1399.745,0.0,,,,,,1399.745,,,
IND-000995,Kodarma,Jharkhand,2011,,True,NEW,3,2011,2025,1646.93,1634.282,12.648,,,,,,,1634.282,1646.93,1638.494
IND-000998,Latehar,Jharkhand,2011,,True,NEW,3,2011,2025,4288.505,4144.233,144.272,,,,,,,4144.233,4288.505,4243.068
IND-000817,Pakaur,Jharkhand,2001,,True,NEW,4,2001,2025,1898.272,1800.719,97.553,,,,,,1803.158,1898.272,1813.573,1800.719
IND-000811,Palamu,Jharkhand,2001,2011.0,False,NEW,1,2001,2001,8676.44,8676.44,0.0,,,,,,8676.44,,,
IND-000997,Palamu,Jharkhand,2011,,True,NEW,3,2011,2025,4453.439,4391.472,61.967,,,,,,,4453.439,4391.472,4419.58
IND-001007,Pashchimi Singhbhum,Jharkhand,2011,,True,NEW,3,2011,2025,7228.293,7172.39,55.904,,,,,,,7172.39,7228.293,7223.648
IND-001000,Ramgarh,Jharkhand,2011,,True,NEW,3,2011,2025,1394.932,1334.547,60.385,,,,,,,1334.547,1394.932,1393.647
IND-001003,Ranchi,Jharkhand,2011,,True,NEW,3,2011,2025,5064.336,4985.908,78.428,,,,,,,5064.336,5007.842,4985.908
IND-000816,Sahibganj,Jharkhand,2001,2011.0,False,NEW,1,2001,2001,2127.75,2127.75,0.0,,,,,,2127.75,,,
IND-000996,Sahibganj,Jharkhand,2011,2021.0,False,NEW,1,2011,2011,1915.839,1915.839,0.0,,,,,,,1915.839,,
IND-001214,Sahibganj,Jharkhand,2021,,True,NEW,2,2021,2025,2192.256,2191.23,1.026,,,,,,,,2192.256,2191.23
IND-001008,Saraikela-Kharsawan,Jharkhand,2011,,True,NEW,3,2011,2025,2659.951,2632.885,27.066,,,,,,,2632.885,2659.951,2659.221
IND-001006,Simdega,Jharkhand,2011,,True,NEW,3,2011,2025,3778.105,3768.121,9.983,,,,,,,3776.888,3768.121,3778.105
IND-000907,Bagalkot,Karnataka,2001,,True,NEW,4,2001,2025,6585.252,6524.225,61.027,,,,,,6585.252,6524.225,6552.003,6553.001
IND-000050,Bangalore,Karnataka,1951,1991.0,False,ANCHOR,4,1951,1981,7988.443,7988.441,0.002,7988.441,7988.441,7988.441,7988.443,,,,,
IND-000655,Bangalore,Karnataka,1991,,True,NEW,5,1991,2025,2196.19,2172.386,23.803,,,,,2172.386,2172.386,2191.417,2196.125,2196.19
IND-001083,Bangalore Rural,Karnataka,2011,,True,NEW,3,2011,2025,2298.239,2271.341,26.899,,,,,,,2271.341,2298.239,2298.235
IND-000656,Bangalore_Rural,Karnataka,1991,2011.0,False,NEW,2,1991,2001,5815.984,5815.984,0.0,,,,,5815.984,5815.984,,,
IND-000336,Bellary,Karnataka,1961,2001.0,False,NEW,4,1961,1991,9907.455,9907.446,0.009,,9907.455,9907.455,9907.447,9907.446,,,,
IND-000914,Bellary,Karnataka,2001,,True,NEW,4,2001,2025,8472.322,8451.826,20.496,,,,,,8472.322,8451.826,8462.681,8462.942
IND-000340,Bidar,Karnataka,1961,,True,NEW,8,1961,2025,5452.794,5436.56,16.234,,5452.793,5452.793,5452.794,5452.79,5452.79,5436.56,5444.173,5448.653
IND-000908,Bijapur,Karnataka,2001,,True,NEW,4,2001,2025,10510.567,10494.982,15.585,,,,,,10495.742,10510.567,10494.982,10495.284
IND-000921,Chamarajanagar,Karnataka,2001,,True,NEW,4,2001,2025,5662.851,5647.112,15.739,,,,,,5662.851,5648.398,5647.112,5647.728
IND-000054,Chickmaglur,Karnataka,1951,,True,ANCHOR,9,1951,2025,7203.228,7156.725,46.503,7156.725,7156.725,7156.725,7156.725,7156.773,7156.773,7191.568,7203.228,7203.007
IND-001082,Chikkaballapura,Karnataka,2011,,True,NEW,3,2011,2025,4354.469,4242.752,111.717,,,,,,,4354.469,4242.752,4243.185
IND-000056,Chitaldrug,Karnataka,1951,1961.0,False,ANCHOR,1,1951,1951,12258.081,12258.081,0.0,12258.081,,,,,,,,
IND-000335,Chitradurga,Karnataka,1961,2001.0,False,NEW,4,1961,1991,10892.963,10892.919,0.044,,10892.919,10892.919,10892.963,10892.934,,,,
IND-000915,Chitradurga,Karnataka,2001,,True,NEW,4,2001,2025,8478.349,8433.987,44.361,,,,,,8433.987,8478.349,8436.223,8436.075
IND-000919,Dakshina Kannada,Karnataka,2001,,True,NEW,4,2001,2025,4864.462,4776.693,87.768,,,,,,4776.693,4843.88,4864.462,4858.452
IND-000338,Dakshina_Kannara,Karnataka,1961,2001.0,False,NEW,4,1961,1991,8415.856,8415.805,0.051,,8415.856,8415.856,8415.853,8415.805,,,,
IND-000916,Davanagere,Karnataka,2001,,True,NEW,4,2001,2025,6015.117,5905.438,109.679,,,,,,6015.117,5905.438,5923.694,5923.628
IND-000912,Dharwad,Karnataka,2001,,True,NEW,4,2001,2025,4262.44,4218.715,43.725,,,,,,4262.44,4218.715,4258.754,4258.651
IND-000911,Gadag,Karnataka,2001,,True,NEW,4,2001,2025,4657.512,4635.446,22.066,,,,,,4647.245,4635.446,4657.172,4657.512
IND-000339,Gulbarga,Karnataka,1961,2011.0,False,NEW,5,1961,2001,16230.821,16230.803,0.017,,16230.811,16230.811,16230.821,16230.803,16230.803,,,
IND-001079,Gulbarga,Karnataka,2011,,True,NEW,3,2011,2025,11089.605,10953.015,136.59,,,,,,,11089.605,10953.015,10955.987
IND-000053,Hassan,Karnataka,1951,,True,ANCHOR,9,1951,2025,6844.567,6781.236,63.332,6781.236,6781.236,6781.236,6781.238,6781.261,6781.261,6844.567,6813.447,6813.601
IND-000913,Haveri,Karnataka,2001,,True,NEW,4,2001,2025,4859.211,4812.279,46.931,,,,,,4812.279,4859.211,4823.236,4823.087
IND-000058,Kolar,Karnataka,1951,2011.0,False,ANCHOR,6,1951,2001,8222.831,8222.799,0.032,8222.799,8222.799,8222.799,8222.799,8222.831,8222.831,,,
IND-001081,Kolar,Karnataka,2011,,True,NEW,3,2011,2025,3979.11,3900.11,79.0,,,,,,,3900.11,3978.685,3979.11
IND-000910,Koppal,Karnataka,2001,,True,NEW,4,2001,2025,5575.024,5569.677,5.347,,,,,,5571.663,5575.024,5570.15,5569.677
IND-000052,Mandya,Karnataka,1951,,True,ANCHOR,9,1951,2025,4962.766,4939.684,23.082,4939.689,4939.689,4939.689,4939.691,4939.684,4939.684,4946.515,4962.766,4962.63
IND-000051,Mysore,Karnataka,1951,1961.0,False,ANCHOR,1,1951,1951,9164.568,9164.568,0.0,9164.568,,,,,,,,
IND-000337,Mysore,Karnataka,1961,2001.0,False,NEW,4,1961,1991,11954.373,11954.329,0.044,,11954.372,11954.372,11954.373,11954.329,,,,
IND-000920,Mysore,Karnataka,2001,,True,NEW,4,2001,2025,6353.014,6291.404,61.61,,,,,,6291.404,6353.014,6306.97,6308.197
IND-000341,Raichur,Karnataka,1961,2001.0,False,NEW,4,1961,1991,14024.144,14024.137,0.007,,14024.137,14024.137,14024.137,14024.144,,,,
IND-000909,Raichur,Karnataka,2001,,True,NEW,4,2001,2025,8461.764,8442.511,19.254,,,,,,8452.332,8461.764,8442.511,8442.726
IND-001084,Ramanagara,Karnataka,2011,,True,NEW,3,2011,2025,3513.134,3510.551,2.583,,,,,,,3510.551,3513.134,3513.019
IND-000055,Shimoga,Karnataka,1951,2001.0,False,ANCHOR,5,1951,1991,10624.065,10624.035,0.03,10624.065,10624.065,10624.065,10624.035,10624.062,,,,
IND-000917,Shimoga,Karnataka,2001,,True,NEW,4,2001,2025,8503.022,8477.904,25.118,,,,,,8503.022,8491.482,8477.904,8477.914
IND-000057,Tumkur,Karnataka,1951,1961.0,False,ANCHOR,1,1951,1951,9246.604,9246.604,0.0,9246.604,,,,,,,,
IND-000334,Tumkur,Karnataka,1961,,True,NEW,8,1961,2025,10611.726,10576.822,34.904,,10611.687,10611.687,10611.683,10611.726,10611.726,10576.822,10597.829,10598.719
IND-000918,Udupi,Karnataka,2001,,True,NEW,4,2001,2025,3639.1,3577.13,61.97,,,,,,3639.1,3584.952,3577.13,3582.239
IND-001080,Yadgir,Karnataka,2011,,True,NEW,3,2011,2025,5334.948,5273.917,61.031,,,,,,,5334.948,5274.045,5273.917
IND-000452,Alappuzha,Kerala,1981,,True,NEW,6,1981,2025,1420.237,1417.313,2.924,,,,1417.817,1417.812,1417.812,1418.215,1417.313,1420.237
IND-000393,Alapuzha,Kerala,1961,1981.0,False,NEW,2,1961,1971,1737.277,1737.277,0.0,,1737.277,1737.277,,,,,,
IND-000391,Eranakulam,Kerala,1961,1981.0,False,NEW,2,1961,1971,2924.998,2924.998,0.0,,2924.998,2924.998,,,,,,
IND-000448,Ernakulam,Kerala,1981,1991.0,False,NEW,1,1981,1981,2116.055,2116.055,0.0,,,,2116.055,,,,,
IND-000660,Ernakulam,Kerala,1991,,True,NEW,5,1991,2025,3080.379,3054.153,26.225,,,,,3064.631,3064.631,3080.379,3054.153,3060.01
IND-000449,Idukki,Kerala,1981,1991.0,False,NEW,1,1981,1981,5319.394,5319.394,0.0,,,,5319.394,,,,,
IND-000661,Idukki,Kerala,1991,,True,NEW,5,1991,2025,4370.805,4339.731,31.074,,,,,4370.805,4370.805,4339.731,4359.198,4357.177
IND-000387,Kannur,Kerala,1961,1981.0,False,NEW,2,1961,1971,5718.289,5718.289,0.0,,5718.289,5718.289,,,,,,
IND-000445,Kannur,Kerala,1981,1991.0,False,NEW,1,1981,1981,4974.978,4974.978,0.0,,,,4974.978,,,,,
IND-000659,Kannur,Kerala,1991,,True,NEW,5,1991,2025,2969.985,2955.824,14.161,,,,,2957.579,2956.213,2969.985,2955.824,2967.055
IND-000662,Kasaragod,Kerala,1991,,True,NEW,5,1991,2025,2017.453,1969.476,47.977,,,,,2017.453,2017.453,1986.741,1969.476,1992.841
IND-000394,Kollam,Kerala,1961,1991.0,False,NEW,3,1961,1981,5143.404,4824.025,319.378,,4824.025,4824.025,5143.404,,,,,
IND-000664,Kollam,Kerala,1991,,True,NEW,5,1991,2025,2503.062,2483.976,19.085,,,,,2503.062,2503.062,2484.094,2486.527,2483.976
IND-000392,Kottayam,Kerala,1961,1981.0,False,NEW,2,1961,1971,6711.357,6711.357,0.0,,6711.357,6711.357,,,,,,
IND-000451,Kottayam,Kerala,1981,,True,NEW,6,1981,2025,2219.606,2200.92,18.686,,,,2200.931,2200.92,2200.92,2219.606,2204.506,2205.767
IND-000388,Kozhikode,Kerala,1961,1971.0,False,NEW,1,1961,1961,6574.146,6574.146,0.0,,6574.146,,,,,,,
IND-000441,Kozhikode,Kerala,1971,1981.0,False,NEW,1,1971,1971,3739.921,3739.921,0.0,,,3739.921,,,,,,
IND-000447,Kozhikode,Kerala,1981,,True,NEW,6,1981,2025,2358.569,2339.915,18.653,,,,2358.569,2358.55,2358.55,2342.429,2339.915,2348.43
IND-000442,Malappuram,Kerala,1971,,True,NEW,7,1971,2025,3554.907,3528.894,26.014,,,3546.758,3546.758,3546.774,3546.774,3528.894,3550.204,3554.907
IND-000389,Palakkad,Kerala,1961,1971.0,False,NEW,1,1961,1961,5193.87,5193.87,0.0,,5193.87,,,,,,,
IND-000443,Palghat,Kerala,1971,,True,NEW,7,1971,2025,4490.91,4479.375,11.536,,,4481.66,4481.66,4481.643,4481.643,4490.91,4479.375,4482.742
IND-000663,Pathanamthitta,Kerala,1991,,True,NEW,5,1991,2025,2650.921,2607.927,42.993,,,,,2640.303,2640.303,2607.927,2650.187,2650.921
IND-000395,Thiruvananthapuram,Kerala,1961,,True,NEW,8,1961,2025,2204.408,2183.132,21.276,,2195.122,2195.122,2195.122,2195.113,2195.113,2204.408,2183.132,2193.07
IND-000390,Thrisur,Kerala,1961,,True,NEW,8,1961,2025,3046.881,3014.572,32.31,,3046.881,3046.881,3046.881,3046.87,3046.87,3014.572,3024.806,3030.845
IND-000446,Wayanad,Kerala,1981,,True,NEW,6,1981,2025,2138.164,2124.706,13.458,,,,2124.706,2124.709,2124.709,2138.164,2135.878,2131.06
IND-000129,Kutch,Kutch,1951,,True,ANCHOR,9,1951,2025,43443.499,40697.429,2746.07,43443.499,43443.499,43443.499,43443.473,43172.979,43172.979,42765.699,41914.88,40697.429
IND-001313,Leh,Ladakh,2021,,True,NEW,2,2021,2025,154887.868,154019.779,868.089,,,,,,,,154887.868,154019.779
IND-001094,Lakshadweep,Lakshadweep,2011,2021.0,False,NEW,1,2011,2011,82.497,82.497,0.0,,,,,,,82.497,,
IND-001264,Lakshadweep,Lakshadweep,2021,2025.0,False,NEW,1,2021,2021,29.536,29.536,0.0,,,,,,,,29.536,
IND-001334,Lakshadweep,Lakshadweep,2025,,True,NEW,1,2025,2025,29.888,29.888,0.0,,,,,,,,,29.888
IND-000142,Lakshdweep Islands,Lakshdweep Islands,1951,2011.0,False,ANCHOR,6,1951,2001,65.655,64.902,0.753,65.632,65.632,64.902,65.633,65.655,65.655,,,
IND-000038,Bhilsa,Madhya Bharat,1951,,True,ANCHOR,9,1951,2025,7318.931,7225.024,93.907,7318.921,7318.921,7318.921,7318.931,7318.904,7318.904,7225.024,7301.565,7303.584
IND-000027,Bhind,Madhya Bharat,1951,1961.0,False,ANCHOR,1,1951,1951,5062.238,5062.238,0.0,5062.238,,,,,,,,
IND-000040,Dewas,Madhya Bharat,1951,,True,ANCHOR,9,1951,2025,7183.726,6985.712,198.014,6985.736,6985.736,6985.736,6985.712,6985.775,6985.775,7183.726,7011.642,7012.289
IND-000041,Dhar,Madhya Bharat,1951,,True,ANCHOR,9,1951,2025,8164.311,8147.027,17.284,8164.311,8164.311,8164.311,8164.297,8164.308,8164.308,8147.027,8157.173,8156.39
IND-000028,Gird,Madhya Bharat,1951,1961.0,False,ANCHOR,1,1951,1951,4555.594,4555.594,0.0,4555.594,,,,,,,,
IND-000031,Goona,Madhya Bharat,1951,2011.0,False,ANCHOR,6,1951,2001,11108.933,11108.88,0.053,11108.923,11108.923,11108.923,11108.933,11108.88,11108.88,,,
IND-000039,Indore,Madhya Bharat,1951,,True,ANCHOR,9,1951,2025,3920.899,3793.013,127.885,3920.899,3920.899,3920.899,3920.896,3920.857,3920.857,3793.013,3910.052,3908.171
IND-000042,Jhabua,Madhya Bharat,1951,2011.0,False,ANCHOR,6,1951,2001,6776.477,6776.418,0.059,6776.477,6776.477,6776.477,6776.457,6776.418,6776.418,,,
IND-000037,Mandsaur,Madhya Bharat,1951,2001.0,False,ANCHOR,5,1951,1991,9849.939,9849.873,0.066,9849.939,9849.939,9849.939,9849.873,9849.921,,,,
IND-000029,Morena,Madhya Bharat,1951,2001.0,False,ANCHOR,5,1951,1991,11631.75,11631.708,0.043,11631.708,11631.708,11631.708,11631.732,11631.75,,,,
IND-000043,Nimar,Madhya Bharat,1951,2001.0,False,ANCHOR,5,1951,1991,13437.267,13437.265,0.001,13437.265,13437.265,13437.265,13437.267,13437.267,,,,
IND-000032,Rajgarh,Madhya Bharat,1951,,True,ANCHOR,9,1951,2025,6252.919,6164.091,88.828,6164.093,6164.093,6164.093,6164.105,6164.091,6164.091,6252.919,6167.846,6166.834
IND-000035,Ratlam,Madhya Bharat,1951,,True,ANCHOR,9,1951,2025,4857.612,4820.949,36.663,4844.229,4844.229,4844.229,4844.23,4844.214,4844.214,4820.949,4857.612,4855.411
IND-000033,Shajapur,Madhya Bharat,1951,2021.0,False,ANCHOR,7,1951,2011,6219.3,6205.986,13.314,6206.027,6206.027,6206.027,6206.011,6205.986,6205.986,6219.3,,
IND-000030,Shivpuri,Madhya Bharat,1951,,True,ANCHOR,9,1951,2025,10291.266,10006.742,284.525,10187.82,10187.82,10187.82,10187.814,10187.918,10187.918,10006.742,10291.266,10285.394
IND-000034,Ujjain,Madhya Bharat,1951,,True,ANCHOR,9,1951,2025,6144.201,6099.707,44.493,6109.592,6109.592,6109.592,6109.599,6109.613,6109.613,6144.201,6099.707,6101.535
IND-001234,Agar Malwa,Madhya Pradesh,2021,,True,NEW,2,2021,2025,2946.079,2732.205,213.874,,,,,,,,2946.079,2732.205
IND-000197,Akola,Madhya Pradesh,1951,2001.0,False,ANCHOR,5,1951,1991,10626.639,10626.602,0.037,10626.614,10626.614,10626.614,10626.602,10626.639,,,,
IND-000951,Alirajpur,Madhya Pradesh,2011,,True,NEW,3,2011,2025,3335.691,3317.191,18.5,,,,,,,3317.191,3335.691,3332.516
IND-000195,Amravati,Madhya Pradesh,1951,,True,ANCHOR,9,1951,2025,12228.52,12187.38,41.14,12187.409,12187.409,12187.409,12187.444,12187.38,12187.38,12228.52,12211.886,12204.768
IND-000947,Anuppur,Madhya Pradesh,2011,,True,NEW,3,2011,2025,3847.112,3767.559,79.552,,,,,,,3847.112,3767.559,3773.462
IND-000945,Ashoknagar,Madhya Pradesh,2011,,True,NEW,3,2011,2025,4825.878,4736.144,89.734,,,,,,,4825.878,4736.144,4736.424
IND-000188,Balaghat,Madhya Pradesh,1951,,True,ANCHOR,9,1951,2025,9258.872,9244.428,14.445,9258.808,9258.808,9258.808,9258.819,9258.872,9258.872,9253.13,9244.428,9249.318
IND-000871,Barwani,Madhya Pradesh,2001,,True,NEW,4,2001,2025,5429.204,5175.19,254.013,,,,,,5306.133,5175.19,5429.204,5428.969
IND-000192,Bastar,Madhya Pradesh,1951,2001.0,False,ANCHOR,5,1951,1991,39134.969,39134.855,0.113,39134.936,39134.936,39134.936,39134.855,39134.969,,,,
IND-000181,Betul,Madhya Pradesh,1951,,True,ANCHOR,9,1951,2025,10149.827,10053.459,96.368,10062.436,10062.436,10062.436,10062.41,10062.449,10062.449,10149.827,10058.126,10053.459
IND-000182,Bhandara,Madhya Pradesh,1951,2001.0,False,ANCHOR,5,1951,1991,9364.942,9364.934,0.008,9364.939,9364.939,9364.939,9364.934,9364.942,,,,
IND-000396,Bhind,Madhya Pradesh,1961,,True,NEW,8,1961,2025,4536.637,4454.306,82.331,,4454.306,4454.306,4454.346,4454.311,4454.311,4536.637,4463.948,4462.794
IND-000455,Bhopal,Madhya Pradesh,1981,,True,NEW,6,1981,2025,2767.396,2715.107,52.29,,,,2765.221,2765.244,2765.244,2715.107,2767.396,2767.344
IND-000190,Bilaspur,Madhya Pradesh,1951,2001.0,False,ANCHOR,5,1951,1991,19900.288,18777.766,1122.522,19900.288,19900.288,19900.288,18777.766,19900.267,,,,
IND-000198,Buldana,Madhya Pradesh,1951,,True,ANCHOR,9,1951,2025,9742.318,9703.908,38.41,9716.295,9716.295,9716.295,9716.246,9716.315,9716.315,9703.908,9737.913,9742.318
IND-000953,Burhanpur,Madhya Pradesh,2011,,True,NEW,3,2011,2025,3238.666,3225.115,13.551,,,,,,,3238.666,3231.297,3225.115
IND-000179,Chanda,Madhya Pradesh,1951,1991.0,False,ANCHOR,4,1951,1981,25296.068,23934.955,1361.113,23934.955,25295.999,25295.999,25296.068,,,,,
IND-000180,Chhindwara,Madhya Pradesh,1951,1961.0,False,ANCHOR,1,1951,1951,20566.481,20566.481,0.0,20566.481,,,,,,,,
IND-000402,Chhindwara,Madhya Pradesh,1961,,True,NEW,8,1961,2025,11820.95,11744.135,76.815,,11820.95,11820.95,11820.934,11820.913,11820.913,11744.135,11814.42,11811.075
IND-000400,Damoh,Madhya Pradesh,1961,,True,NEW,8,1961,2025,7398.856,7302.738,96.118,,7303.946,7303.946,7303.89,7303.897,7303.897,7398.856,7302.738,7302.928
IND-000865,Datia,Madhya Pradesh,2001,2021.0,False,NEW,2,2001,2011,2887.897,2795.204,92.693,,,,,,2795.204,2887.897,,
IND-001235,Datia,Madhya Pradesh,2021,,True,NEW,2,2021,2025,2686.604,2677.176,9.428,,,,,,,,2677.176,2686.604
IND-000876,Dindori,Madhya Pradesh,2001,,True,NEW,4,2001,2025,5799.616,5666.557,133.06,,,,,,5799.616,5666.557,5750.493,5745.923
IND-001316,Disputed (Ratlam & Mandsaur),Madhya Pradesh,2025,,True,NEW,1,2025,2025,1.315,1.315,0.0,,,,,,,,,1.315
IND-000191,Durg,Madhya Pradesh,1951,1981.0,False,ANCHOR,3,1951,1971,19678.07,19678.07,0.0,19678.07,19678.07,19678.07,,,,,,
IND-000458,Durg,Madhya Pradesh,1981,2021.0,False,NEW,4,1981,2011,8535.472,8430.996,104.476,,,,8535.462,8535.472,8535.472,8430.996,,
IND-000944,Guna,Madhya Pradesh,2011,,True,NEW,3,2011,2025,6434.706,6380.537,54.169,,,,,,,6434.706,6382.474,6380.537
IND-000397,Gwalior,Madhya Pradesh,1961,2001.0,False,NEW,4,1961,1991,5163.5,5163.446,0.054,,5163.5,5163.5,5163.446,5163.469,,,,
IND-000864,Gwalior,Madhya Pradesh,2001,,True,NEW,4,2001,2025,4563.25,4475.422,87.827,,,,,,4555.559,4475.422,4562.963,4563.25
IND-000872,Harda,Madhya Pradesh,2001,,True,NEW,4,2001,2025,3341.419,3316.489,24.93,,,,,,3326.52,3316.489,3336.039,3341.419
IND-000186,Hoshangabad,Madhya Pradesh,1951,1961.0,False,ANCHOR,1,1951,1951,15145.523,15145.523,0.0,15145.523,,,,,,,,
IND-000398,Hoshangabad,Madhya Pradesh,1961,2001.0,False,NEW,4,1961,1991,10006.313,10006.262,0.051,,10006.313,10006.313,10006.313,10006.262,,,,
IND-000873,Hoshangabad,Madhya Pradesh,2001,,True,NEW,4,2001,2025,6685.98,6676.074,9.906,,,,,,6679.663,6676.074,6685.663,6685.98
IND-000183,Jabalpur,Madhya Pradesh,1951,2001.0,False,ANCHOR,5,1951,1991,10167.85,10167.83,0.02,10167.842,10167.842,10167.842,10167.83,10167.85,,,,
IND-000875,Jabalpur,Madhya Pradesh,2001,,True,NEW,4,2001,2025,5096.585,4923.378,173.207,,,,,,5051.449,4923.378,5096.585,5093.885
IND-000950,Jhabua,Madhya Pradesh,2011,,True,NEW,3,2011,2025,3508.647,3443.335,65.312,,,,,,,3508.647,3443.583,3443.335
IND-000874,Katni,Madhya Pradesh,2001,,True,NEW,4,2001,2025,5126.324,5054.501,71.822,,,,,,5116.48,5126.324,5070.432,5054.501
IND-000952,Khandwa (East Nimar),Madhya Pradesh,2011,,True,NEW,3,2011,2025,7476.703,7297.395,179.308,,,,,,,7297.395,7476.703,7469.614
IND-000185,Mandala,Madhya Pradesh,1951,2001.0,False,ANCHOR,5,1951,1991,13243.486,13243.484,0.002,13243.484,13243.484,13243.484,13243.484,13243.486,,,,
IND-000877,Mandla,Madhya Pradesh,2001,,True,NEW,4,2001,2025,7605.646,7444.158,161.488,,,,,,7444.158,7605.646,7510.452,7512.05
IND-000869,Mandsaur,Madhya Pradesh,2001,,True,NEW,4,2001,2025,5552.874,5336.67,216.204,,,,,,5545.561,5336.67,5552.874,5548.476
IND-000863,Morena,Madhya Pradesh,2001,,True,NEW,4,2001,2025,5129.433,4986.385,143.048,,,,,,5015.033,5129.433,4986.936,4986.385
IND-000177,Nagpur,Madhya Pradesh,1951,,True,ANCHOR,9,1951,2025,9897.315,9849.469,47.846,9849.469,9849.469,9849.469,9849.474,9849.473,9849.473,9894.698,9892.348,9897.315
IND-000401,Narsinghpur,Madhya Pradesh,1961,,True,NEW,8,1961,2025,5139.289,5134.187,5.102,,5139.289,5139.289,5139.259,5139.289,5139.289,5134.187,5135.526,5135.578
IND-000868,Neemuch,Madhya Pradesh,2001,,True,NEW,4,2001,2025,4450.863,4287.262,163.601,,,,,,4304.425,4450.863,4308.738,4287.262
IND-000187,Nimar,Madhya Pradesh,1951,2011.0,False,ANCHOR,6,1951,2001,10740.886,10740.817,0.069,10740.827,10740.827,10740.827,10740.886,10740.817,10740.817,,,
IND-001236,Niwari,Madhya Pradesh,2021,,True,NEW,2,2021,2025,1322.283,1317.319,4.964,,,,,,,,1317.319,1322.283
IND-000194,Raigarh,Madhya Pradesh,1951,2001.0,False,ANCHOR,5,1951,1991,13059.797,13059.761,0.036,13059.797,13059.797,13059.797,13059.761,13059.797,,,,
IND-000189,Raipur,Madhya Pradesh,1951,2001.0,False,ANCHOR,5,1951,1991,21584.991,21584.973,0.018,21584.973,21584.973,21584.973,21584.988,21584.991,,,,
IND-000457,Rajnandgaon,Madhya Pradesh,1981,2001.0,False,NEW,2,1981,1991,12264.792,11142.427,1122.365,,,,12264.792,11142.427,,,,
IND-000184,Sagar,Madhya Pradesh,1951,1961.0,False,ANCHOR,1,1951,1951,17562.357,17562.357,0.0,17562.357,,,,,,,,
IND-000399,Sagar,Madhya Pradesh,1961,,True,NEW,8,1961,2025,10467.139,10258.328,208.811,,10258.351,10258.351,10258.359,10258.328,10258.328,10467.139,10269.069,10267.716
IND-000456,Sehore,Madhya Pradesh,1981,,True,NEW,6,1981,2025,6568.85,6544.134,24.716,,,,6561.038,6560.993,6560.993,6544.134,6568.85,6568.553
IND-000403,Seoni,Madhya Pradesh,1961,,True,NEW,8,1961,2025,8774.941,8745.524,29.417,,8745.525,8745.525,8745.524,8745.564,8745.564,8774.941,8761.081,8760.597
IND-000867,Shahdol,Madhya Pradesh,2001,2011.0,False,NEW,1,2001,2001,9455.754,9455.754,0.0,,,,,,9455.754,,,
IND-000946,Shahdol,Madhya Pradesh,2011,,True,NEW,3,2011,2025,5693.088,5679.187,13.901,,,,,,,5693.088,5679.187,5680.676
IND-001233,Shajapur,Madhya Pradesh,2021,,True,NEW,2,2021,2025,3462.098,3250.647,211.452,,,,,,,,3250.647,3462.098
IND-000862,Sheopur,Madhya Pradesh,2001,,True,NEW,4,2001,2025,6663.473,6607.216,56.257,,,,,,6616.826,6663.473,6607.216,6607.369
IND-000948,Sidhi,Madhya Pradesh,2011,,True,NEW,3,2011,2025,4775.73,4674.852,100.879,,,,,,,4674.852,4775.396,4775.73
IND-000949,Singrauli,Madhya Pradesh,2011,,True,NEW,3,2011,2025,5766.052,5744.256,21.796,,,,,,,5764.658,5744.256,5766.052
IND-000193,Surguja,Madhya Pradesh,1951,2001.0,False,ANCHOR,5,1951,1991,22315.369,22315.349,0.02,22315.349,22315.349,22315.349,22315.369,22315.364,,,,
IND-001232,Tikamgarh,Madhya Pradesh,2021,,True,NEW,2,2021,2025,3723.092,3717.349,5.743,,,,,,,,3717.349,3723.092
IND-000866,Umaria,Madhya Pradesh,2001,,True,NEW,4,2001,2025,4699.693,4566.571,133.122,,,,,,4584.063,4699.693,4566.571,4578.33
IND-000178,Wardha,Madhya Pradesh,1951,,True,ANCHOR,9,1951,2025,6311.503,6307.571,3.932,6311.503,6311.503,6311.503,6311.488,6311.499,6311.499,6307.743,6308.768,6307.571
IND-000870,West Nimar,Madhya Pradesh,2001,,True,NEW,4,2001,2025,8243.706,8021.038,222.669,,,,,,8131.195,8243.706,8021.038,8026.52
IND-000196,Yeotmal,Madhya Pradesh,1951,,True,ANCHOR,9,1951,2025,13595.057,13584.149,10.908,13585.448,13585.448,13585.448,13585.254,13585.381,13585.381,13595.057,13584.149,13584.982
IND-000896,Akola,Maharashtra,2001,,True,NEW,4,2001,2025,5557.947,5429.009,128.938,,,,,,5557.947,5444.895,5429.009,5440.138
IND-000646,Aurangabad,Maharashtra,1991,,True,NEW,5,1991,2025,10173.051,10062.671,110.379,,,,,10062.671,10062.671,10173.051,10167.288,10122.192
IND-000898,Bhandara,Maharashtra,2001,,True,NEW,4,2001,2025,4154.406,4023.677,130.729,,,,,,4154.406,4079.682,4023.677,4137.378
IND-000647,Bid,Maharashtra,1991,2001.0,False,NEW,1,1991,1991,12178.66,12178.66,0.0,,,,,12178.66,,,,
IND-000905,Bid,Maharashtra,2001,,True,NEW,4,2001,2025,10641.279,10421.377,219.903,,,,,,10421.377,10641.279,10603.948,10607.299
IND-000648,Chandrapur,Maharashtra,1991,,True,NEW,5,1991,2025,11364.408,10760.14,604.268,,,,,10760.14,11317.532,11341.805,11355.186,11364.408
IND-000895,Dhule,Maharashtra,2001,,True,NEW,4,2001,2025,7188.686,7137.226,51.46,,,,,,7137.226,7143.08,7188.477,7188.686
IND-000649,Gadchiroli,Maharashtra,1991,,True,NEW,5,1991,2025,14535.809,14309.718,226.091,,,,,14535.809,14535.809,14309.718,14526.962,14506.225
IND-000899,Gondiya,Maharashtra,2001,,True,NEW,4,2001,2025,5297.147,5183.037,114.11,,,,,,5210.464,5200.81,5297.147,5183.037
IND-000900,Hingoli,Maharashtra,2001,,True,NEW,4,2001,2025,4891.058,4619.302,271.756,,,,,,4619.302,4710.435,4891.058,4711.259
IND-000650,Jalna,Maharashtra,1991,2001.0,False,NEW,1,1991,1991,6440.785,6440.785,0.0,,,,,6440.785,,,,
IND-000902,Jalna,Maharashtra,2001,,True,NEW,4,2001,2025,7676.809,7570.774,106.035,,,,,,7570.774,7636.174,7676.013,7676.809
IND-000324,Kolhapur,Maharashtra,1961,,True,NEW,8,1961,2025,8237.179,7676.352,560.827,,8237.179,8237.179,7819.627,7819.554,7819.554,7755.412,7695.332,7676.352
IND-000651,Latur,Maharashtra,1991,,True,NEW,5,1991,2025,7298.66,6671.3,627.36,,,,,6671.3,7298.66,7131.299,7197.352,7203.763
IND-000904,Mumbai,Maharashtra,2001,2011.0,False,NEW,1,2001,2001,70.928,70.928,0.0,,,,,,70.928,,,
IND-001077,Mumbai,Maharashtra,2011,2021.0,False,NEW,1,2011,2011,77.03,77.03,0.0,,,,,,,77.03,,
IND-001257,Mumbai,Maharashtra,2021,2025.0,False,NEW,1,2021,2021,142.158,142.158,0.0,,,,,,,,142.158,
IND-001356,Mumbai City,Maharashtra,2025,,True,NEW,1,2025,2025,64.039,64.039,0.0,,,,,,,,,64.039
IND-000903,Mumbai Suburban,Maharashtra,2001,2011.0,False,NEW,1,2001,2001,351.587,351.587,0.0,,,,,,351.587,,,
IND-001076,Mumbai Suburban,Maharashtra,2011,2021.0,False,NEW,1,2011,2011,402.541,402.541,0.0,,,,,,,402.541,,
IND-001260,Mumbai Suburban,Maharashtra,2021,,True,NEW,2,2021,2025,435.904,431.746,4.158,,,,,,,,435.904,431.746
IND-000325,Nanded,Maharashtra,1961,,True,NEW,8,1961,2025,10612.848,10532.347,80.501,,10612.771,10612.771,10612.772,10612.848,10612.848,10598.865,10535.797,10532.347
IND-000894,Nandurbar,Maharashtra,2001,,True,NEW,4,2001,2025,6054.797,5906.228,148.569,,,,,,6054.797,5906.228,5963.638,5955.598
IND-000326,Osmanabad,Maharashtra,1961,1991.0,False,NEW,3,1961,1981,14358.788,14358.751,0.036,,14358.751,14358.751,14358.788,,,,,
IND-000652,Osmanabad,Maharashtra,1991,,True,NEW,5,1991,2025,7687.532,7575.396,112.136,,,,,7687.532,7687.532,7613.681,7575.396,7576.702
IND-001259,Palghar,Maharashtra,2021,,True,NEW,2,2021,2025,5270.816,5169.629,101.187,,,,,,,,5169.629,5270.816
IND-000460,Parbhani,Maharashtra,1981,2001.0,False,NEW,2,1981,1991,10913.562,10913.549,0.013,,,,10913.562,10913.549,,,,
IND-000901,Parbhani,Maharashtra,2001,,True,NEW,4,2001,2025,6348.787,6128.182,220.605,,,,,,6294.014,6348.787,6128.182,6307.544
IND-000653,Ratnagiri,Maharashtra,1991,,True,NEW,5,1991,2025,8292.851,8280.677,12.174,,,,,8291.044,8291.044,8280.677,8280.898,8292.851
IND-000654,Sindhudurg,Maharashtra,1991,,True,NEW,5,1991,2025,5106.476,5070.277,36.198,,,,,5087.485,5087.485,5070.277,5083.387,5106.476
IND-001258,Thane,Maharashtra,2021,,True,NEW,2,2021,2025,4274.335,4264.018,10.317,,,,,,,,4264.018,4274.335
IND-000897,Washim,Maharashtra,2001,,True,NEW,4,2001,2025,5139.621,5068.708,70.914,,,,,,5068.708,5131.118,5139.621,5132.643
IND-000633,Bishnupur,Manipur,1991,2001.0,False,NEW,1,1991,1991,618.385,618.385,0.0,,,,,618.385,,,,
IND-000782,Bishnupur,Manipur,2001,2011.0,False,NEW,1,2001,2001,437.929,437.929,0.0,,,,,,437.929,,,
IND-001047,Bishnupur,Manipur,2011,2021.0,False,NEW,1,2011,2011,415.873,415.873,0.0,,,,,,,415.873,,
IND-001159,Bishnupur,Manipur,2021,2025.0,False,NEW,1,2021,2021,469.638,469.638,0.0,,,,,,,,469.638,
IND-001323,Bishnupur,Manipur,2025,,True,NEW,1,2025,2025,480.295,480.295,0.0,,,,,,,,,480.295
IND-000461,Chandel,Manipur,1981,2021.0,False,NEW,4,1981,2011,3261.919,3232.36,29.559,,,,3232.361,3232.36,3232.36,3261.919,,
IND-001160,Chandel,Manipur,2021,,True,NEW,2,2021,2025,2119.325,1972.53,146.795,,,,,,,,2119.325,1972.53
IND-001161,Churachandpur,Manipur,2021,,True,NEW,2,2021,2025,2456.538,2435.665,20.873,,,,,,,,2456.538,2435.665
IND-000462,Imphal,Manipur,1981,1991.0,False,NEW,1,1981,1981,2226.778,2226.778,0.0,,,,2226.778,,,,,
IND-000634,Imphal,Manipur,1991,2001.0,False,NEW,1,1991,1991,1060.974,1060.974,0.0,,,,,1060.974,,,,
IND-000785,Imphal East,Manipur,2001,2011.0,False,NEW,1,2001,2001,567.43,567.43,0.0,,,,,,567.43,,,
IND-001050,Imphal East,Manipur,2011,2021.0,False,NEW,1,2011,2011,580.503,580.503,0.0,,,,,,,580.503,,
IND-001162,Imphal East,Manipur,2021,2025.0,False,NEW,1,2021,2021,446.053,446.053,0.0,,,,,,,,446.053,
IND-001350,Imphal East,Manipur,2025,,True,NEW,1,2025,2025,432.858,432.858,0.0,,,,,,,,,432.858
IND-000784,Imphal West,Manipur,2001,2011.0,False,NEW,1,2001,2001,519.486,519.486,0.0,,,,,,519.486,,,
IND-001049,Imphal West,Manipur,2011,2021.0,False,NEW,1,2011,2011,501.373,501.373,0.0,,,,,,,501.373,,
IND-001157,Imphal West,Manipur,2021,2025.0,False,NEW,1,2021,2021,443.968,443.968,0.0,,,,,,,,443.968,
IND-001330,Imphal West,Manipur,2025,,True,NEW,1,2025,2025,487.517,487.517,0.0,,,,,,,,,487.517
IND-001163,Jiribam,Manipur,2021,2025.0,False,NEW,1,2021,2021,329.659,329.659,0.0,,,,,,,,329.659,
IND-001351,Jiribam,Manipur,2025,,True,NEW,1,2025,2025,294.898,294.898,0.0,,,,,,,,,294.898
IND-001158,Kakching,Manipur,2021,2025.0,False,NEW,1,2021,2021,303.96,303.96,0.0,,,,,,,,303.96,
IND-001362,Kakching,Manipur,2025,,True,NEW,1,2025,2025,320.057,320.057,0.0,,,,,,,,,320.057
IND-001154,Kamjong,Manipur,2021,,True,NEW,2,2021,2025,2382.404,2314.207,68.196,,,,,,,,2314.207,2382.404
IND-001164,Kangpokpi,Manipur,2021,2025.0,False,NEW,1,2021,2021,1605.591,1605.591,0.0,,,,,,,,1605.591,
IND-001361,Kangpokpi,Manipur,2025,,True,NEW,1,2025,2025,1732.124,1732.124,0.0,,,,,,,,,1732.124
IND-000130,Manipur,Manipur,1951,1971.0,False,ANCHOR,2,1951,1961,22478.365,22478.365,0.0,22478.365,22478.365,,,,,,,
IND-000410,Manipur Central,Manipur,1971,1981.0,False,NEW,1,1971,1971,5459.081,5459.081,0.0,,,5459.081,,,,,,
IND-000411,Manipur East,Manipur,1971,2021.0,False,NEW,5,1971,2011,4530.035,4484.603,45.432,,,4530.035,4530.035,4530.019,4530.019,4484.603,,
IND-000407,Manipur North,Manipur,1971,2021.0,False,NEW,5,1971,2011,3589.103,3521.689,67.414,,,3521.691,3521.692,3521.689,3589.103,3533.247,,
IND-000409,Manipur South,Manipur,1971,2021.0,False,NEW,5,1971,2011,4859.803,4788.417,71.386,,,4859.794,4859.794,4859.803,4859.803,4788.417,,
IND-000408,Manipur West,Manipur,1971,2021.0,False,NEW,5,1971,2011,4111.342,4107.874,3.468,,,4107.877,4107.877,4107.874,4107.874,4111.342,,
IND-001168,Noney,Manipur,2021,,True,NEW,2,2021,2025,1217.013,1178.942,38.071,,,,,,,,1217.013,1178.942
IND-001169,Pherzawl,Manipur,2021,,True,NEW,2,2021,2025,2145.347,2121.61,23.737,,,,,,,,2121.61,2145.347
IND-001155,Senapati,Manipur,2021,,True,NEW,2,2021,2025,1753.371,1749.816,3.555,,,,,,,,1753.371,1749.816
IND-001156,Tamenglong,Manipur,2021,,True,NEW,2,2021,2025,3150.876,3017.138,133.739,,,,,,,,3150.876,3017.138
IND-001166,Tengnoupal,Manipur,2021,2025.0,False,NEW,1,2021,2021,1142.329,1142.329,0.0,,,,,,,,1142.329,
IND-001360,Tengnoupal,Manipur,2025,,True,NEW,1,2025,2025,1230.144,1230.144,0.0,,,,,,,,,1230.144
IND-000635,Thoubal,Manipur,1991,2001.0,False,NEW,1,1991,1991,547.432,547.432,0.0,,,,,547.432,,,,
IND-000783,Thoubal,Manipur,2001,2011.0,False,NEW,1,2001,2001,634.427,634.427,0.0,,,,,,634.427,,,
IND-001048,Thoubal,Manipur,2011,2021.0,False,NEW,1,2011,2011,638.152,638.152,0.0,,,,,,,638.152,,
IND-001165,Thoubal,Manipur,2021,2025.0,False,NEW,1,2021,2021,298.583,298.583,0.0,,,,,,,,298.583,
IND-001357,Thoubal,Manipur,2025,,True,NEW,1,2025,2025,393.27,393.27,0.0,,,,,,,,,393.27
IND-001167,Ukhrul,Manipur,2021,,True,NEW,2,2021,2025,2148.369,2091.13,57.239,,,,,,,,2148.369,2091.13
IND-000466,East Garo Hills,Meghalaya,1981,2001.0,False,NEW,2,1981,1991,2854.621,2854.616,0.005,,,,2854.621,2854.616,,,,
IND-000797,East Garo Hills,Meghalaya,2001,2011.0,False,NEW,1,2001,2001,2505.686,2505.686,0.0,,,,,,2505.686,,,
IND-001057,East Garo Hills,Meghalaya,2011,2021.0,False,NEW,1,2011,2011,2755.794,2755.794,0.0,,,,,,,2755.794,,
IND-001187,East Garo Hills,Meghalaya,2021,,True,NEW,2,2021,2025,1641.804,1581.528,60.276,,,,,,,,1641.804,1581.528
IND-001185,East Jaintia Hills,Meghalaya,2021,,True,NEW,2,2021,2025,2013.983,1917.58,96.403,,,,,,,,1917.58,2013.983
IND-000464,East Khasi Hills,Meghalaya,1981,2001.0,False,NEW,2,1981,1991,5191.327,5191.326,0.001,,,,5191.326,5191.327,,,,
IND-000800,East Khasi Hills,Meghalaya,2001,,True,NEW,4,2001,2025,2844.007,2747.207,96.8,,,,,,2747.207,2838.034,2805.706,2844.007
IND-000463,Jaintia Hills,Meghalaya,1981,2021.0,False,NEW,4,1981,2011,3860.227,3792.886,67.341,,,,3860.227,3860.203,3860.203,3792.886,,
IND-001190,North Garo Hills,Meghalaya,2021,,True,NEW,2,2021,2025,1248.03,1181.095,66.935,,,,,,,,1181.095,1248.03
IND-000799,Ri Bhoi,Meghalaya,2001,2011.0,False,NEW,1,2001,2001,2444.285,2444.285,0.0,,,,,,2444.285,,,
IND-001059,Ribhoi,Meghalaya,2011,,True,NEW,3,2011,2025,2434.411,2371.316,63.095,,,,,,,2434.411,2397.051,2371.316
IND-000798,South Garo Hills,Meghalaya,2001,2011.0,False,NEW,1,2001,2001,1867.763,1867.763,0.0,,,,,,1867.763,,,
IND-001058,South Garo Hills,Meghalaya,2011,,True,NEW,3,2011,2025,1971.377,1834.847,136.53,,,,,,,1971.377,1923.037,1834.847
IND-001191,South West Garo Hills,Meghalaya,2021,,True,NEW,2,2021,2025,873.682,837.133,36.549,,,,,,,,873.682,837.133
IND-001189,South West Khasi Hills,Meghalaya,2021,,True,NEW,2,2021,2025,1436.378,1306.353,130.025,,,,,,,,1436.378,1306.353
IND-000467,West Garo Hills,Meghalaya,1981,2001.0,False,NEW,2,1981,1991,5105.182,5105.171,0.011,,,,5105.182,5105.171,,,,
IND-000796,West Garo Hills,Meghalaya,2001,2011.0,False,NEW,1,2001,2001,3586.237,3586.237,0.0,,,,,,3586.237,,,
IND-001056,West Garo Hills,Meghalaya,2011,2021.0,False,NEW,1,2011,2011,3444.441,3444.441,0.0,,,,,,,3444.441,,
IND-001186,West Garo Hills,Meghalaya,2021,,True,NEW,2,2021,2025,2659.574,2551.977,107.597,,,,,,,,2551.977,2659.574
IND-001188,West Jaintia Hills,Meghalaya,2021,,True,NEW,2,2021,2025,1892.544,1798.448,94.096,,,,,,,,1892.544,1798.448
IND-000465,West Khasi Hills,Meghalaya,1981,2021.0,False,NEW,4,1981,2011,5121.116,5037.072,84.044,,,,5037.101,5037.072,5037.072,5121.116,,
IND-001184,West Khasi Hills,Meghalaya,2021,,True,NEW,2,2021,2025,3920.841,3793.406,127.436,,,,,,,,3793.406,3920.841
IND-000468,Aizawl,Mizoram,1981,2001.0,False,NEW,2,1981,1991,12668.614,12668.494,0.12,,,,12668.494,12668.614,,,,
IND-000788,Aizawl,Mizoram,2001,2011.0,False,NEW,1,2001,2001,3346.339,3346.339,0.0,,,,,,3346.339,,,
IND-001051,Aizawl,Mizoram,2011,2021.0,False,NEW,1,2011,2011,3173.535,3173.535,0.0,,,,,,,3173.535,,
IND-001174,Aizawl,Mizoram,2021,2025.0,False,NEW,1,2021,2021,2127.7,2127.7,0.0,,,,,,,,2127.7,
IND-001344,Aizawl,Mizoram,2025,,True,NEW,1,2025,2025,3186.384,3186.384,0.0,,,,,,,,,3186.384
IND-000789,Champhai,Mizoram,2001,2011.0,False,NEW,1,2001,2001,3856.806,3856.806,0.0,,,,,,3856.806,,,
IND-001052,Champhai,Mizoram,2011,2021.0,False,NEW,1,2011,2011,3496.559,3496.559,0.0,,,,,,,3496.559,,
IND-001175,Champhai,Mizoram,2021,2025.0,False,NEW,1,2021,2021,1577.641,1577.641,0.0,,,,,,,,1577.641,
IND-001325,Champhai,Mizoram,2025,,True,NEW,1,2025,2025,3400.684,3400.684,0.0,,,,,,,,,3400.684
IND-000470,Chhimtuipui,Mizoram,1981,2001.0,False,NEW,2,1981,1991,3951.601,3951.591,0.01,,,,3951.601,3951.591,,,,
IND-001172,Hnahthial,Mizoram,2021,2025.0,False,NEW,1,2021,2021,1028.088,1028.088,0.0,,,,,,,,1028.088,
IND-001176,Khawzawl,Mizoram,2021,2025.0,False,NEW,1,2021,2021,1168.754,1168.754,0.0,,,,,,,,1168.754,
IND-000787,Kolasib,Mizoram,2001,,True,NEW,4,2001,2025,1585.946,1491.011,94.935,,,,,,1533.488,1585.946,1566.174,1491.011
IND-000791,Lawngtlai,Mizoram,2001,2011.0,False,NEW,1,2001,2001,2078.306,2078.306,0.0,,,,,,2078.306,,,
IND-001054,Lawngtlai,Mizoram,2011,,True,NEW,3,2011,2025,2453.649,2350.418,103.232,,,,,,,2350.418,2453.649,2425.659
IND-000469,Lunglei,Mizoram,1981,2021.0,False,NEW,4,1981,2011,4520.592,4461.069,59.523,,,,4461.129,4461.069,4461.069,4520.592,,
IND-001171,Lunglei,Mizoram,2021,2025.0,False,NEW,1,2021,2021,3426.07,3426.07,0.0,,,,,,,,3426.07,
IND-001343,Lunglei,Mizoram,2025,,True,NEW,1,2025,2025,4536.699,4536.699,0.0,,,,,,,,,4536.699
IND-000786,Mamit,Mizoram,2001,,True,NEW,4,2001,2025,3066.881,2962.697,104.184,,,,,,3001.003,2962.697,3016.675,3066.881
IND-000792,Saiha,Mizoram,2001,2011.0,False,NEW,1,2001,2001,1873.261,1873.261,0.0,,,,,,1873.261,,,
IND-001055,Saiha,Mizoram,2011,,True,NEW,3,2011,2025,1530.507,1476.472,54.035,,,,,,,1476.472,1517.103,1530.507
IND-001173,Saitual,Mizoram,2021,2025.0,False,NEW,1,2021,2021,1750.575,1750.575,0.0,,,,,,,,1750.575,
IND-000790,Serchhip,Mizoram,2001,2011.0,False,NEW,1,2001,2001,931.029,931.029,0.0,,,,,,931.029,,,
IND-001053,Serchhip,Mizoram,2011,2021.0,False,NEW,1,2011,2011,1318.374,1318.374,0.0,,,,,,,1318.374,,
IND-001170,Serchhip,Mizoram,2021,,True,NEW,2,2021,2025,1462.013,1445.255,16.758,,,,,,,,1462.013,1445.255
IND-000780,Dimapur,Nagaland,2001,2011.0,False,NEW,1,2001,2001,968.151,968.151,0.0,,,,,,968.151,,,
IND-001041,Dimapur,Nagaland,2011,2021.0,False,NEW,1,2011,2011,875.489,875.489,0.0,,,,,,,875.489,,
IND-001153,Dimapur,Nagaland,2021,2025.0,False,NEW,1,2021,2021,993.464,993.464,0.0,,,,,,,,993.464,
IND-001358,Dimapur,Nagaland,2025,,True,NEW,1,2025,2025,762.799,762.799,0.0,,,,,,,,,762.799
IND-001044,Kiphire,Nagaland,2011,,True,NEW,3,2011,2025,1164.57,1106.761,57.809,,,,,,,1106.761,1164.57,1129.739
IND-000371,Kohima,Nagaland,1961,1981.0,False,NEW,2,1961,1971,6393.641,6393.641,0.0,,6393.641,6393.641,,,,,,
IND-000471,Kohima,Nagaland,1981,2001.0,False,NEW,2,1981,1991,3895.445,3895.429,0.016,,,,3895.429,3895.445,,,,
IND-000781,Kohima,Nagaland,2001,2011.0,False,NEW,1,2001,2001,2927.308,2927.308,0.0,,,,,,2927.308,,,
IND-001045,Kohima,Nagaland,2011,2021.0,False,NEW,1,2011,2011,1400.57,1400.57,0.0,,,,,,,1400.57,,
IND-001152,Kohima,Nagaland,2021,,True,NEW,2,2021,2025,1314.194,1287.51,26.684,,,,,,,,1287.51,1314.194
IND-001043,Longleng,Nagaland,2011,,True,NEW,3,2011,2025,585.669,553.818,31.852,,,,,,,565.244,553.818,585.669
IND-000372,Mokokchung,Nagaland,1961,1981.0,False,NEW,2,1961,1971,4162.631,4162.631,0.0,,4162.631,4162.631,,,,,,
IND-000475,Mokokchung,Nagaland,1981,,True,NEW,6,1981,2025,1606.927,1603.336,3.591,,,,1603.361,1603.336,1603.336,1606.927,1606.071,1604.159
IND-000477,Mon,Nagaland,1981,,True,NEW,6,1981,2025,2223.085,2139.967,83.118,,,,2223.059,2223.085,2223.085,2195.356,2139.967,2177.232
IND-001353,Paren,Nagaland,2025,,True,NEW,1,2025,2025,1827.626,1827.626,0.0,,,,,,,,,1827.626
IND-001046,Peren,Nagaland,2011,2025.0,False,NEW,2,2011,2021,1659.199,1644.925,14.274,,,,,,,1644.925,1659.199,
IND-000472,Phek,Nagaland,1981,,True,NEW,6,1981,2025,1892.921,1781.416,111.505,,,,1781.416,1781.47,1892.921,1860.916,1888.124,1872.265
IND-000476,Tuensang,Nagaland,1981,2011.0,False,NEW,3,1981,2001,3795.59,3795.588,0.001,,,,3795.59,3795.588,3795.588,,,
IND-001042,Tuensang,Nagaland,2011,,True,NEW,3,2011,2025,2234.296,2132.792,101.504,,,,,,,2234.296,2161.442,2132.792
IND-000474,Wokha,Nagaland,1981,,True,NEW,6,1981,2025,1632.499,1553.162,79.336,,,,1632.499,1560.529,1632.497,1570.257,1553.162,1607.814
IND-000473,Zunheboto,Nagaland,1981,,True,NEW,6,1981,2025,1643.707,1532.238,111.469,,,,1643.684,1643.707,1532.238,1537.385,1567.902,1575.199
IND-000370,Siang,North East Frontier Agency,1961,1981.0,False,NEW,2,1961,1971,24257.048,24257.048,0.0,,24257.048,24257.048,,,,,,
IND-000369,Subansiri,North East Frontier Agency,1961,2001.0,False,NEW,4,1961,1991,12787.609,12787.546,0.063,,12787.546,12787.546,12787.546,12787.609,,,,
IND-000831,Anugul,Odisha,2001,,True,NEW,4,2001,2025,6401.513,6319.654,81.859,,,,,,6401.513,6319.654,6381.641,6373.24
IND-000840,Balangir,Odisha,2001,,True,NEW,4,2001,2025,6548.781,6399.303,149.479,,,,,,6426.604,6399.303,6533.699,6548.781
IND-000226,Balasore,Odisha,1951,2001.0,False,ANCHOR,5,1951,1991,6302.244,6302.212,0.031,6302.244,6302.244,6302.244,6302.212,6302.237,,,,
IND-000824,Baleshwar,Odisha,2001,,True,NEW,4,2001,2025,3879.301,3675.616,203.685,,,,,,3814.095,3675.616,3879.301,3717.911
IND-000820,Bargarh,Odisha,2001,,True,NEW,4,2001,2025,5878.437,5720.333,158.103,,,,,,5720.333,5878.437,5845.691,5836.588
IND-000838,Baudh,Odisha,2001,,True,NEW,4,2001,2025,3106.692,3065.844,40.848,,,,,,3106.692,3065.844,3103.596,3102.433
IND-000825,Bhadrak,Odisha,2001,,True,NEW,4,2001,2025,2531.072,2488.322,42.75,,,,,,2488.322,2531.072,2494.505,2505.847
IND-000236,Bolangir,Odisha,1951,2001.0,False,ANCHOR,5,1951,1991,8742.819,8742.789,0.029,8742.789,8742.789,8742.789,8742.794,8742.819,,,,
IND-000225,Cuttack,Odisha,1951,2001.0,False,ANCHOR,5,1951,1991,10898.23,10898.159,0.071,10898.23,10898.23,10898.23,10898.159,10898.22,,,,
IND-000828,Cuttack,Odisha,2001,,True,NEW,4,2001,2025,3857.129,3686.114,171.015,,,,,,3686.114,3822.455,3857.129,3854.656
IND-000823,Debagarh,Odisha,2001,,True,NEW,4,2001,2025,3011.86,2915.363,96.497,,,,,,2915.363,3011.86,2942.277,2955.906
IND-000233,Dhenkanal,Odisha,1951,2001.0,False,ANCHOR,5,1951,1991,10880.907,10880.866,0.042,10880.866,10880.866,10880.866,10880.907,10880.881,,,,
IND-000830,Dhenkanal,Odisha,2001,,True,NEW,4,2001,2025,4479.406,4412.692,66.713,,,,,,4479.406,4412.692,4456.757,4458.892
IND-000836,Gajapati,Odisha,2001,,True,NEW,4,2001,2025,4234.764,4124.09,110.674,,,,,,4157.723,4234.764,4124.09,4133.04
IND-000229,Ganjam,Odisha,1951,2001.0,False,ANCHOR,5,1951,1991,12586.9,12438.476,148.425,12438.476,12438.476,12586.897,12586.9,12438.524,,,,
IND-000835,Ganjam,Odisha,2001,,True,NEW,4,2001,2025,8484.151,8280.834,203.317,,,,,,8280.834,8484.151,8382.156,8392.396
IND-000827,Jagatsinghapur,Odisha,2001,,True,NEW,4,2001,2025,1749.638,1733.745,15.892,,,,,,1749.638,1739.571,1733.745,1733.784
IND-000829,Jajapur,Odisha,2001,,True,NEW,4,2001,2025,2972.568,2882.539,90.029,,,,,,2972.568,2882.539,2896.456,2897.926
IND-000821,Jharsuguda,Odisha,2001,,True,NEW,4,2001,2025,2163.827,2072.427,91.399,,,,,,2151.271,2163.827,2078.966,2072.427
IND-000237,Kalahandi,Odisha,1951,2001.0,False,ANCHOR,5,1951,1991,11707.727,11707.642,0.086,11707.642,11707.642,11707.642,11707.727,11707.647,,,,
IND-000842,Kalahandi,Odisha,2001,,True,NEW,4,2001,2025,7919.44,7898.158,21.281,,,,,,7919.44,7900.219,7901.659,7898.158
IND-000837,Kandhamal,Odisha,2001,,True,NEW,4,2001,2025,8093.317,7942.877,150.439,,,,,,8093.317,7942.877,8019.954,8020.04
IND-000826,Kendrapara,Odisha,2001,,True,NEW,4,2001,2025,2566.456,2489.891,76.565,,,,,,2489.891,2566.456,2532.044,2533.243
IND-000234,Keonjhar,Odisha,1951,,True,ANCHOR,9,1951,2025,8377.008,8302.147,74.861,8377.002,8377.002,8377.002,8376.937,8377.008,8377.008,8375.964,8313.059,8302.147
IND-000833,Khordha,Odisha,2001,,True,NEW,4,2001,2025,2906.101,2812.812,93.288,,,,,,2906.101,2812.812,2889.453,2880.123
IND-000230,Koraput,Odisha,1951,2001.0,False,ANCHOR,5,1951,1991,26858.677,26858.569,0.108,26858.677,26858.677,26858.677,26858.617,26858.569,,,,
IND-000845,Koraput,Odisha,2001,,True,NEW,4,2001,2025,8656.601,8357.116,299.485,,,,,,8437.245,8656.601,8357.116,8389.765
IND-000846,Malkangiri,Odisha,2001,,True,NEW,4,2001,2025,5831.427,5659.534,171.893,,,,,,5659.534,5831.427,5751.704,5782.327
IND-000232,Mayurbhanj,Odisha,1951,,True,ANCHOR,9,1951,2025,10450.715,10250.31,200.406,10250.31,10250.31,10250.31,10250.384,10250.319,10250.319,10450.715,10400.917,10410.334
IND-000844,Nabarangapur,Odisha,2001,,True,NEW,4,2001,2025,5456.023,5378.676,77.347,,,,,,5378.676,5404.698,5456.023,5454.584
IND-000832,Nayagarh,Odisha,2001,,True,NEW,4,2001,2025,4046.081,3877.214,168.867,,,,,,4046.081,3877.214,3894.528,3897.396
IND-000841,Nuapada,Odisha,2001,,True,NEW,4,2001,2025,3927.478,3788.193,139.285,,,,,,3788.193,3927.478,3852.418,3846.196
IND-000231,Phulbani,Odisha,1951,2001.0,False,ANCHOR,5,1951,1991,11200.069,11199.988,0.081,11200.038,11200.038,11200.038,11199.988,11200.069,,,,
IND-000227,Puri,Odisha,1951,2001.0,False,ANCHOR,5,1951,1991,10438.335,10438.303,0.032,10438.306,10438.306,10438.306,10438.335,10438.303,,,,
IND-000834,Puri,Odisha,2001,,True,NEW,4,2001,2025,3528.704,3449.044,79.66,,,,,,3486.018,3528.704,3449.044,3471.758
IND-000843,Rayagada,Odisha,2001,,True,NEW,4,2001,2025,7383.424,7329.348,54.076,,,,,,7383.273,7383.424,7329.348,7342.074
IND-000228,Sambalpur,Odisha,1951,2001.0,False,ANCHOR,5,1951,1991,17378.153,17378.072,0.081,17378.153,17378.153,17378.153,17378.149,17378.072,,,,
IND-000822,Sambalpur,Odisha,2001,,True,NEW,4,2001,2025,6649.921,6588.33,61.591,,,,,,6591.185,6588.33,6644.073,6649.921
IND-000839,Sonapur,Odisha,2001,,True,NEW,4,2001,2025,2363.786,2316.257,47.53,,,,,,2316.257,2347.662,2363.786,2362.413
IND-000235,Sundargarh,Odisha,1951,,True,ANCHOR,9,1951,2025,9742.21,9460.089,282.121,9460.101,9460.101,9460.101,9460.089,9460.128,9460.128,9691.071,9742.21,9724.384
IND-000060,Barnala,Patiala And East Punjab States Union,1951,1961.0,False,ANCHOR,1,1951,1951,4217.34,4217.34,0.0,4217.34,,,,,,,,
IND-000061,Bhatinda,Patiala And East Punjab States Union,1951,1961.0,False,ANCHOR,1,1951,1951,6575.808,6575.808,0.0,6575.808,,,,,,,,
IND-000062,Fatehgarh Sahib,Patiala And East Punjab States Union,1951,1961.0,False,ANCHOR,1,1951,1951,731.221,731.221,0.0,731.221,,,,,,,,
IND-000065,Kandaghat (Kohistan),Patiala And East Punjab States Union,1951,1971.0,False,ANCHOR,2,1951,1961,1551.108,1551.108,0.0,1551.108,1551.108,,,,,,,
IND-000063,Kapurthala,Patiala And East Punjab States Union,1951,,True,ANCHOR,9,1951,2025,1641.345,1568.988,72.357,1641.345,1641.345,1641.345,1641.345,1641.345,1641.345,1568.988,1631.19,1631.804
IND-000064,Mohindergarh,Patiala And East Punjab States Union,1951,1981.0,False,ANCHOR,3,1951,1971,3256.504,3256.504,0.0,3256.504,3256.504,3256.504,,,,,,
IND-000059,Patiala,Patiala And East Punjab States Union,1951,1961.0,False,ANCHOR,1,1951,1951,3533.027,3533.027,0.0,3533.027,,,,,,,,
IND-000066,Sangrur,Patiala And East Punjab States Union,1951,1961.0,False,ANCHOR,1,1951,1951,5176.685,5176.685,0.0,5176.685,,,,,,,,
IND-000175,Karaikal,Puducherry,1951,,True,ANCHOR,9,1951,2025,161.82,157.853,3.966,157.88,157.88,157.88,157.88,157.853,161.82,161.55,161.249,158.764
IND-000368,Mahe,Puducherry,1961,2011.0,False,NEW,5,1961,2001,7.302,7.302,0.0,,7.302,7.302,7.302,7.302,7.302,,,
IND-001093,Mahe,Puducherry,2011,2021.0,False,NEW,1,2011,2011,8.377,8.377,0.0,,,,,,,8.377,,
IND-001276,Mahe,Puducherry,2021,,True,NEW,2,2021,2025,8.973,8.811,0.162,,,,,,,,8.811,8.973
IND-000176,Pondicherry,Puducherry,1951,1991.0,False,ANCHOR,4,1951,1981,250.941,244.767,6.174,250.941,250.941,244.767,250.941,,,,,
IND-000674,Pondicherry,Puducherry,1991,2011.0,False,NEW,2,1991,2001,289.356,282.784,6.572,,,,,289.356,282.784,,,
IND-001092,Puducherry,Puducherry,2011,,True,NEW,3,2011,2025,298.548,297.811,0.736,,,,,,,297.811,298.548,298.541
IND-000429,Yanam,Puducherry,1971,2011.0,False,NEW,4,1971,2001,16.116,16.113,0.003,,,16.113,16.113,16.116,16.116,,,
IND-001091,Yanam,Puducherry,2011,2021.0,False,NEW,1,2011,2011,17.923,17.923,0.0,,,,,,,17.923,,
IND-001277,Yanam,Puducherry,2021,2025.0,False,NEW,1,2021,2021,31.152,31.152,0.0,,,,,,,,31.152,
IND-001342,Yanam,Puducherry,2025,,True,NEW,1,2025,2025,37.813,37.813,0.0,,,,,,,,,37.813
IND-000242,Ambala,Punjab,1951,1961.0,False,ANCHOR,1,1951,1951,5626.896,5626.896,0.0,5626.896,,,,,,,,
IND-000342,Ambala,Punjab,1961,1991.0,False,NEW,3,1961,1981,4148.214,4148.213,0.001,,4148.214,4148.214,4148.213,,,,,
IND-000249,Amritsar,Punjab,1951,2011.0,False,ANCHOR,6,1951,2001,5070.618,5070.594,0.024,5070.618,5070.618,5070.618,5070.618,5070.594,5070.594,,,
IND-000958,Amritsar,Punjab,2011,,True,NEW,3,2011,2025,2678.395,2615.031,63.363,,,,,,,2615.031,2676.278,2678.395
IND-000963,Barnala,Punjab,2011,,True,NEW,3,2011,2025,1424.915,1366.352,58.562,,,,,,,1366.352,1424.915,1424.302
IND-000481,Bathinda,Punjab,1981,2001.0,False,NEW,2,1981,1991,5954.135,5954.125,0.01,,,,5954.125,5954.135,,,,
IND-000683,Bathinda,Punjab,2001,,True,NEW,4,2001,2025,3378.326,3336.554,41.771,,,,,,3374.446,3336.554,3355.541,3378.326
IND-000346,Bhatinda,Punjab,1961,1981.0,False,NEW,2,1961,1971,7429.163,7429.163,0.0,,7429.163,7429.163,,,,,,
IND-000482,Faridkot,Punjab,1981,2001.0,False,NEW,2,1981,1991,5143.002,5142.993,0.009,,,,5143.002,5142.993,,,,
IND-000682,Faridkot,Punjab,2001,,True,NEW,4,2001,2025,1486.482,1460.942,25.54,,,,,,1475.078,1486.482,1475.991,1460.942
IND-000678,Fatehgarh Sahib,Punjab,2001,,True,NEW,4,2001,2025,1165.552,1140.441,25.111,,,,,,1165.552,1140.441,1156.852,1151.206
IND-001106,Fazilka,Punjab,2021,,True,NEW,2,2021,2025,2884.034,2875.769,8.265,,,,,,,,2884.034,2875.769
IND-000248,Ferozepur,Punjab,1951,1981.0,False,ANCHOR,3,1951,1971,10147.872,10147.872,0.0,10147.872,10147.872,10147.872,,,,,,
IND-000478,Firozpur,Punjab,1981,2001.0,False,NEW,2,1981,1991,6479.999,6479.956,0.043,,,,6479.956,6479.999,,,,
IND-000680,Firozpur,Punjab,2001,2021.0,False,NEW,2,2001,2011,5319.542,5303.518,16.024,,,,,,5303.518,5319.542,,
IND-001108,Firozpur,Punjab,2021,,True,NEW,2,2021,2025,2371.448,2363.668,7.78,,,,,,,,2363.668,2371.448
IND-000250,Gurdaspur,Punjab,1951,2021.0,False,ANCHOR,7,1951,2011,3639.793,3587.093,52.7,3587.093,3587.093,3587.093,3587.093,3587.146,3587.146,3639.793,,
IND-001105,Gurdaspur,Punjab,2021,,True,NEW,2,2021,2025,2604.779,2603.72,1.06,,,,,,,,2604.779,2603.72
IND-000240,Gurgaon,Punjab,1951,1981.0,False,ANCHOR,3,1951,1971,5984.574,5984.574,0.0,5984.574,5984.574,5984.574,,,,,,
IND-000238,Hissar,Punjab,1951,1981.0,False,ANCHOR,3,1951,1971,14448.868,14448.868,0.0,14448.868,14448.868,14448.868,,,,,,
IND-000245,Hoshiarpur,Punjab,1951,1971.0,False,ANCHOR,2,1951,1961,5045.389,5045.389,0.0,5045.389,5045.389,,,,,,,
IND-000413,Hoshiarpur,Punjab,1971,1981.0,False,NEW,1,1971,1971,3837.372,3837.372,0.0,,,3837.372,,,,,,
IND-000480,Hoshiarpur,Punjab,1981,1991.0,False,NEW,1,1981,1981,3348.115,3348.115,0.0,,,,3348.115,,,,,
IND-000583,Hoshiarpur,Punjab,1991,2001.0,False,NEW,1,1991,1991,3837.376,3837.376,0.0,,,,,3837.376,,,,
IND-000676,Hoshiarpur,Punjab,2001,,True,NEW,4,2001,2025,3390.744,3348.122,42.622,,,,,,3348.122,3390.744,3381.62,3382.466
IND-000479,Jalandhar,Punjab,1981,1991.0,False,NEW,1,1981,1981,3916.087,3916.087,0.0,,,,3916.087,,,,,
IND-000584,Jalandhar,Punjab,1991,2001.0,False,NEW,1,1991,1991,3426.862,3426.862,0.0,,,,,3426.862,,,,
IND-000675,Jalandhar,Punjab,2001,,True,NEW,4,2001,2025,2659.066,2631.18,27.885,,,,,,2659.066,2631.18,2640.356,2639.227
IND-000246,Jullundur,Punjab,1951,1981.0,False,ANCHOR,3,1951,1971,3426.888,3426.888,0.0,3426.888,3426.888,3426.888,,,,,,
IND-000244,Kangra,Punjab,1951,1961.0,False,ANCHOR,1,1951,1951,24934.647,24934.647,0.0,24934.647,,,,,,,,
IND-000343,Kangra,Punjab,1961,1971.0,False,NEW,1,1961,1961,13297.88,13297.88,0.0,,13297.88,,,,,,,
IND-000241,Karnal,Punjab,1951,1981.0,False,ANCHOR,3,1951,1971,7765.214,7765.214,0.0,7765.214,7765.214,7765.214,,,,,,
IND-000344,Lahaul_&_Spiti,Punjab,1961,1981.0,False,NEW,2,1961,1971,11636.755,11636.755,0.0,,11636.755,11636.755,,,,,,
IND-000247,Ludhiana,Punjab,1951,1961.0,False,ANCHOR,1,1951,1951,3231.878,3231.878,0.0,3231.878,,,,,,,,
IND-000345,Ludhiana,Punjab,1961,,True,NEW,8,1961,2025,3893.256,3690.106,203.15,,3893.223,3893.223,3893.223,3893.256,3708.681,3742.909,3691.162,3690.106
IND-000684,Mansa,Punjab,2001,2011.0,False,NEW,1,2001,2001,2579.811,2579.811,0.0,,,,,,2579.811,,,
IND-000956,Mansa,Punjab,2011,,True,NEW,3,2011,2025,2194.531,2171.411,23.119,,,,,,,2192.377,2194.531,2171.411
IND-000679,Moga,Punjab,2001,,True,NEW,4,2001,2025,2250.779,2104.892,145.887,,,,,,2203.079,2104.892,2234.73,2250.779
IND-000681,Muktsar,Punjab,2001,,True,NEW,4,2001,2025,2641.705,2560.519,81.186,,,,,,2641.211,2560.519,2641.705,2640.955
IND-000677,Nawanshahr,Punjab,2001,,True,NEW,4,2001,2025,1265.004,1256.987,8.017,,,,,,1256.987,1265.004,1264.748,1263.818
IND-001109,Pathankot,Punjab,2021,,True,NEW,2,2021,2025,951.376,949.852,1.524,,,,,,,,951.376,949.852
IND-000348,Patiala,Punjab,1961,2001.0,False,NEW,4,1961,1991,4264.193,4264.173,0.02,,4264.173,4264.173,4264.173,4264.193,,,,
IND-000685,Patiala,Punjab,2001,2011.0,False,NEW,1,2001,2001,3283.134,3283.134,0.0,,,,,,3283.134,,,
IND-000957,Patiala,Punjab,2011,,True,NEW,3,2011,2025,3315.955,3218.035,97.921,,,,,,,3218.035,3283.854,3315.955
IND-000239,Rohtak,Punjab,1951,1981.0,False,ANCHOR,3,1951,1971,5757.253,5757.253,0.0,5757.253,5757.253,5757.253,,,,,,
IND-000414,Ropar,Punjab,1971,2011.0,False,NEW,4,1971,2001,2036.954,2036.914,0.04,,,2036.953,2036.954,2036.914,2036.914,,,
IND-000960,Rupnagar,Punjab,2011,,True,NEW,3,2011,2025,1374.966,1369.237,5.728,,,,,,,1369.237,1374.27,1374.966
IND-001107,Sahibzada Ajit Singh Nag*,Punjab,2021,,True,NEW,2,2021,2025,1092.85,1089.422,3.428,,,,,,,,1089.422,1092.85
IND-000961,Sahibzada Ajit Singh Nagar,Punjab,2011,2021.0,False,NEW,1,2011,2011,1227.936,1227.936,0.0,,,,,,,1227.936,,
IND-000347,Sangrur,Punjab,1961,1971.0,False,NEW,1,1961,1961,7879.284,7879.284,0.0,,7879.284,,,,,,,
IND-000415,Sangrur,Punjab,1971,2011.0,False,NEW,4,1971,2001,4625.553,4625.525,0.028,,,4625.525,4625.525,4625.553,4625.553,,,
IND-000962,Sangrur,Punjab,2011,,True,NEW,3,2011,2025,3736.972,3608.002,128.971,,,,,,,3736.972,3615.659,3608.002
IND-000243,Simla,Punjab,1951,1961.0,False,ANCHOR,1,1951,1951,510.661,510.661,0.0,510.661,,,,,,,,
IND-000959,Tarn Taran,Punjab,2011,,True,NEW,3,2011,2025,2416.613,2380.39,36.222,,,,,,,2380.39,2416.613,2415.071
IND-000350,Ajmer,Rajasthan,1961,1971.0,False,NEW,1,1961,1961,9132.714,9132.714,0.0,,9132.714,,,,,,,
IND-000416,Ajmer,Rajasthan,1971,1981.0,False,NEW,1,1971,1971,7778.947,7778.947,0.0,,,7778.947,,,,,,
IND-000483,Ajmer,Rajasthan,1981,1991.0,False,NEW,1,1981,1981,9132.716,9132.716,0.0,,,,9132.716,,,,,
IND-000593,Ajmer,Rajasthan,1991,,True,NEW,5,1991,2025,8539.178,7778.875,760.303,,,,,7778.875,8380.608,8539.178,8492.009,8474.366
IND-000071,Alwar,Rajasthan,1951,,True,ANCHOR,9,1951,2025,8405.994,8261.688,144.306,8405.994,8405.994,8405.994,8405.97,8405.971,8405.971,8261.688,8399.048,8382.212
IND-000086,Banswara,Rajasthan,1951,2011.0,False,ANCHOR,6,1951,2001,5370.993,5370.984,0.008,5370.986,5370.986,5370.986,5370.984,5370.993,5370.993,,,
IND-000980,Banswara,Rajasthan,2011,,True,NEW,3,2011,2025,4509.764,4433.645,76.119,,,,,,,4433.645,4484.635,4509.764
IND-000722,Baran,Rajasthan,2001,,True,NEW,4,2001,2025,6994.294,6845.628,148.667,,,,,,6993.185,6845.628,6989.625,6994.294
IND-000078,Barmer,Rajasthan,1951,,True,ANCHOR,9,1951,2025,28529.476,28387.295,142.181,28496.02,28496.02,28496.02,28495.972,28496.026,28496.026,28529.476,28391.146,28387.295
IND-000070,Bharatpur,Rajasthan,1951,1991.0,False,ANCHOR,4,1951,1981,8115.057,8114.981,0.075,8115.057,8115.057,8115.057,8114.981,,,,,
IND-000594,Bharatpur,Rajasthan,1991,,True,NEW,5,1991,2025,5104.55,5060.391,44.159,,,,,5067.944,5067.944,5104.55,5062.518,5060.391
IND-000088,Bhilwara,Rajasthan,1951,,True,ANCHOR,9,1951,2025,10488.315,10337.076,151.239,10488.315,10488.315,10488.315,10488.309,10488.282,10488.282,10337.076,10482.048,10487.343
IND-000074,Bikaner,Rajasthan,1951,1961.0,False,ANCHOR,1,1951,1951,19217.383,19217.383,0.0,19217.383,,,,,,,,
IND-000349,Bikaner,Rajasthan,1961,2011.0,False,NEW,5,1961,2001,27244.233,27244.176,0.057,,27244.217,27244.217,27244.233,27244.176,27244.176,,,
IND-000978,Bikaner,Rajasthan,2011,,True,NEW,3,2011,2025,30684.722,30251.288,433.434,,,,,,,30684.722,30261.554,30251.288
IND-000090,Bundi,Rajasthan,1951,1961.0,False,ANCHOR,1,1951,1951,7371.388,7371.388,0.0,7371.388,,,,,,,,
IND-000355,Bundi,Rajasthan,1961,,True,NEW,8,1961,2025,5832.108,5752.79,79.318,,5770.316,5770.316,5770.318,5770.332,5770.332,5832.108,5752.79,5776.717
IND-000087,Chittaurgarh,Rajasthan,1951,1961.0,False,ANCHOR,1,1951,1951,8933.791,8933.791,0.0,8933.791,,,,,,,,
IND-000981,Chittaurgarh,Rajasthan,2011,,True,NEW,3,2011,2025,7814.952,7744.686,70.266,,,,,,,7744.686,7797.462,7814.952
IND-000354,Chittorgarh,Rajasthan,1961,2011.0,False,NEW,5,1961,2001,10534.827,10534.776,0.052,,10534.803,10534.803,10534.827,10534.776,10534.776,,,
IND-000075,Churu,Rajasthan,1951,2011.0,False,ANCHOR,6,1951,2001,16843.378,16843.35,0.029,16843.374,16843.374,16843.374,16843.35,16843.378,16843.378,,,
IND-000979,Churu,Rajasthan,2011,,True,NEW,3,2011,2025,13878.164,13614.15,264.013,,,,,,,13614.15,13878.164,13849.415
IND-000717,Dausa,Rajasthan,2001,,True,NEW,4,2001,2025,3514.235,3416.159,98.075,,,,,,3417.027,3514.235,3417.021,3416.159
IND-000595,Dholpur,Rajasthan,1991,,True,NEW,5,1991,2025,3047.056,2989.151,57.905,,,,,3047.056,3047.056,2989.151,3032.529,3034.415
IND-000085,Dungarpur,Rajasthan,1951,,True,ANCHOR,9,1951,2025,3790.73,3738.261,52.469,3746.775,3746.775,3746.775,3746.744,3746.777,3746.777,3738.261,3790.73,3770.284
IND-000076,Ganganagar,Rajasthan,1951,2001.0,False,ANCHOR,5,1951,1991,20606.888,20606.768,0.12,20606.881,20606.881,20606.881,20606.888,20606.768,,,,
IND-000713,Ganganagar,Rajasthan,2001,,True,NEW,4,2001,2025,11009.937,10443.986,565.951,,,,,,11009.937,10443.986,10909.714,10930.937
IND-000714,Hanumangarh,Rajasthan,2001,,True,NEW,4,2001,2025,10088.59,9597.034,491.556,,,,,,9597.034,10088.59,9704.437,9709.799
IND-000067,Jaipur,Rajasthan,1951,2001.0,False,ANCHOR,5,1951,1991,14080.687,14080.654,0.032,14080.687,14080.687,14080.687,14080.654,14080.675,,,,
IND-000718,Jaipur,Rajasthan,2001,,True,NEW,4,2001,2025,11275.111,11138.084,137.027,,,,,,11167.99,11275.111,11139.574,11138.084
IND-000082,Jaisalmer,Rajasthan,1951,1961.0,False,ANCHOR,1,1951,1951,46396.453,46396.453,0.0,46396.453,,,,,,,,
IND-000351,Jaisalmer,Rajasthan,1961,,True,NEW,8,1961,2025,38449.587,38139.53,310.056,,38369.714,38369.714,38369.85,38369.741,38369.741,38139.53,38439.321,38449.587
IND-000079,Jalore,Rajasthan,1951,,True,ANCHOR,9,1951,2025,10681.627,10624.117,57.51,10624.144,10624.144,10624.144,10624.117,10624.19,10624.19,10681.627,10650.552,10643.312
IND-000091,Jhalawar,Rajasthan,1951,,True,ANCHOR,9,1951,2025,6347.625,6325.332,22.294,6325.332,6325.332,6325.332,6325.405,6325.424,6325.424,6347.625,6340.716,6343.069
IND-000072,Jhunjhunun,Rajasthan,1951,,True,ANCHOR,9,1951,2025,5931.061,5834.581,96.481,5931.049,5931.049,5931.049,5931.061,5931.042,5931.042,5834.581,5916.908,5924.168
IND-000077,Jodhpur,Rajasthan,1951,,True,ANCHOR,9,1951,2025,22759.733,22679.758,79.974,22759.731,22759.731,22759.731,22759.697,22759.733,22759.733,22695.692,22679.977,22679.758
IND-000715,Karauli,Rajasthan,2001,,True,NEW,4,2001,2025,5023.734,5006.647,17.087,,,,,,5006.647,5023.734,5020.619,5016.917
IND-000721,Kota,Rajasthan,2001,,True,NEW,4,2001,2025,5125.886,5089.694,36.192,,,,,,5125.886,5101.122,5117.46,5089.694
IND-000089,Kotah,Rajasthan,1951,2001.0,False,ANCHOR,5,1951,1991,12119.205,12119.039,0.166,12119.045,12119.045,12119.045,12119.205,12119.039,,,,
IND-000352,Nagaur,Rajasthan,1961,,True,NEW,8,1961,2025,17809.69,17520.283,289.407,,17799.302,17799.302,17799.305,17799.216,17799.216,17520.283,17798.657,17809.69
IND-000081,Nagore,Rajasthan,1951,1961.0,False,ANCHOR,1,1951,1951,20547.56,20547.56,0.0,20547.56,,,,,,,,
IND-000080,Pali,Rajasthan,1951,,True,ANCHOR,9,1951,2025,12457.401,12382.679,74.722,12392.398,12392.398,12392.398,12392.405,12392.419,12392.419,12457.401,12382.679,12386.352
IND-000982,Pratapgarh,Rajasthan,2011,,True,NEW,3,2011,2025,4475.346,4421.244,54.102,,,,,,,4475.346,4421.244,4439.177
IND-000719,Rajsamand,Rajasthan,2001,,True,NEW,4,2001,2025,4702.702,4524.266,178.436,,,,,,4702.702,4524.266,4638.581,4628.921
IND-000069,Sawai Madhopur,Rajasthan,1951,2001.0,False,ANCHOR,5,1951,1991,10526.884,10526.868,0.016,10526.884,10526.884,10526.884,10526.869,10526.868,,,,
IND-000716,Sawai Madhopur,Rajasthan,2001,,True,NEW,4,2001,2025,5044.994,5015.742,29.252,,,,,,5015.742,5044.994,5021.191,5025.767
IND-000073,Sikar,Rajasthan,1951,,True,ANCHOR,9,1951,2025,7756.768,7716.047,40.72,7731.256,7731.256,7731.256,7731.256,7731.222,7731.222,7756.768,7716.047,7730.499
IND-000083,Sirohi,Rajasthan,1951,1961.0,False,ANCHOR,1,1951,1951,4253.179,4253.179,0.0,4253.179,,,,,,,,
IND-000353,Sirohi,Rajasthan,1961,,True,NEW,8,1961,2025,5136.35,5079.295,57.056,,5134.298,5134.298,5134.348,5134.3,5134.3,5079.295,5130.384,5136.35
IND-000068,Tonk,Rajasthan,1951,,True,ANCHOR,9,1951,2025,7203.4,7117.801,85.599,7201.364,7201.364,7201.364,7201.424,7201.408,7201.408,7117.801,7203.4,7197.274
IND-000084,Udaipur,Rajasthan,1951,2001.0,False,ANCHOR,5,1951,1991,17883.338,16529.637,1353.701,17883.338,16529.727,17883.338,16529.637,17883.297,,,,
IND-000720,Udaipur,Rajasthan,2001,,True,NEW,4,2001,2025,12578.824,11683.734,895.091,,,,,,12578.824,11683.734,11708.953,11712.24
IND-000093,Central Saurashtra,Saurashtra,1951,2021.0,False,ANCHOR,7,1951,2011,12205.428,11131.137,1074.292,12205.428,11223.041,11223.041,11223.066,11223.042,11223.042,11131.137,,
IND-000094,Gohilwad,Saurashtra,1951,2001.0,False,ANCHOR,5,1951,1991,10674.928,9682.978,991.951,10674.928,9682.978,9682.978,9682.978,9683.015,,,,
IND-000095,Halar,Saurashtra,1951,2021.0,False,ANCHOR,7,1951,2011,10863.679,10839.071,24.607,10839.071,10839.071,10839.071,10839.071,10839.136,10839.136,10863.679,,
IND-000096,Sorath,Saurashtra,1951,2001.0,False,ANCHOR,5,1951,1991,10733.339,10598.839,134.5,10733.339,10598.839,10598.839,10598.839,10598.911,,,,
IND-000092,Zalwad,Saurashtra,1951,2021.0,False,ANCHOR,7,1951,2011,10599.133,10477.441,121.691,10477.445,10477.445,10477.445,10477.441,10477.46,10477.46,10599.133,,
IND-000485,East Sikkim,Sikkim,1981,,True,NEW,6,1981,2025,958.42,927.323,31.097,,,,927.323,927.342,927.342,954.156,958.42,938.446
IND-000484,North Sikkim,Sikkim,1981,,True,NEW,6,1981,2025,4283.593,4211.781,71.812,,,,4283.538,4283.593,4283.593,4211.781,4223.69,4227.795
IND-000141,Sikkim,Sikkim,1951,1981.0,False,ANCHOR,3,1951,1971,7090.028,7090.028,0.0,7090.028,7090.028,7090.028,,,,,,
IND-001030,South District,Sikkim,2011,,True,NEW,3,2011,2025,735.014,708.985,26.028,,,,,,,708.985,735.014,732.555
IND-000486,South Sikkim,Sikkim,1981,2011.0,False,NEW,3,1981,2001,626.722,626.72,0.002,,,,626.72,626.722,626.722,,,
IND-000487,West Sikkim,Sikkim,1981,,True,NEW,6,1981,2025,1252.377,1173.707,78.67,,,,1252.363,1252.377,1252.377,1173.707,1188.809,1201.466
IND-000199,Anantapur,Tamil Nadu,1951,1961.0,False,ANCHOR,1,1951,1951,16730.135,16730.135,0.0,16730.135,,,,,,,,
IND-000930,Ariyalur,Tamil Nadu,2001,,True,NEW,4,2001,2025,1941.882,1930.76,11.122,,,,,,1941.882,1930.76,1938.786,1935.317
IND-000202,Bellary,Tamil Nadu,1951,1961.0,False,ANCHOR,1,1951,1951,16359.222,16359.222,0.0,16359.222,,,,,,,,
IND-001273,Chengalpattu,Tamil Nadu,2021,,True,NEW,2,2021,2025,2737.687,2722.853,14.834,,,,,,,,2737.687,2722.853
IND-001085,Chennai,Tamil Nadu,2011,2021.0,False,NEW,1,2011,2011,177.646,177.646,0.0,,,,,,,177.646,,
IND-001274,Chennai,Tamil Nadu,2021,2025.0,False,NEW,1,2021,2021,437.823,437.823,0.0,,,,,,,,437.823,
IND-001366,Chennai,Tamil Nadu,2025,,True,NEW,1,2025,2025,334.375,334.375,0.0,,,,,,,,,334.375
IND-000204,Chingleput,Tamil Nadu,1951,1961.0,False,ANCHOR,1,1951,1951,7009.218,7009.218,0.0,7009.218,,,,,,,,
IND-000317,Chingleput,Tamil Nadu,1961,2001.0,False,NEW,4,1961,1991,7813.677,7813.568,0.11,,7813.568,7813.568,7813.568,7813.677,,,,
IND-000203,Chittoor,Tamil Nadu,1951,,True,ANCHOR,9,1951,2025,15982.383,14973.063,1009.321,15982.383,14973.158,14973.158,14973.158,14973.063,14973.063,15060.945,15003.72,15003.36
IND-000205,Coimbatore,Tamil Nadu,1951,1961.0,False,ANCHOR,1,1951,1951,18437.076,18437.076,0.0,18437.076,,,,,,,,
IND-000318,Coimbatore,Tamil Nadu,1961,1981.0,False,NEW,2,1961,1971,15647.272,15647.272,0.0,,15647.272,15647.272,,,,,,
IND-000496,Coimbatore,Tamil Nadu,1981,2011.0,False,NEW,3,1981,2001,7672.04,7672.003,0.037,,,,7672.04,7672.003,7672.003,,,
IND-001089,Coimbatore,Tamil Nadu,2011,,True,NEW,3,2011,2025,4735.282,4704.136,31.146,,,,,,,4735.282,4704.136,4720.065
IND-000931,Cuddalore,Tamil Nadu,2001,,True,NEW,4,2001,2025,3730.983,3650.737,80.247,,,,,,3650.737,3730.983,3716.639,3701.736
IND-000206,Cuddapah,Tamil Nadu,1951,,True,ANCHOR,9,1951,2025,15445.398,14998.997,446.401,15360.616,14998.997,15360.616,15360.617,15360.643,15360.643,15445.398,15343.172,15342.795
IND-000417,Dharmapuri,Tamil Nadu,1971,2011.0,False,NEW,4,1971,2001,9583.864,9583.818,0.046,,,9583.864,9583.864,9583.818,9583.818,,,
IND-001087,Dharmapuri,Tamil Nadu,2011,,True,NEW,3,2011,2025,4500.47,4494.213,6.257,,,,,,,4500.47,4494.213,4496.092
IND-001086,Erode,Tamil Nadu,2011,2025.0,False,NEW,2,2011,2021,5769.5,5757.732,11.768,,,,,,,5769.5,5757.732,
IND-001367,Erode,Tamil Nadu,2025,,True,NEW,1,2025,2025,5109.387,5109.387,0.0,,,,,,,,,5109.387
IND-000207,Godavari East,Tamil Nadu,1951,1961.0,False,ANCHOR,1,1951,1951,16199.485,16199.485,0.0,16199.485,,,,,,,,
IND-000208,Godavari West,Tamil Nadu,1951,1961.0,False,ANCHOR,1,1951,1951,6538.886,6538.886,0.0,6538.886,,,,,,,,
IND-000209,Guntur,Tamil Nadu,1951,1971.0,False,ANCHOR,2,1951,1961,12703.636,12703.636,0.0,12703.636,12703.636,,,,,,,
IND-001266,Kallakurichi,Tamil Nadu,2021,,True,NEW,2,2021,2025,3531.246,3275.779,255.467,,,,,,,,3275.779,3531.246
IND-000923,Kancheepuram,Tamil Nadu,2001,2021.0,False,NEW,2,2001,2011,4430.778,4319.399,111.379,,,,,,4319.399,4430.778,,
IND-001272,Kancheepuram,Tamil Nadu,2021,,True,NEW,2,2021,2025,1746.554,1641.288,105.267,,,,,,,,1641.288,1746.554
IND-000319,Kanyakumari,Tamil Nadu,1961,,True,NEW,8,1961,2025,1704.656,1648.238,56.418,,1704.656,1704.656,1704.656,1704.641,1704.641,1648.238,1687.991,1678.915
IND-000927,Karur,Tamil Nadu,2001,,True,NEW,4,2001,2025,2920.362,2874.885,45.478,,,,,,2874.885,2920.362,2902.641,2903.367
IND-000210,Krishna,Tamil Nadu,1951,,True,ANCHOR,9,1951,2025,8766.139,8720.348,45.791,8720.348,8720.348,8720.348,8720.348,8720.451,8720.451,8766.139,8749.199,8758.499
IND-001088,Krishnagiri,Tamil Nadu,2011,,True,NEW,3,2011,2025,5135.279,5068.852,66.427,,,,,,,5068.852,5127.465,5135.279
IND-000211,Kurnool,Tamil Nadu,1951,1961.0,False,ANCHOR,1,1951,1951,19989.645,19989.645,0.0,19989.645,,,,,,,,
IND-000213,Madras,Tamil Nadu,1951,2011.0,False,ANCHOR,6,1951,2001,225.591,225.584,0.006,225.591,225.591,225.591,225.591,225.584,225.584,,,
IND-000214,Madurai,Tamil Nadu,1951,1991.0,False,ANCHOR,4,1951,1981,12648.635,12648.635,0.0,12648.635,12648.635,12648.635,12648.635,,,,,
IND-000935,Madurai,Tamil Nadu,2001,,True,NEW,4,2001,2025,3720.244,3660.28,59.963,,,,,,3720.244,3660.28,3708.95,3706.925
IND-000212,Malabar,Tamil Nadu,1951,1961.0,False,ANCHOR,1,1951,1951,12789.189,12789.189,0.0,12789.189,,,,,,,,
IND-000932,Nagapattinam,Tamil Nadu,2001,,True,NEW,4,2001,2025,2746.239,2548.208,198.032,,,,,,2548.208,2567.227,2746.239,2565.556
IND-000926,Namakkal,Tamil Nadu,2001,,True,NEW,4,2001,2025,3453.086,3388.417,64.669,,,,,,3453.086,3388.417,3418.372,3418.962
IND-000215,Nellore,Tamil Nadu,1951,1971.0,False,ANCHOR,2,1951,1961,23196.39,22991.513,204.877,22991.513,23196.39,,,,,,,
IND-000216,Nilgiris,Tamil Nadu,1951,,True,ANCHOR,9,1951,2025,2567.7,2430.967,136.733,2567.698,2567.698,2567.698,2567.698,2567.7,2567.7,2550.238,2562.793,2430.967
IND-000200,North Arcot,Tamil Nadu,1951,1991.0,False,ANCHOR,4,1951,1981,12333.57,12333.57,0.0,12333.57,12333.57,12333.57,12333.57,,,,,
IND-000929,Perambalur,Tamil Nadu,2001,,True,NEW,4,2001,2025,1756.131,1730.191,25.941,,,,,,1730.191,1755.115,1745.69,1756.131
IND-000495,Periyar,Tamil Nadu,1981,2011.0,False,NEW,3,1981,2001,7975.516,7975.345,0.171,,,,7975.345,7975.516,7975.516,,,
IND-000499,Pudukkottai,Tamil Nadu,1981,,True,NEW,6,1981,2025,4766.56,4650.234,116.327,,,,4766.549,4766.56,4766.56,4650.234,4661.706,4651.284
IND-000217,Ramanathapuram,Tamil Nadu,1951,1991.0,False,ANCHOR,4,1951,1981,12652.425,12652.425,0.0,12652.425,12652.425,12652.425,12652.425,,,,,
IND-001270,Ranipet,Tamil Nadu,2021,,True,NEW,2,2021,2025,1874.29,1849.947,24.343,,,,,,,,1874.29,1849.947
IND-000218,Salem,Tamil Nadu,1951,1971.0,False,ANCHOR,2,1951,1961,18298.562,18298.562,0.0,18298.562,18298.562,,,,,,,
IND-000418,Salem,Tamil Nadu,1971,2001.0,False,NEW,3,1971,1991,8714.792,8714.772,0.02,,,8714.772,8714.772,8714.792,,,,
IND-000925,Salem,Tamil Nadu,2001,2025.0,False,NEW,3,2001,2021,5264.155,5236.785,27.37,,,,,,5261.687,5264.155,5236.785,
IND-001368,Salem,Tamil Nadu,2025,,True,NEW,1,2025,2025,6004.003,6004.003,0.0,,,,,,,,,6004.003
IND-000201,South Arcot,Tamil Nadu,1951,2001.0,False,ANCHOR,5,1951,1991,10889.367,10844.803,44.563,10883.204,10883.204,10889.367,10883.204,10844.803,,,,
IND-000219,South Kanara,Tamil Nadu,1951,1961.0,False,ANCHOR,1,1951,1951,10433.52,10433.52,0.0,10433.52,,,,,,,,
IND-000220,Srikakulam,Tamil Nadu,1951,1981.0,False,ANCHOR,3,1951,1971,11535.809,11387.31,148.499,11535.809,11535.809,11387.31,,,,,,
IND-000221,Tanjore,Tamil Nadu,1951,1981.0,False,ANCHOR,3,1951,1971,9703.0,9703.0,0.0,9703.0,9703.0,9703.0,,,,,,
IND-001267,Tenkasi,Tamil Nadu,2021,,True,NEW,2,2021,2025,2933.979,2809.261,124.718,,,,,,,,2933.979,2809.261
IND-000498,Thanjavur,Tamil Nadu,1981,2001.0,False,NEW,2,1981,1991,8247.568,8247.541,0.027,,,,8247.568,8247.541,,,,
IND-000934,Thanjavur,Tamil Nadu,2001,,True,NEW,4,2001,2025,3438.578,3417.476,21.102,,,,,,3438.578,3424.396,3417.476,3425.72
IND-000936,Theni,Tamil Nadu,2001,,True,NEW,4,2001,2025,2867.238,2748.351,118.887,,,,,,2748.351,2846.481,2865.719,2867.238
IND-000922,Thiruvallur,Tamil Nadu,2001,2021.0,False,NEW,2,2001,2011,3494.318,3429.511,64.807,,,,,,3494.318,3429.511,,
IND-001275,Thiruvallur,Tamil Nadu,2021,,True,NEW,2,2021,2025,3240.434,3230.117,10.318,,,,,,,,3240.434,3230.117
IND-000933,Thiruvarur,Tamil Nadu,2001,,True,NEW,4,2001,2025,2312.505,2116.411,196.093,,,,,,2256.948,2312.505,2116.411,2264.41
IND-000497,Tiruchchirappalli,Tamil Nadu,1981,2001.0,False,NEW,2,1981,1991,10927.221,10927.183,0.038,,,,10927.221,10927.183,,,,
IND-000222,Tiruchirapalli,Tamil Nadu,1951,1981.0,False,ANCHOR,3,1951,1971,14238.369,14238.369,0.0,14238.369,14238.369,14238.369,,,,,,
IND-000928,Tiruchirappalli,Tamil Nadu,2001,,True,NEW,4,2001,2025,4494.764,4380.369,114.395,,,,,,4380.369,4461.875,4494.764,4492.874
IND-000223,Tirunelveli,Tamil Nadu,1951,1991.0,False,ANCHOR,4,1951,1981,11376.405,11376.405,0.0,11376.405,11376.405,11376.405,11376.405,,,,,
IND-001268,Tirunelveli,Tamil Nadu,2021,,True,NEW,2,2021,2025,3923.791,3882.009,41.782,,,,,,,,3923.791,3882.009
IND-001271,Tirupathur,Tamil Nadu,2021,,True,NEW,2,2021,2025,2116.008,1983.845,132.164,,,,,,,,1983.845,2116.008
IND-001090,Tiruppur,Tamil Nadu,2011,,True,NEW,3,2011,2025,5206.931,5189.799,17.132,,,,,,,5189.799,5206.931,5196.9
IND-001269,Vellore,Tamil Nadu,2021,,True,NEW,2,2021,2025,2214.929,2107.602,107.327,,,,,,,,2214.929,2107.602
IND-000924,Viluppuram,Tamil Nadu,2001,2021.0,False,NEW,2,2001,2011,7202.297,7195.058,7.238,,,,,,7202.297,7195.058,,
IND-001265,Viluppuram,Tamil Nadu,2021,,True,NEW,2,2021,2025,3916.179,3660.753,255.426,,,,,,,,3916.179,3660.753
IND-000224,Visakhapatnam,Tamil Nadu,1951,1981.0,False,ANCHOR,3,1951,1971,11965.336,11965.336,0.0,11965.336,11965.336,11965.336,,,,,,
IND-000665,Chidambaranar,Tamil_Nadu,1991,,True,NEW,5,1991,2025,4739.678,4664.139,75.539,,,,,4705.205,4705.205,4701.335,4664.139,4739.678
IND-000666,Dindigul_Anna,Tamil_Nadu,1991,,True,NEW,5,1991,2025,6180.063,6046.628,133.434,,,,,6180.063,6180.063,6046.628,6048.198,6051.097
IND-000667,Kamarajar,Tamil_Nadu,1991,,True,NEW,5,1991,2025,4323.394,4238.971,84.423,,,,,4323.394,4323.394,4297.221,4243.688,4238.971
IND-000668,Madurai,Tamil_Nadu,1991,2001.0,False,NEW,1,1991,1991,6468.685,6468.685,0.0,,,,,6468.685,,,,
IND-000669,North_Arcot_Ambedkar,Tamil_Nadu,1991,2021.0,False,NEW,3,1991,2011,6151.457,6081.484,69.973,,,,,6151.457,6151.457,6081.484,,
IND-000670,Pasumpon-Thevar-Thir,Tamil_Nadu,1991,,True,NEW,5,1991,2025,4315.298,4097.238,218.06,,,,,4222.003,4222.003,4315.298,4097.238,4241.711
IND-000671,Ramanathapuram,Tamil_Nadu,1991,,True,NEW,5,1991,2025,4272.212,4076.946,195.266,,,,,4106.929,4106.929,4076.946,4272.212,4109.347
IND-000672,Tirunelveli-Kattabo,Tamil_Nadu,1991,2021.0,False,NEW,3,1991,2011,6749.191,6671.113,78.077,,,,,6671.113,6671.113,6749.191,,
IND-000673,Tiruvannamalai_Sambu,Tamil_Nadu,1991,,True,NEW,5,1991,2025,6194.981,6178.496,16.485,,,,,6182.134,6182.134,6194.981,6189.468,6178.496
IND-001280,Adilabad,Telangana,2021,,True,NEW,2,2021,2025,3996.69,3996.466,0.223,,,,,,,,3996.466,3996.69
IND-001310,Bhadradri Kothagudem,Telangana,2021,,True,NEW,2,2021,2025,7025.891,6906.854,119.037,,,,,,,,7025.891,6906.854
IND-001281,Hyderabad,Telangana,2021,,True,NEW,2,2021,2025,191.479,191.429,0.05,,,,,,,,191.479,191.429
IND-001282,Jagitial,Telangana,2021,,True,NEW,2,2021,2025,2885.134,2866.249,18.886,,,,,,,,2866.249,2885.134
IND-001283,Jangoan,Telangana,2021,,True,NEW,2,2021,2025,2423.691,2291.054,132.637,,,,,,,,2291.054,2423.691
IND-001311,Jayashankar,Telangana,2021,,True,NEW,2,2021,2025,2927.452,2873.852,53.6,,,,,,,,2927.452,2873.852
IND-001285,Jogulamba Gadwal,Telangana,2021,,True,NEW,2,2021,2025,2572.68,2572.324,0.355,,,,,,,,2572.68,2572.324
IND-001286,Kamareddy,Telangana,2021,,True,NEW,2,2021,2025,3746.278,3746.143,0.136,,,,,,,,3746.143,3746.278
IND-001287,Karimnagar,Telangana,2021,,True,NEW,2,2021,2025,2134.046,2003.838,130.208,,,,,,,,2134.046,2003.838
IND-001288,Khammam,Telangana,2021,,True,NEW,2,2021,2025,4678.151,4545.494,132.657,,,,,,,,4545.494,4678.151
IND-001289,Kumuram Bheem Asifabad,Telangana,2021,,True,NEW,2,2021,2025,4536.316,4468.927,67.388,,,,,,,,4468.927,4536.316
IND-001290,Mahabubabad,Telangana,2021,,True,NEW,2,2021,2025,3566.78,3541.74,25.04,,,,,,,,3566.78,3541.74
IND-001291,Mahabubnagar,Telangana,2021,,True,NEW,2,2021,2025,2801.99,2733.917,68.073,,,,,,,,2733.917,2801.99
IND-001292,Mancherial,Telangana,2021,,True,NEW,2,2021,2025,3923.882,3856.285,67.597,,,,,,,,3923.882,3856.285
IND-001293,Medak,Telangana,2021,,True,NEW,2,2021,2025,2749.538,2747.456,2.082,,,,,,,,2749.538,2747.456
IND-001294,Medchal Malkajgiri,Telangana,2021,,True,NEW,2,2021,2025,1075.304,1075.299,0.005,,,,,,,,1075.304,1075.299
IND-001284,Mulugu,Telangana,2021,,True,NEW,2,2021,2025,4289.831,4278.749,11.083,,,,,,,,4278.749,4289.831
IND-001295,Nagarkurnool,Telangana,2021,,True,NEW,2,2021,2025,6405.736,6199.441,206.296,,,,,,,,6405.736,6199.441
IND-001296,Nalgonda,Telangana,2021,,True,NEW,2,2021,2025,7203.243,7203.049,0.194,,,,,,,,7203.243,7203.049
IND-001312,Narayanpet,Telangana,2021,,True,NEW,2,2021,2025,2406.952,2361.315,45.638,,,,,,,,2361.315,2406.952
IND-001297,Nirmal,Telangana,2021,,True,NEW,2,2021,2025,3714.727,3714.586,0.14,,,,,,,,3714.586,3714.727
IND-001298,Nizamabad,Telangana,2021,,True,NEW,2,2021,2025,4211.105,4210.948,0.156,,,,,,,,4210.948,4211.105
IND-001299,Peddapalli,Telangana,2021,,True,NEW,2,2021,2025,2212.228,2193.872,18.356,,,,,,,,2212.228,2193.872
IND-001300,Rajanna Sircilla,Telangana,2021,,True,NEW,2,2021,2025,1808.328,1790.201,18.128,,,,,,,,1790.201,1808.328
IND-001301,Ranga Reddy,Telangana,2021,,True,NEW,2,2021,2025,4996.652,4996.185,0.467,,,,,,,,4996.185,4996.652
IND-001302,Sangareddy,Telangana,2021,,True,NEW,2,2021,2025,4451.919,4437.188,14.731,,,,,,,,4437.188,4451.919
IND-001303,Siddipet,Telangana,2021,,True,NEW,2,2021,2025,3706.356,3626.568,79.788,,,,,,,,3626.568,3706.356
IND-001304,Suryapet,Telangana,2021,,True,NEW,2,2021,2025,3594.106,3594.036,0.071,,,,,,,,3594.036,3594.106
IND-001305,Vikarabad,Telangana,2021,,True,NEW,2,2021,2025,3704.19,3620.038,84.152,,,,,,,,3620.038,3704.19
IND-001306,Wanaparthy,Telangana,2021,,True,NEW,2,2021,2025,2179.86,2171.8,8.06,,,,,,,,2171.8,2179.86
IND-001365,Warangal (Urban),Telangana,2025,,True,NEW,1,2025,2025,1164.08,1164.08,0.0,,,,,,,,,1164.08
IND-001307,Warangal Rural,Telangana,2021,,True,NEW,2,2021,2025,2235.734,2085.255,150.48,,,,,,,,2085.255,2235.734
IND-001308,Warangal Urban,Telangana,2021,2025.0,False,NEW,1,2021,2021,1299.463,1299.463,0.0,,,,,,,,1299.463,
IND-001309,Yadadri Bhuvanagiri,Telangana,2021,,True,NEW,2,2021,2025,3260.815,3228.726,32.089,,,,,,,,3260.815,3228.726
IND-000099,Kottayam,Travancore - Cochin,1951,1961.0,False,ANCHOR,1,1951,1951,7285.515,7285.515,0.0,7285.515,,,,,,,,
IND-000098,Quilon,Travancore - Cochin,1951,1961.0,False,ANCHOR,1,1951,1951,7230.064,7230.064,0.0,7230.064,,,,,,,,
IND-000100,Trichur,Travancore - Cochin,1951,1961.0,False,ANCHOR,1,1951,1951,7415.924,7415.924,0.0,7415.924,,,,,,,,
IND-000097,Trivandrum,Travancore - Cochin,1951,1961.0,False,ANCHOR,1,1951,1951,3899.788,3899.788,0.0,3899.788,,,,,,,,
IND-000794,Dhalai,Tripura,2001,,True,NEW,4,2001,2025,2367.697,2257.415,110.282,,,,,,2367.697,2281.139,2257.415,2279.357
IND-001179,Gomati,Tripura,2021,,True,NEW,2,2021,2025,1618.63,1614.674,3.956,,,,,,,,1614.674,1618.63
IND-001180,Khowai,Tripura,2021,,True,NEW,2,2021,2025,1051.73,1001.764,49.966,,,,,,,,1001.764,1051.73
IND-000422,North Tripura,Tripura,1971,1981.0,False,NEW,1,1971,1971,4316.27,4316.27,0.0,,,4316.27,,,,,,
IND-000501,North Tripura,Tripura,1981,1991.0,False,NEW,1,1981,1981,4369.301,4369.301,0.0,,,,4369.301,,,,,
IND-000795,North Tripura,Tripura,2001,2021.0,False,NEW,2,2001,2011,2066.434,2001.578,64.856,,,,,,2001.578,2066.434,,
IND-001177,North Tripura,Tripura,2021,,True,NEW,2,2021,2025,1359.082,1345.249,13.833,,,,,,,,1359.082,1345.249
IND-000636,North_Tripura,Tripura,1991,2001.0,False,NEW,1,1991,1991,3857.459,3857.459,0.0,,,,,3857.459,,,,
IND-001178,Sipahijala,Tripura,2021,,True,NEW,2,2021,2025,1059.156,1041.769,17.386,,,,,,,,1041.769,1059.156
IND-000423,South Tripura,Tripura,1971,1981.0,False,NEW,1,1971,1971,3510.423,3510.423,0.0,,,3510.423,,,,,,
IND-000502,South Tripura,Tripura,1981,1991.0,False,NEW,1,1981,1981,2998.856,2998.856,0.0,,,,2998.856,,,,,
IND-000793,South Tripura,Tripura,2001,2021.0,False,NEW,2,2001,2011,3118.948,2998.894,120.055,,,,,,2998.894,3118.948,,
IND-001182,South Tripura,Tripura,2021,,True,NEW,2,2021,2025,1501.352,1461.595,39.757,,,,,,,,1501.352,1461.595
IND-000637,South_Tripura,Tripura,1991,2001.0,False,NEW,1,1991,1991,3510.475,3510.475,0.0,,,,,3510.475,,,,
IND-000131,Tripura,Tripura,1951,1971.0,False,ANCHOR,2,1951,1961,10370.715,10370.715,0.0,10370.715,10370.715,,,,,,,
IND-001183,Unokoti,Tripura,2021,,True,NEW,2,2021,2025,689.311,685.135,4.176,,,,,,,,685.135,689.311
IND-000421,West Tripura,Tripura,1971,1981.0,False,NEW,1,1971,1971,2543.878,2543.878,0.0,,,2543.878,,,,,,
IND-000500,West Tripura,Tripura,1981,2021.0,False,NEW,4,1981,2011,3002.649,2972.668,29.981,,,,3002.552,3002.649,3002.649,2972.668,,
IND-001181,West Tripura,Tripura,2021,,True,NEW,2,2021,2025,943.084,940.913,2.172,,,,,,,,940.913,943.084
IND-000258,Agra,Uttar Pradesh,1951,,True,ANCHOR,9,1951,2025,4057.411,3990.066,67.345,4057.411,4057.411,4057.411,4057.358,4057.392,4057.392,3990.066,4046.553,4047.808
IND-000256,Aligarh,Uttar Pradesh,1951,2001.0,False,ANCHOR,5,1951,1991,5534.212,5070.022,464.189,5070.063,5070.063,5070.063,5534.212,5070.022,,,,
IND-000731,Aligarh,Uttar Pradesh,2001,,True,NEW,4,2001,2025,3728.01,3654.644,73.366,,,,,,3728.01,3654.644,3711.309,3712.155
IND-000271,Allahabad,Uttar Pradesh,1951,1971.0,False,ANCHOR,2,1951,1961,6590.635,6590.635,0.0,6590.635,6590.635,,,,,,,
IND-000426,Allahabad,Uttar Pradesh,1971,2001.0,False,NEW,3,1971,1991,7350.952,7350.929,0.023,,,7350.929,7350.929,7350.952,,,,
IND-000745,Allahabad,Uttar Pradesh,2001,,True,NEW,4,2001,2025,5559.475,5417.056,142.419,,,,,,5559.475,5417.056,5473.824,5473.566
IND-000286,Almora,Uttar Pradesh,1951,1961.0,False,ANCHOR,1,1951,1951,13998.047,13998.047,0.0,13998.047,,,,,,,,
IND-000504,Almora,Uttar Pradesh,1981,2001.0,False,NEW,2,1981,1991,5299.638,5299.612,0.026,,,,5299.638,5299.612,,,,
IND-000361,Almorah,Uttar Pradesh,1961,1981.0,False,NEW,2,1961,1971,7102.514,7102.514,0.0,,7102.514,7102.514,,,,,,
IND-000748,Ambedkar Nagar,Uttar Pradesh,2001,,True,NEW,4,2001,2025,2395.598,2299.243,96.355,,,,,,2395.598,2299.243,2328.482,2328.202
IND-001127,Amethi,Uttar Pradesh,2021,2025.0,False,NEW,1,2021,2021,3314.379,3314.379,0.0,,,,,,,,3314.379,
IND-001318,Amethi,Uttar Pradesh,2025,,True,NEW,1,2025,2025,2425.696,2425.696,0.0,,,,,,,,,2425.696
IND-001319,Amroha,Uttar Pradesh,2025,,True,NEW,1,2025,2025,2457.58,2457.58,0.0,,,,,,,,,2457.58
IND-000737,Auraiya,Uttar Pradesh,2001,,True,NEW,4,2001,2025,2018.344,1981.492,36.852,,,,,,2007.761,1981.492,2018.068,2018.344
IND-000284,Azamgarh,Uttar Pradesh,1951,1991.0,False,ANCHOR,4,1951,1981,5907.995,5907.995,0.0,5907.995,5907.995,5907.995,5907.995,,,,,
IND-000757,Azamgarh,Uttar Pradesh,2001,,True,NEW,4,2001,2025,4278.329,4214.7,63.629,,,,,,4246.009,4278.329,4214.7,4214.804
IND-000727,Baghpat,Uttar Pradesh,2001,,True,NEW,4,2001,2025,1335.994,1297.183,38.811,,,,,,1335.994,1297.183,1322.805,1322.73
IND-000296,Bahraich,Uttar Pradesh,1951,2001.0,False,ANCHOR,5,1951,1991,6944.883,6944.867,0.016,6944.883,6944.883,6944.883,6944.883,6944.867,,,,
IND-000749,Bahraich,Uttar Pradesh,2001,2011.0,False,NEW,1,2001,2001,4110.088,4110.088,0.0,,,,,,4110.088,,,
IND-000985,Bahraich,Uttar Pradesh,2011,,True,NEW,3,2011,2025,4948.015,4850.302,97.713,,,,,,,4850.302,4948.015,4947.533
IND-000280,Balia,Uttar Pradesh,1951,,True,ANCHOR,9,1951,2025,3027.075,2931.187,95.888,3027.073,3027.073,3027.073,3027.073,3027.075,3027.075,2931.187,2992.379,2990.532
IND-000751,Balrampur,Uttar Pradesh,2001,,True,NEW,4,2001,2025,3417.403,3267.793,149.61,,,,,,3417.403,3267.793,3345.014,3342.591
IND-000276,Banaras,Uttar Pradesh,1951,1961.0,False,ANCHOR,1,1951,1951,4579.66,4579.66,0.0,4579.66,,,,,,,,
IND-000275,Banda,Uttar Pradesh,1951,2001.0,False,ANCHOR,5,1951,1991,7696.734,7696.635,0.099,7696.733,7696.733,7696.733,7696.734,7696.635,,,,
IND-000742,Banda,Uttar Pradesh,2001,,True,NEW,4,2001,2025,4452.699,4308.223,144.476,,,,,,4438.674,4308.223,4452.699,4452.658
IND-000299,Barabanki,Uttar Pradesh,1951,2001.0,False,ANCHOR,5,1951,1991,4491.686,4491.675,0.01,4491.686,4491.686,4491.686,4491.686,4491.675,,,,
IND-000746,Barabanki,Uttar Pradesh,2001,,True,NEW,4,2001,2025,3942.453,3833.049,109.404,,,,,,3833.049,3942.453,3845.412,3845.494
IND-000261,Bareilly,Uttar Pradesh,1951,,True,ANCHOR,9,1951,2025,4132.433,4089.763,42.67,4089.764,4089.764,4089.764,4089.763,4089.763,4089.763,4132.433,4121.492,4120.416
IND-000283,Basti,Uttar Pradesh,1951,1991.0,False,ANCHOR,4,1951,1981,7166.279,7166.279,0.0,7166.279,7166.279,7166.279,7166.279,,,,,
IND-000753,Basti,Uttar Pradesh,2001,,True,NEW,4,2001,2025,2926.992,2785.136,141.856,,,,,,2791.136,2926.992,2785.136,2785.414
IND-000262,Bijnor,Uttar Pradesh,1951,,True,ANCHOR,9,1951,2025,4602.892,4567.602,35.29,4567.602,4567.602,4567.602,4567.602,4567.663,4567.663,4592.695,4602.765,4602.892
IND-000263,Budaun,Uttar Pradesh,1951,2021.0,False,ANCHOR,7,1951,2011,5194.168,5159.858,34.31,5159.897,5159.897,5159.897,5159.897,5159.858,5159.858,5194.168,,
IND-001124,Budaun,Uttar Pradesh,2021,,True,NEW,2,2021,2025,4255.802,4255.425,0.377,,,,,,,,4255.802,4255.425
IND-000730,Bulandshahar,Uttar Pradesh,2001,,True,NEW,4,2001,2025,3685.739,3514.12,171.619,,,,,,3514.12,3685.739,3521.385,3518.13
IND-000255,Bulandshahr,Uttar Pradesh,1951,2001.0,False,ANCHOR,5,1951,1991,4904.262,4439.394,464.868,4904.262,4904.262,4904.262,4439.394,4439.428,,,,
IND-000357,Chamoli,Uttar Pradesh,1961,2001.0,False,NEW,4,1961,1991,8849.655,8849.645,0.01,,8849.655,8849.655,8849.655,8849.645,,,,
IND-000759,Chandauli,Uttar Pradesh,2001,,True,NEW,4,2001,2025,2562.406,2522.192,40.215,,,,,,2562.406,2522.192,2549.573,2549.321
IND-000743,Chitrakoot,Uttar Pradesh,2001,,True,NEW,4,2001,2025,3257.94,3192.21,65.731,,,,,,3257.94,3230.315,3192.21,3192.381
IND-000251,Dehradun,Uttar Pradesh,1951,,True,ANCHOR,9,1951,2025,3162.638,3075.107,87.531,3075.154,3075.154,3075.154,3075.153,3075.107,3075.107,3162.638,3099.66,3099.59
IND-000282,Deoria,Uttar Pradesh,1951,2001.0,False,ANCHOR,5,1951,1991,5360.642,5360.607,0.035,5360.642,5360.642,5360.642,5360.642,5360.607,,,,
IND-000756,Deoria,Uttar Pradesh,2001,,True,NEW,4,2001,2025,2536.987,2511.663,25.324,,,,,,2511.663,2522.932,2535.986,2536.987
IND-000260,Etah,Uttar Pradesh,1951,2011.0,False,ANCHOR,6,1951,2001,4363.396,4363.361,0.035,4363.396,4363.396,4363.396,4363.376,4363.361,4363.361,,,
IND-000987,Etah,Uttar Pradesh,2011,,True,NEW,3,2011,2025,2515.521,2423.231,92.29,,,,,,,2515.521,2423.297,2423.231
IND-000268,Etawah,Uttar Pradesh,1951,2001.0,False,ANCHOR,5,1951,1991,4330.028,4329.994,0.034,4329.994,4329.994,4329.994,4329.994,4330.028,,,,
IND-000736,Etawah,Uttar Pradesh,2001,,True,NEW,4,2001,2025,2338.583,2322.374,16.209,,,,,,2322.374,2338.583,2326.932,2326.083
IND-000294,Faizabad,Uttar Pradesh,1951,2001.0,False,ANCHOR,5,1951,1991,4398.14,4398.122,0.018,4398.14,4398.14,4398.14,4398.14,4398.122,,,,
IND-000747,Faizabad,Uttar Pradesh,2001,,True,NEW,4,2001,2025,2688.951,2594.773,94.179,,,,,,2661.093,2594.773,2688.951,2688.744
IND-000267,Farrukhabad,Uttar Pradesh,1951,2001.0,False,ANCHOR,5,1951,1991,4295.563,4295.507,0.056,4295.507,4295.507,4295.507,4295.508,4295.563,,,,
IND-000734,Farrukhabad,Uttar Pradesh,2001,,True,NEW,4,2001,2025,2197.257,2180.71,16.547,,,,,,2183.123,2197.257,2180.71,2181.024
IND-000270,Fatehpur,Uttar Pradesh,1951,,True,ANCHOR,9,1951,2025,4210.888,4144.467,66.422,4144.469,4144.469,4144.469,4144.469,4144.467,4144.467,4210.888,4169.198,4169.191
IND-000287,Garhwal,Uttar Pradesh,1951,1961.0,False,ANCHOR,1,1951,1951,14238.569,14238.569,0.0,14238.569,,,,,,,,
IND-000729,Gautam Buddha Nagar,Uttar Pradesh,2001,2011.0,False,NEW,1,2001,2001,1390.156,1390.156,0.0,,,,,,1390.156,,,
IND-000984,Gautam Buddha Nagar,Uttar Pradesh,2011,2021.0,False,NEW,1,2011,2011,1216.563,1216.563,0.0,,,,,,,1216.563,,
IND-001123,Gautam Buddha Nagar,Uttar Pradesh,2021,,True,NEW,2,2021,2025,1413.987,1413.977,0.01,,,,,,,,1413.977,1413.987
IND-000506,Ghaziabad,Uttar Pradesh,1981,2001.0,False,NEW,2,1981,1991,2504.646,2504.619,0.027,,,,2504.619,2504.646,,,,
IND-000728,Ghaziabad,Uttar Pradesh,2001,2021.0,False,NEW,2,2001,2011,2039.769,1993.079,46.69,,,,,,2039.769,1993.079,,
IND-001128,Ghaziabad,Uttar Pradesh,2021,,True,NEW,2,2021,2025,911.394,911.261,0.132,,,,,,,,911.261,911.394
IND-000279,Ghazipur,Uttar Pradesh,1951,,True,ANCHOR,9,1951,2025,3380.468,3358.449,22.019,3372.696,3372.696,3372.696,3372.696,3372.684,3372.684,3358.449,3380.468,3380.374
IND-000295,Gonda,Uttar Pradesh,1951,2001.0,False,ANCHOR,5,1951,1991,7367.917,7367.872,0.044,7367.917,7367.917,7367.917,7367.916,7367.872,,,,
IND-000752,Gonda,Uttar Pradesh,2001,,True,NEW,4,2001,2025,4029.178,3950.465,78.713,,,,,,3950.465,4029.178,3981.344,3981.231
IND-000281,Gorakhpur,Uttar Pradesh,1951,1991.0,False,ANCHOR,4,1951,1981,6338.286,6338.286,0.0,6338.286,6338.286,6338.286,6338.286,,,,,
IND-000274,Hamirpur,Uttar Pradesh,1951,2001.0,False,ANCHOR,5,1951,1991,7096.568,7096.521,0.046,7096.521,7096.521,7096.521,7096.521,7096.568,,,,
IND-000740,Hamirpur,Uttar Pradesh,2001,,True,NEW,4,2001,2025,4024.603,3895.493,129.11,,,,,,3924.568,4024.603,3895.776,3895.493
IND-001122,Hapur,Uttar Pradesh,2021,,True,NEW,2,2021,2025,1117.098,1117.041,0.057,,,,,,,,1117.098,1117.041
IND-000292,Hardoi,Uttar Pradesh,1951,,True,ANCHOR,9,1951,2025,5988.61,5951.162,37.449,5954.564,5954.564,5954.564,5954.563,5954.543,5954.543,5951.162,5988.61,5987.803
IND-000732,Hathras,Uttar Pradesh,2001,,True,NEW,4,2001,2025,1806.2,1755.563,50.637,,,,,,1806.2,1755.563,1782.248,1782.266
IND-000273,Jalaun,Uttar Pradesh,1951,,True,ANCHOR,9,1951,2025,4605.278,4557.826,47.452,4557.855,4557.855,4557.855,4557.855,4557.826,4557.826,4605.278,4564.011,4563.898
IND-000278,Jaunpur,Uttar Pradesh,1951,,True,ANCHOR,9,1951,2025,4034.369,3998.037,36.331,4031.021,4031.021,4031.021,4031.021,4031.038,4031.038,3998.037,4034.369,4034.158
IND-000272,Jhansi,Uttar Pradesh,1951,1981.0,False,ANCHOR,3,1951,1971,10063.165,10063.165,0.0,10063.165,10063.165,10063.165,,,,,,
IND-000508,Jhansi,Uttar Pradesh,1981,,True,NEW,6,1981,2025,5044.617,4953.359,91.257,,,,5026.762,5026.742,5026.742,4953.359,5044.617,5023.061
IND-000725,Jyotiba Phule Nagar,Uttar Pradesh,2001,2025.0,False,NEW,3,2001,2021,2190.759,2160.451,30.308,,,,,,2190.759,2175.906,2160.451,
IND-000735,Kannauj,Uttar Pradesh,2001,,True,NEW,4,2001,2025,2112.381,2090.092,22.289,,,,,,2112.381,2097.089,2090.17,2090.092
IND-000269,Kanpur,Uttar Pradesh,1951,1991.0,False,ANCHOR,4,1951,1981,6176.028,6176.028,0.0,6176.028,6176.028,6176.028,6176.028,,,,,
IND-000738,Kanpur Dehat,Uttar Pradesh,2001,,True,NEW,4,2001,2025,3203.074,3157.347,45.727,,,,,,3176.593,3203.074,3157.532,3157.347
IND-000739,Kanpur Nagar,Uttar Pradesh,2001,,True,NEW,4,2001,2025,2999.314,2984.012,15.302,,,,,,2999.314,2984.012,2999.244,2999.043
IND-000988,Kanshiram Nagar,Uttar Pradesh,2011,,True,NEW,3,2011,2025,1958.961,1942.411,16.549,,,,,,,1942.411,1958.749,1958.961
IND-000744,Kaushambi,Uttar Pradesh,2001,,True,NEW,4,2001,2025,1795.696,1789.809,5.887,,,,,,1791.37,1795.696,1789.889,1789.809
IND-000293,Kheri,Uttar Pradesh,1951,,True,ANCHOR,9,1951,2025,7701.402,7625.691,75.711,7701.402,7701.402,7701.402,7701.402,7701.364,7701.364,7625.691,7688.614,7689.416
IND-000755,Kushinagar,Uttar Pradesh,2001,,True,NEW,4,2001,2025,2908.047,2848.898,59.149,,,,,,2848.898,2908.047,2875.411,2875.175
IND-000509,Lalitpur,Uttar Pradesh,1981,,True,NEW,6,1981,2025,5045.428,4930.029,115.398,,,,5036.456,5036.482,5036.482,4930.029,5045.428,5044.462
IND-000288,Lucknow,Uttar Pradesh,1951,,True,ANCHOR,9,1951,2025,2530.084,2514.608,15.476,2526.164,2526.164,2526.164,2526.164,2526.188,2526.188,2514.608,2530.058,2530.084
IND-000741,Mahoba,Uttar Pradesh,2001,,True,NEW,4,2001,2025,3270.122,3078.188,191.933,,,,,,3171.895,3078.188,3270.122,3267.486
IND-000259,Mainpuri,Uttar Pradesh,1951,1991.0,False,ANCHOR,4,1951,1981,5188.418,5188.399,0.019,5188.399,5188.399,5188.399,5188.418,,,,,
IND-000257,Mathura,Uttar Pradesh,1951,1981.0,False,ANCHOR,3,1951,1971,3756.016,3756.016,0.0,3756.016,3756.016,3756.016,,,,,,
IND-000507,Mathura,Uttar Pradesh,1981,1991.0,False,NEW,1,1981,1981,3291.921,3291.921,0.0,,,,3291.921,,,,,
IND-000733,Mathura,Uttar Pradesh,2001,,True,NEW,4,2001,2025,3351.162,3291.953,59.208,,,,,,3291.953,3351.162,3342.096,3341.502
IND-000758,Mau,Uttar Pradesh,2001,,True,NEW,4,2001,2025,1735.448,1655.604,79.844,,,,,,1661.978,1655.604,1735.362,1735.448
IND-000254,Meerut,Uttar Pradesh,1951,1981.0,False,ANCHOR,3,1951,1971,5973.172,5973.172,0.0,5973.172,5973.172,5973.172,,,,,,
IND-000505,Meerut,Uttar Pradesh,1981,2001.0,False,NEW,2,1981,1991,3933.487,3933.466,0.02,,,,3933.466,3933.487,,,,
IND-000726,Meerut,Uttar Pradesh,2001,,True,NEW,4,2001,2025,2597.438,2542.634,54.804,,,,,,2597.438,2542.634,2593.252,2593.214
IND-000277,Mirzapur,Uttar Pradesh,1951,1991.0,False,ANCHOR,4,1951,1981,12561.993,11320.217,1241.776,12561.993,11320.217,11320.217,11320.217,,,,,
IND-000264,Moradabad,Uttar Pradesh,1951,2001.0,False,ANCHOR,5,1951,1991,5953.982,5953.944,0.039,5953.982,5953.982,5953.982,5953.982,5953.944,,,,
IND-000723,Moradabad,Uttar Pradesh,2001,2021.0,False,NEW,2,2001,2011,3763.144,3678.736,84.408,,,,,,3763.144,3678.736,,
IND-001131,Moradabad,Uttar Pradesh,2021,2025.0,False,NEW,1,2021,2021,2239.782,2239.782,0.0,,,,,,,,2239.782,
IND-001336,Moradabad,Uttar Pradesh,2025,,True,NEW,1,2025,2025,1948.74,1948.74,0.0,,,,,,,,,1948.74
IND-000253,Muzaffarnagar,Uttar Pradesh,1951,2021.0,False,ANCHOR,7,1951,2011,4062.35,4056.223,6.127,4062.324,4062.324,4062.324,4062.344,4062.35,4062.35,4056.223,,
IND-001130,Muzaffarnagar,Uttar Pradesh,2021,,True,NEW,2,2021,2025,2738.807,2738.719,0.088,,,,,,,,2738.807,2738.719
IND-000285,Nainital,Uttar Pradesh,1951,2001.0,False,ANCHOR,5,1951,1991,6654.122,6654.099,0.024,6654.099,6654.099,6654.099,6654.099,6654.122,,,,
IND-000360,Pauri_Garhwal,Uttar Pradesh,1961,,True,NEW,8,1961,2025,5388.835,5280.341,108.494,,5388.835,5388.835,5388.835,5388.826,5388.826,5293.719,5280.341,5280.356
IND-000266,Pilibhit,Uttar Pradesh,1951,,True,ANCHOR,9,1951,2025,3763.888,3755.75,8.138,3761.38,3761.38,3761.38,3761.38,3761.398,3761.398,3755.75,3761.495,3763.888
IND-000358,Pithoragarh,Uttar Pradesh,1961,1981.0,False,NEW,2,1961,1971,6895.567,6895.567,0.0,,6895.567,6895.567,,,,,,
IND-000503,Pithoragarh,Uttar Pradesh,1981,2001.0,False,NEW,2,1981,1991,8698.472,8698.436,0.035,,,,8698.436,8698.472,,,,
IND-000298,Pratapgarh,Uttar Pradesh,1951,,True,ANCHOR,9,1951,2025,3729.869,3705.292,24.577,3705.292,3705.292,3705.292,3705.292,3705.318,3705.318,3729.869,3711.873,3712.011
IND-001126,Rae Bareli,Uttar Pradesh,2021,2025.0,False,NEW,1,2021,2021,3262.671,3262.671,0.0,,,,,,,,3262.671,
IND-000290,Raebareli,Uttar Pradesh,1951,2021.0,False,ANCHOR,7,1951,2011,4583.953,4561.568,22.385,4561.608,4561.608,4561.608,4561.608,4561.568,4561.568,4583.953,,
IND-001340,Raibeareli,Uttar Pradesh,2025,,True,NEW,1,2025,2025,3930.01,3930.01,0.0,,,,,,,,,3930.01
IND-000301,Rampur,Uttar Pradesh,1951,2001.0,False,ANCHOR,5,1951,1991,2387.263,2387.253,0.01,2387.253,2387.253,2387.253,2387.253,2387.263,,,,
IND-000724,Rampur,Uttar Pradesh,2001,2011.0,False,NEW,1,2001,2001,2711.882,2711.882,0.0,,,,,,2711.882,,,
IND-000983,Rampur,Uttar Pradesh,2011,,True,NEW,3,2011,2025,2417.735,2366.169,51.566,,,,,,,2417.735,2366.362,2366.169
IND-000252,Saharanpur,Uttar Pradesh,1951,1991.0,False,ANCHOR,4,1951,1981,6048.494,6048.474,0.02,6048.494,6048.494,6048.494,6048.474,,,,,
IND-001129,Sambhal,Uttar Pradesh,2021,,True,NEW,2,2021,2025,2431.887,2428.173,3.714,,,,,,,,2431.887,2428.173
IND-000754,Sant Kabir Nagar,Uttar Pradesh,2001,,True,NEW,4,2001,2025,1644.165,1594.862,49.303,,,,,,1594.862,1644.165,1641.719,1641.668
IND-000761,Sant Ravidas Nagar,Uttar Pradesh,2001,,True,NEW,4,2001,2025,1015.007,978.654,36.354,,,,,,978.654,998.396,1014.875,1015.007
IND-000265,Shahjahanpur,Uttar Pradesh,1951,,True,ANCHOR,9,1951,2025,4345.944,4315.413,30.531,4345.944,4345.944,4345.944,4345.944,4345.881,4345.881,4336.166,4315.612,4315.413
IND-001132,Shamli,Uttar Pradesh,2021,,True,NEW,2,2021,2025,1263.936,1263.739,0.197,,,,,,,,1263.936,1263.739
IND-000750,Shrawasti,Uttar Pradesh,2001,2011.0,False,NEW,1,2001,2001,2510.098,2510.098,0.0,,,,,,2510.098,,,
IND-000986,Shrawasti,Uttar Pradesh,2011,,True,NEW,3,2011,2025,1953.702,1930.104,23.598,,,,,,,1953.702,1930.104,1931.142
IND-000291,Sitapur,Uttar Pradesh,1951,,True,ANCHOR,9,1951,2025,5793.702,5739.835,53.867,5793.66,5793.66,5793.66,5793.66,5793.702,5793.702,5758.949,5739.835,5740.22
IND-000297,Sultanpur,Uttar Pradesh,1951,2021.0,False,ANCHOR,7,1951,2011,4480.146,4466.126,14.019,4466.155,4466.155,4466.155,4466.155,4466.126,4466.126,4480.146,,
IND-001125,Sultanpur,Uttar Pradesh,2021,,True,NEW,2,2021,2025,2674.526,2453.035,221.491,,,,,,,,2453.035,2674.526
IND-000300,Tehri Garhwal,Uttar Pradesh,1951,1961.0,False,ANCHOR,1,1951,1951,12782.521,12782.521,0.0,12782.521,,,,,,,,
IND-000359,Tehri_Garhwal,Uttar Pradesh,1961,2001.0,False,NEW,4,1961,1991,4747.826,4747.809,0.016,,4747.809,4747.809,4747.809,4747.826,,,,
IND-000289,Unnao,Uttar Pradesh,1951,,True,ANCHOR,9,1951,2025,4568.892,4557.902,10.99,4567.542,4567.542,4567.542,4567.542,4567.514,4567.514,4557.902,4568.627,4568.892
IND-000356,Uttar Kashi,Uttar Pradesh,1961,,True,NEW,8,1961,2025,8034.899,7982.535,52.365,,8034.842,8034.842,8034.844,8034.899,8034.899,7990.079,8009.991,7982.535
IND-000362,Varanasi,Uttar Pradesh,1961,1971.0,False,NEW,1,1961,1961,5821.415,5821.415,0.0,,5821.415,,,,,,,
IND-000427,Varanasi,Uttar Pradesh,1971,2001.0,False,NEW,3,1971,1991,5061.339,5061.255,0.084,,,5061.255,5061.255,5061.339,,,,
IND-000760,Varanasi,Uttar Pradesh,2001,,True,NEW,4,2001,2025,1545.544,1520.15,25.394,,,,,,1520.15,1545.544,1533.33,1533.054
IND-000596,Azamgarh,Uttar_Pradesh,1991,2001.0,False,NEW,1,1991,1991,3688.257,3688.257,0.0,,,,,3688.257,,,,
IND-000597,Basti,Uttar_Pradesh,1991,2001.0,False,NEW,1,1991,1991,4386.014,4386.014,0.0,,,,,4386.014,,,,
IND-000598,Firozabad,Uttar_Pradesh,1991,,True,NEW,5,1991,2025,2420.611,2416.884,3.728,,,,,2420.611,2420.611,2416.884,2419.925,2419.881
IND-000599,Gorakhpur,Uttar_Pradesh,1991,,True,NEW,5,1991,2025,3334.425,3324.633,9.792,,,,,3334.425,3334.425,3324.633,3329.811,3329.777
IND-000600,Hardwar,Uttar_Pradesh,1991,,True,NEW,5,1991,2025,2290.133,2274.658,15.475,,,,,2274.658,2274.658,2277.165,2289.937,2290.133
IND-000601,Kanpur-Dehat,Uttar_Pradesh,1991,2001.0,False,NEW,1,1991,1991,5122.979,5122.979,0.0,,,,,5122.979,,,,
IND-000602,Kanpur-Nagar,Uttar_Pradesh,1991,2001.0,False,NEW,1,1991,1991,1053.12,1053.12,0.0,,,,,1053.12,,,,
IND-000603,Maharajganj,Uttar_Pradesh,1991,,True,NEW,5,1991,2025,3003.911,2909.561,94.35,,,,,3003.911,3003.911,2909.561,2945.484,2944.406
IND-000604,Mainpuri,Uttar_Pradesh,1991,,True,NEW,5,1991,2025,2767.874,2690.923,76.951,,,,,2767.874,2767.874,2690.923,2737.703,2737.826
IND-000605,Mathura,Uttar_Pradesh,1991,2001.0,False,NEW,1,1991,1991,3756.051,3756.051,0.0,,,,,3756.051,,,,
IND-000606,Mau,Uttar_Pradesh,1991,2001.0,False,NEW,1,1991,1991,2219.674,2219.674,0.0,,,,,2219.674,,,,
IND-000607,Mirzapur,Uttar_Pradesh,1991,,True,NEW,5,1991,2025,4438.67,4415.771,22.899,,,,,4434.811,4434.811,4438.67,4416.069,4415.771
IND-000608,Saharanpur,Uttar_Pradesh,1991,,True,NEW,5,1991,2025,3773.758,3618.49,155.267,,,,,3773.758,3773.758,3618.49,3719.347,3716.752
IND-000609,Siddharthnagar,Uttar_Pradesh,1991,,True,NEW,5,1991,2025,2896.662,2780.186,116.476,,,,,2780.186,2780.186,2809.911,2896.662,2895.902
IND-000610,Sonbhadra,Uttar_Pradesh,1991,,True,NEW,5,1991,2025,6905.193,6849.53,55.663,,,,,6885.263,6885.263,6849.53,6905.193,6886.093
IND-000691,Almora,Uttarakhand,2001,,True,NEW,4,2001,2025,3145.366,3002.478,142.888,,,,,,3002.478,3087.651,3145.366,3145.317
IND-000690,Bageshwar,Uttarakhand,2001,,True,NEW,4,2001,2025,2297.121,2234.869,62.251,,,,,,2297.121,2244.916,2234.869,2235.227
IND-000686,Chamoli,Uttarakhand,2001,,True,NEW,4,2001,2025,7843.181,7702.95,140.231,,,,,,7702.95,7843.181,7807.209,7821.174
IND-000692,Champawat,Uttarakhand,2001,,True,NEW,4,2001,2025,1814.238,1768.682,45.557,,,,,,1802.995,1814.238,1769.578,1768.682
IND-000693,Nainital,Uttarakhand,2001,,True,NEW,4,2001,2025,4134.161,3989.983,144.178,,,,,,4134.161,4015.593,3990.055,3989.983
IND-000689,Pithoragarh,Uttarakhand,2001,,True,NEW,4,2001,2025,7233.76,6895.541,338.218,,,,,,6895.541,7233.76,7218.735,7232.414
IND-000687,Rudraprayag,Uttarakhand,2001,,True,NEW,4,2001,2025,1987.988,1961.819,26.17,,,,,,1961.819,1985.482,1987.988,1987.938
IND-000688,Tehri Garhwal,Uttarakhand,2001,,True,NEW,4,2001,2025,3932.811,3885.699,47.112,,,,,,3932.811,3885.699,3909.434,3909.178
IND-000694,Udham Singh Nagar,Uttarakhand,2001,,True,NEW,4,2001,2025,2700.59,2520.081,180.509,,,,,,2520.081,2700.59,2671.568,2670.758
IND-000134,Chhatarpur,Vindhya Pradesh,1951,,True,ANCHOR,9,1951,2025,8775.558,8674.658,100.901,8757.95,8757.95,8757.95,8757.953,8757.867,8757.867,8775.558,8674.658,8677.208
IND-000132,Datia,Vindhya Pradesh,1951,2001.0,False,ANCHOR,5,1951,1991,2187.252,2187.196,0.056,2187.252,2187.252,2187.252,2187.234,2187.196,,,,
IND-000135,Panna,Vindhya Pradesh,1951,,True,ANCHOR,9,1951,2025,7100.808,6928.844,171.965,7094.045,7094.045,7094.045,7094.113,7094.127,7094.127,6928.844,7100.808,7099.152
IND-000137,Rewa,Vindhya Pradesh,1951,,True,ANCHOR,9,1951,2025,6339.397,6295.35,44.046,6308.508,6308.508,6308.508,6308.508,6308.591,6308.591,6339.397,6295.35,6297.637
IND-000136,Satna,Vindhya Pradesh,1951,,True,ANCHOR,9,1951,2025,7672.666,7472.405,200.261,7472.449,7472.449,7472.449,7472.449,7472.405,7472.405,7672.666,7518.47,7525.104
IND-000139,Shahdol,Vindhya Pradesh,1951,2001.0,False,ANCHOR,5,1951,1991,14039.843,14039.807,0.037,14039.807,14039.807,14039.807,14039.816,14039.843,,,,
IND-000138,Sidhi,Vindhya Pradesh,1951,2011.0,False,ANCHOR,6,1951,2001,10515.138,10515.094,0.044,10515.137,10515.137,10515.137,10515.138,10515.094,10515.094,,,
IND-000133,Tikamgarh,Vindhya Pradesh,1951,2021.0,False,ANCHOR,7,1951,2011,5042.39,5024.782,17.609,5042.39,5042.39,5042.39,5042.39,5042.362,5042.362,5024.782,,
IND-001210,Alipurduar,West Bengal,2021,,True,NEW,2,2021,2025,2798.404,2749.77,48.634,,,,,,,,2749.77,2798.404
IND-000304,Bankura,West Bengal,1951,,True,ANCHOR,9,1951,2025,6932.365,6885.256,47.109,6896.931,6896.931,6896.931,6896.931,6896.977,6896.977,6932.365,6891.272,6885.256
IND-000303,Birbhum,West Bengal,1951,,True,ANCHOR,9,1951,2025,4570.393,4528.009,42.383,4570.385,4570.385,4570.385,4570.385,4570.393,4570.393,4528.009,4544.032,4549.6
IND-000302,Burdwan,West Bengal,1951,2021.0,False,ANCHOR,7,1951,2011,7025.484,6983.393,42.091,6983.393,6983.393,6983.393,6983.394,6983.399,6983.399,7025.484,,
IND-000309,Calcutta,West Bengal,1951,2021.0,False,ANCHOR,7,1951,2011,196.654,194.321,2.334,196.654,196.654,196.654,196.654,196.638,196.638,194.321,,
IND-000316,Cooch Behar,West Bengal,1951,,True,ANCHOR,9,1951,2025,3382.344,3353.456,28.888,3353.506,3353.506,3353.506,3353.506,3353.456,3353.456,3354.196,3382.344,3372.21
IND-000809,Dakshin Dinajpur,West Bengal,2001,,True,NEW,4,2001,2025,2236.892,2211.59,25.302,,,,,,2225.721,2211.59,2236.892,2234.483
IND-000315,Darjeeling,West Bengal,1951,1961.0,False,ANCHOR,1,1951,1951,2681.566,2681.566,0.0,2681.566,,,,,,,,
IND-000363,Darjeeling,West Bengal,1961,2021.0,False,NEW,6,1961,2011,3175.973,3131.349,44.623,,3146.815,3146.815,3146.814,3146.817,3131.349,3175.973,,
IND-001205,Darjiling,West Bengal,2021,,True,NEW,2,2021,2025,2050.513,2032.006,18.507,,,,,,,,2032.006,2050.513
IND-000306,Howrah,West Bengal,1951,,True,ANCHOR,9,1951,2025,1468.449,1448.929,19.52,1455.204,1455.204,1455.204,1455.192,1455.201,1455.201,1456.45,1448.929,1468.449
IND-000307,Hugli,West Bengal,1951,,True,ANCHOR,9,1951,2025,3182.883,3137.675,45.208,3182.883,3182.883,3182.883,3182.883,3182.864,3182.864,3155.125,3137.675,3152.908
IND-000314,Jalpaiguri,West Bengal,1951,2021.0,False,ANCHOR,7,1951,2011,6262.064,6229.167,32.897,6229.188,6229.188,6229.188,6229.175,6229.167,6244.635,6262.064,,
IND-001206,Jalpaiguri,West Bengal,2021,,True,NEW,2,2021,2025,3430.801,3399.185,31.617,,,,,,,,3399.185,3430.801
IND-001213,Jhargram,West Bengal,2021,,True,NEW,2,2021,2025,3099.768,3096.254,3.513,,,,,,,,3096.254,3099.768
IND-001212,Kalimpong,West Bengal,2021,,True,NEW,2,2021,2025,1093.281,1084.278,9.003,,,,,,,,1084.278,1093.281
IND-001209,Kolkata,West Bengal,2021,2025.0,False,NEW,1,2021,2021,98.603,98.603,0.0,,,,,,,,98.603,
IND-001354,Kolkata,West Bengal,2025,,True,NEW,1,2025,2025,185.393,185.393,0.0,,,,,,,,,185.393
IND-000313,Maldah,West Bengal,1951,,True,ANCHOR,9,1951,2025,3742.629,3589.014,153.615,3668.033,3668.033,3668.033,3668.034,3668.034,3668.034,3742.629,3589.729,3589.014
IND-001208,Medinipur West,West Bengal,2021,,True,NEW,2,2021,2025,6274.899,6272.301,2.598,,,,,,,,6272.301,6274.899
IND-000305,Midnapore,West Bengal,1951,2011.0,False,ANCHOR,6,1951,2001,13461.534,13461.426,0.107,13461.435,13461.435,13461.435,13461.426,13461.534,13461.534,,,
IND-000311,Murshidabad,West Bengal,1951,,True,ANCHOR,9,1951,2025,5461.978,5296.73,165.247,5334.235,5334.235,5334.235,5334.236,5334.245,5334.245,5296.73,5461.978,5347.631
IND-000310,Nadia,West Bengal,1951,,True,ANCHOR,9,1951,2025,3910.413,3882.085,28.328,3882.085,3882.085,3882.085,3882.085,3882.085,3882.085,3903.608,3910.413,3895.98
IND-001363,Paschim Barddhaman,West Bengal,2025,,True,NEW,1,2025,2025,1809.615,1809.615,0.0,,,,,,,,,1809.615
IND-001211,Paschim Bardhaman,West Bengal,2021,2025.0,False,NEW,1,2021,2021,1606.729,1606.729,0.0,,,,,,,,1606.729,
IND-000993,Paschim Medinipur,West Bengal,2011,2021.0,False,NEW,1,2011,2011,9348.954,9348.954,0.0,,,,,,,9348.954,,
IND-001207,Purba Bardhaman,West Bengal,2021,,True,NEW,2,2021,2025,5410.769,5209.93,200.839,,,,,,,,5410.769,5209.93
IND-000994,Purba Medinipur,West Bengal,2011,,True,NEW,3,2011,2025,4015.07,3957.404,57.666,,,,,,,4015.07,3965.31,3957.404
IND-000364,Purulia,West Bengal,1961,,True,NEW,8,1961,2025,6291.199,6227.235,63.963,,6291.198,6291.198,6291.199,6291.151,6291.151,6227.235,6246.345,6256.952
IND-001204,South Twenty Four Pargan*,West Bengal,2021,,True,NEW,2,2021,2025,7668.117,7516.59,151.527,,,,,,,,7516.59,7668.117
IND-000992,South Twenty Four Parganas,West Bengal,2011,2021.0,False,NEW,1,2011,2011,8486.157,8486.157,0.0,,,,,,,8486.157,,
IND-000308,Twenty Four Parganas,West Bengal,1951,1991.0,False,ANCHOR,4,1951,1981,11290.395,11290.394,0.001,11290.395,11290.395,11290.395,11290.394,,,,,
IND-000808,Uttar Dinajpur,West Bengal,2001,,True,NEW,4,2001,2025,3162.233,3101.878,60.355,,,,,,3134.277,3162.233,3101.878,3135.533
IND-000312,West Dinajpur,West Bengal,1951,2001.0,False,ANCHOR,5,1951,1991,5359.985,5359.971,0.014,5359.971,5359.971,5359.971,5359.971,5359.985,,,,
IND-000644,North_24_Parganas,West_Bengal,1991,,True,NEW,5,1991,2025,4014.357,3879.607,134.75,,,,,3879.607,4014.357,3997.819,4008.608,4004.685
IND-000645,South_24_Parganas,West_Bengal,1991,2011.0,False,NEW,2,1991,2001,7410.808,7276.05,134.758,,,,,7410.808,7276.05,,,
