canonical_key,display_name,state_at_creation,established_year,closed_year,is_active,origin_kind,census_years_present,first_census_year,last_census_year,max_area_km2,min_area_km2,area_change_km2,area_km2_1951,area_km2_1961,area_km2_1971,area_km2_1981,area_km2_1991,area_km2_2001,area_km2_2011,area_km2_2021,area_km2_2025
IND-000101,Ajmer,Ajmer,1951,1961.0,False,ANCHOR,1,1951,1951,5030.790004277834,5030.790004277834,0.0,5030.790004277834,,,,,,,,
IND-000510,Andamans,Andaman & Nicobar Island,1981,2011.0,False,NEW,3,1981,2001,5791.1489200605465,5791.14889260041,2.746013615251286e-05,,,,5791.14889260041,5791.1489200605465,5791.1489200605465,,,
IND-000511,Nicobars,Andaman & Nicobar Island,1981,2021.0,False,NEW,4,1981,2011,1716.0652343178233,1665.9651326359094,50.100101681913884,,,,1665.9920743711793,1665.9651326359094,1665.9651326359094,1716.0652343178233,,
IND-000140,Andaman And Nicobar Islands,Andaman And Nicobar Islands,1951,1981.0,False,ANCHOR,3,1951,1971,7457.121333512047,7399.462404410669,57.65892910137882,7457.121333512047,7457.121333512047,7399.462404410669,,,,,,
IND-001095,North & Middle Andaman,Andaman And Nicobar Islands,2011,2021.0,False,NEW,1,2011,2011,2858.089285274063,2858.089285274063,0.0,,,,,,,2858.089285274063,,
IND-001096,South Andaman,Andaman And Nicobar Islands,2011,,True,NEW,3,2011,2025,2529.266304173899,2249.3751220647755,279.8911821091233,,,,,,,2249.3751220647755,2339.555138955156,2529.266304173899
IND-000419,,Andaman And Nicobar Islands,1971,1981.0,False,NEW,1,1971,1971,57.65892910137913,57.65892910137913,0.0,,,57.65892910137913,,,,,,
IND-000420,,Andaman And Nicobar Islands,1971,1981.0,False,NEW,1,1971,1971,0.7304371342755035,0.7304371342755035,0.0,,,0.7304371342755035,,,,,,
IND-001279,Nicobars,Andaman and Nicobar Islands,2021,,True,NEW,2,2021,2025,1777.7535327551973,1679.2360972422248,98.5174355129725,,,,,,,,1679.2360972422248,1777.7535327551973
IND-001278,North & Middle Andaman,Andaman and Nicobar Islands,2021,,True,NEW,2,2021,2025,3447.1763558523653,3291.7324625142064,155.4438933381589,,,,,,,,3291.7324625142064,3447.1763558523653
IND-000330,Adilabad,Andhra Pradesh,1961,2021.0,False,NEW,6,1961,2011,16709.376528802106,16107.29096398424,602.0855648178658,,16709.37644695335,16709.37644695335,16709.376528802106,16709.373238973203,16151.955704617361,16107.29096398424,,
IND-000322,Ananthapur,Andhra Pradesh,1961,,True,NEW,8,1961,2025,19405.63461054117,19102.696504506224,302.9381060349442,,19140.921126804507,19140.921126804507,19140.920768016644,19140.89207252803,19140.89207252803,19102.696504506224,19128.916835248507,19405.63461054117
IND-000320,East Godavari,Andhra Pradesh,1961,2021.0,False,NEW,6,1961,2011,10855.233481540974,10777.989059013402,77.24442252757217,,10855.233481540974,10839.112207929418,10839.1151984103,10839.109060775841,10839.109060775841,10777.989059013402,,
IND-001261,East Godavari,Andhra Pradesh,2021,,True,NEW,2,2021,2025,12982.354858891224,12918.581960374102,63.772898517121575,,,,,,,,12982.354858891224,12918.581960374102
IND-000404,Guntur,Andhra Pradesh,1971,,True,NEW,7,1971,2025,11417.248400598291,11333.535863048772,83.71253754951977,,,11417.24746684298,11417.247410916441,11417.248400598291,11417.248400598291,11333.535863048772,11402.459009930233,11403.93547371574
IND-000328,Hyderabad,Andhra Pradesh,1961,2021.0,False,NEW,6,1961,2011,7761.908860119769,7548.432991832963,213.47586828680596,,7761.908860119769,7761.908860119769,7676.797330868762,7676.815358225433,7561.137961786396,7548.432991832963,,
IND-000459,Hyderabad,Andhra Pradesh,1981,2001.0,False,NEW,2,1981,1991,85.11768897014088,85.11486028982046,0.0028286803204196076,,,,85.11486028982046,85.11768897014088,,,,
IND-000906,Hyderabad,Andhra Pradesh,2001,2011.0,False,NEW,1,2001,2001,200.8006642874552,200.8006642874552,0.0,,,,,,200.8006642874552,,,
IND-001078,Hyderabad,Andhra Pradesh,2011,2021.0,False,NEW,1,2011,2011,181.40746727944307,181.40746727944307,0.0,,,,,,,181.40746727944307,,
IND-000332,Khammam,Andhra Pradesh,1961,2021.0,False,NEW,6,1961,2011,16002.879247948787,15851.224324928393,151.65492302039456,,16002.878702629729,16002.878702629729,16002.879247948787,16002.790567566923,16002.790567566923,15851.224324928393,,
IND-000323,Kurnool,Andhra Pradesh,1961,1971.0,False,NEW,1,1961,1961,24392.539237871286,24392.539237871286,0.0,,24392.539237871286,,,,,,,
IND-000412,Kurnool,Andhra Pradesh,1971,,True,NEW,7,1971,2025,17667.110804061067,17387.796736726665,279.31406733440235,,,17667.11055084731,17667.110804061067,17667.07247598929,17667.07247598929,17532.97949249114,17664.474624094702,17387.796736726665
IND-000327,Mahabubnagar,Andhra Pradesh,1961,2021.0,False,NEW,6,1961,2011,18418.665424306946,18391.690067431373,26.975356875573198,,18391.81834659842,18391.81834659842,18391.81834659842,18391.690067431373,18391.690067431373,18418.665424306946,,
IND-000329,Medak,Andhra Pradesh,1961,2021.0,False,NEW,6,1961,2011,9691.140116498906,9446.872497723325,244.26761877558056,,9691.097552995843,9691.097552995843,9691.097835733455,9691.140116498906,9691.140116498906,9446.872497723325,,
IND-000333,Nalgonda,Andhra Pradesh,1961,2021.0,False,NEW,6,1961,2011,14251.767817261913,14196.315217935124,55.45259932678891,,14196.315217935124,14196.315217935124,14196.315217935124,14196.323929637048,14196.323929637048,14251.767817261913,,
IND-000406,Nellore,Andhra Pradesh,1971,,True,NEW,7,1971,2025,13219.961675648075,13190.770705678888,29.19096996918779,,,13214.150704155258,13214.150658469976,13214.146752378483,13214.146752378483,13190.770705678888,13219.961675648075,13214.466389151048
IND-000405,Ongole (Prakasam),Andhra Pradesh,1971,,True,NEW,7,1971,2025,17651.06908238489,17615.74104324623,35.328039138657914,,,17632.57946097786,17632.579478257474,17632.636851098432,17632.636851098432,17651.06908238489,17626.79596710705,17615.74104324623
IND-000450,Srikakulam,Andhra Pradesh,1981,,True,NEW,6,1981,2025,5866.033252863172,5634.156561276423,231.87669158674817,,,,5654.295860117195,5802.804333492473,5802.804333492473,5634.156561276423,5866.033252863172,5838.900012369967
IND-000454,Visakhapatnam,Andhra Pradesh,1981,,True,NEW,6,1981,2025,11603.975683542554,11437.005634525995,166.97004901655964,,,,11541.071623992946,11541.12065414818,11541.12065414818,11437.005634525995,11603.975683542554,11579.20147124063
IND-000453,Vizianagaram,Andhra Pradesh,1981,,True,NEW,6,1981,2025,6180.587233460012,6084.697747802682,95.88948565732971,,,,6157.370011308436,6157.384850140305,6157.384850140305,6084.697747802682,6180.587233460012,6147.328893981438
IND-000331,Warangal,Andhra Pradesh,1961,2021.0,False,NEW,6,1961,2011,12921.09569028538,12801.523008191938,119.57268209344147,,12921.091873278421,12921.091873278421,12921.092127584083,12921.09569028538,12921.09569028538,12801.523008191938,,
IND-000321,West Godavari,Andhra Pradesh,1961,,True,NEW,8,1961,2025,8384.154991461506,7722.865166617661,661.289824843845,,7722.88186125806,7722.88186125806,7722.88186125806,7722.865166617661,7722.865166617661,7827.150039716366,8384.154991461506,8321.766078937428
IND-001040,Anjaw,Arunachal Pradesh,2011,,True,NEW,3,2011,2025,6511.093190516527,6015.130575061303,495.9626154552243,,,,,,,6130.836274812929,6511.093190516527,6015.130575061303
IND-000493,Dibang Valley,Arunachal Pradesh,1981,2011.0,False,NEW,3,1981,2001,13498.610665069995,13498.574694867002,0.03597020299275755,,,,13498.610665069995,13498.574694867002,13498.574694867002,,,
IND-001037,Dibang Valley,Arunachal Pradesh,2011,,True,NEW,3,2011,2025,9612.272268041319,9324.530267873155,287.74200016816394,,,,,,,9324.530267873155,9612.272268041319,9576.989843633432
IND-000489,East Kameng,Arunachal Pradesh,1981,2021.0,False,NEW,4,1981,2011,6499.79244111151,6271.930830742653,227.86161036885733,,,,6271.9410720056485,6271.930830742653,6271.930830742653,6499.79244111151,,
IND-001141,East Kameng,Arunachal Pradesh,2021,,True,NEW,2,2021,2025,4410.349157229893,4356.024837125844,54.32432010404864,,,,,,,,4356.024837125844,4410.349157229893
IND-000492,East Siang,Arunachal Pradesh,1981,2001.0,False,NEW,2,1981,1991,10378.621326653882,10378.618912901415,0.0024137524669640698,,,,10378.618912901415,10378.621326653882,,,,
IND-000778,East Siang,Arunachal Pradesh,2001,2011.0,False,NEW,1,2001,2001,3523.8294074093246,3523.8294074093246,0.0,,,,,,3523.8294074093246,,,
IND-001034,East Siang,Arunachal Pradesh,2011,2021.0,False,NEW,1,2011,2011,3789.2943149938,3789.2943149938,0.0,,,,,,,3789.2943149938,,
IND-001137,East Siang,Arunachal Pradesh,2021,,True,NEW,2,2021,2025,1680.0097817023045,1637.454895354874,42.55488634743051,,,,,,,,1637.454895354874,1680.0097817023045
IND-001151,Kamle,Arunachal Pradesh,2021,,True,NEW,2,2021,2025,1378.9553460666025,1305.6665194586822,73.28882660792033,,,,,,,,1305.6665194586822,1378.9553460666025
IND-001142,Kra Daadi,Arunachal Pradesh,2021,2025.0,False,NEW,1,2021,2021,2201.6740463214437,2201.6740463214437,0.0,,,,,,,,2201.6740463214437,
IND-001364,Kra Daadi,Arunachal Pradesh,2025,,True,NEW,1,2025,2025,1760.2599755762333,1760.2599755762333,0.0,,,,,,,,,1760.2599755762333
IND-001036,Kurung Kumey,Arunachal Pradesh,2011,2021.0,False,NEW,1,2011,2011,7082.750321792326,7082.750321792326,0.0,,,,,,,7082.750321792326,,
IND-001139,Kurung Kumey,Arunachal Pradesh,2021,,True,NEW,2,2021,2025,4444.151585521558,4300.839635252645,143.31195026891328,,,,,,,,4300.839635252645,4444.151585521558
IND-001150,Lepa Rada,Arunachal Pradesh,2021,,True,NEW,2,2021,2025,836.8119782633613,766.6587708036816,70.15320745967972,,,,,,,,836.8119782633613,766.6587708036816
IND-000494,Lohit,Arunachal Pradesh,1981,2011.0,False,NEW,3,1981,2001,10306.055877942143,10306.054752660493,0.0011252816493652062,,,,10306.055877942143,10306.054752660493,10306.054752660493,,,
IND-001039,Lohit,Arunachal Pradesh,2011,2021.0,False,NEW,1,2011,2011,4146.673240193999,4146.673240193999,0.0,,,,,,,4146.673240193999,,
IND-001138,Lohit,Arunachal Pradesh,2021,2025.0,False,NEW,1,2021,2021,2474.1407362300356,2474.1407362300356,0.0,,,,,,,,2474.1407362300356,
IND-001355,Lohit,Arunachal Pradesh,2025,,True,NEW,1,2025,2025,3054.541550425716,3054.541550425716,0.0,,,,,,,,,3054.541550425716
IND-001144,Longding,Arunachal Pradesh,2021,,True,NEW,2,2021,2025,936.9571277842723,936.0791045925438,0.8780231917285164,,,,,,,,936.9571277842723,936.0791045925438
IND-001038,Lower Dibang Valley,Arunachal Pradesh,2011,,True,NEW,3,2011,2025,3680.7433986718675,3540.7610109003053,139.98238777156212,,,,,,,3680.7433986718675,3567.8151833761235,3540.7610109003053
IND-001145,Lower Siang,Arunachal Pradesh,2021,,True,NEW,2,2021,2025,1813.5278413813044,1750.42490157864,63.10293980266442,,,,,,,,1750.42490157864,1813.5278413813044
IND-000777,Lower Subansiri,Arunachal Pradesh,2001,2011.0,False,NEW,1,2001,2001,9423.178915753346,9423.178915753346,0.0,,,,,,9423.178915753346,,,
IND-001035,Lower Subansiri,Arunachal Pradesh,2011,2021.0,False,NEW,1,2011,2011,2711.551861880562,2711.551861880562,0.0,,,,,,,2711.551861880562,,
IND-001140,Lower Subansiri,Arunachal Pradesh,2021,2025.0,False,NEW,1,2021,2021,1457.8888739445176,1457.8888739445176,0.0,,,,,,,,1457.8888739445176,
IND-001359,Lower Subansiri,Arunachal Pradesh,2025,,True,NEW,1,2025,2025,1942.4887387989686,1942.4887387989686,0.0,,,,,,,,,1942.4887387989686
IND-001143,Namsai,Arunachal Pradesh,2021,,True,NEW,2,2021,2025,1341.9748785024146,1340.95042730987,1.024451192544575,,,,,,,,1340.95042730987,1341.9748785024146
IND-001148,Pakke Kessang,Arunachal Pradesh,2021,,True,NEW,2,2021,2025,1909.9528292751288,1903.5729803144336,6.379848960695199,,,,,,,,1903.5729803144336,1909.9528292751288
IND-000776,Papum Pare,Arunachal Pradesh,2001,2021.0,False,NEW,2,2001,2011,3364.3232481089512,3352.9802604287297,11.34298768022154,,,,,,3364.3232481089512,3352.9802604287297,,
IND-001135,Papum Pare,Arunachal Pradesh,2021,,True,NEW,2,2021,2025,3773.7238440826955,3446.492447418467,327.23139666422867,,,,,,,,3773.7238440826955,3446.492447418467
IND-001147,Shi Yomi,Arunachal Pradesh,2021,,True,NEW,2,2021,2025,2640.0533486534114,2617.5103157881836,22.543032865227815,,,,,,,,2640.0533486534114,2617.5103157881836
IND-001146,Siang,Arunachal Pradesh,2021,,True,NEW,2,2021,2025,3450.880052699354,3447.8655840462743,3.0144686530798026,,,,,,,,3447.8655840462743,3450.880052699354
IND-001031,Tawang,Arunachal Pradesh,2011,2021.0,False,NEW,1,2011,2011,2173.8765696751802,2173.8765696751802,0.0,,,,,,,2173.8765696751802,,
IND-001134,Tawang,Arunachal Pradesh,2021,,True,NEW,2,2021,2025,2456.6381911676463,2356.4338482322146,100.20434293543167,,,,,,,,2356.4338482322146,2456.6381911676463
IND-001136,Tirap,Arunachal Pradesh,2021,,True,NEW,2,2021,2025,1174.6131937091695,1087.4301183794169,87.18307532975268,,,,,,,,1087.4301183794169,1174.6131937091695
IND-000779,Upper Siang,Arunachal Pradesh,2001,,True,NEW,4,2001,2025,6854.764038560141,6614.685586827764,240.07845173237638,,,,,,6854.764038560141,6614.685586827764,6777.068368880226,6701.539542071813
IND-000490,Upper Subansiri,Arunachal Pradesh,1981,2011.0,False,NEW,3,1981,2001,5968.819682180613,5968.792474062004,0.02720811860945105,,,,5968.792474062004,5968.819682180613,5968.819682180613,,,
IND-001032,Upper Subansiri,Arunachal Pradesh,2011,,True,NEW,3,2011,2025,6736.204796401924,6402.6845806038955,333.5202157980284,,,,,,,6736.204796401924,6402.6845806038955,6482.544252189417
IND-000488,West Kameng,Arunachal Pradesh,1981,1991.0,False,NEW,1,1981,1981,7137.061091359662,7137.061091359662,0.0,,,,7137.061091359662,,,,,
IND-000491,West Siang,Arunachal Pradesh,1981,2011.0,False,NEW,3,1981,2001,7909.430936785123,7909.4078118430725,0.023124942050344544,,,,7909.430936785123,7909.4078118430725,7909.4078118430725,,,
IND-001033,West Siang,Arunachal Pradesh,2011,2021.0,False,NEW,1,2011,2011,8361.155384251113,8361.155384251113,0.0,,,,,,,8361.155384251113,,
IND-001149,West Siang,Arunachal Pradesh,2021,,True,NEW,2,2021,2025,1355.3444627360657,1333.427777565716,21.916685170349638,,,,,,,,1355.3444627360657,1333.427777565716
IND-000629,Changlang,Arunachal_Pradesh,1991,,True,NEW,5,1991,2025,5029.735962042137,4948.252676451549,81.48328559058791,,,,,4973.193940622871,4973.193940622871,5023.751921071409,5029.735962042137,4948.252676451549
IND-000630,Tawang,Arunachal_Pradesh,1991,2011.0,False,NEW,2,1991,2001,2335.219770590262,2335.219770590262,0.0,,,,,2335.219770590262,2335.219770590262,,,
IND-000631,Tirap,Arunachal_Pradesh,1991,2021.0,False,NEW,3,1991,2011,2171.4794283737606,2019.3050992620617,152.17432911169885,,,,,2171.4794283737606,2171.4794283737606,2019.3050992620617,,
IND-000632,West_Kameng,Arunachal_Pradesh,1991,,True,NEW,5,1991,2025,5030.825382968638,4801.626981535603,229.19840143303554,,,,,4801.626981535603,4801.626981535603,4962.138748345842,5030.825382968638,4916.455052728255
IND-000046,Abor Hills,Assam,1951,1961.0,False,ANCHOR,1,1951,1951,37044.45389794132,37044.45389794132,0.0,37044.45389794132,,,,,,,,
IND-001070,Baksa,Assam,2011,,True,NEW,3,2011,2025,2442.6939606159276,2430.368109355404,12.32585126052345,,,,,,,2442.6939606159276,2430.368109355404,2439.9128609143613
IND-000048,Balipara Frontier Tract,Assam,1951,1981.0,False,ANCHOR,3,1951,1971,13408.958841883028,13408.958841883028,0.0,13408.958841883028,13408.958841883028,13408.958841883028,,,,,,
IND-000516,Barpeta,Assam,1981,1991.0,False,NEW,1,1981,1981,3254.1471730193616,3254.1471730193616,0.0,,,,3254.1471730193616,,,,,
IND-000638,Barpeta,Assam,1991,2001.0,False,NEW,1,1991,1991,2866.10635503291,2866.10635503291,0.0,,,,,2866.10635503291,,,,
IND-000803,Barpeta,Assam,2001,2011.0,False,NEW,1,2001,2001,3254.1876470939305,3254.1876470939305,0.0,,,,,,3254.1876470939305,,,
IND-001062,Barpeta,Assam,2011,,True,NEW,3,2011,2025,2322.333530108819,2278.5500735632763,43.783456545542776,,,,,,,2322.333530108819,2278.5500735632763,2289.1362597939815
IND-001199,Biswanath,Assam,2021,2025.0,False,NEW,1,2021,2021,1782.8821581204222,1782.8821581204222,0.0,,,,,,,,1782.8821581204222,
IND-001373,Biswanath,Assam,2025,,True,NEW,1,2025,2025,2220.1140381160167,2220.1140381160167,0.0,,,,,,,,,2220.1140381160167
IND-000514,Bongaigaon,Assam,1981,1991.0,False,NEW,1,1981,1981,2262.7300291362826,2262.7300291362826,0.0,,,,2262.7300291362826,,,,,
IND-000639,Bongaigaon,Assam,1991,2001.0,False,NEW,1,1991,1991,2765.653636538783,2765.653636538783,0.0,,,,,2765.653636538783,,,,
IND-000802,Bongaigaon,Assam,2001,2011.0,False,NEW,1,2001,2001,2936.8241069565947,2936.8241069565947,0.0,,,,,,2936.8241069565947,,,
IND-001065,Bongaigaon,Assam,2011,,True,NEW,3,2011,2025,1118.1042002162337,1061.8526332282458,56.25156698798787,,,,,,,1061.8526332282458,1088.1755009897,1118.1042002162337
IND-000010,Cachar,Assam,1951,1981.0,False,ANCHOR,3,1951,1971,6939.865329111258,6939.865329111258,0.0,6939.865329111258,6939.865329111258,6939.865329111258,,,,,,
IND-000540,Cachar,Assam,1981,1991.0,False,NEW,1,1981,1981,3826.3754280742737,3826.3754280742737,0.0,,,,3826.3754280742737,,,,,
IND-000640,Cachar,Assam,1991,2001.0,False,NEW,1,1991,1991,4558.908692679175,4558.908692679175,0.0,,,,,4558.908692679175,,,,
IND-000807,Cachar,Assam,2001,,True,NEW,4,2001,2025,3826.4084233586777,3781.9556734625507,44.45274989612699,,,,,,3826.4084233586777,3781.9556734625507,3783.329437247254,3783.8013060555368
IND-001197,Charaideo,Assam,2021,,True,NEW,2,2021,2025,1068.1810339706828,1013.0087298250381,55.172304145644716,,,,,,,,1068.1810339706828,1013.0087298250381
IND-001066,Chirang,Assam,2011,,True,NEW,3,2011,2025,1931.8955413019653,1912.7881825672075,19.10735873475778,,,,,,,1931.8955413019653,1926.5462272466796,1912.7881825672075
IND-000020,Darrang,Assam,1951,1981.0,False,ANCHOR,3,1951,1971,8919.336062168266,8919.336062168266,0.0,8919.336062168266,8919.336062168266,8919.336062168266,,,,,,
IND-000519,Darrang,Assam,1981,2011.0,False,NEW,3,1981,2001,3655.9736335853536,3655.969523090336,0.004110495017357607,,,,3655.9736335853536,3655.969523090336,3655.969523090336,,,
IND-001071,Darrang,Assam,2011,,True,NEW,3,2011,2025,1583.6211251757074,1580.3413861579024,3.2797390178050136,,,,,,,1580.3413861579024,1583.6211251757074,1583.4017044182983
IND-000522,Dhemaji,Assam,1981,1991.0,False,NEW,1,1981,1981,3321.292031652137,3321.292031652137,0.0,,,,3321.292031652137,,,,,
IND-000641,Dhemaji,Assam,1991,2001.0,False,NEW,1,1991,1991,2975.1737963544847,2975.1737963544847,0.0,,,,,2975.1737963544847,,,,
IND-000805,Dhemaji,Assam,2001,,True,NEW,4,2001,2025,2597.752272148744,2478.9936006188805,118.75867152986348,,,,,,2597.752272148744,2577.94219535651,2482.799819440292,2478.9936006188805
IND-000512,Dhubri,Assam,1981,2011.0,False,NEW,3,1981,2001,2656.4206311797952,2656.3780734230504,0.0425577567448272,,,,2656.3780734230504,2656.4206311797952,2656.4206311797952,,,
IND-001061,Dhubri,Assam,2011,2021.0,False,NEW,1,2011,2011,2163.3643774590796,2163.3643774590796,0.0,,,,,,,2163.3643774590796,,
IND-001196,Dhubri,Assam,2021,,True,NEW,2,2021,2025,1659.3985508054043,1556.8195508808506,102.57899992455373,,,,,,,,1556.8195508808506,1659.3985508054043
IND-000528,Dibrugarh,Assam,1981,,True,NEW,6,1981,2025,3387.1400086496506,3370.7266945445826,16.41331410506791,,,,3387.1400086496506,3387.135592155059,3387.135592155059,3370.7266945445826,3379.440020674772,3380.0813148392376
IND-000036,Garo Hills,Assam,1951,1981.0,False,ANCHOR,3,1951,1971,7959.739414241198,7959.739414241198,0.0,7959.739414241198,7959.739414241198,7959.739414241198,,,,,,
IND-000018,Goalpara,Assam,1951,1981.0,False,ANCHOR,3,1951,1971,8084.735880525232,8084.735880525232,0.0,8084.735880525232,8084.735880525232,8084.735880525232,,,,,,
IND-000515,Goalpara,Assam,1981,,True,NEW,6,1981,2025,1994.1747611800047,1955.2979035422325,38.87685763777222,,,,1988.9759990736204,1988.9754628229373,1988.9754628229373,1994.1747611800047,1978.8533975791058,1955.2979035422325
IND-000525,Golaghat,Assam,1981,,True,NEW,6,1981,2025,3523.677603874902,3151.8332100345615,371.8443938403407,,,,3151.8401714029874,3223.7954340092306,3151.8332100345615,3280.119503864817,3523.677603874902,3225.032903748891
IND-000539,Hailakandi,Assam,1981,,True,NEW,6,1981,2025,1341.7347721250133,1329.0728073951857,12.66196472982756,,,,1341.7134884763204,1341.7347721250133,1341.7347721250133,1337.7394083832955,1329.0728073951857,1329.7547844543305
IND-001200,Hojai,Assam,2021,,True,NEW,2,2021,2025,1455.7578119140755,1455.4770667676885,0.28074514638706205,,,,,,,,1455.4770667676885,1455.7578119140755
IND-000526,Jorhat,Assam,1981,2021.0,False,NEW,4,1981,2011,3182.507326082613,3142.6700294228162,39.83729665979672,,,,3142.6700294228162,3142.671754086188,3142.671754086188,3182.507326082613,,
IND-001193,Jorhat,Assam,2021,,True,NEW,2,2021,2025,2048.025576495527,1865.7789805439115,182.2465959516153,,,,,,,,2048.025576495527,1865.7789805439115
IND-000019,Kamrup,Assam,1951,1981.0,False,ANCHOR,3,1951,1971,12246.802461469375,12246.802461469375,0.0,12246.802461469375,12246.802461469375,12246.802461469375,,,,,,
IND-000518,Kamrup,Assam,1981,2011.0,False,NEW,3,1981,2001,4588.649941153584,4588.641089611689,0.008851541895637638,,,,4588.649941153584,4588.641089611689,4588.641089611689,,,
IND-001067,Kamrup,Assam,2011,,True,NEW,3,2011,2025,3124.6511110393762,3102.9387351207884,21.712375918587895,,,,,,,3105.625991465717,3102.9387351207884,3124.6511110393762
IND-001068,Kamrup Metropolitan,Assam,2011,,True,NEW,3,2011,2025,991.1732809989558,971.9793350446294,19.19394595432641,,,,,,,982.7515363488567,991.1732809989558,971.9793350446294
IND-001202,Karbi Anglong,Assam,2021,,True,NEW,2,2021,2025,7325.26001026218,7323.460360100154,1.7996501620264098,,,,,,,,7323.460360100154,7325.26001026218
IND-000533,Karimganj,Assam,1981,,True,NEW,6,1981,2025,1840.0061448257413,1771.942275941182,68.06386888455927,,,,1772.0230409150824,1771.942275941182,1771.942275941182,1790.711752594964,1840.0061448257413,1812.9228483510833
IND-000513,Kokrajhar,Assam,1981,2001.0,False,NEW,2,1981,1991,3439.3215649611393,3324.5074077156423,114.81415724549697,,,,3439.3215649611393,3324.5074077156423,,,,
IND-000801,Kokrajhar,Assam,2001,2011.0,False,NEW,1,2001,2001,2765.0148363127755,2765.0148363127755,0.0,,,,,,2765.0148363127755,,,
IND-001060,Kokrajhar,Assam,2011,,True,NEW,3,2011,2025,3147.3940182527913,3105.937754198289,41.4562640545023,,,,,,,3147.3940182527913,3130.877024298029,3105.937754198289
IND-000023,Lakhimpur,Assam,1951,1981.0,False,ANCHOR,3,1951,1971,12685.685691568387,12685.685691568387,0.0,12685.685691568387,12685.685691568387,12685.685691568387,,,,,,
IND-000521,Lakhimpur,Assam,1981,1991.0,False,NEW,1,1981,1981,2192.377776070499,2192.377776070499,0.0,,,,2192.377776070499,,,,,
IND-000642,Lakhimpur,Assam,1991,2001.0,False,NEW,1,1991,1991,2538.690696375103,2538.690696375103,0.0,,,,,2538.690696375103,,,,
IND-000804,Lakhimpur,Assam,2001,,True,NEW,4,2001,2025,2998.085636170444,2868.810395499825,129.27524067061904,,,,,,2916.091359611888,2868.810395499825,2998.085636170444,2996.0709969302397
IND-000026,Lushai Hills,Assam,1951,1981.0,False,ANCHOR,3,1951,1971,21081.143788952166,21081.143788952166,0.0,21081.143788952166,21081.143788952166,21081.143788952166,,,,,,
IND-001198,Majuli,Assam,2021,2025.0,False,NEW,1,2021,2021,787.0629156092028,787.0629156092028,0.0,,,,,,,,787.0629156092028,
IND-001374,Majuli,Assam,2025,,True,NEW,1,2025,2025,1270.1034247225077,1270.1034247225077,0.0,,,,,,,,,1270.1034247225077
IND-000523,Marigaon,Assam,1981,2011.0,False,NEW,3,1981,2001,1632.2227248534912,1632.140233237213,0.08249161627827561,,,,1632.2227248534912,1632.140233237213,1632.140233237213,,,
IND-000424,Mikir Hills,Assam,1971,2021.0,False,NEW,5,1971,2011,10454.006919961925,10282.027432826195,171.97948713572987,,,10282.027432826195,10282.027432826195,10282.032476380751,10282.032476380751,10454.006919961925,,
IND-000045,Mishmi Hills,Assam,1951,1981.0,False,ANCHOR,3,1951,1971,23804.684843820523,23804.684843820523,0.0,23804.684843820523,23804.684843820523,23804.684843820523,,,,,,
IND-001063,Morigaon,Assam,2011,,True,NEW,3,2011,2025,1511.1102233132208,1506.6917540527845,4.418469260436268,,,,,,,1506.6917540527845,1510.9398469347796,1511.1102233132208
IND-000025,Naga Hills,Assam,1951,1961.0,False,ANCHOR,1,1951,1951,10556.163445905764,10556.163445905764,0.0,10556.163445905764,,,,,,,,
IND-000049,Naga Tribal Area,Assam,1951,1981.0,False,ANCHOR,3,1951,1971,6018.659594649014,6018.659594649014,0.0,6018.659594649014,6018.659594649014,6018.659594649014,,,,,,
IND-000524,Nagaon,Assam,1981,2011.0,False,NEW,3,1981,2001,4076.6528671445417,4076.6381600257027,0.014707118838941824,,,,4076.6528671445417,4076.6381600257027,4076.6381600257027,,,
IND-001064,Nagaon,Assam,2011,2021.0,False,NEW,1,2011,2011,3986.014683159142,3986.014683159142,0.0,,,,,,,3986.014683159142,,
IND-001195,Nagaon,Assam,2021,,True,NEW,2,2021,2025,2578.237805267424,2577.6675133153713,0.5702919520526848,,,,,,,,2578.237805267424,2577.6675133153713
IND-000517,Nalbari,Assam,1981,2011.0,False,NEW,3,1981,2001,2141.208839094159,2141.1934239571174,0.015415137041600246,,,,2141.208839094159,2141.1934239571174,2141.1934239571174,,,
IND-001069,Nalbari,Assam,2011,,True,NEW,3,2011,2025,1046.5962287791147,1042.6771735819177,3.91905519719694,,,,,,,1042.6771735819177,1046.5962287791147,1045.5945175572117
IND-000425,North Cachar Hills,Assam,1971,1991.0,False,NEW,2,1971,1981,4896.225097753689,4896.225097753689,0.0,,,4896.225097753689,4896.225097753689,,,,,
IND-000806,North Cachar Hills,Assam,2001,,True,NEW,4,2001,2025,4902.855543357029,4883.621583527882,19.233959829147352,,,,,,4896.204090196497,4902.855543357029,4883.8354566957005,4883.621583527882
IND-000643,North_Cachar_Hills,Assam,1991,2001.0,False,NEW,1,1991,1991,4163.707589233845,4163.707589233845,0.0,,,,,4163.707589233845,,,,
IND-000021,Nowgong,Assam,1951,1981.0,False,ANCHOR,3,1951,1971,5708.704415453749,5708.704415453749,0.0,5708.704415453749,5708.704415453749,5708.704415453749,,,,,,
IND-000022,Sibsagar,Assam,1951,1981.0,False,ANCHOR,3,1951,1971,8936.702410790365,8936.702410790365,0.0,8936.702410790365,8936.702410790365,8936.702410790365,,,,,,
IND-000527,Sibsagar,Assam,1981,2021.0,False,NEW,4,1981,2011,2641.923935510518,2620.057509906646,21.866425603871903,,,,2641.923935510518,2641.895409681941,2641.895409681941,2620.057509906646,,
IND-001192,Sivasagar,Assam,2021,,True,NEW,2,2021,2025,1630.4591761915224,1572.7168015670286,57.74237462449378,,,,,,,,1572.7168015670286,1630.4591761915224
IND-000520,Sonitpur,Assam,1981,2021.0,False,NEW,4,1981,2011,5263.35320851331,5199.65820659401,63.69500191930001,,,,5263.35320851331,5263.306763258943,5263.306763258943,5199.65820659401,,
IND-001194,Sonitpur,Assam,2021,2025.0,False,NEW,1,2021,2021,3445.0678227179933,3445.0678227179933,0.0,,,,,,,,3445.0678227179933,
IND-001375,Sonitpur,Assam,2025,,True,NEW,1,2025,2025,3005.5593358962406,3005.5593358962406,0.0,,,,,,,,,3005.5593358962406
IND-001201,South Salmara Mancachar,Assam,2021,2025.0,False,NEW,1,2021,2021,684.591504463691,684.591504463691,0.0,,,,,,,,684.591504463691,
IND-001376,South Salmara Mancachar,Assam,2025,,True,NEW,1,2025,2025,560.9268125245145,560.9268125245145,0.0,,,,,,,,,560.9268125245145
IND-000529,Tinsukia,Assam,1981,,True,NEW,6,1981,2025,3811.9311553240577,3784.521523674734,27.409631649323728,,,,3784.5383800528425,3784.521523674734,3784.521523674734,3799.9241148758388,3810.850392738811,3811.9311553240577
IND-000047,Tirap Frontier Tract,Assam,1951,1991.0,False,ANCHOR,4,1951,1981,7144.717478804559,7144.717451806543,2.6998015528079122e-05,7144.717478804559,7144.717478804559,7144.717478804559,7144.717451806543,,,,,
IND-001072,Udalguri,Assam,2011,,True,NEW,3,2011,2025,2015.1520455754828,2014.6571181592549,0.494927416227938,,,,,,,2015.1520455754828,2015.0098171161094,2014.6571181592549
IND-000024,United Khasi & Jaintia Hills,Assam,1951,1981.0,False,ANCHOR,3,1951,1971,14088.541902295321,14088.541902295321,0.0,14088.541902295321,14088.541902295321,14088.541902295321,,,,,,
IND-000044,United Mikir And North Cachar Hills,Assam,1951,1971.0,False,ANCHOR,2,1951,1961,15178.317373301981,15178.317373301981,0.0,15178.317373301981,15178.317373301981,,,,,,,
IND-001203,West Karbi Anglong,Assam,2021,,True,NEW,2,2021,2025,3073.029644513825,3072.8071069107364,0.22253760308876736,,,,,,,,3072.8071069107364,3073.029644513825
IND-000102,Raisen,Bhopal,1951,,True,ANCHOR,9,1951,2025,8488.503323709545,8413.24328683883,75.26003687071534,8488.460052684095,8488.460052684095,8488.460052684095,8488.49002959556,8488.503323709545,8488.503323709545,8413.24328683883,8477.301359686666,8477.476610291933
IND-000103,Sehore,Bhopal,1951,1981.0,False,ANCHOR,3,1951,1971,9326.438405497007,9326.438405497007,0.0,9326.438405497007,9326.438405497007,9326.438405497007,,,,,,
IND-000611,Araria,Bihar,1991,,True,NEW,5,1991,2025,2814.249311629958,2759.6246122345883,54.62469939536959,,,,,2814.249311629958,2814.249311629958,2759.6246122345883,2798.724243965973,2790.3634178122793
IND-000991,Arwal,Bihar,2011,,True,NEW,3,2011,2025,639.5961778821693,626.7224278826883,12.873749999480992,,,,,,,626.7224278826883,639.5961778821693,637.8122210117143
IND-000545,Aurangabad,Bihar,1981,,True,NEW,6,1981,2025,3327.3997140106344,3302.913620858585,24.486093152049307,,,,3305.7120493033885,3305.7414373385805,3305.7414373385805,3327.3997140106344,3302.913620858585,3306.126709431467
IND-000767,Banka,Bihar,2001,,True,NEW,4,2001,2025,3077.58325751156,3025.627166606973,51.9560909045872,,,,,,3033.2670903363296,3077.58325751156,3031.547492697714,3025.627166606973
IND-000556,Begusarai,Bihar,1981,,True,NEW,6,1981,2025,1938.174537489302,1885.2929953656792,52.88154212362292,,,,1938.174537489302,1938.158560823307,1938.158560823307,1885.2929953656792,1921.2088327237561,1922.9740100840863
IND-000114,Bhagalpur,Bihar,1951,2001.0,False,ANCHOR,5,1951,1991,5583.547179857449,5583.5020705443785,0.04510931307049759,5583.547179857449,5583.547179857449,5583.547179857449,5583.547116686374,5583.5020705443785,,,,
IND-000766,Bhagalpur,Bihar,2001,,True,NEW,4,2001,2025,2559.173661014934,2550.2676106857984,8.906050329135724,,,,,,2550.2676106857984,2559.173661014934,2554.205411215759,2556.5565984256573
IND-000543,Bhojpur,Bihar,1981,2001.0,False,NEW,2,1981,1991,4094.9306682466026,4094.9179271696253,0.012741076977363264,,,,4094.9306682466026,4094.9179271696253,,,,
IND-000771,Bhojpur,Bihar,2001,,True,NEW,4,2001,2025,2434.4276970751416,2389.73401624167,44.69368083347172,,,,,,2402.186643055268,2434.4276970751416,2425.0049476252148,2389.73401624167
IND-000772,Buxar,Bihar,2001,,True,NEW,4,2001,2025,1702.6186202743602,1665.1743769116028,37.444243362757334,,,,,,1692.6279617377859,1702.6186202743602,1665.1743769116028,1700.6826371489942
IND-000110,Champaran,Bihar,1951,1981.0,False,ANCHOR,3,1951,1971,9204.087187145422,9204.087187145422,0.0,9204.087187145422,9204.087187145422,9204.087187145422,,,,,,
IND-000112,Darbhanga,Bihar,1951,1981.0,False,ANCHOR,3,1951,1971,8702.390506157917,8702.390506157917,0.0,8702.390506157917,8702.390506157917,8702.390506157917,,,,,,
IND-000558,Darbhanga,Bihar,1981,,True,NEW,6,1981,2025,2528.1695875860364,2485.6344821222037,42.53510546383268,,,,2485.653296537163,2485.6344821222037,2485.6344821222037,2528.1695875860364,2508.3509164698617,2517.4303508652442
IND-000612,Deoghar,Bihar,1991,,True,NEW,5,1991,2025,2485.96623124896,2454.4624701027738,31.503761146186207,,,,,2460.8511077592216,2460.8511077592216,2454.4624701027738,2483.6721694286025,2485.96623124896
IND-000122,Dhanbad,Bihar,1951,2001.0,False,ANCHOR,5,1951,1991,2985.7525965428513,2985.749724880524,0.002871662327379454,2985.752307839539,2985.752307839539,2985.752307839539,2985.7525965428513,2985.749724880524,,,,
IND-000628,Dumka,Bihar,1991,2011.0,False,NEW,2,1991,2001,5593.344178329527,5593.344178329527,0.0,,,,,5593.344178329527,5593.344178329527,,,
IND-000107,Gaya,Bihar,1951,1981.0,False,ANCHOR,3,1951,1971,12341.759304097304,12341.759304097304,0.0,12341.759304097304,12341.759304097304,12341.759304097304,,,,,,
IND-000546,Gaya,Bihar,1981,1991.0,False,NEW,1,1981,1981,6555.03320593457,6555.03320593457,0.0,,,,6555.03320593457,,,,,
IND-000613,Gaya,Bihar,1991,,True,NEW,5,1991,2025,4992.510883120812,4968.418817223301,24.09206589751102,,,,,4992.510883120812,4992.510883120812,4986.1302501551645,4968.925783390704,4968.418817223301
IND-000563,Giridih,Bihar,1981,2001.0,False,NEW,2,1981,1991,7431.4188658954445,6879.0701100425,552.3487558529441,,,,6879.0701100425,7431.4188658954445,,,,
IND-000614,Godda,Bihar,1991,,True,NEW,5,1991,2025,2297.422183627111,2262.3875021537287,35.03468147338208,,,,,2267.1217996613263,2267.1217996613263,2297.422183627111,2262.3875021537287,2283.2304778205753
IND-000550,Gopalganj,Bihar,1981,,True,NEW,6,1981,2025,2039.223870807904,2034.9901627150753,4.233708092828692,,,,2035.0089148502723,2034.9901627150753,2034.9901627150753,2037.989087791232,2039.223870807904,2036.4391074778127
IND-000615,Gumla,Bihar,1991,2011.0,False,NEW,2,1991,2001,9114.964677240092,8562.46190368956,552.5027735505319,,,,,8562.46190368956,9114.964677240092,,,
IND-000564,Hazaribag,Bihar,1981,2001.0,False,NEW,2,1981,1991,11159.378512974208,11159.360846013698,0.01766696050981409,,,,11159.378512974208,11159.360846013698,,,,
IND-000119,Hazaribagh,Bihar,1951,1981.0,False,ANCHOR,3,1951,1971,18038.617920050838,18038.617920050838,0.0,18038.617920050838,18038.617920050838,18038.617920050838,,,,,,
IND-000775,Jamui,Bihar,2001,,True,NEW,4,2001,2025,3101.2469715799375,3055.59856623523,45.6484053447075,,,,,,3094.7870902491654,3055.59856623523,3100.332038058533,3101.2469715799375
IND-000616,Jehanabad,Bihar,1991,2011.0,False,NEW,2,1991,2001,1562.3070430128323,1562.3070430128323,0.0,,,,,1562.3070430128323,1562.3070430128323,,,
IND-000990,Jehanabad,Bihar,2011,,True,NEW,3,2011,2025,939.0167749290522,915.3431065169948,23.673668412057395,,,,,,,915.3431065169948,939.0167749290522,937.6816458992674
IND-000773,Kaimur (Bhabua),Bihar,2001,,True,NEW,4,2001,2025,3369.547774507408,3338.5959684736004,30.95180603380777,,,,,,3343.9076893378847,3338.5959684736004,3368.1638867754705,3369.547774507408
IND-000561,Katihar,Bihar,1981,,True,NEW,6,1981,2025,3072.2202469006265,3025.0545853590493,47.165661541577265,,,,3025.0575983286535,3025.0545853590493,3025.0545853590493,3072.2202469006265,3037.4629960688467,3044.0043350438204
IND-000617,Khagaria,Bihar,1991,,True,NEW,5,1991,2025,1492.9695367542538,1481.0781691819543,11.891367572299487,,,,,1481.0781691819543,1481.0781691819543,1487.690831771771,1492.9695367542538,1492.506001453809
IND-000618,Kishanganj,Bihar,1991,,True,NEW,5,1991,2025,1980.5652923868877,1920.838990037496,59.726302349391744,,,,,1936.1510363077173,1936.1510363077173,1920.838990037496,1980.5652923868877,1929.1325295101221
IND-000769,Lakhisarai,Bihar,2001,,True,NEW,4,2001,2025,1295.1654224432239,1211.0280605540493,84.1373618891746,,,,,,1211.0280605540493,1295.1654224432239,1216.6172440796959,1220.7124759058709
IND-000619,Lohardaga,Bihar,1991,,True,NEW,5,1991,2025,1579.529693577227,1492.4072590152123,87.12243456201463,,,,,1492.4072590152123,1492.4072590152123,1579.529693577227,1501.2891024857188,1506.2625093669585
IND-000620,Madhepura,Bihar,1991,,True,NEW,5,1991,2025,1813.859168051643,1777.273128746645,36.58603930499817,,,,,1813.859168051643,1813.859168051643,1777.273128746645,1798.822475121125,1807.6342693615145
IND-000559,Madhubani,Bihar,1981,,True,NEW,6,1981,2025,3502.4825193027536,3448.0305252700846,54.45199403266906,,,,3502.4393875517994,3502.4825193027536,3502.4825193027536,3448.0305252700846,3501.110795688781,3501.3129069909787
IND-000121,Manbhum (Purulia),Bihar,1951,1961.0,False,ANCHOR,1,1951,1951,7830.0420150836535,7830.0420150836535,0.0,7830.0420150836535,,,,,,,,
IND-000113,Monghyar,Bihar,1951,1981.0,False,ANCHOR,3,1951,1971,10289.112219087414,9825.28184221673,463.83037687068463,10289.112219087414,10289.112219087414,9825.28184221673,,,,,,
IND-000562,Munger,Bihar,1981,1991.0,False,NEW,1,1981,1981,7887.115520686004,7887.115520686004,0.0,,,,7887.115520686004,,,,,
IND-000621,Munger,Bihar,1991,2001.0,False,NEW,1,1991,1991,6405.989090355114,6405.989090355114,0.0,,,,,6405.989090355114,,,,
IND-000768,Munger,Bihar,2001,,True,NEW,4,2001,2025,1431.9014196866117,1394.7449729205327,37.15644676607894,,,,,,1431.9014196866117,1394.7449729205327,1411.5330051238782,1411.5168997217847
IND-000554,Muzaffarpur,Bihar,1981,,True,NEW,6,1981,2025,3211.6446153303104,3167.006266877068,44.63834845324254,,,,3167.0386688654066,3167.006266877068,3167.006266877068,3211.6446153303104,3178.586845592611,3178.866527864484
IND-000111,Muzzaffarpur,Bihar,1951,1981.0,False,ANCHOR,3,1951,1971,7795.514249554497,7795.514249554497,0.0,7795.514249554497,7795.514249554497,7795.514249554497,,,,,,
IND-000542,Nalanda,Bihar,1981,,True,NEW,6,1981,2025,2378.732897715948,2319.4449071646145,59.28799055133368,,,,2378.732897715948,2378.710875941222,2378.710875941222,2319.4449071646145,2354.191727741097,2368.4544821892882
IND-000547,Nawada,Bihar,1981,,True,NEW,6,1981,2025,2502.8006597633243,2481.1294262539122,21.671233509412104,,,,2481.1294262539122,2481.154427699977,2481.154427699977,2502.8006597633243,2492.231836081193,2491.7053698523696
IND-000123,Palamau,Bihar,1951,2001.0,False,ANCHOR,5,1951,1991,12750.339013515892,12750.310276259695,0.02873725619610923,12750.310276259695,12750.310276259695,12750.310276259695,12750.339013515892,12750.333480171043,,,,
IND-000551,Pashchim Champaran,Bihar,1981,,True,NEW,6,1981,2025,5244.378440158545,5229.866288198286,14.512151960258961,,,,5236.669329716247,5236.703409055724,5236.703409055724,5244.378440158545,5233.735137575983,5229.866288198286
IND-000622,Pashchimi_Singhbhum,Bihar,1991,2011.0,False,NEW,2,1991,2001,9899.482822783024,9899.482822783024,0.0,,,,,9899.482822783024,9899.482822783024,,,
IND-000106,Patna,Bihar,1951,1981.0,False,ANCHOR,3,1951,1971,5606.499909467111,5606.499909467111,0.0,5606.499909467111,5606.499909467111,5606.499909467111,,,,,,
IND-000541,Patna,Bihar,1981,,True,NEW,6,1981,2025,3308.9915441601684,3195.0921187918334,113.89942536833496,,,,3227.720216619503,3227.7270680775005,3227.7270680775005,3308.9915441601684,3211.66293756631,3195.0921187918334
IND-000552,Purbi Champaran,Bihar,1981,,True,NEW,6,1981,2025,3996.694471078824,3967.5174826318616,29.17698844696224,,,,3967.541554763434,3967.5174826318616,3967.5174826318616,3996.694471078824,3970.0335994444176,3972.1288382796306
IND-000623,Purbi_Singhbhum,Bihar,1991,,True,NEW,5,1991,2025,3569.5158760187473,3551.6615322360176,17.854343782729757,,,,,3569.5158760187473,3569.5158760187473,3551.6615322360176,3562.5499219781154,3555.4313881542635
IND-000117,Purnea,Bihar,1951,1981.0,False,ANCHOR,3,1951,1971,11445.678543833857,10980.479973380885,465.1985704529725,11445.678543833857,10980.479973380885,10980.479973380885,,,,,,
IND-000560,Purnia,Bihar,1981,1991.0,False,NEW,1,1981,1981,7955.404411519088,7955.404411519088,0.0,,,,7955.404411519088,,,,,
IND-000624,Purnia,Bihar,1991,,True,NEW,5,1991,2025,3229.3981544639455,3205.1139026208075,24.28425184313801,,,,,3205.1139026208075,3205.1139026208075,3220.0796026798503,3222.0822635298605,3229.3981544639455
IND-000120,Ranchi,Bihar,1951,1991.0,False,ANCHOR,4,1951,1981,18258.419461500267,18258.41543982621,0.004021674056275515,18258.419461500267,18258.419461500267,18258.419461500267,18258.41543982621,,,,,
IND-000625,Ranchi,Bihar,1991,2011.0,False,NEW,2,1991,2001,7651.21934868889,7651.21934868889,0.0,,,,,7651.21934868889,7651.21934868889,,,
IND-000544,Rohtas,Bihar,1981,2001.0,False,NEW,2,1981,1991,7225.164621925851,7225.163126117326,0.0014958085248508723,,,,7225.163126117326,7225.164621925851,,,,
IND-000774,Rohtas,Bihar,2001,,True,NEW,4,2001,2025,3881.222056058301,3843.7370817181486,37.48497434015235,,,,,,3881.222056058301,3861.782419820414,3843.7370817181486,3846.6429041706847
IND-000115,Saharsa,Bihar,1951,1991.0,False,ANCHOR,4,1951,1981,5894.935645083876,5431.104033158387,463.8316119254887,5431.104033158387,5431.104033158387,5894.935233607842,5894.935645083876,,,,,
IND-000626,Saharsa,Bihar,1991,2001.0,False,NEW,1,1991,1991,4081.1590558337907,4081.1590558337907,0.0,,,,,4081.1590558337907,,,,
IND-000765,Saharsa,Bihar,2001,,True,NEW,4,2001,2025,1709.916588776825,1664.9704384216734,44.94615035515153,,,,,,1664.9704384216734,1709.916588776825,1668.5721137860803,1668.341854258928
IND-000627,Sahibganj,Bihar,1991,2001.0,False,NEW,1,1991,1991,3930.9029986303653,3930.9029986303653,0.0,,,,,3930.9029986303653,,,,
IND-000557,Samastipur,Bihar,1981,,True,NEW,6,1981,2025,2714.290360202919,2600.007452249854,114.2829079530652,,,,2714.225177362466,2714.290360202919,2714.290360202919,2600.007452249854,2686.500276283795,2673.874310665419
IND-000118,Santhal Parganas,Bihar,1951,1991.0,False,ANCHOR,4,1951,1981,14252.123424565845,14252.123337357278,8.720856749278028e-05,14252.123424565845,14252.123424565845,14252.123424565845,14252.123337357278,,,,,
IND-000109,Saran,Bihar,1951,1981.0,False,ANCHOR,3,1951,1971,6902.697169128855,6902.697169128855,0.0,6902.697169128855,6902.697169128855,6902.697169128855,,,,,,
IND-000548,Saran,Bihar,1981,,True,NEW,6,1981,2025,2680.9370743122777,2638.6862064433053,42.250867868972364,,,,2650.875446571274,2650.8620511272816,2650.8620511272816,2638.6862064433053,2680.9370743122777,2641.1102360517416
IND-000108,Shahabad,Bihar,1951,1981.0,False,ANCHOR,3,1951,1971,11320.00803793858,11320.00803793858,0.0,11320.00803793858,11320.00803793858,11320.00803793858,,,,,,
IND-000770,Sheikhpura,Bihar,2001,2011.0,False,NEW,1,2001,2001,668.4336572419069,668.4336572419069,0.0,,,,,,668.4336572419069,,,
IND-000989,Sheikhpura,Bihar,2011,2021.0,False,NEW,1,2011,2011,642.7040918161066,642.7040918161066,0.0,,,,,,,642.7040918161066,,
IND-001133,Sheikhpura,Bihar,2021,,True,NEW,2,2021,2025,690.0143701158685,678.5772634831106,11.437106632757832,,,,,,,,690.0143701158685,678.5772634831106
IND-000762,Sheohar,Bihar,2001,,True,NEW,4,2001,2025,447.0828762610778,441.8194888744497,5.2633873866280965,,,,,,444.1671057833394,447.0828762610778,441.8194888744497,444.55557303985756
IND-000124,Singhbhum,Bihar,1951,1961.0,False,ANCHOR,1,1951,1951,11930.184848867302,11930.184848867302,0.0,11930.184848867302,,,,,,,,
IND-000374,Singhbhum,Bihar,1961,1991.0,False,NEW,3,1961,1981,13469.032827303636,13468.991605306794,0.04122199684206862,,13468.991605306794,13468.991605306794,13469.032827303636,,,,,
IND-000553,Sitamarhi,Bihar,1981,2001.0,False,NEW,2,1981,1991,2623.2209773494837,2623.1900820179985,0.030895331485226052,,,,2623.1900820179985,2623.2209773494837,,,,
IND-000763,Sitamarhi,Bihar,2001,,True,NEW,4,2001,2025,2191.741377123199,2154.601796078856,37.13958104434323,,,,,,2179.0757411093027,2154.601796078856,2191.741377123199,2189.6494965634465
IND-000549,Siwan,Bihar,1981,,True,NEW,6,1981,2025,2226.3153223486634,2214.5520854901924,11.763236858470918,,,,2216.6147347609412,2216.6342906914665,2216.6342906914665,2226.3153223486634,2214.5520854901924,2220.293653930014
IND-000764,Supaul,Bihar,2001,,True,NEW,4,2001,2025,2464.73695270167,2416.3136661746416,48.42328652702827,,,,,,2416.3136661746416,2464.73695270167,2418.9132208851743,2421.490002756812
IND-000555,Vaishali,Bihar,1981,,True,NEW,6,1981,2025,2037.7167614001678,1988.8783547591242,48.83840664104355,,,,2005.2464127643073,2005.2340028149938,2005.2340028149938,2015.4258766180687,1988.8783547591242,2037.7167614001678
IND-000104,Bilaspur,Bilaspur,1951,,True,ANCHOR,9,1951,2025,1196.3387803786213,1162.7045878148372,33.634192563784154,1162.7045878148372,1162.7045878148372,1162.7045878148372,1162.704855969749,1162.7598199850195,1162.7598199850195,1196.3387803786213,1165.810278509279,1165.7181484584978
IND-000157,Ahmadnagar,Bombay,1951,,True,ANCHOR,9,1951,2025,17123.06156592774,17095.803738918006,27.257827009732864,17123.05512533125,17123.05512533125,17123.05512533125,17123.06156592774,17123.02525978547,17123.02525978547,17098.675628377136,17099.120322586085,17095.803738918006
IND-000150,Ahmedabad,Bombay,1951,2021.0,False,ANCHOR,7,1951,2011,9227.909743127711,7972.673783125995,1255.2359600017162,9227.909743127711,9227.909743127711,8552.991185415114,8553.00525426247,8552.826497498552,7972.673783125995,8122.693000586835,,
IND-000148,Amreli,Bombay,1951,1961.0,False,ANCHOR,1,1951,1951,4631.615725629937,4631.615725629937,0.0,4631.615725629937,,,,,,,,
IND-000145,Banaskantha,Bombay,1951,1961.0,False,ANCHOR,1,1951,1951,11601.093587253092,11601.093587253092,0.0,11601.093587253092,,,,,,,,
IND-000149,Baroda,Bombay,1951,2021.0,False,ANCHOR,7,1951,2011,7800.102601057788,7541.239968640652,258.8626324171364,7800.102601057788,7800.102601057788,7541.274457765628,7541.283268758874,7800.06828525283,7541.239968640652,7560.107478888427,,
IND-000167,Belgaum,Bombay,1951,,True,ANCHOR,9,1951,2025,14351.982078365727,13363.521172561006,988.4609058047208,14351.982078365727,13363.623103196956,13363.623103196956,13363.521172561006,13363.573775925326,13363.573775925326,13371.999996962502,13418.30574576851,13434.08290056049
IND-000168,Bijapur,Bombay,1951,2001.0,False,ANCHOR,5,1951,1991,17080.889373353533,17080.82273077316,0.06664258037199033,17080.82273077316,17080.82273077316,17080.82273077316,17080.889373353533,17080.874686520565,,,,
IND-000153,Broach,Bombay,1951,2001.0,False,ANCHOR,5,1951,1991,7751.852485502944,7493.035860762011,258.81662474093264,7493.035860762011,7493.035860762011,7751.852485502944,7751.852039390473,7493.071878274284,,,,
IND-000161,Dangs,Bombay,1951,,True,ANCHOR,9,1951,2025,1766.314452734208,1711.1103107136553,55.20414202055281,1711.12111617942,1711.12111617942,1711.12111617942,1711.1103107136553,1711.1114173463338,1711.1114173463338,1759.754134016813,1762.218180704761,1766.314452734208
IND-000169,Dharwar,Bombay,1951,2001.0,False,ANCHOR,5,1951,1991,13721.905113886787,13721.858592257608,0.04652162917955138,13721.905113886787,13721.905113886787,13721.905113886787,13721.858592257608,13721.903139239555,,,,
IND-000158,East Khandesh,Bombay,1951,,True,ANCHOR,9,1951,2025,12006.65025947563,11751.781415394242,254.86884408138758,12006.622165857487,12006.622165857487,12006.622165857487,12006.65025947563,12006.580922254865,12006.580922254865,11882.838340106196,11751.781415394242,11792.150939277988
IND-000144,Greater Bombay,Bombay,1951,2001.0,False,ANCHOR,5,1951,1991,422.4583997610909,422.4341336505767,0.024266110514190586,422.4341336505767,422.4341336505767,422.4341336505767,422.43417271016455,422.4583997610909,,,,
IND-000151,Kaira,Bombay,1951,2001.0,False,ANCHOR,5,1951,1991,7149.583093413756,7149.513523066068,0.0695703476876588,7149.513523066068,7149.513523066068,7149.513523066068,7149.5140948901135,7149.583093413756,,,,
IND-000170,Kanara,Bombay,1951,,True,ANCHOR,9,1951,2025,10304.68257103806,10275.369178674171,29.313392363888852,10304.668171666925,10304.668171666925,10304.668171666925,10304.68257103806,10304.640098777974,10304.640098777974,10294.469441620662,10275.369178674171,10276.840816103975
IND-000166,Kolaba,Bombay,1951,,True,ANCHOR,9,1951,2025,7024.29005481133,6948.512179259216,75.77787555211398,6948.530430614036,6948.530430614036,6948.530430614036,6948.520452747498,6948.512179259216,6948.512179259216,6966.972202938657,7024.29005481133,6980.590611765371
IND-000173,Kolhapur,Bombay,1951,1961.0,False,ANCHOR,1,1951,1951,7248.755506224509,7248.755506224509,0.0,7248.755506224509,,,,,,,,
IND-000147,Mehsana,Bombay,1951,1961.0,False,ANCHOR,1,1951,1951,10934.940895357713,10934.940895357713,0.0,10934.940895357713,,,,,,,,
IND-000160,Nashik,Bombay,1951,,True,ANCHOR,9,1951,2025,15514.978284000943,15414.069841838058,100.90844216288497,15414.100081042134,15414.100081042134,15414.100081042134,15414.10171139362,15414.069841838058,15414.069841838058,15478.454569194337,15510.221526634496,15514.978284000943
IND-000152,Panchmahals,Bombay,1951,2001.0,False,ANCHOR,5,1951,1991,8891.957069089576,8891.89904771086,0.05802137871614832,8891.899851456306,8891.899851456306,8891.899851456306,8891.89904771086,8891.957069089576,,,,
IND-000162,Poona,Bombay,1951,,True,ANCHOR,9,1951,2025,15651.624273676787,15609.739655680598,41.88461799618926,15609.739655680598,15609.739655680598,15609.739655680598,15609.767717091487,15609.785943321405,15609.785943321405,15636.447500056322,15651.455668818611,15651.624273676787
IND-000171,Ratnagiri,Bombay,1951,1991.0,False,ANCHOR,4,1951,1981,13378.296173600285,12960.567802648538,417.7283709517469,12960.567802648538,12960.567802648538,12960.567802648538,13378.296173600285,,,,,
IND-000146,Sabarkantha,Bombay,1951,2021.0,False,ANCHOR,7,1951,2011,7713.37974195882,7403.317811423555,310.06193053526476,7403.3182680479495,7403.3182680479495,7403.3182680479495,7403.317811423555,7403.330451914849,7403.330451914849,7713.37974195882,,
IND-000163,Satara North,Bombay,1951,,True,ANCHOR,9,1951,2025,10613.664628398174,10477.100456175389,136.5641722227847,10537.11480067587,10537.11480067587,10537.11480067587,10537.109252748925,10537.076487661281,10537.076487661281,10613.664628398174,10477.100456175389,10477.339767726357
IND-000172,Satara South,Bombay,1951,,True,ANCHOR,9,1951,2025,8606.633576108408,8518.350475102869,88.28310100553972,8527.120646298748,8527.120646298748,8527.120646298748,8527.055688612185,8527.108231748009,8527.108231748009,8518.350475102869,8606.633576108408,8605.940503597849
IND-000164,Sholapur,Bombay,1951,,True,ANCHOR,9,1951,2025,14889.204335529601,14810.739637909268,78.46469762033303,14889.204335529601,14889.204335529601,14889.204335529601,14889.117672901899,14889.160090721205,14889.160090721205,14810.739637909268,14865.280305113072,14857.43527570467
IND-000155,Surat,Bombay,1951,1971.0,False,ANCHOR,2,1951,1961,12625.329167375983,12625.329167375983,0.0,12625.329167375983,12625.329167375983,,,,,,,
IND-000156,Thana,Bombay,1951,2021.0,False,ANCHOR,7,1951,2011,9553.88511364411,9386.31299907178,167.57211457232916,9386.31299907178,9386.31299907178,9386.31299907178,9386.339545654615,9386.34520834068,9386.34520834068,9553.88511364411,,
IND-000159,West Khandesh,Bombay,1951,2001.0,False,ANCHOR,5,1951,1991,13192.201650063012,13192.191508821978,0.01014124103494396,13192.191508821978,13192.191508821978,13192.191508821978,13192.201650063012,13192.198549347566,,,,
IND-000373,Chandigarh,Chandigarh,1961,1971.0,False,NEW,1,1961,1961,1478.7419048444083,1478.7419048444083,0.0,,1478.7419048444083,,,,,,,
IND-000428,Chandigarh,Chandigarh,1971,,True,NEW,7,1971,2025,118.10678089127093,114.0623009051344,4.044479986136523,,,114.06279465581083,114.0623009051344,114.06241543520416,114.06241543520416,118.10678089127093,114.63006029894272,114.73253747175549
IND-001222,Balod,Chhattisgarh,2021,,True,NEW,2,2021,2025,3369.085922422158,3368.914090652495,0.1718317696631857,,,,,,,,3368.914090652495,3369.085922422158
IND-001225,Baloda Bazar,Chhattisgarh,2021,,True,NEW,2,2021,2025,4667.5214283474015,4666.846611667777,0.6748166796242003,,,,,,,,4666.846611667777,4667.5214283474015
IND-001228,Balrampur,Chhattisgarh,2021,,True,NEW,2,2021,2025,6270.429749685652,6262.941226717153,7.488522968498728,,,,,,,,6262.941226717153,6270.429749685652
IND-001223,Bametara,Chhattisgarh,2021,2025.0,False,NEW,1,2021,2021,2865.3426023560155,2865.3426023560155,0.0,,,,,,,,2865.3426023560155,
IND-000860,Bastar,Chhattisgarh,2001,2011.0,False,NEW,1,2001,2001,11380.833455543801,11380.833455543801,0.0,,,,,,11380.833455543801,,,
IND-000940,Bastar,Chhattisgarh,2011,2021.0,False,NEW,1,2011,2011,10561.576512388689,10561.576512388689,0.0,,,,,,,10561.576512388689,,
IND-001217,Bastar,Chhattisgarh,2021,,True,NEW,2,2021,2025,5590.22508659545,5399.345994185251,190.87909241019952,,,,,,,,5590.22508659545,5399.345994185251
IND-001320,Bemetara,Chhattisgarh,2025,,True,NEW,1,2025,2025,2238.168923143164,2238.168923143164,0.0,,,,,,,,,2238.168923143164
IND-000943,Bijapur,Chhattisgarh,2011,2021.0,False,NEW,1,2011,2011,8191.851133304394,8191.851133304394,0.0,,,,,,,8191.851133304394,,
IND-001229,Bijapur,Chhattisgarh,2021,,True,NEW,2,2021,2025,9248.371836155036,8802.198700059958,446.173136095078,,,,,,,,8802.198700059958,9248.371836155036
IND-000853,Bilaspur,Chhattisgarh,2001,2021.0,False,NEW,2,2001,2011,8389.832244797397,8295.889627932056,93.94261686534082,,,,,,8295.889627932056,8389.832244797397,,
IND-001230,Bilaspur,Chhattisgarh,2021,2025.0,False,NEW,1,2021,2021,5544.4230178450925,5544.4230178450925,0.0,,,,,,,,5544.4230178450925,
IND-001321,Bilaspur,Chhattisgarh,2025,,True,NEW,1,2025,2025,3543.944719629447,3543.944719629447,0.0,,,,,,,,,3543.944719629447
IND-000942,Dakshin Bastar Dantewada,Chhattisgarh,2011,2021.0,False,NEW,1,2011,2011,8602.775164965506,8602.775164965506,0.0,,,,,,,8602.775164965506,,
IND-001216,Dakshin Bastar Dantewada,Chhattisgarh,2021,2025.0,False,NEW,1,2021,2021,3267.393406078868,3267.393406078868,0.0,,,,,,,,3267.393406078868,
IND-001327,Dakshin Bastar Dantewada,Chhattisgarh,2025,,True,NEW,1,2025,2025,2820.2146093135016,2820.2146093135016,0.0,,,,,,,,,2820.2146093135016
IND-000861,Dantewada,Chhattisgarh,2001,2011.0,False,NEW,1,2001,2001,20514.976985628567,20514.976985628567,0.0,,,,,,20514.976985628567,,,
IND-000858,Dhamtari,Chhattisgarh,2001,,True,NEW,4,2001,2025,4159.316375595311,4079.7352095240594,79.58116607125157,,,,,,4079.7352095240594,4159.316375595311,4086.5391308253506,4086.661201845542
IND-001221,Durg,Chhattisgarh,2021,,True,NEW,2,2021,2025,2297.595035350104,2297.5504895776285,0.04454577247543057,,,,,,,,2297.595035350104,2297.5504895776285
IND-001219,Gariaband,Chhattisgarh,2021,,True,NEW,2,2021,2025,4844.438027608497,4839.118509898371,5.319517710126092,,,,,,,,4839.118509898371,4844.438027608497
IND-001322,Gaurela-Pendra-Marwahi,Chhattisgarh,2025,,True,NEW,1,2025,2025,1994.2731325151938,1994.2731325151938,0.0,,,,,,,,,1994.2731325151938
IND-000852,Janjgir - Champa,Chhattisgarh,2001,2025.0,False,NEW,3,2001,2021,3879.252460092769,3860.958288397855,18.294171694913985,,,,,,3879.252460092769,3860.958288397855,3862.7332828678286,
IND-001331,Janjgir - Champa,Chhattisgarh,2025,,True,NEW,1,2025,2025,4489.310543182985,4489.310543182985,0.0,,,,,,,,,4489.310543182985
IND-000849,Jashpur,Chhattisgarh,2001,,True,NEW,4,2001,2025,5876.078401311067,5849.593336259953,26.48506505111436,,,,,,5876.078401311067,5867.036377816723,5849.593336259953,5850.714326777809
IND-000859,Kanker,Chhattisgarh,2001,,True,NEW,4,2001,2025,7239.028613937452,7145.774626656422,93.25398728103028,,,,,,7239.028613937452,7145.774626656422,7189.079925840784,7190.703437931094
IND-000854,Kawardha,Chhattisgarh,2001,,True,NEW,4,2001,2025,4213.241173465679,4166.3254073221515,46.915766143527435,,,,,,4213.241173465679,4166.3254073221515,4197.035261771914,4195.191338022867
IND-001218,Kondagaon,Chhattisgarh,2021,,True,NEW,2,2021,2025,5077.901482527202,5077.82020437052,0.08127815668194671,,,,,,,,5077.82020437052,5077.901482527202
IND-000851,Korba,Chhattisgarh,2001,,True,NEW,4,2001,2025,6613.356962264158,6597.795632971849,15.561329292308983,,,,,,6602.6028780373335,6613.356962264158,6605.4779101198665,6597.795632971849
IND-000847,Koriya,Chhattisgarh,2001,,True,NEW,4,2001,2025,6610.0442099822885,6548.125205334779,61.91900464750961,,,,,,6589.765023243174,6548.125205334779,6610.0442099822885,6602.776356855198
IND-000857,Mahasamund,Chhattisgarh,2001,,True,NEW,4,2001,2025,4757.2802433723355,4700.6743848666065,56.605858505728975,,,,,,4738.910776417443,4700.6743848666065,4757.2802433723355,4752.068256032389
IND-001226,Mungeli,Chhattisgarh,2021,,True,NEW,2,2021,2025,2776.897504523124,2772.2793076245134,4.618196898610677,,,,,,,,2772.2793076245134,2776.897504523124
IND-000941,Narayanpur,Chhattisgarh,2011,2021.0,False,NEW,1,2011,2011,4910.951280325872,4910.951280325872,0.0,,,,,,,4910.951280325872,,
IND-001215,Narayanpur,Chhattisgarh,2021,,True,NEW,2,2021,2025,3900.610583675584,3891.38418019012,9.226403485464289,,,,,,,,3891.38418019012,3900.610583675584
IND-000850,Raigarh,Chhattisgarh,2001,,True,NEW,4,2001,2025,7183.724709085952,7036.922823592673,146.80188549327886,,,,,,7183.724709085952,7036.922823592673,7039.169974591619,7045.590175516408
IND-000856,Raipur,Chhattisgarh,2001,2021.0,False,NEW,2,2001,2011,12766.44448476108,12545.692191244243,220.7522935168363,,,,,,12766.44448476108,12545.692191244243,,
IND-001220,Raipur,Chhattisgarh,2021,,True,NEW,2,2021,2025,2904.5398662493853,2904.424708708804,0.11515754058154926,,,,,,,,2904.424708708804,2904.5398662493853
IND-000855,Rajnandgaon,Chhattisgarh,2001,,True,NEW,4,2001,2025,8171.4203638715035,8051.61517875656,119.80518511494301,,,,,,8051.61517875656,8171.4203638715035,8069.374931166961,8070.462190396033
IND-001231,Sukma,Chhattisgarh,2021,,True,NEW,2,2021,2025,5478.755132010834,5274.410766981711,204.34436502912286,,,,,,,,5274.410766981711,5478.755132010834
IND-001224,Surajpur,Chhattisgarh,2021,,True,NEW,2,2021,2025,5455.047325859874,5454.156019133874,0.8913067260000389,,,,,,,,5454.156019133874,5455.047325859874
IND-000848,Surguja,Chhattisgarh,2001,2021.0,False,NEW,2,2001,2011,15765.011121275411,15725.646326213278,39.36479506213254,,,,,,15725.646326213278,15765.011121275411,,
IND-001227,Surguja,Chhattisgarh,2021,,True,NEW,2,2021,2025,4007.4739656544716,4005.7489724512598,1.7249932032118522,,,,,,,,4007.4739656544716,4005.7489724512598
IND-000105,Coorg,Coorg,1951,,True,ANCHOR,9,1951,2025,4133.783082262012,4102.828343259057,30.95473900295474,4133.773254007996,4133.773254007996,4133.773254007996,4133.772530755129,4133.783082262012,4133.783082262012,4104.29602699854,4109.554798864384,4102.828343259057
IND-000165,Dadra & Nagar Haveli,Dadra & Nagar Haveli,1951,2011.0,False,ANCHOR,6,1951,2001,492.12733109600066,492.1154473233668,0.011883772633836998,492.1155937979262,492.1155937979262,492.1155937979262,492.1154473233668,492.12733109600066,492.12733109600066,,,
IND-001326,Daman,Dadra & Nagar Haveli & Daman & Diu,2025,,True,NEW,1,2025,2025,71.4593952527179,71.4593952527179,0.0,,,,,,,,,71.4593952527179
IND-001352,Diu,Dadra & Nagar Haveli & Daman & Diu,2025,,True,NEW,1,2025,2025,38.874918514841895,38.874918514841895,0.0,,,,,,,,,38.874918514841895
IND-001075,Dadra & Nagar Haveli,Dadra And Nagar Haveli,2011,2021.0,False,NEW,1,2011,2011,505.4783775075693,505.4783775075693,0.0,,,,,,,505.4783775075693,,
IND-001256,Dadra & Nagar Haveli,Dadra and Nagar Haveli,2021,,True,NEW,2,2021,2025,495.95009070442245,490.15597439286705,5.794116311555399,,,,,,,,495.95009070442245,490.15597439286705
IND-000174,Daman,Daman,1951,2011.0,False,ANCHOR,6,1951,2001,59.28463301541835,59.28297865305789,0.0016543623604619029,59.28358415889889,59.28358415889889,59.28463301541835,59.28412161084316,59.28297865305789,59.28297865305789,,,
IND-001255,Diu,Daman & Diu,2021,2025.0,False,NEW,1,2021,2021,33.51259504119589,33.51259504119589,0.0,,,,,,,,33.51259504119589,
IND-001074,Daman,Daman And Diu,2011,2025.0,False,NEW,2,2011,2021,58.401559970717194,54.513245898893,3.8883140718241975,,,,,,,54.513245898893,58.401559970717194,
IND-001073,Diu,Daman And Diu,2011,2021.0,False,NEW,1,2011,2011,37.746318500804136,37.746318500804136,0.0,,,,,,,37.746318500804136,,
IND-000709,Central,Delhi,2001,2011.0,False,NEW,1,2001,2001,15.026797016577724,15.026797016577724,0.0,,,,,,15.026797016577724,,,
IND-000975,Central,Delhi,2011,2021.0,False,NEW,1,2011,2011,19.627592907560818,19.627592907560818,0.0,,,,,,,19.627592907560818,,
IND-001116,Central,Delhi,2021,2025.0,False,NEW,1,2021,2021,92.17644794994845,92.17644794994845,0.0,,,,,,,,92.17644794994845,
IND-001324,Central,Delhi,2025,,True,NEW,1,2025,2025,106.60207859436211,106.60207859436211,0.0,,,,,,,,,106.60207859436211
IND-000116,Delhi,Delhi,1951,2001.0,False,ANCHOR,5,1951,1991,1467.8300703301863,1467.829651028918,0.0004193012682662811,1467.829651028918,1467.829651028918,1467.829651028918,1467.8299131080325,1467.8300703301863,,,,
IND-000707,East,Delhi,2001,2021.0,False,NEW,2,2001,2011,70.96017046231076,70.75049775110703,0.20967271120372288,,,,,,70.75049775110703,70.96017046231076,,
IND-001114,East,Delhi,2021,2025.0,False,NEW,1,2021,2021,43.924302965336715,43.924302965336715,0.0,,,,,,,,43.924302965336715,
IND-001328,East,Delhi,2025,,True,NEW,1,2025,2025,31.52623374626431,31.52623374626431,0.0,,,,,,,,,31.52623374626431
IND-000708,New Delhi,Delhi,2001,2011.0,False,NEW,1,2001,2001,37.909151826886806,37.909151826886806,0.0,,,,,,37.909151826886806,,,
IND-000974,New Delhi,Delhi,2011,2021.0,False,NEW,1,2011,2011,35.86031635357003,35.86031635357003,0.0,,,,,,,35.86031635357003,,
IND-001117,New Delhi,Delhi,2021,,True,NEW,2,2021,2025,157.11028205164723,156.69041127581815,0.4198707758290823,,,,,,,,157.11028205164723,156.69041127581815
IND-000705,North,Delhi,2001,2011.0,False,NEW,1,2001,2001,69.18608124393108,69.18608124393108,0.0,,,,,,69.18608124393108,,,
IND-000972,North,Delhi,2011,2021.0,False,NEW,1,2011,2011,62.19071353877725,62.19071353877725,0.0,,,,,,,62.19071353877725,,
IND-001112,North,Delhi,2021,,True,NEW,2,2021,2025,291.42942433058056,286.8950891333297,4.5343351972508685,,,,,,,,286.8950891333297,291.42942433058056
IND-000706,North East,Delhi,2001,2011.0,False,NEW,1,2001,2001,48.13271838060808,48.13271838060808,0.0,,,,,,48.13271838060808,,,
IND-000973,North East,Delhi,2011,2021.0,False,NEW,1,2011,2011,54.46544335949743,54.46544335949743,0.0,,,,,,,54.46544335949743,,
IND-001113,North East,Delhi,2021,2025.0,False,NEW,1,2021,2021,34.45738796551392,34.45738796551392,0.0,,,,,,,,34.45738796551392,
IND-001337,North East,Delhi,2025,,True,NEW,1,2025,2025,35.33411597499762,35.33411597499762,0.0,,,,,,,,,35.33411597499762
IND-000704,North West,Delhi,2001,2011.0,False,NEW,1,2001,2001,395.6674479016636,395.6674479016636,0.0,,,,,,395.6674479016636,,,
IND-000971,North West,Delhi,2011,2021.0,False,NEW,1,2011,2011,458.36135759278613,458.36135759278613,0.0,,,,,,,458.36135759278613,,
IND-001121,North West,Delhi,2021,,True,NEW,2,2021,2025,154.93849143236636,153.94728830475466,0.9912031276116977,,,,,,,,154.93849143236636,153.94728830475466
IND-001119,Shahdara,Delhi,2021,,True,NEW,2,2021,2025,36.12157767492555,34.39033111240067,1.7312465625248734,,,,,,,,36.12157767492555,34.39033111240067
IND-000712,South,Delhi,2001,2021.0,False,NEW,2,2001,2011,276.12906284745236,270.1248749966612,6.004187850791141,,,,,,270.1248749966612,276.12906284745236,,
IND-001118,South,Delhi,2021,,True,NEW,2,2021,2025,162.91152046926345,159.33467888265608,3.5768415866073724,,,,,,,,162.91152046926345,159.33467888265608
IND-001120,South East,Delhi,2021,,True,NEW,2,2021,2025,101.59505683239126,101.41963917838652,0.17541765400474674,,,,,,,,101.59505683239126,101.41963917838652
IND-000711,South West,Delhi,2001,2011.0,False,NEW,1,2001,2001,405.2254382514587,405.2254382514587,0.0,,,,,,405.2254382514587,,,
IND-000977,South West,Delhi,2011,2021.0,False,NEW,1,2011,2011,415.03411761464355,415.03411761464355,0.0,,,,,,,415.03411761464355,,
IND-001115,South West,Delhi,2021,,True,NEW,2,2021,2025,283.3403630757088,280.7043595052531,2.6360035704557276,,,,,,,,280.7043595052531,283.3403630757088
IND-000710,West,Delhi,2001,2011.0,False,NEW,1,2001,2001,155.772145136447,155.772145136447,0.0,,,,,,155.772145136447,,,
IND-000976,West,Delhi,2011,,True,NEW,3,2011,2025,134.3085149705076,131.43043488346584,2.878080087041752,,,,,,,133.2837963257764,134.3085149705076,131.43043488346584
IND-001317,Disputed (Alirajpur & Dahod),Disputed (Madhya Pradesh & Gujarat),2025,,True,NEW,1,2025,2025,4.388504944466196,4.388504944466196,0.0,,,,,,,,,4.388504944466196
IND-001370,Disputed (Baran & Sheopur,Disputed (Madhya Pradesh & Rajasthan),2025,,True,NEW,1,2025,2025,8.355502309100645,8.355502309100645,0.0,,,,,,,,,8.355502309100645
IND-001339,Disputed (Mandsaur & Jhalawar),Disputed (Madhya Pradesh & Rajasthan),2025,,True,NEW,1,2025,2025,3.2473888701427502,3.2473888701427502,0.0,,,,,,,,,3.2473888701427502
IND-001369,Disputed (Nimach & Chittaurgarh ),Disputed (Madhya Pradesh & Rajasthan),2025,,True,NEW,1,2025,2025,3.5382362193376946,3.5382362193376946,0.0,,,,,,,,,3.5382362193376946
IND-001332,Disputed (Ratlam & Banswara),Disputed (Madhya Pradesh & Rajasthan),2025,,True,NEW,1,2025,2025,0.7176473414869158,0.7176473414869158,0.0,,,,,,,,,0.7176473414869158
IND-001372,Disputed (Sabar Kantha & Sirohi),Disputed (Rajathan & Gujarat),2025,,True,NEW,1,2025,2025,1.705350411455933,1.705350411455933,0.0,,,,,,,,,1.705350411455933
IND-001371,Disputed (Sabar Kantha & Udaipur),Disputed (Rajathan & Gujarat),2025,,True,NEW,1,2025,2025,12.456896291317703,12.456896291317703,0.0,,,,,,,,,12.456896291317703
IND-001335,"Disputed (Sahibganj, Maldah & Katihar)","Disputed (West Bengal , Bihar & Jharkhand)",2025,,True,NEW,1,2025,2025,14.536924639513892,14.536924639513892,0.0,,,,,,,,,14.536924639513892
IND-000367,Diu,Goa,1961,2011.0,False,NEW,5,1961,2001,31.170008189855054,31.169961364492572,4.6825362481683896e-05,,31.16996992734079,31.16996992734079,31.170008189855054,31.169961364492572,31.169961364492572,,,
IND-000154,Goa,Goa,1951,1991.0,False,ANCHOR,4,1951,1981,3646.8275056835773,3646.8273636421522,0.00014204142507878714,3646.8273636421522,3646.8273636421522,3646.8273636421522,3646.8275056835773,,,,,
IND-001262,North Goa,Goa,2021,2025.0,False,NEW,1,2021,2021,1429.6101983818344,1429.6101983818344,0.0,,,,,,,,1429.6101983818344,
IND-001338,North Goa,Goa,2025,,True,NEW,1,2025,2025,1743.138252902848,1743.138252902848,0.0,,,,,,,,,1743.138252902848
IND-000657,North_Goa,Goa,1991,2021.0,False,NEW,3,1991,2011,1700.3204303171706,1697.625006661051,2.695423656119601,,,,,1697.625006661051,1697.625006661051,1700.3204303171706,,
IND-001263,South Goa,Goa,2021,2025.0,False,NEW,1,2021,2021,2191.7276976380294,2191.7276976380294,0.0,,,,,,,,2191.7276976380294,
IND-001341,South Goa,Goa,2025,,True,NEW,1,2025,2025,1953.6628004521804,1953.6628004521804,0.0,,,,,,,,,1953.6628004521804
IND-000658,South_Goa,Goa,1991,2021.0,False,NEW,3,1991,2011,1949.1662652008836,1940.8293013695486,8.33696383133497,,,,,1949.1662652008836,1949.1662652008836,1940.8293013695486,,
IND-001237,Ahmadabad,Gujarat,2021,,True,NEW,2,2021,2025,7242.057518453407,6968.053100002916,274.00441845049136,,,,,,,,6968.053100002916,7242.057518453407
IND-000375,Amreli,Gujarat,1961,2001.0,False,NEW,4,1961,1991,6709.583602246977,6709.551481848112,0.032120398864208255,,6709.583602246977,6709.583602246977,6709.583388698119,6709.551481848112,,,,
IND-000884,Amreli,Gujarat,2001,,True,NEW,4,2001,2025,7386.096226968295,7314.942118139647,71.15410882864762,,,,,,7338.746103993176,7373.229599148691,7386.096226968295,7314.942118139647
IND-000886,Anand,Gujarat,2001,2021.0,False,NEW,2,2001,2011,3167.0880305006376,3126.1149442563637,40.97308624427387,,,,,,3167.0880305006376,3126.1149442563637,,
IND-001249,Anand,Gujarat,2021,2025.0,False,NEW,1,2021,2021,2764.5855364313784,2764.5855364313784,0.0,,,,,,,,2764.5855364313784,
IND-001314,Anand,Gujarat,2025,,True,NEW,1,2025,2025,3174.410717640216,3174.410717640216,0.0,,,,,,,,,3174.410717640216
IND-001240,Aravalli,Gujarat,2021,,True,NEW,2,2021,2025,3255.420939324468,3151.514665700355,103.9062736241126,,,,,,,,3255.420939324468,3151.514665700355
IND-000878,Banas Kantha,Gujarat,2001,,True,NEW,4,2001,2025,10763.611132818345,10656.956944060976,106.65418875736941,,,,,,10719.909932641,10656.956944060976,10734.2486669562,10763.611132818345
IND-000376,Banaskantha,Gujarat,1961,2001.0,False,NEW,4,1961,1991,12594.448533120176,12594.374204557427,0.07432856274863298,,12594.374204557427,12594.374204557427,12594.374562704736,12594.448533120176,,,,
IND-000891,Bharuch,Gujarat,2001,2011.0,False,NEW,1,2001,2001,4943.018161675774,4943.018161675774,0.0,,,,,,4943.018161675774,,,
IND-000937,Bharuch,Gujarat,2011,,True,NEW,3,2011,2025,5418.381955261951,4928.916473581874,489.46548168007666,,,,,,,5418.381955261951,5100.067678015949,4928.916473581874
IND-000885,Bhavnagar,Gujarat,2001,2021.0,False,NEW,2,2001,2011,8875.032771653432,8499.765846487408,375.2669251660245,,,,,,8499.765846487408,8875.032771653432,,
IND-001250,Bhavnagar,Gujarat,2021,,True,NEW,2,2021,2025,6852.5629726015795,6763.39790309742,89.16506950415987,,,,,,,,6852.5629726015795,6763.39790309742
IND-001241,Botad,Gujarat,2021,,True,NEW,2,2021,2025,2631.8585365191584,2479.7922828817714,152.06625363738704,,,,,,,,2631.8585365191584,2479.7922828817714
IND-001242,Chota Udaipur,Gujarat,2021,,True,NEW,2,2021,2025,3458.306374457974,3456.7963618975577,1.5100125604162713,,,,,,,,3458.306374457974,3456.7963618975577
IND-001253,Devbhumi Dwarka,Gujarat,2021,,True,NEW,2,2021,2025,4188.210421040709,4158.872019733682,29.338401307027198,,,,,,,,4188.210421040709,4158.872019733682
IND-000889,Dohad,Gujarat,2001,,True,NEW,4,2001,2025,3658.3045505454897,3592.7489632420375,65.55558730345228,,,,,,3630.960988590402,3592.7489632420375,3658.3045505454897,3642.1957511925734
IND-000430,Gandhinagar,Gujarat,1971,2001.0,False,NEW,3,1971,1991,674.9398557622587,674.9033654017604,0.03649036049830556,,,674.9040071995253,674.9033654017604,674.9398557622587,,,,
IND-000881,Gandhinagar,Gujarat,2001,,True,NEW,4,2001,2025,2138.209570376395,2097.160905397743,41.048664978651686,,,,,,2127.677589330732,2097.160905397743,2138.209570376395,2102.7181323674595
IND-001244,Gir Somnath,Gujarat,2021,2025.0,False,NEW,1,2021,2021,3766.1794386648794,3766.1794386648794,0.0,,,,,,,,3766.1794386648794,
IND-001329,Gir Somnath,Gujarat,2025,,True,NEW,1,2025,2025,2644.214927937502,2644.214927937502,0.0,,,,,,,,,2644.214927937502
IND-001252,Jamnagar,Gujarat,2021,2025.0,False,NEW,1,2021,2021,6606.251131577598,6606.251131577598,0.0,,,,,,,,6606.251131577598,
IND-001315,Jamnagar,Gujarat,2025,,True,NEW,1,2025,2025,5917.278096412316,5917.278096412316,0.0,,,,,,,,,5917.278096412316
IND-000883,Junagadh,Gujarat,2001,2021.0,False,NEW,2,2001,2011,8836.246428815895,8785.28990772323,50.95652109266484,,,,,,8836.246428815895,8785.28990772323,,
IND-001251,Junagadh,Gujarat,2021,2025.0,False,NEW,1,2021,2021,5049.52554796005,5049.52554796005,0.0,,,,,,,,5049.52554796005,
IND-001333,Junagadh,Gujarat,2025,,True,NEW,1,2025,2025,6146.621005832475,6146.621005832475,0.0,,,,,,,,,6146.621005832475
IND-000887,Kheda,Gujarat,2001,2021.0,False,NEW,2,2001,2011,3991.4134874396195,3982.4059573734176,9.00753006620198,,,,,,3982.4059573734176,3991.4134874396195,,
IND-001248,Kheda,Gujarat,2021,,True,NEW,2,2021,2025,3442.059114395598,3392.01817520041,50.040939195188,,,,,,,,3392.01817520041,3442.059114395598
IND-000880,Mahesana,Gujarat,2001,,True,NEW,4,2001,2025,4426.654612271761,4331.333982711592,95.32062956016853,,,,,,4331.333982711592,4426.654612271761,4391.578731251106,4418.607506035537
IND-001243,Mahisagar,Gujarat,2021,,True,NEW,2,2021,2025,2513.4935894554333,2511.871261632626,1.622327822807165,,,,,,,,2513.4935894554333,2511.871261632626
IND-000377,Mehsana,Gujarat,1961,2001.0,False,NEW,4,1961,1991,9060.481373241271,9060.448029828247,0.03334341302434041,,9060.481373241271,9060.481373241271,9060.46923329938,9060.448029828247,,,,
IND-001254,Morbi,Gujarat,2021,,True,NEW,2,2021,2025,4981.323060328901,4869.138398660632,112.18466166826875,,,,,,,,4869.138398660632,4981.323060328901
IND-000890,Narmada,Gujarat,2001,,True,NEW,4,2001,2025,2859.256264505429,2808.9293175556413,50.326946949787725,,,,,,2808.9293175556413,2859.256264505429,2816.6769927647865,2818.2720510534814
IND-000892,Navsari,Gujarat,2001,,True,NEW,4,2001,2025,2214.02942045458,2204.6197454089015,9.409675045678341,,,,,,2210.3677597710166,2214.02942045458,2210.6978658289336,2204.6197454089015
IND-000888,Panch Mahals,Gujarat,2001,2021.0,False,NEW,2,2001,2011,5276.7539306241115,5261.0590755049825,15.694855119128988,,,,,,5261.0590755049825,5276.7539306241115,,
IND-001238,Panch Mahals,Gujarat,2021,,True,NEW,2,2021,2025,3287.536713724906,3283.8699261968995,3.6667875280063527,,,,,,,,3287.536713724906,3283.8699261968995
IND-000879,Patan,Gujarat,2001,,True,NEW,4,2001,2025,5785.378846134804,5665.561180589498,119.81766554530623,,,,,,5730.926074433454,5665.561180589498,5780.74125832594,5785.378846134804
IND-000882,Porbandar,Gujarat,2001,,True,NEW,4,2001,2025,2332.483771286915,2314.10271082816,18.381060458754746,,,,,,2316.460507742416,2332.483771286915,2317.9270904080136,2314.10271082816
IND-001247,Rajkot,Gujarat,2021,,True,NEW,2,2021,2025,7689.623359642653,7597.345208235353,92.27815140729945,,,,,,,,7597.345208235353,7689.623359642653
IND-001245,Sabar Kantha,Gujarat,2021,,True,NEW,2,2021,2025,4242.654745819125,4142.764441468917,99.89030435020868,,,,,,,,4142.764441468917,4242.654745819125
IND-000431,Surat,Gujarat,1971,2011.0,False,NEW,4,1971,2001,7446.8664405000845,7446.842515317025,0.023925183059873234,,,7446.8664405000845,7446.843281279211,7446.842515317025,7446.842515317025,,,
IND-000938,Surat,Gujarat,2011,,True,NEW,3,2011,2025,4333.606482482055,4300.396596453774,33.20988602828129,,,,,,,4306.079205595497,4300.396596453774,4333.606482482055
IND-001246,Surendranagar,Gujarat,2021,,True,NEW,2,2021,2025,9175.376442757448,9151.23910227056,24.137340486888206,,,,,,,,9151.23910227056,9175.376442757448
IND-000939,Tapi,Gujarat,2011,,True,NEW,3,2011,2025,3210.399303707554,3140.102752114046,70.29655159350796,,,,,,,3210.399303707554,3140.562241110298,3140.102752114046
IND-001239,Vadodara,Gujarat,2021,,True,NEW,2,2021,2025,4092.846974779272,4053.1730056649035,39.67396911436845,,,,,,,,4053.1730056649035,4092.846974779272
IND-000893,Valsad,Gujarat,2001,,True,NEW,4,2001,2025,3041.591547941473,2948.9486333627738,92.64291457869922,,,,,,2968.0406386957825,3041.591547941473,2948.9486333627738,2949.543794801032
IND-000432,Valsad (Bulsar),Gujarat,1971,2001.0,False,NEW,3,1971,1991,5178.476262311489,5178.429151035631,0.0471112758586969,,,5178.438820061576,5178.476262311489,5178.429151035631,,,,
IND-000580,,Gujarat,1991,2011.0,False,NEW,2,1991,2001,270.49728976885257,270.49728976885257,0.0,,,,,270.49728976885257,270.49728976885257,,,
IND-000585,Ambala,Haryana,1991,2001.0,False,NEW,1,1991,1991,2436.6840580358676,2436.6840580358676,0.0,,,,,2436.6840580358676,,,,
IND-000696,Ambala,Haryana,2001,,True,NEW,4,2001,2025,1524.5177325804116,1505.4795410959487,19.038191484462914,,,,,,1524.5177325804116,1509.1667233187804,1505.4795410959487,1514.0086541259484
IND-000571,Bhiwani,Haryana,1981,2021.0,False,NEW,4,1981,2011,4907.739404602956,4629.888132040494,277.8512725624614,,,,4907.662181610147,4907.739404602956,4907.739404602956,4629.888132040494,,
IND-001111,Bhiwani,Haryana,2021,,True,NEW,2,2021,2025,3311.215830671593,3291.1585318093876,20.057298862205243,,,,,,,,3311.215830671593,3291.1585318093876
IND-001110,Charki Dadri,Haryana,2021,,True,NEW,2,2021,2025,1383.5447956909468,1380.6427704247228,2.9020252662239727,,,,,,,,1380.6427704247228,1383.5447956909468
IND-000579,Faridabad,Haryana,1981,2011.0,False,NEW,3,1981,2001,2068.258233646709,2068.227960655609,0.030272991099991486,,,,2068.227960655609,2068.258233646709,2068.258233646709,,,
IND-000969,Faridabad,Haryana,2011,,True,NEW,3,2011,2025,765.8578269248195,743.3390157869048,22.518811137914668,,,,,,,751.9789185615152,765.8578269248195,743.3390157869048
IND-000700,Fatehabad,Haryana,2001,,True,NEW,4,2001,2025,2595.201774983028,2527.542707997744,67.65906698528397,,,,,,2595.201774983028,2564.6448910051804,2528.2076965849365,2527.542707997744
IND-000569,Gurgaon,Haryana,1981,2011.0,False,NEW,3,1981,2001,2744.2975534521975,2744.2694532664627,0.028100185734729166,,,,2744.2694532664627,2744.2975534521975,2744.2975534521975,,,
IND-000967,Gurgaon,Haryana,2011,,True,NEW,3,2011,2025,1250.1880643966767,1221.0505034897044,29.13756090697234,,,,,,,1221.0505034897044,1249.4992469157,1250.1880643966767
IND-000701,Hisar,Haryana,2001,,True,NEW,4,2001,2025,4220.115409547115,4018.5077856250714,201.60762392204333,,,,,,4018.5077856250714,4220.115409547115,4074.924296164032,4074.4670168531575
IND-000572,Hissar,Haryana,1981,2001.0,False,NEW,2,1981,1991,6613.70425061236,6613.703113559188,0.0011370531719876453,,,,6613.70425061236,6613.703113559188,,,,
IND-000703,Jhajjar,Haryana,2001,2011.0,False,NEW,1,2001,2001,1811.607118529297,1811.607118529297,0.0,,,,,,1811.607118529297,,,
IND-000965,Jhajjar,Haryana,2011,,True,NEW,3,2011,2025,1885.0363370559933,1822.199148027161,62.8371890288322,,,,,,,1885.0363370559933,1822.199148027161,1858.7811696156948
IND-000433,Jind,Haryana,1971,2011.0,False,NEW,4,1971,2001,3253.8055846498983,3253.7560528769877,0.049531772910540894,,,3253.8055846498983,3253.8055846498983,3253.7560528769877,3253.7560528769877,,,
IND-000964,Jind,Haryana,2011,,True,NEW,3,2011,2025,2765.4243511469563,2730.277826295248,35.146524851708364,,,,,,,2739.0130582091156,2765.4243511469563,2730.277826295248
IND-000586,Kaithal,Haryana,1991,,True,NEW,5,1991,2025,2298.254253784867,2233.5251073231275,64.72914646173967,,,,,2298.254253784867,2298.254253784867,2233.5251073231275,2297.622753137301,2274.460091188454
IND-000566,Karnal,Haryana,1981,1991.0,False,NEW,1,1981,1981,3819.800352357889,3819.800352357889,0.0,,,,3819.800352357889,,,,,
IND-000587,Karnal,Haryana,1991,2001.0,False,NEW,1,1991,1991,1937.7608242051447,1937.7608242051447,0.0,,,,,1937.7608242051447,,,,
IND-000697,Karnal,Haryana,2001,,True,NEW,4,2001,2025,2477.3576607970126,2454.596824821072,22.76083597594061,,,,,,2475.1223355005422,2465.0419855491255,2454.596824821072,2477.3576607970126
IND-000565,Kurukshetra,Haryana,1981,1991.0,False,NEW,1,1981,1981,3945.507444718086,3945.507444718086,0.0,,,,3945.507444718086,,,,,
IND-000588,Kurukshetra,Haryana,1991,,True,NEW,5,1991,2025,1679.9671546439304,1647.2601547667982,32.70699987713215,,,,,1647.2601547667982,1647.2601547667982,1671.8130205867558,1679.9671546439304,1676.2638012623365
IND-000570,Mahendragarh,Haryana,1981,1991.0,False,NEW,1,1981,1981,3265.5533489664476,3265.5533489664476,0.0,,,,3265.5533489664476,,,,,
IND-000589,Mahendragarh,Haryana,1991,2011.0,False,NEW,2,1991,2001,1834.2382560441524,1834.2382560441524,0.0,,,,,1834.2382560441524,1834.2382560441524,,,
IND-000966,Mahendragarh,Haryana,2011,,True,NEW,3,2011,2025,1934.499772811936,1929.2261248461698,5.2736479657662585,,,,,,,1929.2261248461698,1933.3219674141972,1934.499772811936
IND-000968,Mewat,Haryana,2011,,True,NEW,3,2011,2025,1531.0877073368088,1504.816245879154,26.271461457654823,,,,,,,1531.0877073368088,1504.816245879154,1515.0567067462453
IND-000970,Palwal,Haryana,2011,,True,NEW,3,2011,2025,1385.3701505832648,1344.365348390855,41.0048021924099,,,,,,,1385.3701505832648,1344.365348390855,1359.706975585108
IND-000695,Panchkula,Haryana,2001,,True,NEW,4,2001,2025,912.1894252715093,867.8079066724017,44.38151859910761,,,,,,912.1894252715093,867.8079066724017,896.8630492443359,880.8271067235551
IND-000590,Panipat,Haryana,1991,2001.0,False,NEW,1,1991,1991,1881.957569917799,1881.957569917799,0.0,,,,,1881.957569917799,,,,
IND-000698,Panipat,Haryana,2001,,True,NEW,4,2001,2025,1344.6182186272977,1266.5766876741861,78.04153095311153,,,,,,1344.6182186272977,1331.096939019004,1266.5766876741861,1302.976468094559
IND-000591,Rewari,Haryana,1991,,True,NEW,5,1991,2025,1560.9756611829391,1431.3390256906937,129.63663549224543,,,,,1431.3390256906937,1431.3390256906937,1515.7580056563058,1560.9756611829391,1553.125361205419
IND-000568,Rohtak,Haryana,1981,2001.0,False,NEW,2,1981,1991,4173.937505322121,4173.91196057466,0.025544747461026418,,,,4173.91196057466,4173.937505322121,,,,
IND-000702,Rohtak,Haryana,2001,,True,NEW,4,2001,2025,1676.9595973215532,1623.1973419349226,53.76225538663061,,,,,,1623.1973419349226,1664.3915606685223,1676.9595973215532,1668.5842362555059
IND-000573,Sirsa,Haryana,1981,,True,NEW,6,1981,2025,4349.805985616618,4272.3707500056635,77.4352356109548,,,,4349.740753487852,4349.805985616618,4349.805985616618,4304.813100642889,4272.634548473309,4272.3707500056635
IND-000567,Sonipat,Haryana,1981,2001.0,False,NEW,2,1981,1991,1324.2597284357191,1324.2129397147046,0.04678872101453635,,,,1324.2597284357191,1324.2129397147046,,,,
IND-000699,Sonipat,Haryana,2001,,True,NEW,4,2001,2025,2180.1233569407923,2063.2853276514898,116.83802928930254,,,,,,2063.2853276514898,2108.429112452741,2180.1233569407923,2180.0690414570927
IND-000592,Yamunanagar,Haryana,1991,,True,NEW,5,1991,2025,1754.7390328838103,1711.5239997902033,43.21503309360696,,,,,1711.5239997902033,1711.5239997902033,1754.7390328838103,1723.6683665808646,1720.7425161936628
IND-000125,Chamba,Himachal Pradesh,1951,1981.0,False,ANCHOR,3,1951,1971,8505.725545376263,8505.725545376263,0.0,8505.725545376263,8505.725545376263,8505.725545376263,,,,,,
IND-000574,Chamba,Himachal Pradesh,1981,,True,NEW,6,1981,2025,6518.671134546656,6471.284294927665,47.38683961899096,,,,6497.335702718618,6497.417658841446,6497.417658841446,6471.284294927665,6518.671134546656,6513.658511699361
IND-000576,Hamirpur,Himachal Pradesh,1981,,True,NEW,6,1981,2025,1115.7110434126353,1109.3481531119355,6.362890300699746,,,,1110.4385969485386,1110.4375988026104,1110.4375988026104,1109.3481531119355,1115.7110434126353,1115.691450871289
IND-000434,Kangra,Himachal Pradesh,1971,1981.0,False,NEW,1,1971,1971,8401.794323490636,8401.794323490636,0.0,,,8401.794323490636,,,,,,
IND-000575,Kangra,Himachal Pradesh,1981,1991.0,False,NEW,1,1981,1981,6346.53117137936,6346.53117137936,0.0,,,,6346.53117137936,,,,,
IND-000954,Kangra,Himachal Pradesh,2011,,True,NEW,3,2011,2025,5742.526903353052,5741.000453286844,1.5264500662078717,,,,,,,5742.526903353052,5741.507204004203,5741.000453286844
IND-000366,Kinnaur,Himachal Pradesh,1961,,True,NEW,8,1961,2025,6511.891827794665,6364.401260403388,147.49056739127718,,6511.891827794665,6511.891827794665,6511.890966227916,6511.835248518198,6511.835248518198,6470.78360973395,6364.401260403388,6502.3309509141445
IND-000435,Kulu,Himachal Pradesh,1971,,True,NEW,7,1971,2025,5502.10123784405,5431.774151329533,70.32708651451685,,,5431.778141776359,5431.782922759245,5431.774151329533,5431.774151329533,5502.10123784405,5494.210413755086,5487.328168739032
IND-000578,Lahul & Spiti,Himachal Pradesh,1981,,True,NEW,6,1981,2025,13957.466343726952,13644.971979863309,312.49436386364323,,,,13645.032682525101,13644.971979863309,13644.971979863309,13943.81446796478,13905.45844983854,13957.466343726952
IND-000128,Mahasu,Himachal Pradesh,1951,1961.0,False,ANCHOR,1,1951,1951,11524.45563362246,11524.45563362246,0.0,11524.45563362246,,,,,,,,
IND-000365,Mahasu,Himachal Pradesh,1961,,True,NEW,8,1961,2025,5523.24520648348,5124.729463629072,398.515742854408,,5523.24520648348,5142.422827463662,5142.393877846788,5142.464240806598,5142.464240806598,5133.776581220418,5127.073777420751,5124.729463629072
IND-000126,Mandi,Himachal Pradesh,1951,,True,ANCHOR,9,1951,2025,3954.3106943280536,3946.7540250377156,7.55666929033805,3954.2984780688835,3954.2984780688835,3954.2984780688835,3954.3106943280536,3954.2950037213914,3954.2950037213914,3946.7540250377156,3947.1527398413923,3949.9325643755947
IND-000436,Simla,Himachal Pradesh,1971,,True,NEW,7,1971,2025,1945.3843179171,1932.0357379035347,13.348580013565197,,,1932.0828268602008,1932.0958357600216,1932.0357379035347,1932.0357379035347,1945.3843179171,1936.3815538568554,1935.696474645117
IND-000127,Sirmoor,Himachal Pradesh,1951,,True,ANCHOR,9,1951,2025,2862.311948383258,2825.486058419353,36.825889963904956,2825.4925604554765,2825.4925604554765,2825.4925604554765,2825.4931581985966,2825.486058419353,2825.486058419353,2862.311948383258,2830.574314081019,2826.621958624889
IND-000577,Una,Himachal Pradesh,1981,1991.0,False,NEW,1,1981,1981,944.8707207167976,944.8707207167976,0.0,,,,944.8707207167976,,,,,
IND-000955,Una,Himachal Pradesh,2011,,True,NEW,3,2011,2025,1560.1950576568322,1542.6354437132547,17.55961394357746,,,,,,,1560.1950576568322,1543.8201284876893,1542.6354437132547
IND-000581,Kangra,Himachal_Pradesh,1991,2011.0,False,NEW,2,1991,2001,5177.740736106332,5177.740736106332,0.0,,,,,5177.740736106332,5177.740736106332,,,
IND-000582,Una,Himachal_Pradesh,1991,2011.0,False,NEW,2,1991,2001,2113.616535189928,2113.616535189928,0.0,,,,,2113.616535189928,2113.616535189928,,,
IND-000012,Adilabad,Hyderabad,1951,1961.0,False,ANCHOR,1,1951,1951,20130.68858027078,20130.68858027078,0.0,20130.68858027078,,,,,,,,
IND-000008,Aurangabad,Hyderabad,1951,1991.0,False,ANCHOR,4,1951,1981,19056.46441556442,17491.564107424092,1564.900308140328,17491.564107424092,17491.564107424092,17491.564107424092,19056.46441556442,,,,,
IND-000007,Bhir,Hyderabad,1951,1991.0,False,ANCHOR,4,1951,1981,9625.687996682713,9625.662941112107,0.02505557060612773,9625.662941112107,9625.662941112107,9625.662941112107,9625.687996682713,,,,,
IND-000005,Bidar,Hyderabad,1951,1961.0,False,ANCHOR,1,1951,1951,12144.197194432005,12144.197194432005,0.0,12144.197194432005,,,,,,,,
IND-000004,Gulberga,Hyderabad,1951,1961.0,False,ANCHOR,1,1951,1951,18670.246232648402,18670.246232648402,0.0,18670.246232648402,,,,,,,,
IND-000001,Hyderabad,Hyderabad,1951,1961.0,False,ANCHOR,1,1951,1951,4202.0556939305925,4202.0556939305925,0.0,4202.0556939305925,,,,,,,,
IND-000015,Karimnagar,Hyderabad,1951,2021.0,False,ANCHOR,7,1951,2011,12017.08378461146,11862.882149822812,154.20163478864743,12017.08378461146,11862.912344890725,11862.912344890725,11862.912344890725,11862.882149822812,11862.882149822812,11868.191051967542,,
IND-000002,Mahbubnagar,Hyderabad,1951,1961.0,False,ANCHOR,1,1951,1951,14756.90744277702,14756.90744277702,0.0,14756.90744277702,,,,,,,,
IND-000014,Medak,Hyderabad,1951,1961.0,False,ANCHOR,1,1951,1951,9362.497003580474,9362.497003580474,0.0,9362.497003580474,,,,,,,,
IND-000017,Nalgonda,Hyderabad,1951,1961.0,False,ANCHOR,1,1951,1951,16690.233549247547,16690.233549247547,0.0,16690.233549247547,,,,,,,,
IND-000011,Nanded,Hyderabad,1951,1961.0,False,ANCHOR,1,1951,1951,9008.11008852826,9008.11008852826,0.0,9008.11008852826,,,,,,,,
IND-000013,Nizamabad,Hyderabad,1951,2021.0,False,ANCHOR,7,1951,2011,8035.069544350363,7640.718343714249,394.3512006361134,7640.718343714249,7938.476734240431,7938.476734240431,7938.476650814902,7938.384497838529,7938.384497838529,8035.069544350363,,
IND-000006,Osmanabad,Hyderabad,1951,1961.0,False,ANCHOR,1,1951,1951,9967.385496285773,9967.385496285773,0.0,9967.385496285773,,,,,,,,
IND-000009,Parbhani,Hyderabad,1951,1981.0,False,ANCHOR,3,1951,1971,12478.495524140724,12478.495524140724,0.0,12478.495524140724,12478.495524140724,12478.495524140724,,,,,,
IND-000003,Raichur,Hyderabad,1951,1961.0,False,ANCHOR,1,1951,1951,16808.116364272802,16808.116364272802,0.0,16808.116364272802,,,,,,,,
IND-000016,Warangal,Hyderabad,1951,1961.0,False,ANCHOR,1,1951,1951,21957.440193999504,21957.440193999504,0.0,21957.440193999504,,,,,,,,
IND-000532,Anantnag,Jammu & Kashmir,1981,2011.0,False,NEW,3,1981,2001,3626.504557623516,3626.504346750903,0.00021087261302454863,,,,3626.504346750903,3626.504557623516,3626.504557623516,,,
IND-000535,Badgam,Jammu & Kashmir,1981,2011.0,False,NEW,3,1981,2001,1442.5532305247,1409.8776886326114,32.67554189208863,,,,1442.5532305247,1409.8776886326114,1409.8776886326114,,,
IND-000537,Baramula,Jammu & Kashmir,1981,2011.0,False,NEW,3,1981,2001,4742.946953088398,4742.9365009197245,0.010452168673509732,,,,4742.9365009197245,4742.946953088398,4742.946953088398,,,
IND-001098,Ganderbal,Jammu & Kashmir,2021,2025.0,False,NEW,1,2021,2021,1483.4060983863692,1483.4060983863692,0.0,,,,,,,,1483.4060983863692,
IND-000143,Jammu & Kashmir,Jammu & Kashmir,1951,1961.0,False,ANCHOR,1,1951,1951,220168.50284178907,220168.50284178907,0.0,220168.50284178907,,,,,,,,
IND-000531,Kargil,Jammu & Kashmir,1981,2011.0,False,NEW,3,1981,2001,16826.933448942847,16826.89264004143,0.04080890141631244,,,,16826.933448942847,16826.89264004143,16826.89264004143,,,
IND-000538,Kupwara,Jammu & Kashmir,1981,2011.0,False,NEW,3,1981,2001,2673.482779835958,2673.4814181087595,0.001361727198400331,,,,2673.482779835958,2673.4814181087595,2673.4814181087595,,,
IND-000530,Ladakh,Jammu & Kashmir,1981,2011.0,False,NEW,3,1981,2001,79535.65660977861,79535.61461965244,0.041990126177552156,,,,79535.61461965244,79535.65660977861,79535.65660977861,,,
IND-001104,Mirpur,Jammu & Kashmir,2021,,True,NEW,2,2021,2025,3813.8286867621136,3624.3066156060454,189.52207115606825,,,,,,,,3813.8286867621136,3624.3066156060454
IND-001103,Muzaffarabad,Jammu & Kashmir,2021,,True,NEW,2,2021,2025,4801.977021481548,4702.13630545681,99.84071602473796,,,,,,,,4702.13630545681,4801.977021481548
IND-000534,Pulwama,Jammu & Kashmir,1981,2011.0,False,NEW,3,1981,2001,1293.053798951279,1293.05347422686,0.0003247244189878984,,,,1293.053798951279,1293.05347422686,1293.05347422686,,,
IND-001100,Punch,Jammu & Kashmir,2021,,True,NEW,2,2021,2025,4282.112023737926,4246.7939663680245,35.31805736990191,,,,,,,,4282.112023737926,4246.7939663680245
IND-001101,Ramban,Jammu & Kashmir,2021,2025.0,False,NEW,1,2021,2021,1199.855457954988,1199.855457954988,0.0,,,,,,,,1199.855457954988,
IND-001102,Samba,Jammu & Kashmir,2021,,True,NEW,2,2021,2025,946.1361695086687,928.4386004942895,17.697569014379155,,,,,,,,946.1361695086687,928.4386004942895
IND-000536,Srinagar,Jammu & Kashmir,1981,2011.0,False,NEW,3,1981,2001,1792.6041332092434,1759.9148357009474,32.68929750829602,,,,1759.9148357009474,1792.6041332092434,1792.6041332092434,,,
IND-001099,Srinagar,Jammu & Kashmir,2021,2025.0,False,NEW,1,2021,2021,400.08238220314934,400.08238220314934,0.0,,,,,,,,400.08238220314934,
IND-000444,,Jammu & Kashmir,1981,2011.0,False,NEW,3,1981,2001,80520.3054155272,80520.29006442665,0.015351100548286922,,,,80520.3054155272,80520.29006442665,80520.29006442665,,,
IND-000378,Anantnag,Jammu And Kashmir,1961,1981.0,False,NEW,2,1961,1971,4919.607845164943,4919.607845164943,0.0,,4919.607845164943,4919.607845164943,,,,,,
IND-001021,Anantnag,Jammu And Kashmir,2011,,True,NEW,3,2011,2025,2819.656092226423,2729.1849818216137,90.47111040480922,,,,,,,2819.656092226423,2761.6929710746417,2729.1849818216137
IND-001010,Badgam,Jammu And Kashmir,2011,,True,NEW,3,2011,2025,1315.513216172449,1249.5685659055446,65.94465026690432,,,,,,,1249.5685659055446,1315.513216172449,1250.5073810847057
IND-001016,Bandipore,Jammu And Kashmir,2011,2025.0,False,NEW,2,2011,2021,2587.3876752226,2536.573941395551,50.813733827048964,,,,,,,2587.3876752226,2536.573941395551,
IND-001345,Bandipura,Jammu And Kashmir,2025,,True,NEW,1,2025,2025,4045.641039278967,4045.641039278967,0.0,,,,,,,,,4045.641039278967
IND-000438,Baramula,Jammu And Kashmir,1971,1981.0,False,NEW,1,1971,1971,7416.438855801343,7416.438855801343,0.0,,,7416.438855801343,,,,,,
IND-001015,Baramula,Jammu And Kashmir,2011,,True,NEW,3,2011,2025,2156.4816360584805,2063.3577319092165,93.12390414926404,,,,,,,2118.1222372098487,2156.4816360584805,2063.3577319092165
IND-000380,Baramulla,Jammu And Kashmir,1961,1971.0,False,NEW,1,1961,1961,6141.542496970918,6141.542496970918,0.0,,6141.542496970918,,,,,,,
IND-000382,Doda,Jammu And Kashmir,1961,2011.0,False,NEW,5,1961,2001,11864.263743717482,11864.261557729396,0.002185988085329882,,11864.263743717482,11864.263743717482,11864.262852621145,11864.261557729396,11864.261557729396,,,
IND-001023,Doda,Jammu And Kashmir,2011,,True,NEW,3,2011,2025,2432.7348161746036,2380.5967058008555,52.13811037374808,,,,,,,2432.7348161746036,2380.5967058008555,2409.7829128982976
IND-001018,Ganderbal,Jammu And Kashmir,2011,2021.0,False,NEW,1,2011,2011,1286.6328115941467,1286.6328115941467,0.0,,,,,,,1286.6328115941467,,
IND-001346,Ganderbal,Jammu And Kashmir,2025,,True,NEW,1,2025,2025,1620.888394161393,1620.888394161393,0.0,,,,,,,,,1620.888394161393
IND-000384,Jammu,Jammu And Kashmir,1961,2011.0,False,NEW,5,1961,2001,3718.2779960789117,3718.277915752788,8.032612367969705e-05,,3718.277915752788,3718.277915752788,3718.277915752788,3718.2779960789117,3718.2779960789117,,,
IND-001028,Jammu,Jammu And Kashmir,2011,,True,NEW,3,2011,2025,2411.612207415763,2253.2784025680976,158.3338048476653,,,,,,,2253.2784025680976,2345.332919369751,2411.612207415763
IND-001012,Kargil,Jammu And Kashmir,2011,,True,NEW,3,2011,2025,14205.233955328253,13845.82092757996,359.41302774829273,,,,,,,13902.292613566582,13845.82092757996,14205.233955328253
IND-000385,Kathua,Jammu And Kashmir,1961,,True,NEW,8,1961,2025,2525.08988809443,2458.9154786752542,66.17440941917584,,2458.9154786752542,2458.9154786752542,2458.9154786752542,2458.9355814299306,2458.9355814299306,2525.08988809443,2478.767480820067,2501.9235958371373
IND-001025,Kishtwar,Jammu And Kashmir,2011,,True,NEW,3,2011,2025,8374.100943976218,7831.507421820365,542.593522155853,,,,,,,7831.507421820365,8374.100943976218,8176.501247815934
IND-001022,Kulgam,Jammu And Kashmir,2011,,True,NEW,3,2011,2025,1265.7237789094982,1165.8537807228763,99.86999818662184,,,,,,,1165.8537807228763,1175.7190591903686,1265.7237789094982
IND-001009,Kupwara,Jammu And Kashmir,2011,,True,NEW,3,2011,2025,2745.5320607925814,2602.6333206152103,142.8987401773711,,,,,,,2619.275891693031,2602.6333206152103,2745.5320607925814
IND-000381,Ladakh,Jammu And Kashmir,1961,1981.0,False,NEW,2,1961,1971,96362.68229164062,96362.68229164062,0.0,,96362.68229164062,96362.68229164062,,,,,,
IND-001011,Leh(Ladakh),Jammu And Kashmir,2011,2021.0,False,NEW,1,2011,2011,50109.58217579339,50109.58217579339,0.0,,,,,,,50109.58217579339,,
IND-001019,Pulwama,Jammu And Kashmir,2011,,True,NEW,3,2011,2025,902.4640616160436,896.2613830785017,6.202678537541942,,,,,,,896.2613830785017,902.4640616160436,897.1049164442727
IND-000386,Punch,Jammu And Kashmir,1961,1971.0,False,NEW,1,1961,1961,5135.653764642712,5135.653764642712,0.0,,5135.653764642712,,,,,,,
IND-000440,Punch,Jammu And Kashmir,1971,2011.0,False,NEW,4,1971,2001,2299.6194973949405,2299.6171745684496,0.002322826490853913,,,2299.6194973949405,2299.619325144294,2299.6171745684496,2299.6171745684496,,,
IND-001013,Punch,Jammu And Kashmir,2011,2021.0,False,NEW,1,2011,2011,1795.9234022102783,1795.9234022102783,0.0,,,,,,,1795.9234022102783,,
IND-000439,Rajauri,Jammu And Kashmir,1971,2011.0,False,NEW,4,1971,2001,2835.9708860204387,2835.9704257727462,0.0004602476924446819,,,2835.9704257727462,2835.970598023392,2835.9708860204387,2835.9708860204387,,,
IND-001014,Rajouri,Jammu And Kashmir,2011,,True,NEW,3,2011,2025,2783.5064198236596,2637.197642099997,146.3087777236624,,,,,,,2783.5064198236596,2687.604420131655,2637.197642099997
IND-001024,Ramban,Jammu And Kashmir,2011,2021.0,False,NEW,1,2011,2011,1167.414121285927,1167.414121285927,0.0,,,,,,,1167.414121285927,,
IND-001347,Ramban,Jammu And Kashmir,2025,,True,NEW,1,2025,2025,1289.2076296771909,1289.2076296771909,0.0,,,,,,,,,1289.2076296771909
IND-001027,Reasi,Jammu And Kashmir,2011,2025.0,False,NEW,2,2011,2021,2148.4343114731414,2126.0746394641296,22.359672009011774,,,,,,,2148.4343114731414,2126.0746394641296,
IND-001348,Riasi,Jammu And Kashmir,2025,,True,NEW,1,2025,2025,1933.8324220823372,1933.8324220823372,0.0,,,,,,,,,1933.8324220823372
IND-001029,Samba,Jammu And Kashmir,2011,2021.0,False,NEW,1,2011,2011,788.3985396964733,788.3985396964733,0.0,,,,,,,788.3985396964733,,
IND-001020,Shupiyan,Jammu And Kashmir,2011,,True,NEW,3,2011,2025,508.00137955113934,492.00625703696244,15.995122514176899,,,,,,,492.00625703696244,508.00137955113934,505.9368079451003
IND-000379,Srinagar,Jammu And Kashmir,1961,1971.0,False,NEW,1,1961,1961,4477.322152290479,4477.322152290479,0.0,,4477.322152290479,,,,,,,
IND-000437,Srinagar,Jammu And Kashmir,1971,1981.0,False,NEW,1,1971,1971,3202.455973293259,3202.455973293259,0.0,,,3202.455973293259,,,,,,
IND-001017,Srinagar,Jammu And Kashmir,2011,2021.0,False,NEW,1,2011,2011,477.21789033361887,477.21789033361887,0.0,,,,,,,477.21789033361887,,
IND-001349,Srinagar,Jammu And Kashmir,2025,,True,NEW,1,2025,2025,281.80444395038023,281.80444395038023,0.0,,,,,,,,,281.80444395038023
IND-000383,Udhampur,Jammu And Kashmir,1961,2011.0,False,NEW,5,1961,2001,4569.978690755184,4569.964730614893,0.01396014029160142,,4569.978690755184,4569.978690755184,4569.978690755184,4569.964730614893,4569.964730614893,,,
IND-001026,Udhampur,Jammu And Kashmir,2011,,True,NEW,3,2011,2025,2389.621459495069,2234.494123009271,155.12733648579797,,,,,,,2389.621459495069,2234.494123009271,2281.427299952081
IND-001097,,Jammu And Kashmir,2011,2021.0,False,NEW,1,2011,2011,108672.04910085144,108672.04910085144,0.0,,,,,,,108672.04910085144,,
IND-000819,Bokaro,Jharkhand,2001,,True,NEW,4,2001,2025,2888.4587175339134,2865.9355338888045,22.52318364510893,,,,,,2865.9355338888045,2888.4587175339134,2886.2639741181806,2880.02832061521
IND-000812,Chatra,Jharkhand,2001,,True,NEW,4,2001,2025,3837.2118640744343,3722.6059019198146,114.60596215461965,,,,,,3784.1655567055273,3837.2118640744343,3722.6059019198146,3805.727070572031
IND-000818,Dhanbad,Jharkhand,2001,,True,NEW,4,2001,2025,2041.0130686552345,2034.8300290431575,6.183039612076982,,,,,,2034.8300290431575,2038.9917589251893,2041.0130686552345,2037.8198210492233
IND-001001,Dumka,Jharkhand,2011,,True,NEW,3,2011,2025,3780.8095730830555,3760.2550245935927,20.55454848946283,,,,,,,3780.8095730830555,3765.519480660416,3760.2550245935927
IND-000810,Garhwa,Jharkhand,2001,,True,NEW,4,2001,2025,4101.71395019621,4073.9434564588605,27.770493737349625,,,,,,4073.9434564588605,4084.660608886141,4085.0096205304717,4101.71395019621
IND-000815,Giridih,Jharkhand,2001,,True,NEW,4,2001,2025,4993.8312653817775,4963.9862397514935,29.845025630284,,,,,,4964.160890708859,4993.8312653817775,4967.547826326216,4963.9862397514935
IND-001005,Gumla,Jharkhand,2011,,True,NEW,3,2011,2025,5359.935859982456,5266.933821473346,93.0020385091102,,,,,,,5266.933821473346,5357.100463502407,5359.935859982456
IND-000813,Hazaribagh,Jharkhand,2001,2011.0,False,NEW,1,2001,2001,5975.525882419854,5975.525882419854,0.0,,,,,,5975.525882419854,,,
IND-000999,Hazaribagh,Jharkhand,2011,,True,NEW,3,2011,2025,4396.337881828605,4291.408556556065,104.92932527253924,,,,,,,4291.408556556065,4396.337881828605,4337.747379753721
IND-001002,Jamtara,Jharkhand,2011,,True,NEW,3,2011,2025,1862.126701906132,1807.9163657209692,54.21033618516276,,,,,,,1862.126701906132,1815.094561278693,1807.9163657209692
IND-001004,Khunti,Jharkhand,2011,,True,NEW,3,2011,2025,2677.698873038364,2628.5154663245976,49.183406713766544,,,,,,,2677.698873038364,2628.5154663245976,2635.809066340031
IND-000814,Kodarma,Jharkhand,2001,2011.0,False,NEW,1,2001,2001,1399.7452563222992,1399.7452563222992,0.0,,,,,,1399.7452563222992,,,
IND-000995,Kodarma,Jharkhand,2011,,True,NEW,3,2011,2025,1646.9303616511406,1634.2822815298523,12.64808012128833,,,,,,,1634.2822815298523,1646.9303616511406,1638.4936319959759
IND-000998,Latehar,Jharkhand,2011,,True,NEW,3,2011,2025,4288.5046371946255,4144.23289929674,144.27173789788594,,,,,,,4144.23289929674,4288.5046371946255,4243.067763053201
IND-000817,Pakaur,Jharkhand,2001,,True,NEW,4,2001,2025,1898.2719656377867,1800.719198329192,97.55276730859464,,,,,,1803.1577412669683,1898.2719656377867,1813.5730963990673,1800.719198329192
IND-000811,Palamu,Jharkhand,2001,2011.0,False,NEW,1,2001,2001,8676.439506350998,8676.439506350998,0.0,,,,,,8676.439506350998,,,
IND-000997,Palamu,Jharkhand,2011,,True,NEW,3,2011,2025,4453.439477144903,4391.47247860038,61.96699854452345,,,,,,,4453.439477144903,4391.47247860038,4419.580183623751
IND-001007,Pashchimi Singhbhum,Jharkhand,2011,,True,NEW,3,2011,2025,7228.293082050749,7172.389569264162,55.90351278658727,,,,,,,7172.389569264162,7228.293082050749,7223.647754782749
IND-001000,Ramgarh,Jharkhand,2011,,True,NEW,3,2011,2025,1394.9319899810034,1334.5467363172343,60.38525366376916,,,,,,,1334.5467363172343,1394.9319899810034,1393.6466584591715
IND-001003,Ranchi,Jharkhand,2011,,True,NEW,3,2011,2025,5064.336143277872,4985.908426777596,78.42771650027589,,,,,,,5064.336143277872,5007.842171782506,4985.908426777596
IND-000816,Sahibganj,Jharkhand,2001,2011.0,False,NEW,1,2001,2001,2127.749980884543,2127.749980884543,0.0,,,,,,2127.749980884543,,,
IND-000996,Sahibganj,Jharkhand,2011,2021.0,False,NEW,1,2011,2011,1915.839140495859,1915.839140495859,0.0,,,,,,,1915.839140495859,,
IND-001214,Sahibganj,Jharkhand,2021,,True,NEW,2,2021,2025,2192.2558896485893,2191.2297371522154,1.0261524963739248,,,,,,,,2192.2558896485893,2191.2297371522154
IND-001008,Saraikela-Kharsawan,Jharkhand,2011,,True,NEW,3,2011,2025,2659.951233326612,2632.8853770971605,27.065856229451583,,,,,,,2632.8853770971605,2659.951233326612,2659.221155981089
IND-001006,Simdega,Jharkhand,2011,,True,NEW,3,2011,2025,3778.1045212140284,3768.1210414458474,9.983479768181041,,,,,,,3776.8880391396497,3768.1210414458474,3778.1045212140284
IND-000907,Bagalkot,Karnataka,2001,,True,NEW,4,2001,2025,6585.251999009194,6524.225454417778,61.026544591416496,,,,,,6585.251999009194,6524.225454417778,6552.003034804976,6553.000800904185
IND-000050,Bangalore,Karnataka,1951,1991.0,False,ANCHOR,4,1951,1981,7988.443295143656,7988.440978296054,0.0023168476018327055,7988.440978296054,7988.440978296054,7988.440978296054,7988.443295143656,,,,,
IND-000655,Bangalore,Karnataka,1991,,True,NEW,5,1991,2025,2196.1895782923384,2172.38608700789,23.803491284448228,,,,,2172.38608700789,2172.38608700789,2191.41697262067,2196.125213305392,2196.1895782923384
IND-001083,Bangalore Rural,Karnataka,2011,,True,NEW,3,2011,2025,2298.2394483835797,2271.340791225243,26.898657158336846,,,,,,,2271.340791225243,2298.2394483835797,2298.2352967017127
IND-000656,Bangalore_Rural,Karnataka,1991,2011.0,False,NEW,2,1991,2001,5815.983966864355,5815.983966864355,0.0,,,,,5815.983966864355,5815.983966864355,,,
IND-000336,Bellary,Karnataka,1961,2001.0,False,NEW,4,1961,1991,9907.455191928168,9907.446370631307,0.00882129686033295,,9907.455191928168,9907.455191928168,9907.447494695914,9907.446370631307,,,,
IND-000914,Bellary,Karnataka,2001,,True,NEW,4,2001,2025,8472.32191022951,8451.82554986986,20.49636035964977,,,,,,8472.32191022951,8451.82554986986,8462.681141099141,8462.942104383696
IND-000340,Bidar,Karnataka,1961,,True,NEW,8,1961,2025,5452.793637959377,5436.559789741733,16.233848217643754,,5452.793421384329,5452.793421384329,5452.793637959377,5452.789957231174,5452.789957231174,5436.559789741733,5444.172688649741,5448.652929494092
IND-000908,Bijapur,Karnataka,2001,,True,NEW,4,2001,2025,10510.567014936143,10494.981860220521,15.585154715621684,,,,,,10495.741529199904,10510.567014936143,10494.981860220521,10495.28430843539
IND-000921,Chamarajanagar,Karnataka,2001,,True,NEW,4,2001,2025,5662.850825170579,5647.1118003681795,15.739024802399399,,,,,,5662.850825170579,5648.397877402765,5647.1118003681795,5647.727690183602
IND-000054,Chickmaglur,Karnataka,1951,,True,ANCHOR,9,1951,2025,7203.228049155422,7156.72490359251,46.50314556291232,7156.72490359251,7156.72490359251,7156.72490359251,7156.724993388994,7156.772530158427,7156.772530158427,7191.568244723901,7203.228049155422,7203.007107366046
IND-001082,Chikkaballapura,Karnataka,2011,,True,NEW,3,2011,2025,4354.469074294818,4242.751830148454,111.71724414636356,,,,,,,4354.469074294818,4242.751830148454,4243.184526938496
IND-000056,Chitaldrug,Karnataka,1951,1961.0,False,ANCHOR,1,1951,1951,12258.080991885083,12258.080991885083,0.0,12258.080991885083,,,,,,,,
IND-000335,Chitradurga,Karnataka,1961,2001.0,False,NEW,4,1961,1991,10892.96291780399,10892.918897938227,0.04401986576340278,,10892.918897938227,10892.918897938227,10892.96291780399,10892.933637570313,,,,
IND-000915,Chitradurga,Karnataka,2001,,True,NEW,4,2001,2025,8478.348531423304,8433.987372996748,44.36115842655636,,,,,,8433.987372996748,8478.348531423304,8436.222799056135,8436.074571538482
IND-000919,Dakshina Kannada,Karnataka,2001,,True,NEW,4,2001,2025,4864.461511703089,4776.6930917658365,87.76841993725247,,,,,,4776.6930917658365,4843.879872318903,4864.461511703089,4858.452008937279
IND-000338,Dakshina_Kannara,Karnataka,1961,2001.0,False,NEW,4,1961,1991,8415.856283167554,8415.80517053338,0.051112634173478,,8415.856283167554,8415.856283167554,8415.852578277845,8415.80517053338,,,,
IND-000916,Davanagere,Karnataka,2001,,True,NEW,4,2001,2025,6015.117095848846,5905.438031893141,109.6790639557048,,,,,,6015.117095848846,5905.438031893141,5923.6939798972835,5923.6281591854195
IND-000912,Dharwad,Karnataka,2001,,True,NEW,4,2001,2025,4262.43986019723,4218.71532492786,43.72453526936988,,,,,,4262.43986019723,4218.71532492786,4258.754451003127,4258.65056633204
IND-000911,Gadag,Karnataka,2001,,True,NEW,4,2001,2025,4657.512298611514,4635.446438858574,22.065859752940014,,,,,,4647.244596649061,4635.446438858574,4657.1718125659045,4657.512298611514
IND-000339,Gulbarga,Karnataka,1961,2011.0,False,NEW,5,1961,2001,16230.820551730323,16230.803378630126,0.017173100197396707,,16230.81114157339,16230.81114157339,16230.820551730323,16230.803378630126,16230.803378630126,,,
IND-001079,Gulbarga,Karnataka,2011,,True,NEW,3,2011,2025,11089.60456855162,10953.014759120304,136.5898094313161,,,,,,,11089.60456855162,10953.014759120304,10955.987022857908
IND-000053,Hassan,Karnataka,1951,,True,ANCHOR,9,1951,2025,6844.567310435964,6781.235660291838,63.33165014412589,6781.235660291838,6781.235660291838,6781.235660291838,6781.23821046704,6781.261033803268,6781.261033803268,6844.567310435964,6813.447237827808,6813.601017632333
IND-000913,Haveri,Karnataka,2001,,True,NEW,4,2001,2025,4859.21060848306,4812.279323328407,46.93128515465287,,,,,,4812.279323328407,4859.21060848306,4823.235838069241,4823.086939248265
IND-000058,Kolar,Karnataka,1951,2011.0,False,ANCHOR,6,1951,2001,8222.83094858753,8222.798865370276,0.03208321725469432,8222.798865370276,8222.798865370276,8222.798865370276,8222.798934407438,8222.83094858753,8222.83094858753,,,
IND-001081,Kolar,Karnataka,2011,,True,NEW,3,2011,2025,3979.110150681284,3900.110410173862,78.99974050742185,,,,,,,3900.110410173862,3978.685062996211,3979.110150681284
IND-000910,Koppal,Karnataka,2001,,True,NEW,4,2001,2025,5575.024223484533,5569.676949982396,5.347273502136886,,,,,,5571.663346105022,5575.024223484533,5570.149746804712,5569.676949982396
IND-000052,Mandya,Karnataka,1951,,True,ANCHOR,9,1951,2025,4962.766150332222,4939.6840406252295,23.082109706992924,4939.688842382431,4939.688842382431,4939.688842382431,4939.690634693471,4939.6840406252295,4939.6840406252295,4946.515229171824,4962.766150332222,4962.629925729571
IND-000051,Mysore,Karnataka,1951,1961.0,False,ANCHOR,1,1951,1951,9164.567703609539,9164.567703609539,0.0,9164.567703609539,,,,,,,,
IND-000337,Mysore,Karnataka,1961,2001.0,False,NEW,4,1961,1991,11954.373198796366,11954.32939366379,0.043805132576380856,,11954.372211941101,11954.372211941101,11954.373198796366,11954.32939366379,,,,
IND-000920,Mysore,Karnataka,2001,,True,NEW,4,2001,2025,6353.014164837073,6291.4040680519565,61.610096785116184,,,,,,6291.4040680519565,6353.014164837073,6306.970140869426,6308.196666608118
IND-000341,Raichur,Karnataka,1961,2001.0,False,NEW,4,1961,1991,14024.144180146233,14024.136959900314,0.007220245919597801,,14024.137341336887,14024.137341336887,14024.136959900314,14024.144180146233,,,,
IND-000909,Raichur,Karnataka,2001,,True,NEW,4,2001,2025,8461.764480767957,8442.510701785246,19.253778982711083,,,,,,8452.331918201526,8461.764480767957,8442.510701785246,8442.726386444347
IND-001084,Ramanagara,Karnataka,2011,,True,NEW,3,2011,2025,3513.1341170771384,3510.551090275548,2.583026801590222,,,,,,,3510.551090275548,3513.1341170771384,3513.0187751834856
IND-000055,Shimoga,Karnataka,1951,2001.0,False,ANCHOR,5,1951,1991,10624.065453603032,10624.035253037004,0.030200566028725007,10624.065453603032,10624.065453603032,10624.065453603032,10624.035253037004,10624.062307086511,,,,
IND-000917,Shimoga,Karnataka,2001,,True,NEW,4,2001,2025,8503.021895463544,8477.904076993256,25.117818470287602,,,,,,8503.021895463544,8491.482113348704,8477.904076993256,8477.914104574495
IND-000057,Tumkur,Karnataka,1951,1961.0,False,ANCHOR,1,1951,1951,9246.604316063123,9246.604316063123,0.0,9246.604316063123,,,,,,,,
IND-000334,Tumkur,Karnataka,1961,,True,NEW,8,1961,2025,10611.726179751095,10576.822445303455,34.90373444764009,,10611.686934179832,10611.686934179832,10611.682749148235,10611.726179751095,10611.726179751095,10576.822445303455,10597.829264591415,10598.719035304053
IND-000918,Udupi,Karnataka,2001,,True,NEW,4,2001,2025,3639.100223343075,3577.1298313441616,61.97039199891333,,,,,,3639.100223343075,3584.952117418074,3577.1298313441616,3582.2392256751787
IND-001080,Yadgir,Karnataka,2011,,True,NEW,3,2011,2025,5334.94789238664,5273.916588006881,61.031304379758694,,,,,,,5334.94789238664,5274.0449949883005,5273.916588006881
IND-000452,Alappuzha,Kerala,1981,,True,NEW,6,1981,2025,1420.2366156042503,1417.312514313146,2.924101291104307,,,,1417.8172970192677,1417.8120034479787,1417.8120034479787,1418.2150466473825,1417.312514313146,1420.2366156042503
IND-000393,Alapuzha,Kerala,1961,1981.0,False,NEW,2,1961,1971,1737.277075172612,1737.277075172612,0.0,,1737.277075172612,1737.277075172612,,,,,,
IND-000391,Eranakulam,Kerala,1961,1981.0,False,NEW,2,1961,1971,2924.998493951632,2924.998493951632,0.0,,2924.998493951632,2924.998493951632,,,,,,
IND-000448,Ernakulam,Kerala,1981,1991.0,False,NEW,1,1981,1981,2116.055006750171,2116.055006750171,0.0,,,,2116.055006750171,,,,,
IND-000660,Ernakulam,Kerala,1991,,True,NEW,5,1991,2025,3080.378770024391,3054.153403162123,26.225366862267947,,,,,3064.631085325466,3064.631085325466,3080.378770024391,3054.153403162123,3060.0098190130134
IND-000449,Idukki,Kerala,1981,1991.0,False,NEW,1,1981,1981,5319.394260539433,5319.394260539433,0.0,,,,5319.394260539433,,,,,
IND-000661,Idukki,Kerala,1991,,True,NEW,5,1991,2025,4370.805158757406,4339.730897714723,31.074261042683247,,,,,4370.805158757406,4370.805158757406,4339.730897714723,4359.198145889204,4357.177187684508
IND-000387,Kannur,Kerala,1961,1981.0,False,NEW,2,1961,1971,5718.289464230443,5718.289464230443,0.0,,5718.289464230443,5718.289464230443,,,,,,
IND-000445,Kannur,Kerala,1981,1991.0,False,NEW,1,1981,1981,4974.97792333323,4974.97792333323,0.0,,,,4974.97792333323,,,,,
IND-000659,Kannur,Kerala,1991,,True,NEW,5,1991,2025,2969.985058120822,2955.8238511604677,14.16120696035432,,,,,2957.5791954669608,2956.213095009631,2969.985058120822,2955.8238511604677,2967.054708757523
IND-000662,Kasaragod,Kerala,1991,,True,NEW,5,1991,2025,2017.453177101139,1969.475798713178,47.97737838796115,,,,,2017.453177101139,2017.453177101139,1986.7407112886085,1969.475798713178,1992.8412475878129
IND-000394,Kollam,Kerala,1961,1991.0,False,NEW,3,1961,1981,5143.403505248164,4824.025464902402,319.3780403457622,,4824.025464902402,4824.025464902402,5143.403505248164,,,,,
IND-000664,Kollam,Kerala,1991,,True,NEW,5,1991,2025,2503.0618201112943,2483.976361139696,19.0854589715982,,,,,2503.0618201112943,2503.0618201112943,2484.0942901473995,2486.527071798293,2483.976361139696
IND-000392,Kottayam,Kerala,1961,1981.0,False,NEW,2,1961,1971,6711.357397694583,6711.357397694583,0.0,,6711.357397694583,6711.357397694583,,,,,,
IND-000451,Kottayam,Kerala,1981,,True,NEW,6,1981,2025,2219.606114185679,2200.9203836231254,18.685730562553545,,,,2200.9305041164357,2200.9203836231254,2200.9203836231254,2219.606114185679,2204.506072879139,2205.7667163467886
IND-000388,Kozhikode,Kerala,1961,1971.0,False,NEW,1,1961,1961,6574.145904678048,6574.145904678048,0.0,,6574.145904678048,,,,,,,
IND-000441,Kozhikode,Kerala,1971,1981.0,False,NEW,1,1971,1971,3739.9212754241466,3739.9212754241466,0.0,,,3739.9212754241466,,,,,,
IND-000447,Kozhikode,Kerala,1981,,True,NEW,6,1981,2025,2358.5685360291704,2339.9154808996404,18.653055129530003,,,,2358.5685360291704,2358.55001692113,2358.55001692113,2342.4291873671277,2339.9154808996404,2348.4302402948897
IND-000442,Malappuram,Kerala,1971,,True,NEW,7,1971,2025,3554.9070595062585,3528.8935300455246,26.013529460733935,,,3546.7579108764435,3546.7579947839326,3546.7735883761925,3546.7735883761925,3528.8935300455246,3550.204405746293,3554.9070595062585
IND-000389,Palakkad,Kerala,1961,1971.0,False,NEW,1,1961,1961,5193.869904128577,5193.869904128577,0.0,,5193.869904128577,,,,,,,
IND-000443,Palghat,Kerala,1971,,True,NEW,7,1971,2025,4490.910242508628,4479.374733265799,11.535509242828994,,,4481.660270573924,4481.660228875481,4481.643479743263,4481.643479743263,4490.910242508628,4479.374733265799,4482.74236460885
IND-000663,Pathanamthitta,Kerala,1991,,True,NEW,5,1991,2025,2650.920542893687,2607.9272362193046,42.99330667438244,,,,,2640.3034789244102,2640.3034789244102,2607.9272362193046,2650.186546745069,2650.920542893687
IND-000395,Thiruvananthapuram,Kerala,1961,,True,NEW,8,1961,2025,2204.408195732806,2183.1319439985737,21.27625173423212,,2195.122435679532,2195.122435679532,2195.122435679532,2195.113348249662,2195.113348249662,2204.408195732806,2183.1319439985737,2193.0702791997037
IND-000390,Thrisur,Kerala,1961,,True,NEW,8,1961,2025,3046.88147278031,3014.5715007306644,32.309972049645694,,3046.881455255696,3046.881455255696,3046.88147278031,3046.8702219329834,3046.8702219329834,3014.5715007306644,3024.805902782743,3030.844534930014
IND-000446,Wayanad,Kerala,1981,,True,NEW,6,1981,2025,2138.1644322551833,2124.706066360751,13.458365894432518,,,,2124.706066360751,2124.708878055346,2124.708878055346,2138.1644322551833,2135.8778709651187,2131.0596073178
IND-000129,Kutch,Kutch,1951,,True,ANCHOR,9,1951,2025,43443.49921306482,40697.42941467128,2746.069798393539,43443.49921306482,43443.49921306482,43443.49921306482,43443.47300050626,43172.97896751615,43172.97896751615,42765.69915644373,41914.880211215626,40697.42941467128
IND-001313,Leh,Ladakh,2021,,True,NEW,2,2021,2025,154887.8683911875,154019.77933590504,868.0890552824712,,,,,,,,154887.8683911875,154019.77933590504
IND-001094,Lakshadweep,Lakshadweep,2011,2021.0,False,NEW,1,2011,2011,82.49656957307762,82.49656957307762,0.0,,,,,,,82.49656957307762,,
IND-001264,Lakshadweep,Lakshadweep,2021,2025.0,False,NEW,1,2021,2021,29.536132372460806,29.536132372460806,0.0,,,,,,,,29.536132372460806,
IND-001334,Lakshadweep,Lakshadweep,2025,,True,NEW,1,2025,2025,29.887820570903298,29.887820570903298,0.0,,,,,,,,,29.887820570903298
IND-000142,Lakshdweep Islands,Lakshdweep Islands,1951,2011.0,False,ANCHOR,6,1951,2001,65.65522822530649,64.9017962306914,0.7534319946150845,65.63223336496691,65.63223336496691,64.9017962306914,65.63254666967894,65.65522822530649,65.65522822530649,,,
IND-000038,Bhilsa,Madhya Bharat,1951,,True,ANCHOR,9,1951,2025,7318.93064496559,7225.023711575492,93.90693339009795,7318.920739056682,7318.920739056682,7318.920739056682,7318.93064496559,7318.904047986636,7318.904047986636,7225.023711575492,7301.565215589954,7303.583794788982
IND-000027,Bhind,Madhya Bharat,1951,1961.0,False,ANCHOR,1,1951,1951,5062.238331267996,5062.238331267996,0.0,5062.238331267996,,,,,,,,
IND-000040,Dewas,Madhya Bharat,1951,,True,ANCHOR,9,1951,2025,7183.726220930608,6985.711878457621,198.01434247298675,6985.7363933379265,6985.7363933379265,6985.7363933379265,6985.711878457621,6985.774873782735,6985.774873782735,7183.726220930608,7011.641998137181,7012.289198799514
IND-000041,Dhar,Madhya Bharat,1951,,True,ANCHOR,9,1951,2025,8164.311363995633,8147.027390368798,17.283973626835177,8164.311363995633,8164.311363995633,8164.311363995633,8164.2972334135075,8164.307955611711,8164.307955611711,8147.027390368798,8157.173196666547,8156.390396810103
IND-000028,Gird,Madhya Bharat,1951,1961.0,False,ANCHOR,1,1951,1951,4555.594080470687,4555.594080470687,0.0,4555.594080470687,,,,,,,,
IND-000031,Goona,Madhya Bharat,1951,2011.0,False,ANCHOR,6,1951,2001,11108.932952007104,11108.879917934166,0.05303407293831697,11108.923089846421,11108.923089846421,11108.923089846421,11108.932952007104,11108.879917934166,11108.879917934166,,,
IND-000039,Indore,Madhya Bharat,1951,,True,ANCHOR,9,1951,2025,3920.898545660701,3793.0131116000125,127.88543406068857,3920.898545660701,3920.898545660701,3920.898545660701,3920.8963745654346,3920.856958778953,3920.856958778953,3793.0131116000125,3910.0522419885397,3908.170794695853
IND-000042,Jhabua,Madhya Bharat,1951,2011.0,False,ANCHOR,6,1951,2001,6776.476735973289,6776.418174539772,0.05856143351684295,6776.476735973289,6776.476735973289,6776.476735973289,6776.456837427525,6776.418174539772,6776.418174539772,,,
IND-000037,Mandsaur,Madhya Bharat,1951,2001.0,False,ANCHOR,5,1951,1991,9849.93891338087,9849.873011339976,0.06590204089479812,9849.93891338087,9849.93891338087,9849.93891338087,9849.873011339976,9849.921438428515,,,,
IND-000029,Morena,Madhya Bharat,1951,2001.0,False,ANCHOR,5,1951,1991,11631.75031773861,11631.707583198226,0.04273454038411728,11631.707583198226,11631.707583198226,11631.707583198226,11631.731832989019,11631.75031773861,,,,
IND-000043,Nimar,Madhya Bharat,1951,2001.0,False,ANCHOR,5,1951,1991,13437.26660576368,13437.265236033483,0.0013697301965294173,13437.265236033483,13437.265236033483,13437.265236033483,13437.26654516342,13437.26660576368,,,,
IND-000032,Rajgarh,Madhya Bharat,1951,,True,ANCHOR,9,1951,2025,6252.91936664789,6164.091353695983,88.8280129519062,6164.092774088413,6164.092774088413,6164.092774088413,6164.105423235937,6164.091353695983,6164.091353695983,6252.91936664789,6167.846293636729,6166.834441702459
IND-000035,Ratlam,Madhya Bharat,1951,,True,ANCHOR,9,1951,2025,4857.6119139428565,4820.948626929655,36.663287013201625,4844.229094885325,4844.229094885325,4844.229094885325,4844.229728710105,4844.213797453364,4844.213797453364,4820.948626929655,4857.6119139428565,4855.410988117059
IND-000033,Shajapur,Madhya Bharat,1951,2021.0,False,ANCHOR,7,1951,2011,6219.30033883042,6205.98613685198,13.314201978439996,6206.027044249315,6206.027044249315,6206.027044249315,6206.011340855034,6205.98613685198,6205.98613685198,6219.30033883042,,
IND-000030,Shivpuri,Madhya Bharat,1951,,True,ANCHOR,9,1951,2025,10291.266214357745,10006.741578983438,284.52463537430776,10187.819938601207,10187.819938601207,10187.819938601207,10187.814355548579,10187.917798696291,10187.917798696291,10006.741578983438,10291.266214357745,10285.39415894416
IND-000034,Ujjain,Madhya Bharat,1951,,True,ANCHOR,9,1951,2025,6144.200814904863,6099.707400476569,44.49341442829427,6109.592053760282,6109.592053760282,6109.592053760282,6109.598851602749,6109.6128284141705,6109.6128284141705,6144.200814904863,6099.707400476569,6101.535376467216
IND-001234,Agar Malwa,Madhya Pradesh,2021,,True,NEW,2,2021,2025,2946.0786138211693,2732.204872251412,213.87374156975739,,,,,,,,2946.0786138211693,2732.204872251412
IND-000197,Akola,Madhya Pradesh,1951,2001.0,False,ANCHOR,5,1951,1991,10626.638831167655,10626.601710549063,0.03712061859187088,10626.613791112435,10626.613791112435,10626.613791112435,10626.601710549063,10626.638831167655,,,,
IND-000951,Alirajpur,Madhya Pradesh,2011,,True,NEW,3,2011,2025,3335.690512048318,3317.1906227037666,18.49988934455132,,,,,,,3317.1906227037666,3335.690512048318,3332.515657070245
IND-000195,Amravati,Madhya Pradesh,1951,,True,ANCHOR,9,1951,2025,12228.520460462994,12187.380142812599,41.140317650395446,12187.40855166054,12187.40855166054,12187.40855166054,12187.443712616821,12187.380142812599,12187.380142812599,12228.520460462994,12211.886021849159,12204.768483761434
IND-000947,Anuppur,Madhya Pradesh,2011,,True,NEW,3,2011,2025,3847.111522308599,3767.559266129453,79.55225617914584,,,,,,,3847.111522308599,3767.559266129453,3773.4618131207517
IND-000945,Ashoknagar,Madhya Pradesh,2011,,True,NEW,3,2011,2025,4825.877662007143,4736.143856230707,89.73380577643638,,,,,,,4825.877662007143,4736.143856230707,4736.424093085909
IND-000188,Balaghat,Madhya Pradesh,1951,,True,ANCHOR,9,1951,2025,9258.87247677948,9244.427818171685,14.444658607793826,9258.808140393465,9258.808140393465,9258.808140393465,9258.818762628487,9258.87247677948,9258.87247677948,9253.130131953896,9244.427818171685,9249.317553542778
IND-000871,Barwani,Madhya Pradesh,2001,,True,NEW,4,2001,2025,5429.203819983515,5175.190449302407,254.01337068110843,,,,,,5306.132931320291,5175.190449302407,5429.203819983515,5428.968604862619
IND-000192,Bastar,Madhya Pradesh,1951,2001.0,False,ANCHOR,5,1951,1991,39134.96867593613,39134.855421261724,0.11325467440474313,39134.936455221614,39134.936455221614,39134.936455221614,39134.855421261724,39134.96867593613,,,,
IND-000181,Betul,Madhya Pradesh,1951,,True,ANCHOR,9,1951,2025,10149.826647521642,10053.459078757054,96.36756876458821,10062.435710282452,10062.435710282452,10062.435710282452,10062.409934858613,10062.448586972303,10062.448586972303,10149.826647521642,10058.125813735478,10053.459078757054
IND-000182,Bhandara,Madhya Pradesh,1951,2001.0,False,ANCHOR,5,1951,1991,9364.941744834514,9364.933936470696,0.007808363818185171,9364.938816018297,9364.938816018297,9364.938816018297,9364.933936470696,9364.941744834514,,,,
IND-000396,Bhind,Madhya Pradesh,1961,,True,NEW,8,1961,2025,4536.63700181099,4454.305604688963,82.33139712202683,,4454.305604688963,4454.305604688963,4454.345909387237,4454.311397931767,4454.311397931767,4536.63700181099,4463.94806160989,4462.794440332774
IND-000455,Bhopal,Madhya Pradesh,1981,,True,NEW,6,1981,2025,2767.39630590647,2715.106698202956,52.289607703513866,,,,2765.2209933997824,2765.244429837014,2765.244429837014,2715.106698202956,2767.39630590647,2767.3443383566605
IND-000190,Bilaspur,Madhya Pradesh,1951,2001.0,False,ANCHOR,5,1951,1991,19900.28814299176,18777.76618301539,1122.5219599763732,19900.28814299176,19900.28814299176,19900.28814299176,18777.76618301539,19900.267440270545,,,,
IND-000198,Buldana,Madhya Pradesh,1951,,True,ANCHOR,9,1951,2025,9742.31801450488,9703.908226825482,38.409787679396686,9716.29473608005,9716.29473608005,9716.29473608005,9716.24556125635,9716.314946779696,9716.314946779696,9703.908226825482,9737.912601657597,9742.31801450488
IND-000953,Burhanpur,Madhya Pradesh,2011,,True,NEW,3,2011,2025,3238.6663260244195,3225.1149683857248,13.551357638694753,,,,,,,3238.6663260244195,3231.296677685507,3225.1149683857248
IND-000179,Chanda,Madhya Pradesh,1951,1991.0,False,ANCHOR,4,1951,1981,25296.06808298661,23934.955244405595,1361.1128385810152,23934.955244405595,25295.998589811537,25295.998589811537,25296.06808298661,,,,,
IND-000180,Chhindwara,Madhya Pradesh,1951,1961.0,False,ANCHOR,1,1951,1951,20566.480661900627,20566.480661900627,0.0,20566.480661900627,,,,,,,,
IND-000402,Chhindwara,Madhya Pradesh,1961,,True,NEW,8,1961,2025,11820.950424087761,11744.13548929724,76.81493479052187,,11820.950424087761,11820.950424087761,11820.93352085883,11820.912792985864,11820.912792985864,11744.13548929724,11814.41986012059,11811.075331568773
IND-000400,Damoh,Madhya Pradesh,1961,,True,NEW,8,1961,2025,7398.856045269153,7302.738087016533,96.11795825261925,,7303.946422084578,7303.946422084578,7303.889755490439,7303.897494266375,7303.897494266375,7398.856045269153,7302.738087016533,7302.928487555357
IND-000865,Datia,Madhya Pradesh,2001,2021.0,False,NEW,2,2001,2011,2887.8965609352435,2795.203530632841,92.69303030240235,,,,,,2795.203530632841,2887.8965609352435,,
IND-001235,Datia,Madhya Pradesh,2021,,True,NEW,2,2021,2025,2686.603570317186,2677.1755328388203,9.428037478365695,,,,,,,,2677.1755328388203,2686.603570317186
IND-000876,Dindori,Madhya Pradesh,2001,,True,NEW,4,2001,2025,5799.616467677695,5666.556702518847,133.05976515884868,,,,,,5799.616467677695,5666.556702518847,5750.492539530845,5745.922994980636
IND-001316,Disputed (Ratlam & Mandsaur),Madhya Pradesh,2025,,True,NEW,1,2025,2025,1.314642477898673,1.314642477898673,0.0,,,,,,,,,1.314642477898673
IND-000191,Durg,Madhya Pradesh,1951,1981.0,False,ANCHOR,3,1951,1971,19678.070072747803,19678.070072747803,0.0,19678.070072747803,19678.070072747803,19678.070072747803,,,,,,
IND-000458,Durg,Madhya Pradesh,1981,2021.0,False,NEW,4,1981,2011,8535.471603942788,8430.995588576707,104.4760153660809,,,,8535.461731568565,8535.471603942788,8535.471603942788,8430.995588576707,,
IND-000944,Guna,Madhya Pradesh,2011,,True,NEW,3,2011,2025,6434.706492910603,6380.537427990704,54.16906491989903,,,,,,,6434.706492910603,6382.474312137556,6380.537427990704
IND-000397,Gwalior,Madhya Pradesh,1961,2001.0,False,NEW,4,1961,1991,5163.500141610561,5163.4462108215785,0.053930788982142985,,5163.500141610561,5163.500141610561,5163.4462108215785,5163.468621607481,,,,
IND-000864,Gwalior,Madhya Pradesh,2001,,True,NEW,4,2001,2025,4563.24984561717,4475.422393961517,87.82745165565302,,,,,,4555.558735711063,4475.422393961517,4562.962564009562,4563.24984561717
IND-000872,Harda,Madhya Pradesh,2001,,True,NEW,4,2001,2025,3341.4190897732674,3316.4893838212784,24.929705951989035,,,,,,3326.5202816198303,3316.4893838212784,3336.0392059353917,3341.4190897732674
IND-000186,Hoshangabad,Madhya Pradesh,1951,1961.0,False,ANCHOR,1,1951,1951,15145.52263508443,15145.52263508443,0.0,15145.52263508443,,,,,,,,
IND-000398,Hoshangabad,Madhya Pradesh,1961,2001.0,False,NEW,4,1961,1991,10006.312587499751,10006.261953968666,0.05063353108562296,,10006.312524665473,10006.312524665473,10006.312587499751,10006.261953968666,,,,
IND-000873,Hoshangabad,Madhya Pradesh,2001,,True,NEW,4,2001,2025,6685.979999379384,6676.074393787995,9.905605591388849,,,,,,6679.663335112327,6676.074393787995,6685.662652106689,6685.979999379384
IND-000183,Jabalpur,Madhya Pradesh,1951,2001.0,False,ANCHOR,5,1951,1991,10167.849727430192,10167.830189259446,0.01953817074536346,10167.842360990118,10167.842360990118,10167.842360990118,10167.830189259446,10167.849727430192,,,,
IND-000875,Jabalpur,Madhya Pradesh,2001,,True,NEW,4,2001,2025,5096.585157389489,4923.378117526713,173.20703986277567,,,,,,5051.448567290632,4923.378117526713,5096.585157389489,5093.884671394242
IND-000950,Jhabua,Madhya Pradesh,2011,,True,NEW,3,2011,2025,3508.6469606735172,3443.3353031231304,65.31165755038683,,,,,,,3508.6469606735172,3443.582793077392,3443.3353031231304
IND-000874,Katni,Madhya Pradesh,2001,,True,NEW,4,2001,2025,5126.323515990445,5054.501419954366,71.82209603607953,,,,,,5116.479925799009,5126.323515990445,5070.431556521383,5054.501419954366
IND-000952,Khandwa (East Nimar),Madhya Pradesh,2011,,True,NEW,3,2011,2025,7476.703051516955,7297.395396154263,179.30765536269246,,,,,,,7297.395396154263,7476.703051516955,7469.6143426314065
IND-000185,Mandala,Madhya Pradesh,1951,2001.0,False,ANCHOR,5,1951,1991,13243.48588794495,13243.483953194884,0.001934750065629487,13243.483953194884,13243.483953194884,13243.483953194884,13243.48441686151,13243.48588794495,,,,
IND-000877,Mandla,Madhya Pradesh,2001,,True,NEW,4,2001,2025,7605.645887552692,7444.157508831531,161.4883787211611,,,,,,7444.157508831531,7605.645887552692,7510.45206801784,7512.049722525504
IND-000869,Mandsaur,Madhya Pradesh,2001,,True,NEW,4,2001,2025,5552.8737338709625,5336.670116429052,216.20361744191086,,,,,,5545.560699696023,5336.670116429052,5552.8737338709625,5548.476243455746
IND-000863,Morena,Madhya Pradesh,2001,,True,NEW,4,2001,2025,5129.4332700009945,4986.3848040403545,143.04846596064,,,,,,5015.033241651767,5129.4332700009945,4986.93645380804,4986.3848040403545
IND-000177,Nagpur,Madhya Pradesh,1951,,True,ANCHOR,9,1951,2025,9897.314600153508,9849.46898793966,47.84561221384865,9849.46898793966,9849.46898793966,9849.46898793966,9849.474161133096,9849.473162470007,9849.473162470007,9894.698219055072,9892.34797594062,9897.314600153508
IND-000401,Narsinghpur,Madhya Pradesh,1961,,True,NEW,8,1961,2025,5139.289448195583,5134.187242029476,5.102206166106953,,5139.28899604669,5139.28899604669,5139.258864012129,5139.289448195583,5139.289448195583,5134.187242029476,5135.525711642579,5135.578263519757
IND-000868,Neemuch,Madhya Pradesh,2001,,True,NEW,4,2001,2025,4450.862841579465,4287.262010203269,163.60083137619586,,,,,,4304.4250501525985,4450.862841579465,4308.738241393163,4287.262010203269
IND-000187,Nimar,Madhya Pradesh,1951,2011.0,False,ANCHOR,6,1951,2001,10740.886362385598,10740.816873917358,0.06948846823979693,10740.826704630923,10740.826704630923,10740.826704630923,10740.886362385598,10740.816873917358,10740.816873917358,,,
IND-001236,Niwari,Madhya Pradesh,2021,,True,NEW,2,2021,2025,1322.2826867049891,1317.31913627127,4.963550433719092,,,,,,,,1317.31913627127,1322.2826867049891
IND-000194,Raigarh,Madhya Pradesh,1951,2001.0,False,ANCHOR,5,1951,1991,13059.796718790642,13059.760563866164,0.03615492447715951,13059.796559319513,13059.796559319513,13059.796559319513,13059.760563866164,13059.796718790642,,,,
IND-000189,Raipur,Madhya Pradesh,1951,2001.0,False,ANCHOR,5,1951,1991,21584.99102745115,21584.973183217597,0.017844233552750666,21584.973183217597,21584.973183217597,21584.973183217597,21584.98805276942,21584.99102745115,,,,
IND-000457,Rajnandgaon,Madhya Pradesh,1981,2001.0,False,NEW,2,1981,1991,12264.79190018468,11142.427173263304,1122.3647269213761,,,,12264.79190018468,11142.427173263304,,,,
IND-000184,Sagar,Madhya Pradesh,1951,1961.0,False,ANCHOR,1,1951,1951,17562.35670911488,17562.35670911488,0.0,17562.35670911488,,,,,,,,
IND-000399,Sagar,Madhya Pradesh,1961,,True,NEW,8,1961,2025,10467.138563542067,10258.327858630073,208.81070491199353,,10258.350575793407,10258.350575793407,10258.359296847648,10258.327858630073,10258.327858630073,10467.138563542067,10269.069025275801,10267.716059582415
IND-000456,Sehore,Madhya Pradesh,1981,,True,NEW,6,1981,2025,6568.849926531826,6544.133849900645,24.71607663118084,,,,6561.038182609467,6560.99324736183,6560.99324736183,6544.133849900645,6568.849926531826,6568.5525168235945
IND-000403,Seoni,Madhya Pradesh,1961,,True,NEW,8,1961,2025,8774.940894073872,8745.524076067013,29.416818006859103,,8745.525497420696,8745.525497420696,8745.524076067013,8745.564343868233,8745.564343868233,8774.940894073872,8761.08066276987,8760.596505605916
IND-000867,Shahdol,Madhya Pradesh,2001,2011.0,False,NEW,1,2001,2001,9455.753692389977,9455.753692389977,0.0,,,,,,9455.753692389977,,,
IND-000946,Shahdol,Madhya Pradesh,2011,,True,NEW,3,2011,2025,5693.088350809086,5679.187027791719,13.901323017366849,,,,,,,5693.088350809086,5679.187027791719,5680.676184632204
IND-001233,Shajapur,Madhya Pradesh,2021,,True,NEW,2,2021,2025,3462.098310935541,3250.6465486747643,211.45176226077683,,,,,,,,3250.6465486747643,3462.098310935541
IND-000862,Sheopur,Madhya Pradesh,2001,,True,NEW,4,2001,2025,6663.473386999135,6607.215942635953,56.257444363182,,,,,,6616.825656285473,6663.473386999135,6607.215942635953,6607.369310643662
IND-000948,Sidhi,Madhya Pradesh,2011,,True,NEW,3,2011,2025,4775.730353926129,4674.851609319472,100.87874460665716,,,,,,,4674.851609319472,4775.395592428433,4775.730353926129
IND-000949,Singrauli,Madhya Pradesh,2011,,True,NEW,3,2011,2025,5766.051679097957,5744.255747819059,21.795931278898024,,,,,,,5764.657793425316,5744.255747819059,5766.051679097957
IND-000193,Surguja,Madhya Pradesh,1951,2001.0,False,ANCHOR,5,1951,1991,22315.368737505985,22315.34864881251,0.02008869347628206,22315.34864881251,22315.34864881251,22315.34864881251,22315.368737505985,22315.363571813585,,,,
IND-001232,Tikamgarh,Madhya Pradesh,2021,,True,NEW,2,2021,2025,3723.091905520577,3717.3485244091794,5.743381111397412,,,,,,,,3717.3485244091794,3723.091905520577
IND-000866,Umaria,Madhya Pradesh,2001,,True,NEW,4,2001,2025,4699.692990984592,4566.571076236668,133.12191474792417,,,,,,4584.062914005914,4699.692990984592,4566.571076236668,4578.329716804657
IND-000178,Wardha,Madhya Pradesh,1951,,True,ANCHOR,9,1951,2025,6311.503203095217,6307.571095611186,3.932107484030894,6311.503203095217,6311.503203095217,6311.503203095217,6311.488080496239,6311.499315661637,6311.499315661637,6307.742746548214,6308.767842087773,6307.571095611186
IND-000870,West Nimar,Madhya Pradesh,2001,,True,NEW,4,2001,2025,8243.706275409639,8021.037657527452,222.66861788218648,,,,,,8131.195343771079,8243.706275409639,8021.037657527452,8026.519961026939
IND-000196,Yeotmal,Madhya Pradesh,1951,,True,ANCHOR,9,1951,2025,13595.05692596493,13584.149315274715,10.907610690213914,13585.447565151693,13585.447565151693,13585.447565151693,13585.254030244481,13585.380886282199,13585.380886282199,13595.05692596493,13584.149315274715,13584.98196688944
IND-000896,Akola,Maharashtra,2001,,True,NEW,4,2001,2025,5557.947124413568,5429.008842722086,128.9382816914822,,,,,,5557.947124413568,5444.895159892811,5429.008842722086,5440.137867109612
IND-000646,Aurangabad,Maharashtra,1991,,True,NEW,5,1991,2025,10173.050542240595,10062.67143043661,110.37911180398442,,,,,10062.67143043661,10062.67143043661,10173.050542240595,10167.288328357452,10122.191950484052
IND-000898,Bhandara,Maharashtra,2001,,True,NEW,4,2001,2025,4154.405991664697,4023.677451997338,130.72853966735875,,,,,,4154.405991664697,4079.681935442344,4023.677451997338,4137.3779161443435
IND-000647,Bid,Maharashtra,1991,2001.0,False,NEW,1,1991,1991,12178.659694626193,12178.659694626193,0.0,,,,,12178.659694626193,,,,
IND-000905,Bid,Maharashtra,2001,,True,NEW,4,2001,2025,10641.279192550823,10421.376533166633,219.90265938418997,,,,,,10421.376533166633,10641.279192550823,10603.947580828304,10607.299018328113
IND-000648,Chandrapur,Maharashtra,1991,,True,NEW,5,1991,2025,11364.408022145275,10760.140039041546,604.2679831037294,,,,,10760.140039041546,11317.53201967198,11341.804656418126,11355.185616017794,11364.408022145275
IND-000895,Dhule,Maharashtra,2001,,True,NEW,4,2001,2025,7188.686324441857,7137.225840588018,51.46048385383892,,,,,,7137.225840588018,7143.079845999151,7188.477495986507,7188.686324441857
IND-000649,Gadchiroli,Maharashtra,1991,,True,NEW,5,1991,2025,14535.808890913504,14309.71800068748,226.09089022602348,,,,,14535.808890913504,14535.808890913504,14309.71800068748,14526.962083896378,14506.22458944124
IND-000899,Gondiya,Maharashtra,2001,,True,NEW,4,2001,2025,5297.147121404072,5183.037384902718,114.10973650135384,,,,,,5210.464201778636,5200.810464306253,5297.147121404072,5183.037384902718
IND-000900,Hingoli,Maharashtra,2001,,True,NEW,4,2001,2025,4891.058230942961,4619.302082499568,271.7561484433927,,,,,,4619.302082499568,4710.434586521334,4891.058230942961,4711.258708103556
IND-000650,Jalna,Maharashtra,1991,2001.0,False,NEW,1,1991,1991,6440.784962505943,6440.784962505943,0.0,,,,,6440.784962505943,,,,
IND-000902,Jalna,Maharashtra,2001,,True,NEW,4,2001,2025,7676.809165651773,7570.7739662734,106.03519937837245,,,,,,7570.7739662734,7636.174291032582,7676.012806930058,7676.809165651773
IND-000324,Kolhapur,Maharashtra,1961,,True,NEW,8,1961,2025,8237.178615313303,7676.351564811293,560.82705050201,,8237.178615313303,8237.178615313303,7819.626688034162,7819.553571791387,7819.553571791387,7755.4120394548045,7695.332416919136,7676.351564811293
IND-000651,Latur,Maharashtra,1991,,True,NEW,5,1991,2025,7298.659642278549,6671.299823554572,627.3598187239768,,,,,6671.299823554572,7298.659642278549,7131.298855674192,7197.352221877749,7203.762709250013
IND-000904,Mumbai,Maharashtra,2001,2011.0,False,NEW,1,2001,2001,70.92808130559163,70.92808130559163,0.0,,,,,,70.92808130559163,,,
IND-001077,Mumbai,Maharashtra,2011,2021.0,False,NEW,1,2011,2011,77.02954362492646,77.02954362492646,0.0,,,,,,,77.02954362492646,,
IND-001257,Mumbai,Maharashtra,2021,2025.0,False,NEW,1,2021,2021,142.15837228054582,142.15837228054582,0.0,,,,,,,,142.15837228054582,
IND-001356,Mumbai City,Maharashtra,2025,,True,NEW,1,2025,2025,64.03909920319622,64.03909920319622,0.0,,,,,,,,,64.03909920319622
IND-000903,Mumbai Suburban,Maharashtra,2001,2011.0,False,NEW,1,2001,2001,351.58693566559566,351.58693566559566,0.0,,,,,,351.58693566559566,,,
IND-001076,Mumbai Suburban,Maharashtra,2011,2021.0,False,NEW,1,2011,2011,402.5405070481268,402.5405070481268,0.0,,,,,,,402.5405070481268,,
IND-001260,Mumbai Suburban,Maharashtra,2021,,True,NEW,2,2021,2025,435.9039521187654,431.74612088989164,4.157831228873761,,,,,,,,435.9039521187654,431.74612088989164
IND-000325,Nanded,Maharashtra,1961,,True,NEW,8,1961,2025,10612.8484760572,10532.34722107543,80.5012549817693,,10612.77090610512,10612.77090610512,10612.771673345584,10612.8484760572,10612.8484760572,10598.864508146522,10535.7965618153,10532.34722107543
IND-000894,Nandurbar,Maharashtra,2001,,True,NEW,4,2001,2025,6054.796827098722,5906.227601798413,148.56922530030897,,,,,,6054.796827098722,5906.227601798413,5963.637697741283,5955.59833076714
IND-000326,Osmanabad,Maharashtra,1961,1991.0,False,NEW,3,1961,1981,14358.787551859918,14358.75124339877,0.03630846114720043,,14358.75124339877,14358.75124339877,14358.787551859918,,,,,
IND-000652,Osmanabad,Maharashtra,1991,,True,NEW,5,1991,2025,7687.532133853205,7575.396262288486,112.13587156471931,,,,,7687.532133853205,7687.532133853205,7613.6811212492485,7575.396262288486,7576.702422488509
IND-001259,Palghar,Maharashtra,2021,,True,NEW,2,2021,2025,5270.816372010988,5169.629163909381,101.18720810160721,,,,,,,,5169.629163909381,5270.816372010988
IND-000460,Parbhani,Maharashtra,1981,2001.0,False,NEW,2,1981,1991,10913.561886604683,10913.548958105644,0.01292849903802562,,,,10913.561886604683,10913.548958105644,,,,
IND-000901,Parbhani,Maharashtra,2001,,True,NEW,4,2001,2025,6348.787045505832,6128.18160913852,220.605436367312,,,,,,6294.014167959786,6348.787045505832,6128.18160913852,6307.544203073068
IND-000653,Ratnagiri,Maharashtra,1991,,True,NEW,5,1991,2025,8292.850892163644,8280.67655417974,12.17433798390448,,,,,8291.044321322439,8291.044321322439,8280.67655417974,8280.898391131916,8292.850892163644
IND-000654,Sindhudurg,Maharashtra,1991,,True,NEW,5,1991,2025,5106.475553968324,5070.277116852596,36.19843711572776,,,,,5087.485402885069,5087.485402885069,5070.277116852596,5083.38694560703,5106.475553968324
IND-001258,Thane,Maharashtra,2021,,True,NEW,2,2021,2025,4274.33522120568,4264.018141566036,10.317079639643453,,,,,,,,4264.018141566036,4274.33522120568
IND-000897,Washim,Maharashtra,2001,,True,NEW,4,2001,2025,5139.62142675542,5068.70750192437,70.91392483104937,,,,,,5068.70750192437,5131.117923471737,5139.62142675542,5132.64314033714
IND-000633,Bishnupur,Manipur,1991,2001.0,False,NEW,1,1991,1991,618.3850795725539,618.3850795725539,0.0,,,,,618.3850795725539,,,,
IND-000782,Bishnupur,Manipur,2001,2011.0,False,NEW,1,2001,2001,437.92850992902464,437.92850992902464,0.0,,,,,,437.92850992902464,,,
IND-001047,Bishnupur,Manipur,2011,2021.0,False,NEW,1,2011,2011,415.8733808571391,415.8733808571391,0.0,,,,,,,415.8733808571391,,
IND-001159,Bishnupur,Manipur,2021,2025.0,False,NEW,1,2021,2021,469.6382692374186,469.6382692374186,0.0,,,,,,,,469.6382692374186,
IND-001323,Bishnupur,Manipur,2025,,True,NEW,1,2025,2025,480.29508305045846,480.29508305045846,0.0,,,,,,,,,480.29508305045846
IND-000461,Chandel,Manipur,1981,2021.0,False,NEW,4,1981,2011,3261.919155083064,3232.359785560599,29.559369522465204,,,,3232.3609639259776,3232.359785560599,3232.359785560599,3261.919155083064,,
IND-001160,Chandel,Manipur,2021,,True,NEW,2,2021,2025,2119.3248730280034,1972.5298796087666,146.7949934192368,,,,,,,,2119.3248730280034,1972.5298796087666
IND-001161,Churachandpur,Manipur,2021,,True,NEW,2,2021,2025,2456.5378123464147,2435.6649304975745,20.87288184884028,,,,,,,,2456.5378123464147,2435.6649304975745
IND-000462,Imphal,Manipur,1981,1991.0,False,NEW,1,1981,1981,2226.7782158805,2226.7782158805,0.0,,,,2226.7782158805,,,,,
IND-000634,Imphal,Manipur,1991,2001.0,False,NEW,1,1991,1991,1060.9735665754404,1060.9735665754404,0.0,,,,,1060.9735665754404,,,,
IND-000785,Imphal East,Manipur,2001,2011.0,False,NEW,1,2001,2001,567.4296255619096,567.4296255619096,0.0,,,,,,567.4296255619096,,,
IND-001050,Imphal East,Manipur,2011,2021.0,False,NEW,1,2011,2011,580.5028572288168,580.5028572288168,0.0,,,,,,,580.5028572288168,,
IND-001162,Imphal East,Manipur,2021,2025.0,False,NEW,1,2021,2021,446.05311689150096,446.05311689150096,0.0,,,,,,,,446.05311689150096,
IND-001350,Imphal East,Manipur,2025,,True,NEW,1,2025,2025,432.8577832388972,432.8577832388972,0.0,,,,,,,,,432.8577832388972
IND-000784,Imphal West,Manipur,2001,2011.0,False,NEW,1,2001,2001,519.4862202995649,519.4862202995649,0.0,,,,,,519.4862202995649,,,
IND-001049,Imphal West,Manipur,2011,2021.0,False,NEW,1,2011,2011,501.37302582109186,501.37302582109186,0.0,,,,,,,501.37302582109186,,
IND-001157,Imphal West,Manipur,2021,2025.0,False,NEW,1,2021,2021,443.9682264076666,443.9682264076666,0.0,,,,,,,,443.9682264076666,
IND-001330,Imphal West,Manipur,2025,,True,NEW,1,2025,2025,487.51684494822183,487.51684494822183,0.0,,,,,,,,,487.51684494822183
IND-001163,Jiribam,Manipur,2021,2025.0,False,NEW,1,2021,2021,329.65910159766497,329.65910159766497,0.0,,,,,,,,329.65910159766497,
IND-001351,Jiribam,Manipur,2025,,True,NEW,1,2025,2025,294.89841126883795,294.89841126883795,0.0,,,,,,,,,294.89841126883795
IND-001158,Kakching,Manipur,2021,2025.0,False,NEW,1,2021,2021,303.96022972151263,303.96022972151263,0.0,,,,,,,,303.96022972151263,
IND-001362,Kakching,Manipur,2025,,True,NEW,1,2025,2025,320.0573067291498,320.0573067291498,0.0,,,,,,,,,320.0573067291498
IND-001154,Kamjong,Manipur,2021,,True,NEW,2,2021,2025,2382.4036460153998,2314.207463754554,68.19618226084594,,,,,,,,2314.207463754554,2382.4036460153998
IND-001164,Kangpokpi,Manipur,2021,2025.0,False,NEW,1,2021,2021,1605.590573319022,1605.590573319022,0.0,,,,,,,,1605.590573319022,
IND-001361,Kangpokpi,Manipur,2025,,True,NEW,1,2025,2025,1732.1235635815437,1732.1235635815437,0.0,,,,,,,,,1732.1235635815437
IND-000130,Manipur,Manipur,1951,1971.0,False,ANCHOR,2,1951,1961,22478.364538398026,22478.364538398026,0.0,22478.364538398026,22478.364538398026,,,,,,,
IND-000410,Manipur Central,Manipur,1971,1981.0,False,NEW,1,1971,1971,5459.080902710379,5459.080902710379,0.0,,,5459.080902710379,,,,,,
IND-000411,Manipur East,Manipur,1971,2021.0,False,NEW,5,1971,2011,4530.03530654014,4484.602857347068,45.43244919307199,,,4530.03530654014,4530.03530654014,4530.018690581205,4530.018690581205,4484.602857347068,,
IND-000407,Manipur North,Manipur,1971,2021.0,False,NEW,5,1971,2011,3589.1025196608416,3521.688719560915,67.41380009992645,,,3521.6914129097686,3521.6916327989775,3521.688719560915,3589.1025196608416,3533.2466287886123,,
IND-000409,Manipur South,Manipur,1971,2021.0,False,NEW,5,1971,2011,4859.802568338685,4788.416836475105,71.38573186358008,,,4859.794302034519,4859.793599216227,4859.802568338685,4859.802568338685,4788.416836475105,,
IND-000408,Manipur West,Manipur,1971,2021.0,False,NEW,5,1971,2011,4111.341987282279,4107.874015354288,3.4679719279911296,,,4107.877080035651,4107.876851587907,4107.874015354288,4107.874015354288,4111.341987282279,,
IND-001168,Noney,Manipur,2021,,True,NEW,2,2021,2025,1217.0130097569465,1178.9419778647907,38.071031892155816,,,,,,,,1217.0130097569465,1178.9419778647907
IND-001169,Pherzawl,Manipur,2021,,True,NEW,2,2021,2025,2145.347314007402,2121.610102299944,23.737211707457845,,,,,,,,2121.610102299944,2145.347314007402
IND-001155,Senapati,Manipur,2021,,True,NEW,2,2021,2025,1753.3706380386761,1749.815677709446,3.554960329230198,,,,,,,,1753.3706380386761,1749.815677709446
IND-001156,Tamenglong,Manipur,2021,,True,NEW,2,2021,2025,3150.8760670180172,3017.137566103293,133.73850091472423,,,,,,,,3150.8760670180172,3017.137566103293
IND-001166,Tengnoupal,Manipur,2021,2025.0,False,NEW,1,2021,2021,1142.328650637007,1142.328650637007,0.0,,,,,,,,1142.328650637007,
IND-001360,Tengnoupal,Manipur,2025,,True,NEW,1,2025,2025,1230.1438524066398,1230.1438524066398,0.0,,,,,,,,,1230.1438524066398
IND-000635,Thoubal,Manipur,1991,2001.0,False,NEW,1,1991,1991,547.4321584339217,547.4321584339217,0.0,,,,,547.4321584339217,,,,
IND-000783,Thoubal,Manipur,2001,2011.0,False,NEW,1,2001,2001,634.4266121486987,634.4266121486987,0.0,,,,,,634.4266121486987,,,
IND-001048,Thoubal,Manipur,2011,2021.0,False,NEW,1,2011,2011,638.1524112322946,638.1524112322946,0.0,,,,,,,638.1524112322946,,
IND-001165,Thoubal,Manipur,2021,2025.0,False,NEW,1,2021,2021,298.5826777967064,298.5826777967064,0.0,,,,,,,,298.5826777967064,
IND-001357,Thoubal,Manipur,2025,,True,NEW,1,2025,2025,393.2698875116585,393.2698875116585,0.0,,,,,,,,,393.2698875116585
IND-001167,Ukhrul,Manipur,2021,,True,NEW,2,2021,2025,2148.3692871462595,2091.130371115936,57.23891603032325,,,,,,,,2148.3692871462595,2091.130371115936
IND-000466,East Garo Hills,Meghalaya,1981,2001.0,False,NEW,2,1981,1991,2854.621014425809,2854.6156264161477,0.005388009661146498,,,,2854.621014425809,2854.6156264161477,,,,
IND-000797,East Garo Hills,Meghalaya,2001,2011.0,False,NEW,1,2001,2001,2505.6861955230434,2505.6861955230434,0.0,,,,,,2505.6861955230434,,,
IND-001057,East Garo Hills,Meghalaya,2011,2021.0,False,NEW,1,2011,2011,2755.7943622965463,2755.7943622965463,0.0,,,,,,,2755.7943622965463,,
IND-001187,East Garo Hills,Meghalaya,2021,,True,NEW,2,2021,2025,1641.8035742347379,1581.527720663636,60.275853571101834,,,,,,,,1641.8035742347379,1581.527720663636
IND-001185,East Jaintia Hills,Meghalaya,2021,,True,NEW,2,2021,2025,2013.9828428897406,1917.5796813692682,96.4031615204724,,,,,,,,1917.5796813692682,2013.9828428897406
IND-000464,East Khasi Hills,Meghalaya,1981,2001.0,False,NEW,2,1981,1991,5191.326523856814,5191.325569542654,0.0009543141595713678,,,,5191.325569542654,5191.326523856814,,,,
IND-000800,East Khasi Hills,Meghalaya,2001,,True,NEW,4,2001,2025,2844.0071385301944,2747.2073435134844,96.79979501671005,,,,,,2747.2073435134844,2838.034252732093,2805.7061882752064,2844.0071385301944
IND-000463,Jaintia Hills,Meghalaya,1981,2021.0,False,NEW,4,1981,2011,3860.2273866365904,3792.8859428381875,67.3414437984029,,,,3860.2273866365904,3860.2031368777034,3860.2031368777034,3792.8859428381875,,
IND-001190,North Garo Hills,Meghalaya,2021,,True,NEW,2,2021,2025,1248.030062931864,1181.0953982494816,66.93466468238239,,,,,,,,1181.0953982494816,1248.030062931864
IND-000799,Ri Bhoi,Meghalaya,2001,2011.0,False,NEW,1,2001,2001,2444.284937767046,2444.284937767046,0.0,,,,,,2444.284937767046,,,
IND-001059,Ribhoi,Meghalaya,2011,,True,NEW,3,2011,2025,2434.411052014911,2371.3155915101097,63.095460504801395,,,,,,,2434.411052014911,2397.0512579487136,2371.3155915101097
IND-000798,South Garo Hills,Meghalaya,2001,2011.0,False,NEW,1,2001,2001,1867.7633795747004,1867.7633795747004,0.0,,,,,,1867.7633795747004,,,
IND-001058,South Garo Hills,Meghalaya,2011,,True,NEW,3,2011,2025,1971.3766325188055,1834.846881466692,136.52975105211362,,,,,,,1971.3766325188055,1923.0368372058513,1834.846881466692
IND-001191,South West Garo Hills,Meghalaya,2021,,True,NEW,2,2021,2025,873.6823167577585,837.1333914959913,36.54892526176718,,,,,,,,873.6823167577585,837.1333914959913
IND-001189,South West Khasi Hills,Meghalaya,2021,,True,NEW,2,2021,2025,1436.3775682060223,1306.3529331534864,130.0246350525358,,,,,,,,1436.3775682060223,1306.3529331534864
IND-000467,West Garo Hills,Meghalaya,1981,2001.0,False,NEW,2,1981,1991,5105.1824787362975,5105.171244112225,0.011234624072130828,,,,5105.1824787362975,5105.171244112225,,,,
IND-000796,West Garo Hills,Meghalaya,2001,2011.0,False,NEW,1,2001,2001,3586.237036923644,3586.237036923644,0.0,,,,,,3586.237036923644,,,
IND-001056,West Garo Hills,Meghalaya,2011,2021.0,False,NEW,1,2011,2011,3444.4405325031294,3444.4405325031294,0.0,,,,,,,3444.4405325031294,,
IND-001186,West Garo Hills,Meghalaya,2021,,True,NEW,2,2021,2025,2659.573937893958,2551.9772897091652,107.59664818479268,,,,,,,,2551.9772897091652,2659.573937893958
IND-001188,West Jaintia Hills,Meghalaya,2021,,True,NEW,2,2021,2025,1892.5440674297884,1798.4484610208149,94.09560640897348,,,,,,,,1892.5440674297884,1798.4484610208149
IND-000465,West Khasi Hills,Meghalaya,1981,2021.0,False,NEW,4,1981,2011,5121.116080207762,5037.071990933303,84.04408927445911,,,,5037.100821525741,5037.071990933303,5037.071990933303,5121.116080207762,,
IND-001184,West Khasi Hills,Meghalaya,2021,,True,NEW,2,2021,2025,3920.8414827199567,3793.405502198225,127.43598052173184,,,,,,,,3793.405502198225,3920.8414827199567
IND-000468,Aizawl,Mizoram,1981,2001.0,False,NEW,2,1981,1991,12668.614066431102,12668.494217005667,0.11984942543494981,,,,12668.494217005667,12668.614066431102,,,,
IND-000788,Aizawl,Mizoram,2001,2011.0,False,NEW,1,2001,2001,3346.338841202789,3346.338841202789,0.0,,,,,,3346.338841202789,,,
IND-001051,Aizawl,Mizoram,2011,2021.0,False,NEW,1,2011,2011,3173.5352243124976,3173.5352243124976,0.0,,,,,,,3173.5352243124976,,
IND-001174,Aizawl,Mizoram,2021,2025.0,False,NEW,1,2021,2021,2127.700443397068,2127.700443397068,0.0,,,,,,,,2127.700443397068,
IND-001344,Aizawl,Mizoram,2025,,True,NEW,1,2025,2025,3186.3836766994377,3186.3836766994377,0.0,,,,,,,,,3186.3836766994377
IND-000789,Champhai,Mizoram,2001,2011.0,False,NEW,1,2001,2001,3856.805502217708,3856.805502217708,0.0,,,,,,3856.805502217708,,,
IND-001052,Champhai,Mizoram,2011,2021.0,False,NEW,1,2011,2011,3496.558735539142,3496.558735539142,0.0,,,,,,,3496.558735539142,,
IND-001175,Champhai,Mizoram,2021,2025.0,False,NEW,1,2021,2021,1577.6410047772767,1577.6410047772767,0.0,,,,,,,,1577.6410047772767,
IND-001325,Champhai,Mizoram,2025,,True,NEW,1,2025,2025,3400.683696564497,3400.683696564497,0.0,,,,,,,,,3400.683696564497
IND-000470,Chhimtuipui,Mizoram,1981,2001.0,False,NEW,2,1981,1991,3951.600813326769,3951.591252332833,0.009560993936247542,,,,3951.600813326769,3951.591252332833,,,,
IND-001172,Hnahthial,Mizoram,2021,2025.0,False,NEW,1,2021,2021,1028.0879484919467,1028.0879484919467,0.0,,,,,,,,1028.0879484919467,
IND-001176,Khawzawl,Mizoram,2021,2025.0,False,NEW,1,2021,2021,1168.7535424861871,1168.7535424861871,0.0,,,,,,,,1168.7535424861871,
IND-000787,Kolasib,Mizoram,2001,,True,NEW,4,2001,2025,1585.9461287062984,1491.0114835261838,94.93464518011456,,,,,,1533.4883465460039,1585.9461287062984,1566.1741759455892,1491.0114835261838
IND-000791,Lawngtlai,Mizoram,2001,2011.0,False,NEW,1,2001,2001,2078.305874895721,2078.305874895721,0.0,,,,,,2078.305874895721,,,
IND-001054,Lawngtlai,Mizoram,2011,,True,NEW,3,2011,2025,2453.6494529941756,2350.4177885231115,103.23166447106405,,,,,,,2350.4177885231115,2453.6494529941756,2425.6587072508537
IND-000469,Lunglei,Mizoram,1981,2021.0,False,NEW,4,1981,2011,4520.592082480044,4461.069098768132,59.522983711912275,,,,4461.129112803892,4461.069098768132,4461.069098768132,4520.592082480044,,
IND-001171,Lunglei,Mizoram,2021,2025.0,False,NEW,1,2021,2021,3426.0699583674445,3426.0699583674445,0.0,,,,,,,,3426.0699583674445,
IND-001343,Lunglei,Mizoram,2025,,True,NEW,1,2025,2025,4536.698706848958,4536.698706848958,0.0,,,,,,,,,4536.698706848958
IND-000786,Mamit,Mizoram,2001,,True,NEW,4,2001,2025,3066.8806823877244,2962.696667511631,104.18401487609344,,,,,,3001.0028967521644,2962.696667511631,3016.675285245076,3066.8806823877244
IND-000792,Saiha,Mizoram,2001,2011.0,False,NEW,1,2001,2001,1873.260538160771,1873.260538160771,0.0,,,,,,1873.260538160771,,,
IND-001055,Saiha,Mizoram,2011,,True,NEW,3,2011,2025,1530.506606152104,1476.4718160995276,54.034790052576454,,,,,,,1476.4718160995276,1517.102622250885,1530.506606152104
IND-001173,Saitual,Mizoram,2021,2025.0,False,NEW,1,2021,2021,1750.5747277547766,1750.5747277547766,0.0,,,,,,,,1750.5747277547766,
IND-000790,Serchhip,Mizoram,2001,2011.0,False,NEW,1,2001,2001,931.0285391292106,931.0285391292106,0.0,,,,,,931.0285391292106,,,
IND-001053,Serchhip,Mizoram,2011,2021.0,False,NEW,1,2011,2011,1318.3741294920046,1318.3741294920046,0.0,,,,,,,1318.3741294920046,,
IND-001170,Serchhip,Mizoram,2021,,True,NEW,2,2021,2025,1462.0128060227453,1445.2548348590262,16.75797116371905,,,,,,,,1462.0128060227453,1445.2548348590262
IND-000780,Dimapur,Nagaland,2001,2011.0,False,NEW,1,2001,2001,968.1508373835234,968.1508373835234,0.0,,,,,,968.1508373835234,,,
IND-001041,Dimapur,Nagaland,2011,2021.0,False,NEW,1,2011,2011,875.4890403125887,875.4890403125887,0.0,,,,,,,875.4890403125887,,
IND-001153,Dimapur,Nagaland,2021,2025.0,False,NEW,1,2021,2021,993.4638892138125,993.4638892138125,0.0,,,,,,,,993.4638892138125,
IND-001358,Dimapur,Nagaland,2025,,True,NEW,1,2025,2025,762.7994451087335,762.7994451087335,0.0,,,,,,,,,762.7994451087335
IND-001044,Kiphire,Nagaland,2011,,True,NEW,3,2011,2025,1164.5698395025452,1106.7607919617608,57.80904754078438,,,,,,,1106.7607919617608,1164.5698395025452,1129.7393303062463
IND-000371,Kohima,Nagaland,1961,1981.0,False,NEW,2,1961,1971,6393.641098031671,6393.641098031671,0.0,,6393.641098031671,6393.641098031671,,,,,,
IND-000471,Kohima,Nagaland,1981,2001.0,False,NEW,2,1981,1991,3895.444702587952,3895.428638391451,0.016064196501247352,,,,3895.428638391451,3895.444702587952,,,,
IND-000781,Kohima,Nagaland,2001,2011.0,False,NEW,1,2001,2001,2927.308471616352,2927.308471616352,0.0,,,,,,2927.308471616352,,,
IND-001045,Kohima,Nagaland,2011,2021.0,False,NEW,1,2011,2011,1400.5703835862857,1400.5703835862857,0.0,,,,,,,1400.5703835862857,,
IND-001152,Kohima,Nagaland,2021,,True,NEW,2,2021,2025,1314.1944479243793,1287.5100004763344,26.68444744804492,,,,,,,,1287.5100004763344,1314.1944479243793
IND-001043,Longleng,Nagaland,2011,,True,NEW,3,2011,2025,585.6694653823541,553.8179333947226,31.851531987631574,,,,,,,565.2438020335437,553.8179333947226,585.6694653823541
IND-000372,Mokokchung,Nagaland,1961,1981.0,False,NEW,2,1961,1971,4162.630923380044,4162.630923380044,0.0,,4162.630923380044,4162.630923380044,,,,,,
IND-000475,Mokokchung,Nagaland,1981,,True,NEW,6,1981,2025,1606.9268749667426,1603.3361920881268,3.5906828786157803,,,,1603.3612857716737,1603.3361920881268,1603.3361920881268,1606.9268749667426,1606.0709955228058,1604.1594000813018
IND-000477,Mon,Nagaland,1981,,True,NEW,6,1981,2025,2223.0850046320193,2139.9671231460693,83.11788148594997,,,,2223.058517373301,2223.0850046320193,2223.0850046320193,2195.3564325207526,2139.9671231460693,2177.232359783596
IND-001353,Paren,Nagaland,2025,,True,NEW,1,2025,2025,1827.6264403181667,1827.6264403181667,0.0,,,,,,,,,1827.6264403181667
IND-001046,Peren,Nagaland,2011,2025.0,False,NEW,2,2011,2021,1659.1988029932204,1644.9246401522269,14.27416284099354,,,,,,,1644.9246401522269,1659.1988029932204,
IND-000472,Phek,Nagaland,1981,,True,NEW,6,1981,2025,1892.9210200737875,1781.4159542930972,111.5050657806903,,,,1781.4159542930972,1781.4700359712526,1892.9210200737875,1860.9163856315563,1888.1242263482588,1872.264789086596
IND-000476,Tuensang,Nagaland,1981,2011.0,False,NEW,3,1981,2001,3795.5896545157057,3795.5883605093786,0.001294006327043462,,,,3795.5896545157057,3795.5883605093786,3795.5883605093786,,,
IND-001042,Tuensang,Nagaland,2011,,True,NEW,3,2011,2025,2234.2964866728844,2132.792292993113,101.50419367977156,,,,,,,2234.2964866728844,2161.4422192548286,2132.792292993113
IND-000474,Wokha,Nagaland,1981,,True,NEW,6,1981,2025,1632.4986454638074,1553.1624636615131,79.33618180229428,,,,1632.4986454638074,1560.529112541908,1632.4965076560052,1570.2571496260634,1553.1624636615131,1607.813948477897
IND-000473,Zunheboto,Nagaland,1981,,True,NEW,6,1981,2025,1643.7065384462335,1532.2377654922539,111.46877295397962,,,,1643.6841609009043,1643.7065384462335,1532.2377654922539,1537.3848574662345,1567.9021429306224,1575.199013826486
IND-000370,Siang,North East Frontier Agency,1961,1981.0,False,NEW,2,1961,1971,24257.047925301682,24257.047925301682,0.0,,24257.047925301682,24257.047925301682,,,,,,
IND-000369,Subansiri,North East Frontier Agency,1961,2001.0,False,NEW,4,1961,1991,12787.60864780977,12787.545747987584,0.06289982218549994,,12787.545747987584,12787.545747987584,12787.546145598037,12787.60864780977,,,,
IND-000831,Anugul,Odisha,2001,,True,NEW,4,2001,2025,6401.512945175618,6319.653721472248,81.85922370336993,,,,,,6401.512945175618,6319.653721472248,6381.640719643575,6373.240092090707
IND-000840,Balangir,Odisha,2001,,True,NEW,4,2001,2025,6548.781443304178,6399.302582273374,149.47886103080327,,,,,,6426.6042483740275,6399.302582273374,6533.699071200918,6548.781443304178
IND-000226,Balasore,Odisha,1951,2001.0,False,ANCHOR,5,1951,1991,6302.243730027684,6302.212276631174,0.031453396510187304,6302.243730027684,6302.243730027684,6302.243730027684,6302.212276631174,6302.237168674421,,,,
IND-000824,Baleshwar,Odisha,2001,,True,NEW,4,2001,2025,3879.301240138494,3675.61635589345,203.68488424504403,,,,,,3814.095490324312,3675.61635589345,3879.301240138494,3717.9112747346826
IND-000820,Bargarh,Odisha,2001,,True,NEW,4,2001,2025,5878.436513335159,5720.333415050813,158.10309828434674,,,,,,5720.333415050813,5878.436513335159,5845.690651400295,5836.588111630013
IND-000838,Baudh,Odisha,2001,,True,NEW,4,2001,2025,3106.691806661081,3065.843771958843,40.84803470223824,,,,,,3106.691806661081,3065.843771958843,3103.595529006586,3102.4332253244306
IND-000825,Bhadrak,Odisha,2001,,True,NEW,4,2001,2025,2531.072438655257,2488.3224426277584,42.74999602749858,,,,,,2488.3224426277584,2531.072438655257,2494.504810133009,2505.847250078918
IND-000236,Bolangir,Odisha,1951,2001.0,False,ANCHOR,5,1951,1991,8742.81853255147,8742.789046475054,0.029486076415196294,8742.789046475054,8742.789046475054,8742.789046475054,8742.793773315601,8742.81853255147,,,,
IND-000225,Cuttack,Odisha,1951,2001.0,False,ANCHOR,5,1951,1991,10898.230042775534,10898.158784856958,0.07125791857652075,10898.230042775534,10898.230042775534,10898.230042775534,10898.158784856958,10898.219863729146,,,,
IND-000828,Cuttack,Odisha,2001,,True,NEW,4,2001,2025,3857.128621177115,3686.1137559949193,171.01486518219554,,,,,,3686.1137559949193,3822.455260014259,3857.128621177115,3854.6559801042486
IND-000823,Debagarh,Odisha,2001,,True,NEW,4,2001,2025,3011.859947816487,2915.3629961180895,96.49695169839742,,,,,,2915.3629961180895,3011.859947816487,2942.27663858483,2955.905585292941
IND-000233,Dhenkanal,Odisha,1951,2001.0,False,ANCHOR,5,1951,1991,10880.907062866674,10880.865520547672,0.04154231900247396,10880.865520547672,10880.865520547672,10880.865520547672,10880.907062866674,10880.880925313915,,,,
IND-000830,Dhenkanal,Odisha,2001,,True,NEW,4,2001,2025,4479.405711399476,4412.692383467665,66.71332793181045,,,,,,4479.405711399476,4412.692383467665,4456.756599854396,4458.891673989588
IND-000836,Gajapati,Odisha,2001,,True,NEW,4,2001,2025,4234.764030742187,4124.090276544752,110.6737541974353,,,,,,4157.723098336836,4234.764030742187,4124.090276544752,4133.039516915303
IND-000229,Ganjam,Odisha,1951,2001.0,False,ANCHOR,5,1951,1991,12586.900160569552,12438.475590785009,148.42456978454356,12438.475590785009,12438.475590785009,12586.89713892229,12586.900160569552,12438.52446021059,,,,
IND-000835,Ganjam,Odisha,2001,,True,NEW,4,2001,2025,8484.150643561574,8280.833885718985,203.31675784258914,,,,,,8280.833885718985,8484.150643561574,8382.156058166871,8392.395658600368
IND-000827,Jagatsinghapur,Odisha,2001,,True,NEW,4,2001,2025,1749.6375723775918,1733.7453556618611,15.892216715730683,,,,,,1749.6375723775918,1739.5712098372787,1733.7453556618611,1733.7837639562986
IND-000829,Jajapur,Odisha,2001,,True,NEW,4,2001,2025,2972.5682839907204,2882.5391884912883,90.02909549943206,,,,,,2972.5682839907204,2882.5391884912883,2896.456249793281,2897.926000628399
IND-000821,Jharsuguda,Odisha,2001,,True,NEW,4,2001,2025,2163.8265507611623,2072.427079825781,91.39947093538103,,,,,,2151.2705300220196,2163.8265507611623,2078.9659217131443,2072.427079825781
IND-000237,Kalahandi,Odisha,1951,2001.0,False,ANCHOR,5,1951,1991,11707.727263816198,11707.641695103424,0.08556871277323808,11707.641695103424,11707.641695103424,11707.641695103424,11707.727263816198,11707.64744078711,,,,
IND-000842,Kalahandi,Odisha,2001,,True,NEW,4,2001,2025,7919.439893272086,7898.158459575387,21.281433696699423,,,,,,7919.439893272086,7900.218628944173,7901.658860161621,7898.158459575387
IND-000837,Kandhamal,Odisha,2001,,True,NEW,4,2001,2025,8093.316748345512,7942.877336425637,150.43941191987506,,,,,,8093.316748345512,7942.877336425637,8019.954456481672,8020.039559590469
IND-000826,Kendrapara,Odisha,2001,,True,NEW,4,2001,2025,2566.456376251632,2489.891040735567,76.5653355160648,,,,,,2489.891040735567,2566.456376251632,2532.0443110329206,2533.243119915564
IND-000234,Keonjhar,Odisha,1951,,True,ANCHOR,9,1951,2025,8377.00766311272,8302.146642032343,74.8610210803763,8377.00210093849,8377.00210093849,8377.00210093849,8376.93650508646,8377.00766311272,8377.00766311272,8375.964375519345,8313.059104561127,8302.146642032343
IND-000833,Khordha,Odisha,2001,,True,NEW,4,2001,2025,2906.1005250847243,2812.812164557788,93.28836052693623,,,,,,2906.1005250847243,2812.812164557788,2889.453157077278,2880.1232944984126
IND-000230,Koraput,Odisha,1951,2001.0,False,ANCHOR,5,1951,1991,26858.677388378765,26858.56912775266,0.10826062610431109,26858.677388378765,26858.677388378765,26858.677388378765,26858.616579573718,26858.56912775266,,,,
IND-000845,Koraput,Odisha,2001,,True,NEW,4,2001,2025,8656.600921971414,8357.116198407703,299.48472356371167,,,,,,8437.244543159972,8656.600921971414,8357.116198407703,8389.764715644245
IND-000846,Malkangiri,Odisha,2001,,True,NEW,4,2001,2025,5831.4269505721295,5659.534368239674,171.89258233245528,,,,,,5659.534368239674,5831.4269505721295,5751.704260364811,5782.326550039894
IND-000232,Mayurbhanj,Odisha,1951,,True,ANCHOR,9,1951,2025,10450.715262971402,10250.309620673059,200.40564229834308,10250.309620673059,10250.309620673059,10250.309620673059,10250.384301513226,10250.319441985637,10250.319441985637,10450.715262971402,10400.916976223654,10410.333600926715
IND-000844,Nabarangapur,Odisha,2001,,True,NEW,4,2001,2025,5456.022847916688,5378.67570943855,77.34713847813782,,,,,,5378.67570943855,5404.69786634863,5456.022847916688,5454.584233945874
IND-000832,Nayagarh,Odisha,2001,,True,NEW,4,2001,2025,4046.0811398703527,3877.2137470135926,168.86739285676003,,,,,,4046.0811398703527,3877.2137470135926,3894.5276138000722,3897.395892028523
IND-000841,Nuapada,Odisha,2001,,True,NEW,4,2001,2025,3927.478416194789,3788.1932841099047,139.28513208488448,,,,,,3788.1932841099047,3927.478416194789,3852.4175719614755,3846.1955502837213
IND-000231,Phulbani,Odisha,1951,2001.0,False,ANCHOR,5,1951,1991,11200.06889810001,11199.988119245078,0.08077885493185022,11200.037774712557,11200.037774712557,11200.037774712557,11199.988119245078,11200.06889810001,,,,
IND-000227,Puri,Odisha,1951,2001.0,False,ANCHOR,5,1951,1991,10438.334567356944,10438.302738207261,0.031829149682380375,10438.305619464283,10438.305619464283,10438.305619464283,10438.334567356944,10438.302738207261,,,,
IND-000834,Puri,Odisha,2001,,True,NEW,4,2001,2025,3528.7035737884603,3449.043802464018,79.65977132444232,,,,,,3486.017890156245,3528.7035737884603,3449.043802464018,3471.7577815592904
IND-000843,Rayagada,Odisha,2001,,True,NEW,4,2001,2025,7383.423958104536,7329.348447469068,54.07551063546816,,,,,,7383.273359721714,7383.423958104536,7329.348447469068,7342.0739962299385
IND-000228,Sambalpur,Odisha,1951,2001.0,False,ANCHOR,5,1951,1991,17378.152741821632,17378.071734007997,0.08100781363464193,17378.152741821632,17378.152741821632,17378.152741821632,17378.14885763924,17378.071734007997,,,,
IND-000822,Sambalpur,Odisha,2001,,True,NEW,4,2001,2025,6649.921019720584,6588.329666596689,61.591353123894805,,,,,,6591.1851632141925,6588.329666596689,6644.072525660285,6649.921019720584
IND-000839,Sonapur,Odisha,2001,,True,NEW,4,2001,2025,2363.786238654349,2316.256529827146,47.52970882720274,,,,,,2316.256529827146,2347.6620764785976,2363.786238654349,2362.4129463267736
IND-000235,Sundargarh,Odisha,1951,,True,ANCHOR,9,1951,2025,9742.210322518233,9460.089177450922,282.12114506731086,9460.100628398659,9460.100628398659,9460.100628398659,9460.089177450922,9460.127601206172,9460.127601206172,9691.071084485156,9742.210322518233,9724.384380896337
IND-000060,Barnala,Patiala And East Punjab States Union,1951,1961.0,False,ANCHOR,1,1951,1951,4217.339810587616,4217.339810587616,0.0,4217.339810587616,,,,,,,,
IND-000061,Bhatinda,Patiala And East Punjab States Union,1951,1961.0,False,ANCHOR,1,1951,1951,6575.8083800769045,6575.8083800769045,0.0,6575.8083800769045,,,,,,,,
IND-000062,Fatehgarh Sahib,Patiala And East Punjab States Union,1951,1961.0,False,ANCHOR,1,1951,1951,731.2214128471957,731.2214128471957,0.0,731.2214128471957,,,,,,,,
IND-000065,Kandaghat (Kohistan),Patiala And East Punjab States Union,1951,1971.0,False,ANCHOR,2,1951,1961,1551.1075625544154,1551.1075625544154,0.0,1551.1075625544154,1551.1075625544154,,,,,,,
IND-000063,Kapurthala,Patiala And East Punjab States Union,1951,,True,ANCHOR,9,1951,2025,1641.3452941325086,1568.9884696901754,72.35682444233316,1641.3452941325086,1641.3452941325086,1641.3452941325086,1641.3452941325086,1641.3445989556017,1641.3445989556017,1568.9884696901754,1631.1903662608158,1631.8035728112864
IND-000064,Mohindergarh,Patiala And East Punjab States Union,1951,1981.0,False,ANCHOR,3,1951,1971,3256.5043321582607,3256.5043321582607,0.0,3256.5043321582607,3256.5043321582607,3256.5043321582607,,,,,,
IND-000059,Patiala,Patiala And East Punjab States Union,1951,1961.0,False,ANCHOR,1,1951,1951,3533.02695688565,3533.02695688565,0.0,3533.02695688565,,,,,,,,
IND-000066,Sangrur,Patiala And East Punjab States Union,1951,1961.0,False,ANCHOR,1,1951,1951,5176.684805044456,5176.684805044456,0.0,5176.684805044456,,,,,,,,
IND-000175,Karaikal,Puducherry,1951,,True,ANCHOR,9,1951,2025,161.8195821234268,157.85315651036643,3.9664256130603803,157.87992063017265,157.87992063017265,157.87992063017265,157.87994645255534,157.85315651036643,161.8195821234268,161.5496466960069,161.24927538369707,158.7643162837952
IND-000368,Mahe,Puducherry,1961,2011.0,False,NEW,5,1961,2001,7.302047529698912,7.301935391330313,0.00011213836859891302,,7.301935391330313,7.301935391330313,7.301935391330313,7.302047529698912,7.302047529698912,,,
IND-001093,Mahe,Puducherry,2011,2021.0,False,NEW,1,2011,2011,8.377046322749498,8.377046322749498,0.0,,,,,,,8.377046322749498,,
IND-001276,Mahe,Puducherry,2021,,True,NEW,2,2021,2025,8.973293332076244,8.811246865727858,0.16204646634838582,,,,,,,,8.811246865727858,8.973293332076244
IND-000176,Pondicherry,Puducherry,1951,1991.0,False,ANCHOR,4,1951,1981,250.94143892305246,244.7673703635068,6.1740685595456455,250.9413977733952,250.9413977733952,244.7673703635068,250.94143892305246,,,,,
IND-000674,Pondicherry,Puducherry,1991,2011.0,False,NEW,2,1991,2001,289.3555272299264,282.78400390174954,6.571523328176852,,,,,289.3555272299264,282.78400390174954,,,
IND-001092,Puducherry,Puducherry,2011,,True,NEW,3,2011,2025,298.54757826290916,297.81108575549604,0.7364925074131179,,,,,,,297.81108575549604,298.54757826290916,298.5406900753917
IND-000429,Yanam,Puducherry,1971,2011.0,False,NEW,4,1971,2001,16.116029249764438,16.11329069783383,0.002738551930608679,,,16.11329069783383,16.11329069783383,16.116029249764438,16.116029249764438,,,
IND-001091,Yanam,Puducherry,2011,2021.0,False,NEW,1,2011,2011,17.923047690981083,17.923047690981083,0.0,,,,,,,17.923047690981083,,
IND-001277,Yanam,Puducherry,2021,2025.0,False,NEW,1,2021,2021,31.151900181815115,31.151900181815115,0.0,,,,,,,,31.151900181815115,
IND-001342,Yanam,Puducherry,2025,,True,NEW,1,2025,2025,37.81308847301766,37.81308847301766,0.0,,,,,,,,,37.81308847301766
IND-000242,Ambala,Punjab,1951,1961.0,False,ANCHOR,1,1951,1951,5626.896144473381,5626.896144473381,0.0,5626.896144473381,,,,,,,,
IND-000342,Ambala,Punjab,1961,1991.0,False,NEW,3,1961,1981,4148.213579618688,4148.212516417549,0.0010632011390043772,,4148.213579618688,4148.213579618688,4148.212516417549,,,,,
IND-000249,Amritsar,Punjab,1951,2011.0,False,ANCHOR,6,1951,2001,5070.617985955721,5070.593651211352,0.024334744369298278,5070.617985955721,5070.617985955721,5070.617985955721,5070.617985955721,5070.593651211352,5070.593651211352,,,
IND-000958,Amritsar,Punjab,2011,,True,NEW,3,2011,2025,2678.3946584618575,2615.0313306498983,63.36332781195915,,,,,,,2615.0313306498983,2676.277802443004,2678.3946584618575
IND-000963,Barnala,Punjab,2011,,True,NEW,3,2011,2025,1424.9145245100249,1366.352248056348,58.562276453676986,,,,,,,1366.352248056348,1424.9145245100249,1424.3021256036252
IND-000481,Bathinda,Punjab,1981,2001.0,False,NEW,2,1981,1991,5954.134786979796,5954.125076346848,0.009710632948554121,,,,5954.125076346848,5954.134786979796,,,,
IND-000683,Bathinda,Punjab,2001,,True,NEW,4,2001,2025,3378.3256401584836,3336.5542320684685,41.77140809001503,,,,,,3374.445879357384,3336.5542320684685,3355.540861370552,3378.3256401584836
IND-000346,Bhatinda,Punjab,1961,1981.0,False,NEW,2,1961,1971,7429.163388680452,7429.163388680452,0.0,,7429.163388680452,7429.163388680452,,,,,,
IND-000482,Faridkot,Punjab,1981,2001.0,False,NEW,2,1981,1991,5143.0017330046485,5142.992654388533,0.009078616115402838,,,,5143.0017330046485,5142.992654388533,,,,
IND-000682,Faridkot,Punjab,2001,,True,NEW,4,2001,2025,1486.4815913555183,1460.9419785439554,25.539612811562847,,,,,,1475.078366882366,1486.4815913555183,1475.990521183194,1460.9419785439554
IND-000678,Fatehgarh Sahib,Punjab,2001,,True,NEW,4,2001,2025,1165.5520901420919,1140.4412796734264,25.110810468665477,,,,,,1165.5520901420919,1140.4412796734264,1156.8516196212508,1151.2057892807072
IND-001106,Fazilka,Punjab,2021,,True,NEW,2,2021,2025,2884.0338114463357,2875.7686167266074,8.265194719728242,,,,,,,,2884.0338114463357,2875.7686167266074
IND-000248,Ferozepur,Punjab,1951,1981.0,False,ANCHOR,3,1951,1971,10147.87207122542,10147.87207122542,0.0,10147.87207122542,10147.87207122542,10147.87207122542,,,,,,
IND-000478,Firozpur,Punjab,1981,2001.0,False,NEW,2,1981,1991,6479.9993524066085,6479.956121177297,0.043231229311459174,,,,6479.956121177297,6479.9993524066085,,,,
IND-000680,Firozpur,Punjab,2001,2021.0,False,NEW,2,2001,2011,5319.541577903904,5303.5175939224355,16.02398398146852,,,,,,5303.5175939224355,5319.541577903904,,
IND-001108,Firozpur,Punjab,2021,,True,NEW,2,2021,2025,2371.447502248724,2363.6677511170938,7.779751131630292,,,,,,,,2363.6677511170938,2371.447502248724
IND-000250,Gurdaspur,Punjab,1951,2021.0,False,ANCHOR,7,1951,2011,3639.7931767065006,3587.0932553956195,52.69992131088111,3587.0932553956195,3587.0932553956195,3587.0932553956195,3587.0932553956195,3587.1456547021667,3587.1456547021667,3639.7931767065006,,
IND-001105,Gurdaspur,Punjab,2021,,True,NEW,2,2021,2025,2604.779330924461,2603.719712042827,1.0596188816343783,,,,,,,,2604.779330924461,2603.719712042827
IND-000240,Gurgaon,Punjab,1951,1981.0,False,ANCHOR,3,1951,1971,5984.5736525535385,5984.5736525535385,0.0,5984.5736525535385,5984.5736525535385,5984.5736525535385,,,,,,
IND-000238,Hissar,Punjab,1951,1981.0,False,ANCHOR,3,1951,1971,14448.868217361625,14448.868217361625,0.0,14448.868217361625,14448.868217361625,14448.868217361625,,,,,,
IND-000245,Hoshiarpur,Punjab,1951,1971.0,False,ANCHOR,2,1951,1961,5045.388584078852,5045.388584078852,0.0,5045.388584078852,5045.388584078852,,,,,,,
IND-000413,Hoshiarpur,Punjab,1971,1981.0,False,NEW,1,1971,1971,3837.3715670591396,3837.3715670591396,0.0,,,3837.3715670591396,,,,,,
IND-000480,Hoshiarpur,Punjab,1981,1991.0,False,NEW,1,1981,1981,3348.11503713416,3348.11503713416,0.0,,,,3348.11503713416,,,,,
IND-000583,Hoshiarpur,Punjab,1991,2001.0,False,NEW,1,1991,1991,3837.37631725848,3837.37631725848,0.0,,,,,3837.37631725848,,,,
IND-000676,Hoshiarpur,Punjab,2001,,True,NEW,4,2001,2025,3390.7437724041465,3348.122190350368,42.62158205377864,,,,,,3348.122190350368,3390.7437724041465,3381.620143547405,3382.4659260185554
IND-000479,Jalandhar,Punjab,1981,1991.0,False,NEW,1,1981,1981,3916.086641581469,3916.086641581469,0.0,,,,3916.086641581469,,,,,
IND-000584,Jalandhar,Punjab,1991,2001.0,False,NEW,1,1991,1991,3426.8616141031916,3426.8616141031916,0.0,,,,,3426.8616141031916,,,,
IND-000675,Jalandhar,Punjab,2001,,True,NEW,4,2001,2025,2659.065753984103,2631.180403021709,27.885350962394114,,,,,,2659.065753984103,2631.180403021709,2640.35581833142,2639.226698206897
IND-000246,Jullundur,Punjab,1951,1981.0,False,ANCHOR,3,1951,1971,3426.8884774831913,3426.8884774831913,0.0,3426.8884774831913,3426.8884774831913,3426.8884774831913,,,,,,
IND-000244,Kangra,Punjab,1951,1961.0,False,ANCHOR,1,1951,1951,24934.64674140927,24934.64674140927,0.0,24934.64674140927,,,,,,,,
IND-000343,Kangra,Punjab,1961,1971.0,False,NEW,1,1961,1961,13297.880289751165,13297.880289751165,0.0,,13297.880289751165,,,,,,,
IND-000241,Karnal,Punjab,1951,1981.0,False,ANCHOR,3,1951,1971,7765.213542005201,7765.213542005201,0.0,7765.213542005201,7765.213542005201,7765.213542005201,,,,,,
IND-000344,Lahaul_&_Spiti,Punjab,1961,1981.0,False,NEW,2,1961,1971,11636.755341943519,11636.755341943519,0.0,,11636.755341943519,11636.755341943519,,,,,,
IND-000247,Ludhiana,Punjab,1951,1961.0,False,ANCHOR,1,1951,1951,3231.878024732387,3231.878024732387,0.0,3231.878024732387,,,,,,,,
IND-000345,Ludhiana,Punjab,1961,,True,NEW,8,1961,2025,3893.2558685965005,3690.1063058093164,203.1495627871841,,3893.2229371302924,3893.2229371302924,3893.2229371302924,3893.2558685965005,3708.6810491821307,3742.9092497625556,3691.1623081742346,3690.1063058093164
IND-000684,Mansa,Punjab,2001,2011.0,False,NEW,1,2001,2001,2579.8106939183426,2579.8106939183426,0.0,,,,,,2579.8106939183426,,,
IND-000956,Mansa,Punjab,2011,,True,NEW,3,2011,2025,2194.53051353725,2171.4112619012312,23.119251636018816,,,,,,,2192.376890200854,2194.53051353725,2171.4112619012312
IND-000679,Moga,Punjab,2001,,True,NEW,4,2001,2025,2250.778556153201,2104.89166162349,145.88689452971084,,,,,,2203.078675439314,2104.89166162349,2234.730344565835,2250.778556153201
IND-000681,Muktsar,Punjab,2001,,True,NEW,4,2001,2025,2641.7050626829177,2560.519199940337,81.18586274258087,,,,,,2641.210721265118,2560.519199940337,2641.7050626829177,2640.9551335296464
IND-000677,Nawanshahr,Punjab,2001,,True,NEW,4,2001,2025,1265.004246018731,1256.9869206107335,8.017325407997532,,,,,,1256.9869206107335,1265.004246018731,1264.7484291587937,1263.817765883903
IND-001109,Pathankot,Punjab,2021,,True,NEW,2,2021,2025,951.3756982348065,949.8516835741847,1.5240146606217877,,,,,,,,951.3756982348065,949.8516835741847
IND-000348,Patiala,Punjab,1961,2001.0,False,NEW,4,1961,1991,4264.19262087592,4264.172518182563,0.020102693356420787,,4264.172518182563,4264.172518182563,4264.172555202571,4264.19262087592,,,,
IND-000685,Patiala,Punjab,2001,2011.0,False,NEW,1,2001,2001,3283.1336756768833,3283.1336756768833,0.0,,,,,,3283.1336756768833,,,
IND-000957,Patiala,Punjab,2011,,True,NEW,3,2011,2025,3315.9552137400774,3218.0346020065053,97.92061173357206,,,,,,,3218.0346020065053,3283.853768009576,3315.9552137400774
IND-000239,Rohtak,Punjab,1951,1981.0,False,ANCHOR,3,1951,1971,5757.252582251001,5757.252582251001,0.0,5757.252582251001,5757.252582251001,5757.252582251001,,,,,,
IND-000414,Ropar,Punjab,1971,2011.0,False,NEW,4,1971,2001,2036.9537096223562,2036.9137477683262,0.03996185403002528,,,2036.9532876276662,2036.9537096223562,2036.9137477683262,2036.9137477683262,,,
IND-000960,Rupnagar,Punjab,2011,,True,NEW,3,2011,2025,1374.9655673498046,1369.2371135563283,5.728453793476319,,,,,,,1369.2371135563283,1374.270455108348,1374.9655673498046
IND-001107,Sahibzada Ajit Singh Nag*,Punjab,2021,,True,NEW,2,2021,2025,1092.8501422786285,1089.4222466930644,3.4278955855641016,,,,,,,,1089.4222466930644,1092.8501422786285
IND-000961,Sahibzada Ajit Singh Nagar,Punjab,2011,2021.0,False,NEW,1,2011,2011,1227.9356793397262,1227.9356793397262,0.0,,,,,,,1227.9356793397262,,
IND-000347,Sangrur,Punjab,1961,1971.0,False,NEW,1,1961,1961,7879.2844045620695,7879.2844045620695,0.0,,7879.2844045620695,,,,,,,
IND-000415,Sangrur,Punjab,1971,2011.0,False,NEW,4,1971,2001,4625.553234164863,4625.525051762647,0.028182402215861657,,,4625.525051762647,4625.525051762647,4625.553234164863,4625.553234164863,,,
IND-000962,Sangrur,Punjab,2011,,True,NEW,3,2011,2025,3736.9724531693614,3608.001623531632,128.97082963772937,,,,,,,3736.9724531693614,3615.6587696235515,3608.001623531632
IND-000243,Simla,Punjab,1951,1961.0,False,ANCHOR,1,1951,1951,510.66101664254063,510.66101664254063,0.0,510.66101664254063,,,,,,,,
IND-000959,Tarn Taran,Punjab,2011,,True,NEW,3,2011,2025,2416.61256909574,2380.3904003896455,36.222168706094635,,,,,,,2380.3904003896455,2416.61256909574,2415.0706101905776
IND-000350,Ajmer,Rajasthan,1961,1971.0,False,NEW,1,1961,1961,9132.713529033736,9132.713529033736,0.0,,9132.713529033736,,,,,,,
IND-000416,Ajmer,Rajasthan,1971,1981.0,False,NEW,1,1971,1971,7778.946940379892,7778.946940379892,0.0,,,7778.946940379892,,,,,,
IND-000483,Ajmer,Rajasthan,1981,1991.0,False,NEW,1,1981,1981,9132.715653887082,9132.715653887082,0.0,,,,9132.715653887082,,,,,
IND-000593,Ajmer,Rajasthan,1991,,True,NEW,5,1991,2025,8539.177574437912,7778.874980462053,760.302593975859,,,,,7778.874980462053,8380.607597819628,8539.177574437912,8492.008838216661,8474.366297624332
IND-000071,Alwar,Rajasthan,1951,,True,ANCHOR,9,1951,2025,8405.994133663697,8261.688360755617,144.30577290807923,8405.994133663697,8405.994133663697,8405.994133663697,8405.970046053699,8405.971105158564,8405.971105158564,8261.688360755617,8399.047873581334,8382.212322379968
IND-000086,Banswara,Rajasthan,1951,2011.0,False,ANCHOR,6,1951,2001,5370.9926087363,5370.984232122308,0.00837661399236822,5370.985935495165,5370.985935495165,5370.985935495165,5370.984232122308,5370.9926087363,5370.9926087363,,,
IND-000980,Banswara,Rajasthan,2011,,True,NEW,3,2011,2025,4509.763628040281,4433.64484732376,76.11878071652154,,,,,,,4433.64484732376,4484.6350416128225,4509.763628040281
IND-000722,Baran,Rajasthan,2001,,True,NEW,4,2001,2025,6994.294494659824,6845.627860342626,148.66663431719735,,,,,,6993.184686081395,6845.627860342626,6989.624690348903,6994.294494659824
IND-000078,Barmer,Rajasthan,1951,,True,ANCHOR,9,1951,2025,28529.475903373477,28387.295093434815,142.1808099386617,28496.020315431975,28496.020315431975,28496.020315431975,28495.972310100446,28496.02597372005,28496.02597372005,28529.475903373477,28391.14595348537,28387.295093434815
IND-000070,Bharatpur,Rajasthan,1951,1991.0,False,ANCHOR,4,1951,1981,8115.056741220708,8114.9813748781935,0.0753663425148261,8115.056741220708,8115.056741220708,8115.056741220708,8114.9813748781935,,,,,
IND-000594,Bharatpur,Rajasthan,1991,,True,NEW,5,1991,2025,5104.550132990128,5060.391044326552,44.15908866357586,,,,,5067.944095142819,5067.944095142819,5104.550132990128,5062.51764910897,5060.391044326552
IND-000088,Bhilwara,Rajasthan,1951,,True,ANCHOR,9,1951,2025,10488.314587991255,10337.075783529188,151.2388044620675,10488.314587991255,10488.314587991255,10488.314587991255,10488.309123900612,10488.281715280664,10488.281715280664,10337.075783529188,10482.047782747699,10487.343484682637
IND-000074,Bikaner,Rajasthan,1951,1961.0,False,ANCHOR,1,1951,1951,19217.38332471098,19217.38332471098,0.0,19217.38332471098,,,,,,,,
IND-000349,Bikaner,Rajasthan,1961,2011.0,False,NEW,5,1961,2001,27244.233233399555,27244.176207167828,0.05702623172692256,,27244.217144827115,27244.217144827115,27244.233233399555,27244.176207167828,27244.176207167828,,,
IND-000978,Bikaner,Rajasthan,2011,,True,NEW,3,2011,2025,30684.72172442678,30251.287669449994,433.4340549767876,,,,,,,30684.72172442678,30261.554370742215,30251.287669449994
IND-000090,Bundi,Rajasthan,1951,1961.0,False,ANCHOR,1,1951,1951,7371.38778621826,7371.38778621826,0.0,7371.38778621826,,,,,,,,
IND-000355,Bundi,Rajasthan,1961,,True,NEW,8,1961,2025,5832.107768436898,5752.790098674813,79.31766976208564,,5770.315705489966,5770.315705489966,5770.317956497943,5770.332135065479,5770.332135065479,5832.107768436898,5752.790098674813,5776.717451323523
IND-000087,Chittaurgarh,Rajasthan,1951,1961.0,False,ANCHOR,1,1951,1951,8933.791274867835,8933.791274867835,0.0,8933.791274867835,,,,,,,,
IND-000981,Chittaurgarh,Rajasthan,2011,,True,NEW,3,2011,2025,7814.952418092836,7744.686481040005,70.26593705283085,,,,,,,7744.686481040005,7797.462410531868,7814.952418092836
IND-000354,Chittorgarh,Rajasthan,1961,2011.0,False,NEW,5,1961,2001,10534.827351129641,10534.77559157868,0.05175955096092366,,10534.802601101159,10534.802601101159,10534.827351129641,10534.77559157868,10534.77559157868,,,
IND-000075,Churu,Rajasthan,1951,2011.0,False,ANCHOR,6,1951,2001,16843.378150129054,16843.349519454085,0.028630674969463143,16843.373835999962,16843.373835999962,16843.373835999962,16843.349519454085,16843.378150129054,16843.378150129054,,,
IND-000979,Churu,Rajasthan,2011,,True,NEW,3,2011,2025,13878.163740508606,13614.150436344265,264.0133041643403,,,,,,,13614.150436344265,13878.163740508606,13849.414686227663
IND-000717,Dausa,Rajasthan,2001,,True,NEW,4,2001,2025,3514.2345486101904,3416.1593946043363,98.07515400585407,,,,,,3417.026884228206,3514.2345486101904,3417.020905003148,3416.1593946043363
IND-000595,Dholpur,Rajasthan,1991,,True,NEW,5,1991,2025,3047.055700460901,2989.151170318747,57.90453014215382,,,,,3047.055700460901,3047.055700460901,2989.151170318747,3032.5292137817287,3034.4154920636925
IND-000085,Dungarpur,Rajasthan,1951,,True,ANCHOR,9,1951,2025,3790.730427413344,3738.261306684836,52.46912072850773,3746.7748157124706,3746.7748157124706,3746.7748157124706,3746.744384492608,3746.7765640493026,3746.7765640493026,3738.261306684836,3790.730427413344,3770.2836451714984
IND-000076,Ganganagar,Rajasthan,1951,2001.0,False,ANCHOR,5,1951,1991,20606.88778631467,20606.767819247565,0.1199670671048807,20606.881488636882,20606.881488636882,20606.881488636882,20606.88778631467,20606.767819247565,,,,
IND-000713,Ganganagar,Rajasthan,2001,,True,NEW,4,2001,2025,11009.937053560147,10443.985992916489,565.9510606436579,,,,,,11009.937053560147,10443.985992916489,10909.714343249369,10930.93655812119
IND-000714,Hanumangarh,Rajasthan,2001,,True,NEW,4,2001,2025,10088.589774711407,9597.034169048084,491.55560566332315,,,,,,9597.034169048084,10088.589774711407,9704.436701778315,9709.798616495036
IND-000067,Jaipur,Rajasthan,1951,2001.0,False,ANCHOR,5,1951,1991,14080.686513471286,14080.65447592044,0.03203755084541626,14080.686513471286,14080.686513471286,14080.686513471286,14080.65447592044,14080.675430751999,,,,
IND-000718,Jaipur,Rajasthan,2001,,True,NEW,4,2001,2025,11275.111065656009,11138.083689254823,137.0273764011854,,,,,,11167.989824317954,11275.111065656009,11139.573893926208,11138.083689254823
IND-000082,Jaisalmer,Rajasthan,1951,1961.0,False,ANCHOR,1,1951,1951,46396.45328205332,46396.45328205332,0.0,46396.45328205332,,,,,,,,
IND-000351,Jaisalmer,Rajasthan,1961,,True,NEW,8,1961,2025,38449.586688360796,38139.530320949256,310.0563674115401,,38369.71425399321,38369.71425399321,38369.849610936755,38369.740593865165,38369.740593865165,38139.530320949256,38439.3205592935,38449.586688360796
IND-000079,Jalore,Rajasthan,1951,,True,ANCHOR,9,1951,2025,10681.626648967584,10624.11681418868,57.509834778904406,10624.144212109222,10624.144212109222,10624.144212109222,10624.11681418868,10624.189583135461,10624.189583135461,10681.626648967584,10650.552139825268,10643.311635541477
IND-000091,Jhalawar,Rajasthan,1951,,True,ANCHOR,9,1951,2025,6347.625385097911,6325.331625734606,22.29375936330507,6325.331625734606,6325.331625734606,6325.331625734606,6325.404577487331,6325.424217902766,6325.424217902766,6347.625385097911,6340.715654701438,6343.068840264523
IND-000072,Jhunjhunun,Rajasthan,1951,,True,ANCHOR,9,1951,2025,5931.0611082738,5834.580599126818,96.4805091469816,5931.049005095314,5931.049005095314,5931.049005095314,5931.0611082738,5931.041633856336,5931.041633856336,5834.580599126818,5916.907809129531,5924.167829125703
IND-000077,Jodhpur,Rajasthan,1951,,True,ANCHOR,9,1951,2025,22759.732878937397,22679.75838286698,79.97449607041563,22759.730764701366,22759.730764701366,22759.730764701366,22759.69744650933,22759.732878937397,22759.732878937397,22695.692320834754,22679.977032836545,22679.75838286698
IND-000715,Karauli,Rajasthan,2001,,True,NEW,4,2001,2025,5023.733586159107,5006.646616228917,17.086969930190207,,,,,,5006.646616228917,5023.733586159107,5020.619197426867,5016.917283602904
IND-000721,Kota,Rajasthan,2001,,True,NEW,4,2001,2025,5125.886162943467,5089.694434887009,36.19172805645758,,,,,,5125.886162943467,5101.122422979155,5117.459717804828,5089.694434887009
IND-000089,Kotah,Rajasthan,1951,2001.0,False,ANCHOR,5,1951,1991,12119.20501350671,12119.039138128759,0.1658753779502149,12119.04531108379,12119.04531108379,12119.04531108379,12119.20501350671,12119.039138128759,,,,
IND-000352,Nagaur,Rajasthan,1961,,True,NEW,8,1961,2025,17809.689649807242,17520.282704173154,289.4069456340876,,17799.302479816422,17799.302479816422,17799.304583328216,17799.21583697157,17799.21583697157,17520.282704173154,17798.656750114842,17809.689649807242
IND-000081,Nagore,Rajasthan,1951,1961.0,False,ANCHOR,1,1951,1951,20547.559619787793,20547.559619787793,0.0,20547.559619787793,,,,,,,,
IND-000080,Pali,Rajasthan,1951,,True,ANCHOR,9,1951,2025,12457.401169054505,12382.678841088731,74.72232796577373,12392.397814712034,12392.397814712034,12392.397814712034,12392.404553594437,12392.418512638034,12392.418512638034,12457.401169054505,12382.678841088731,12386.352251652055
IND-000982,Pratapgarh,Rajasthan,2011,,True,NEW,3,2011,2025,4475.346175629415,4421.24423206669,54.101943562724955,,,,,,,4475.346175629415,4421.24423206669,4439.177023251383
IND-000719,Rajsamand,Rajasthan,2001,,True,NEW,4,2001,2025,4702.702472492059,4524.266101984171,178.43637050788857,,,,,,4702.702472492059,4524.266101984171,4638.581147103654,4628.921090580626
IND-000069,Sawai Madhopur,Rajasthan,1951,2001.0,False,ANCHOR,5,1951,1991,10526.883707368317,10526.867689289904,0.016018078413253534,10526.883707368317,10526.883707368317,10526.883707368317,10526.868883480593,10526.867689289904,,,,
IND-000716,Sawai Madhopur,Rajasthan,2001,,True,NEW,4,2001,2025,5044.99419125485,5015.742288213449,29.25190304140142,,,,,,5015.742288213449,5044.99419125485,5021.191360091105,5025.7674800118875
IND-000073,Sikar,Rajasthan,1951,,True,ANCHOR,9,1951,2025,7756.767810642652,7716.047316170024,40.72049447262816,7731.25633623195,7731.25633623195,7731.25633623195,7731.255674326966,7731.222321002225,7731.222321002225,7756.767810642652,7716.047316170024,7730.498640141877
IND-000083,Sirohi,Rajasthan,1951,1961.0,False,ANCHOR,1,1951,1951,4253.1786548142845,4253.1786548142845,0.0,4253.1786548142845,,,,,,,,
IND-000353,Sirohi,Rajasthan,1961,,True,NEW,8,1961,2025,5136.350438195447,5079.294700180946,57.055738014501,,5134.2983699053575,5134.2983699053575,5134.34754623281,5134.299895143557,5134.299895143557,5079.294700180946,5130.383848824836,5136.350438195447
IND-000068,Tonk,Rajasthan,1951,,True,ANCHOR,9,1951,2025,7203.399825826928,7117.8005154551065,85.59931037182105,7201.364195857911,7201.364195857911,7201.364195857911,7201.423692021361,7201.407522413005,7201.407522413005,7117.8005154551065,7203.399825826928,7197.273800941128
IND-000084,Udaipur,Rajasthan,1951,2001.0,False,ANCHOR,5,1951,1991,17883.337759327023,16529.636812552453,1353.7009467745702,17883.337759327023,16529.72675706973,17883.337759327023,16529.636812552453,17883.2973925468,,,,
IND-000720,Udaipur,Rajasthan,2001,,True,NEW,4,2001,2025,12578.82437619202,11683.733784751457,895.090591440563,,,,,,12578.82437619202,11683.733784751457,11708.953217176962,11712.240377935153
IND-000093,Central Saurashtra,Saurashtra,1951,2021.0,False,ANCHOR,7,1951,2011,12205.428237669152,11131.136602404504,1074.291635264648,12205.428237669152,11223.040672186095,11223.040672186095,11223.065711383333,11223.042241638796,11223.042241638796,11131.136602404504,,
IND-000094,Gohilwad,Saurashtra,1951,2001.0,False,ANCHOR,5,1951,1991,10674.928320902962,9682.977672287616,991.9506486153459,10674.928320902962,9682.977672287616,9682.977672287616,9682.978312328767,9683.014767965473,,,,
IND-000095,Halar,Saurashtra,1951,2021.0,False,ANCHOR,7,1951,2011,10863.678551326559,10839.071090060257,24.60746126630147,10839.071090060257,10839.071090060257,10839.071090060257,10839.071218242578,10839.135751539763,10839.135751539763,10863.678551326559,,
IND-000096,Sorath,Saurashtra,1951,2001.0,False,ANCHOR,5,1951,1991,10733.339203462194,10598.838735215788,134.50046824640594,10733.339203462194,10598.838899899923,10598.838899899923,10598.838735215788,10598.910902093457,,,,
IND-000092,Zalwad,Saurashtra,1951,2021.0,False,ANCHOR,7,1951,2011,10599.132815978572,10477.441376443117,121.69143953545426,10477.444699828928,10477.444699828928,10477.444699828928,10477.441376443117,10477.460153012884,10477.460153012884,10599.132815978572,,
IND-000485,East Sikkim,Sikkim,1981,,True,NEW,6,1981,2025,958.4201529856568,927.323063973233,31.097089012423794,,,,927.323063973233,927.341743659977,927.341743659977,954.1557954837031,958.4201529856568,938.4456942841854
IND-000484,North Sikkim,Sikkim,1981,,True,NEW,6,1981,2025,4283.592764609291,4211.78123411149,71.81153049780096,,,,4283.538365505321,4283.592764609291,4283.592764609291,4211.78123411149,4223.690100267339,4227.794988079269
IND-000141,Sikkim,Sikkim,1951,1981.0,False,ANCHOR,3,1951,1971,7090.027624325411,7090.027624325411,0.0,7090.027624325411,7090.027624325411,7090.027624325411,,,,,,
IND-001030,South District,Sikkim,2011,,True,NEW,3,2011,2025,735.0135587731846,708.9850692614582,26.028489511726434,,,,,,,708.9850692614582,735.0135587731846,732.5547525478542
IND-000486,South Sikkim,Sikkim,1981,2011.0,False,NEW,3,1981,2001,626.7215517969696,626.7199860647193,0.0015657322503557225,,,,626.7199860647193,626.7215517969696,626.7215517969696,,,
IND-000487,West Sikkim,Sikkim,1981,,True,NEW,6,1981,2025,1252.3769355417658,1173.7069954160215,78.66994012574423,,,,1252.3625365878086,1252.3769355417658,1252.3769355417658,1173.7069954160215,1188.8088940376551,1201.4658587271517
IND-000199,Anantapur,Tamil Nadu,1951,1961.0,False,ANCHOR,1,1951,1951,16730.1345336841,16730.1345336841,0.0,16730.1345336841,,,,,,,,
IND-000930,Ariyalur,Tamil Nadu,2001,,True,NEW,4,2001,2025,1941.8821001538927,1930.7599553271316,11.122144826761087,,,,,,1941.8821001538927,1930.7599553271316,1938.7859565754982,1935.3166323424698
IND-000202,Bellary,Tamil Nadu,1951,1961.0,False,ANCHOR,1,1951,1951,16359.22221525246,16359.22221525246,0.0,16359.22221525246,,,,,,,,
IND-001273,Chengalpattu,Tamil Nadu,2021,,True,NEW,2,2021,2025,2737.6868594718308,2722.853143536332,14.83371593549873,,,,,,,,2737.6868594718308,2722.853143536332
IND-001085,Chennai,Tamil Nadu,2011,2021.0,False,NEW,1,2011,2011,177.6455072659047,177.6455072659047,0.0,,,,,,,177.6455072659047,,
IND-001274,Chennai,Tamil Nadu,2021,2025.0,False,NEW,1,2021,2021,437.82316928981527,437.82316928981527,0.0,,,,,,,,437.82316928981527,
IND-001366,Chennai,Tamil Nadu,2025,,True,NEW,1,2025,2025,334.3749906091764,334.3749906091764,0.0,,,,,,,,,334.3749906091764
IND-000204,Chingleput,Tamil Nadu,1951,1961.0,False,ANCHOR,1,1951,1951,7009.218250139594,7009.218250139594,0.0,7009.218250139594,,,,,,,,
IND-000317,Chingleput,Tamil Nadu,1961,2001.0,False,NEW,4,1961,1991,7813.677497396411,7813.567829964798,0.10966743161316117,,7813.567829964798,7813.567829964798,7813.567897245345,7813.677497396411,,,,
IND-000203,Chittoor,Tamil Nadu,1951,,True,ANCHOR,9,1951,2025,15982.383459342827,14973.062645692533,1009.3208136502944,15982.383459342827,14973.157744964386,14973.157744964386,14973.158020571254,14973.062645692533,14973.062645692533,15060.945301247293,15003.719880045484,15003.360167107123
IND-000205,Coimbatore,Tamil Nadu,1951,1961.0,False,ANCHOR,1,1951,1951,18437.075542727434,18437.075542727434,0.0,18437.075542727434,,,,,,,,
IND-000318,Coimbatore,Tamil Nadu,1961,1981.0,False,NEW,2,1961,1971,15647.27243167411,15647.27243167411,0.0,,15647.27243167411,15647.27243167411,,,,,,
IND-000496,Coimbatore,Tamil Nadu,1981,2011.0,False,NEW,3,1981,2001,7672.040002079485,7672.003339197394,0.036662882091150095,,,,7672.040002079485,7672.003339197394,7672.003339197394,,,
IND-001089,Coimbatore,Tamil Nadu,2011,,True,NEW,3,2011,2025,4735.282155245408,4704.135716708956,31.14643853645157,,,,,,,4735.282155245408,4704.135716708956,4720.0654670226895
IND-000931,Cuddalore,Tamil Nadu,2001,,True,NEW,4,2001,2025,3730.983377477666,3650.7368249795168,80.24655249814941,,,,,,3650.7368249795168,3730.983377477666,3716.639028340433,3701.7363769303624
IND-000206,Cuddapah,Tamil Nadu,1951,,True,ANCHOR,9,1951,2025,15445.39778795872,14998.99682721652,446.40096074219946,15360.61643670532,14998.99682721652,15360.61643670532,15360.616597419783,15360.643023397795,15360.643023397795,15445.39778795872,15343.171653198735,15342.794596524765
IND-000417,Dharmapuri,Tamil Nadu,1971,2011.0,False,NEW,4,1971,2001,9583.864306877003,9583.818078748158,0.046228128845541505,,,9583.864306877003,9583.864033426158,9583.818078748158,9583.818078748158,,,
IND-001087,Dharmapuri,Tamil Nadu,2011,,True,NEW,3,2011,2025,4500.469883477443,4494.212671178237,6.257212299206003,,,,,,,4500.469883477443,4494.212671178237,4496.092061085648
IND-001086,Erode,Tamil Nadu,2011,2025.0,False,NEW,2,2011,2021,5769.500147007334,5757.732101420575,11.76804558675849,,,,,,,5769.500147007334,5757.732101420575,
IND-001367,Erode,Tamil Nadu,2025,,True,NEW,1,2025,2025,5109.38656282276,5109.38656282276,0.0,,,,,,,,,5109.38656282276
IND-000207,Godavari East,Tamil Nadu,1951,1961.0,False,ANCHOR,1,1951,1951,16199.485331116763,16199.485331116763,0.0,16199.485331116763,,,,,,,,
IND-000208,Godavari West,Tamil Nadu,1951,1961.0,False,ANCHOR,1,1951,1951,6538.885939869406,6538.885939869406,0.0,6538.885939869406,,,,,,,,
IND-000209,Guntur,Tamil Nadu,1951,1971.0,False,ANCHOR,2,1951,1961,12703.636303032306,12703.636303032306,0.0,12703.636303032306,12703.636303032306,,,,,,,
IND-001266,Kallakurichi,Tamil Nadu,2021,,True,NEW,2,2021,2025,3531.2460975696804,3275.7790130662725,255.46708450340793,,,,,,,,3275.7790130662725,3531.2460975696804
IND-000923,Kancheepuram,Tamil Nadu,2001,2021.0,False,NEW,2,2001,2011,4430.778043579327,4319.399417102726,111.3786264766004,,,,,,4319.399417102726,4430.778043579327,,
IND-001272,Kancheepuram,Tamil Nadu,2021,,True,NEW,2,2021,2025,1746.554274051659,1641.2875816404085,105.26669241125046,,,,,,,,1641.2875816404085,1746.554274051659
IND-000319,Kanyakumari,Tamil Nadu,1961,,True,NEW,8,1961,2025,1704.656042236707,1648.237724416131,56.41831782057602,,1704.656042236707,1704.656042236707,1704.656042236707,1704.6409252265694,1704.6409252265694,1648.237724416131,1687.9907728221353,1678.9154911499459
IND-000927,Karur,Tamil Nadu,2001,,True,NEW,4,2001,2025,2920.362317600568,2874.884762692886,45.47755490768213,,,,,,2874.884762692886,2920.362317600568,2902.641172561984,2903.366639255613
IND-000210,Krishna,Tamil Nadu,1951,,True,ANCHOR,9,1951,2025,8766.139010592035,8720.348303737663,45.79070685437182,8720.348303737663,8720.348303737663,8720.348303737663,8720.348364968448,8720.450862728718,8720.450862728718,8766.139010592035,8749.198928463315,8758.499124716025
IND-001088,Krishnagiri,Tamil Nadu,2011,,True,NEW,3,2011,2025,5135.279027019522,5068.851676878484,66.427350141038,,,,,,,5068.851676878484,5127.465138322131,5135.279027019522
IND-000211,Kurnool,Tamil Nadu,1951,1961.0,False,ANCHOR,1,1951,1951,19989.64450601614,19989.64450601614,0.0,19989.64450601614,,,,,,,,
IND-000213,Madras,Tamil Nadu,1951,2011.0,False,ANCHOR,6,1951,2001,225.59084216454895,225.58437138598234,0.006470778566608715,225.59084216454895,225.59084216454895,225.59084216454895,225.59084216454895,225.58437138598234,225.58437138598234,,,
IND-000214,Madurai,Tamil Nadu,1951,1991.0,False,ANCHOR,4,1951,1981,12648.634772287765,12648.634747844497,2.4443268557661213e-05,12648.634747844497,12648.634747844497,12648.634747844497,12648.634772287765,,,,,
IND-000935,Madurai,Tamil Nadu,2001,,True,NEW,4,2001,2025,3720.2436991293775,3660.2802035282743,59.963495601103205,,,,,,3720.2436991293775,3660.2802035282743,3708.950338063356,3706.9249375672425
IND-000212,Malabar,Tamil Nadu,1951,1961.0,False,ANCHOR,1,1951,1951,12789.189098051245,12789.189098051245,0.0,12789.189098051245,,,,,,,,
IND-000932,Nagapattinam,Tamil Nadu,2001,,True,NEW,4,2001,2025,2746.239415393788,2548.2077350814984,198.0316803122896,,,,,,2548.2077350814984,2567.227273962483,2746.239415393788,2565.555748924915
IND-000926,Namakkal,Tamil Nadu,2001,,True,NEW,4,2001,2025,3453.0861597488383,3388.4173830851187,64.66877666371965,,,,,,3453.0861597488383,3388.4173830851187,3418.3722119128192,3418.9619144993553
IND-000215,Nellore,Tamil Nadu,1951,1971.0,False,ANCHOR,2,1951,1961,23196.390123451634,22991.51323624381,204.87688720782535,22991.51323624381,23196.390123451634,,,,,,,
IND-000216,Nilgiris,Tamil Nadu,1951,,True,ANCHOR,9,1951,2025,2567.6995089882507,2430.9667422797916,136.73276670845917,2567.697780708929,2567.697780708929,2567.697780708929,2567.697772363416,2567.6995089882507,2567.6995089882507,2550.237696119185,2562.7927614206633,2430.9667422797916
IND-000200,North Arcot,Tamil Nadu,1951,1991.0,False,ANCHOR,4,1951,1981,12333.570047054473,12333.569879259201,0.000167795271408977,12333.570047054473,12333.570047054473,12333.570047054473,12333.569879259201,,,,,
IND-000929,Perambalur,Tamil Nadu,2001,,True,NEW,4,2001,2025,1756.1314477365343,1730.1905198110492,25.940927925485084,,,,,,1730.1905198110492,1755.1153528809432,1745.6898151164798,1756.1314477365343
IND-000495,Periyar,Tamil Nadu,1981,2011.0,False,NEW,3,1981,2001,7975.516189405711,7975.344740510256,0.17144889545488695,,,,7975.344740510256,7975.516189405711,7975.516189405711,,,
IND-000499,Pudukkottai,Tamil Nadu,1981,,True,NEW,6,1981,2025,4766.560237936155,4650.233574088682,116.32666384747336,,,,4766.549459497346,4766.560237936155,4766.560237936155,4650.233574088682,4661.705739500634,4651.284339141859
IND-000217,Ramanathapuram,Tamil Nadu,1951,1991.0,False,ANCHOR,4,1951,1981,12652.424760914375,12652.424640676572,0.00012023780254821759,12652.424640676572,12652.424640676572,12652.424640676572,12652.424760914375,,,,,
IND-001270,Ranipet,Tamil Nadu,2021,,True,NEW,2,2021,2025,1874.2895534747174,1849.9469481008307,24.342605373886727,,,,,,,,1874.2895534747174,1849.9469481008307
IND-000218,Salem,Tamil Nadu,1951,1971.0,False,ANCHOR,2,1951,1961,18298.56165499695,18298.56165499695,0.0,18298.56165499695,18298.56165499695,,,,,,,
IND-000418,Salem,Tamil Nadu,1971,2001.0,False,NEW,3,1971,1991,8714.791693096884,8714.771705220448,0.019987876436061924,,,8714.771705220448,8714.771848045357,8714.791693096884,,,,
IND-000925,Salem,Tamil Nadu,2001,2025.0,False,NEW,3,2001,2021,5264.155373306288,5236.785042354625,27.370330951663163,,,,,,5261.686504847459,5264.155373306288,5236.785042354625,
IND-001368,Salem,Tamil Nadu,2025,,True,NEW,1,2025,2025,6004.002849743802,6004.002849743802,0.0,,,,,,,,,6004.002849743802
IND-000201,South Arcot,Tamil Nadu,1951,2001.0,False,ANCHOR,5,1951,1991,10889.366768988632,10844.803412970354,44.56335601827777,10883.203924738737,10883.203924738737,10889.366768988632,10883.203887482556,10844.803412970354,,,,
IND-000219,South Kanara,Tamil Nadu,1951,1961.0,False,ANCHOR,1,1951,1951,10433.519652136849,10433.519652136849,0.0,10433.519652136849,,,,,,,,
IND-000220,Srikakulam,Tamil Nadu,1951,1981.0,False,ANCHOR,3,1951,1971,11535.808973240539,11387.309814255597,148.49915898494146,11535.808973240539,11535.808973240539,11387.309814255597,,,,,,
IND-000221,Tanjore,Tamil Nadu,1951,1981.0,False,ANCHOR,3,1951,1971,9703.000183210383,9703.000183210383,0.0,9703.000183210383,9703.000183210383,9703.000183210383,,,,,,
IND-001267,Tenkasi,Tamil Nadu,2021,,True,NEW,2,2021,2025,2933.9785776380295,2809.2608091363604,124.71776850166907,,,,,,,,2933.9785776380295,2809.2608091363604
IND-000498,Thanjavur,Tamil Nadu,1981,2001.0,False,NEW,2,1981,1991,8247.568429214842,8247.541264911484,0.027164303357494646,,,,8247.568429214842,8247.541264911484,,,,
IND-000934,Thanjavur,Tamil Nadu,2001,,True,NEW,4,2001,2025,3438.578496702788,3417.4763394174174,21.102157285370595,,,,,,3438.578496702788,3424.396298214602,3417.4763394174174,3425.7204338999986
IND-000936,Theni,Tamil Nadu,2001,,True,NEW,4,2001,2025,2867.2382284001465,2748.351401854618,118.88682654552849,,,,,,2748.351401854618,2846.4813584243157,2865.718512637727,2867.2382284001465
IND-000922,Thiruvallur,Tamil Nadu,2001,2021.0,False,NEW,2,2001,2011,3494.318079966943,3429.510678834331,64.80740113261209,,,,,,3494.318079966943,3429.510678834331,,
IND-001275,Thiruvallur,Tamil Nadu,2021,,True,NEW,2,2021,2025,3240.434400810389,3230.1165680294857,10.317832780903245,,,,,,,,3240.434400810389,3230.1165680294857
IND-000933,Thiruvarur,Tamil Nadu,2001,,True,NEW,4,2001,2025,2312.504758571686,2116.411405942071,196.0933526296153,,,,,,2256.9478841680248,2312.504758571686,2116.411405942071,2264.4103445565543
IND-000497,Tiruchchirappalli,Tamil Nadu,1981,2001.0,False,NEW,2,1981,1991,10927.221410698641,10927.182968699864,0.038441998776761466,,,,10927.221410698641,10927.182968699864,,,,
IND-000222,Tiruchirapalli,Tamil Nadu,1951,1981.0,False,ANCHOR,3,1951,1971,14238.369100802365,14238.369100802365,0.0,14238.369100802365,14238.369100802365,14238.369100802365,,,,,,
IND-000928,Tiruchirappalli,Tamil Nadu,2001,,True,NEW,4,2001,2025,4494.763641005682,4380.368976744687,114.39466426099534,,,,,,4380.368976744687,4461.8745168127525,4494.763641005682,4492.874351875595
IND-000223,Tirunelveli,Tamil Nadu,1951,1991.0,False,ANCHOR,4,1951,1981,11376.40515852277,11376.40515852277,0.0,11376.40515852277,11376.40515852277,11376.40515852277,11376.40515852277,,,,,
IND-001268,Tirunelveli,Tamil Nadu,2021,,True,NEW,2,2021,2025,3923.7909094880115,3882.0088009011206,41.7821085868909,,,,,,,,3923.7909094880115,3882.0088009011206
IND-001271,Tirupathur,Tamil Nadu,2021,,True,NEW,2,2021,2025,2116.0081161553044,1983.8445298908644,132.16358626444003,,,,,,,,1983.8445298908644,2116.0081161553044
IND-001090,Tiruppur,Tamil Nadu,2011,,True,NEW,3,2011,2025,5206.930973314316,5189.799318363895,17.131654950421762,,,,,,,5189.799318363895,5206.930973314316,5196.899684613196
IND-001269,Vellore,Tamil Nadu,2021,,True,NEW,2,2021,2025,2214.929123269975,2107.6022402136523,107.32688305632291,,,,,,,,2214.929123269975,2107.6022402136523
IND-000924,Viluppuram,Tamil Nadu,2001,2021.0,False,NEW,2,2001,2011,7202.29671420198,7195.058381544387,7.238332657592764,,,,,,7202.29671420198,7195.058381544387,,
IND-001265,Viluppuram,Tamil Nadu,2021,,True,NEW,2,2021,2025,3916.1790116396255,3660.75317158809,255.4258400515355,,,,,,,,3916.1790116396255,3660.75317158809
IND-000224,Visakhapatnam,Tamil Nadu,1951,1981.0,False,ANCHOR,3,1951,1971,11965.335601381099,11965.335601381099,0.0,11965.335601381099,11965.335601381099,11965.335601381099,,,,,,
IND-000665,Chidambaranar,Tamil_Nadu,1991,,True,NEW,5,1991,2025,4739.677828028035,4664.138649206624,75.53917882141104,,,,,4705.2049335776555,4705.2049335776555,4701.334880443141,4664.138649206624,4739.677828028035
IND-000666,Dindigul_Anna,Tamil_Nadu,1991,,True,NEW,5,1991,2025,6180.062731579798,6046.628438528269,133.4342930515295,,,,,6180.062731579798,6180.062731579798,6046.628438528269,6048.197707787326,6051.097059036152
IND-000667,Kamarajar,Tamil_Nadu,1991,,True,NEW,5,1991,2025,4323.393603507275,4238.970502939052,84.42310056822316,,,,,4323.393603507275,4323.393603507275,4297.220934619733,4243.687679847153,4238.970502939052
IND-000668,Madurai,Tamil_Nadu,1991,2001.0,False,NEW,1,1991,1991,6468.6853592152365,6468.6853592152365,0.0,,,,,6468.6853592152365,,,,
IND-000669,North_Arcot_Ambedkar,Tamil_Nadu,1991,2021.0,False,NEW,3,1991,2011,6151.457049183142,6081.484154795334,69.97289438780808,,,,,6151.457049183142,6151.457049183142,6081.484154795334,,
IND-000670,Pasumpon-Thevar-Thir,Tamil_Nadu,1991,,True,NEW,5,1991,2025,4315.297911345645,4097.238050434529,218.05986091111572,,,,,4222.002890073828,4222.002890073828,4315.297911345645,4097.238050434529,4241.711465710584
IND-000671,Ramanathapuram,Tamil_Nadu,1991,,True,NEW,5,1991,2025,4272.212220627478,4076.9458751269203,195.2663455005577,,,,,4106.92931396371,4106.92931396371,4076.9458751269203,4272.212220627478,4109.34711759046
IND-000672,Tirunelveli-Kattabo,Tamil_Nadu,1991,2021.0,False,NEW,3,1991,2011,6749.190757824033,6671.113385113971,78.07737271006226,,,,,6671.113385113971,6671.113385113971,6749.190757824033,,
IND-000673,Tiruvannamalai_Sambu,Tamil_Nadu,1991,,True,NEW,5,1991,2025,6194.981286604401,6178.4963947141105,16.484891890290783,,,,,6182.13401183766,6182.13401183766,6194.981286604401,6189.467531656881,6178.4963947141105
IND-001280,Adilabad,Telangana,2021,,True,NEW,2,2021,2025,3996.6895791258944,3996.46639268975,0.22318643614426037,,,,,,,,3996.46639268975,3996.6895791258944
IND-001310,Bhadradri Kothagudem,Telangana,2021,,True,NEW,2,2021,2025,7025.890852964756,6906.853501746007,119.03735121874888,,,,,,,,7025.890852964756,6906.853501746007
IND-001281,Hyderabad,Telangana,2021,,True,NEW,2,2021,2025,191.47917893057726,191.42903071903697,0.05014821154028937,,,,,,,,191.47917893057726,191.42903071903697
IND-001282,Jagitial,Telangana,2021,,True,NEW,2,2021,2025,2885.1344350079767,2866.248706081469,18.885728926507454,,,,,,,,2866.248706081469,2885.1344350079767
IND-001283,Jangoan,Telangana,2021,,True,NEW,2,2021,2025,2423.6911949334108,2291.0544055699793,132.6367893634315,,,,,,,,2291.0544055699793,2423.6911949334108
IND-001311,Jayashankar,Telangana,2021,,True,NEW,2,2021,2025,2927.4524694021984,2873.852253000106,53.60021640209243,,,,,,,,2927.4524694021984,2873.852253000106
IND-001285,Jogulamba Gadwal,Telangana,2021,,True,NEW,2,2021,2025,2572.679770725188,2572.3243838050903,0.3553869200977715,,,,,,,,2572.679770725188,2572.3243838050903
IND-001286,Kamareddy,Telangana,2021,,True,NEW,2,2021,2025,3746.2783921549017,3746.142571171392,0.13582098350980232,,,,,,,,3746.142571171392,3746.2783921549017
IND-001287,Karimnagar,Telangana,2021,,True,NEW,2,2021,2025,2134.0460571576646,2003.8381380238718,130.20791913379276,,,,,,,,2134.0460571576646,2003.8381380238718
IND-001288,Khammam,Telangana,2021,,True,NEW,2,2021,2025,4678.151213392052,4545.4944439008,132.6567694912519,,,,,,,,4545.4944439008,4678.151213392052
IND-001289,Kumuram Bheem Asifabad,Telangana,2021,,True,NEW,2,2021,2025,4536.315773196092,4468.927315651638,67.38845754445356,,,,,,,,4468.927315651638,4536.315773196092
IND-001290,Mahabubabad,Telangana,2021,,True,NEW,2,2021,2025,3566.7800465627183,3541.7402643735204,25.039782189197922,,,,,,,,3566.7800465627183,3541.7402643735204
IND-001291,Mahabubnagar,Telangana,2021,,True,NEW,2,2021,2025,2801.9902996630567,2733.9173488269917,68.07295083606505,,,,,,,,2733.9173488269917,2801.9902996630567
IND-001292,Mancherial,Telangana,2021,,True,NEW,2,2021,2025,3923.882386935616,3856.2852378497387,67.59714908587739,,,,,,,,3923.882386935616,3856.2852378497387
IND-001293,Medak,Telangana,2021,,True,NEW,2,2021,2025,2749.53751080338,2747.455621811585,2.08188899179504,,,,,,,,2749.53751080338,2747.455621811585
IND-001294,Medchal Malkajgiri,Telangana,2021,,True,NEW,2,2021,2025,1075.3041092109559,1075.2988079214795,0.005301289476392412,,,,,,,,1075.3041092109559,1075.2988079214795
IND-001284,Mulugu,Telangana,2021,,True,NEW,2,2021,2025,4289.83128279238,4278.748634069385,11.082648722995145,,,,,,,,4278.748634069385,4289.83128279238
IND-001295,Nagarkurnool,Telangana,2021,,True,NEW,2,2021,2025,6405.73640289616,6199.440726265908,206.29567663025227,,,,,,,,6405.73640289616,6199.440726265908
IND-001296,Nalgonda,Telangana,2021,,True,NEW,2,2021,2025,7203.242884027627,7203.0485599288,0.19432409882665524,,,,,,,,7203.242884027627,7203.0485599288
IND-001312,Narayanpet,Telangana,2021,,True,NEW,2,2021,2025,2406.9523888920635,2361.3145152685793,45.63787362348421,,,,,,,,2361.3145152685793,2406.9523888920635
IND-001297,Nirmal,Telangana,2021,,True,NEW,2,2021,2025,3714.7265376838463,3714.586247986853,0.14028969699347726,,,,,,,,3714.586247986853,3714.7265376838463
IND-001298,Nizamabad,Telangana,2021,,True,NEW,2,2021,2025,4211.104693675496,4210.948336649883,0.15635702561303333,,,,,,,,4210.948336649883,4211.104693675496
IND-001299,Peddapalli,Telangana,2021,,True,NEW,2,2021,2025,2212.22820154744,2193.87184363649,18.35635791095001,,,,,,,,2212.22820154744,2193.87184363649
IND-001300,Rajanna Sircilla,Telangana,2021,,True,NEW,2,2021,2025,1808.3283776209553,1790.2006229066897,18.12775471426562,,,,,,,,1790.2006229066897,1808.3283776209553
IND-001301,Ranga Reddy,Telangana,2021,,True,NEW,2,2021,2025,4996.6521624171155,4996.185161930081,0.4670004870340563,,,,,,,,4996.185161930081,4996.6521624171155
IND-001302,Sangareddy,Telangana,2021,,True,NEW,2,2021,2025,4451.919448468208,4437.188370874527,14.73107759368122,,,,,,,,4437.188370874527,4451.919448468208
IND-001303,Siddipet,Telangana,2021,,True,NEW,2,2021,2025,3706.3561748678753,3626.567979082939,79.7881957849363,,,,,,,,3626.567979082939,3706.3561748678753
IND-001304,Suryapet,Telangana,2021,,True,NEW,2,2021,2025,3594.1064480475034,3594.035539385791,0.07090866171256494,,,,,,,,3594.035539385791,3594.1064480475034
IND-001305,Vikarabad,Telangana,2021,,True,NEW,2,2021,2025,3704.1901016962415,3620.0380748814237,84.15202681481787,,,,,,,,3620.0380748814237,3704.1901016962415
IND-001306,Wanaparthy,Telangana,2021,,True,NEW,2,2021,2025,2179.8599240037775,2171.8003701551897,8.059553848587711,,,,,,,,2171.8003701551897,2179.8599240037775
IND-001365,Warangal (Urban),Telangana,2025,,True,NEW,1,2025,2025,1164.0796496379035,1164.0796496379035,0.0,,,,,,,,,1164.0796496379035
IND-001307,Warangal Rural,Telangana,2021,,True,NEW,2,2021,2025,2235.7342508825614,2085.2547300917554,150.47952079080596,,,,,,,,2085.2547300917554,2235.7342508825614
IND-001308,Warangal Urban,Telangana,2021,2025.0,False,NEW,1,2021,2021,1299.46337040526,1299.46337040526,0.0,,,,,,,,1299.46337040526,
IND-001309,Yadadri Bhuvanagiri,Telangana,2021,,True,NEW,2,2021,2025,3260.815212580919,3228.7258404544336,32.08937212648516,,,,,,,,3260.815212580919,3228.7258404544336
IND-000099,Kottayam,Travancore - Cochin,1951,1961.0,False,ANCHOR,1,1951,1951,7285.51503842759,7285.51503842759,0.0,7285.51503842759,,,,,,,,
IND-000098,Quilon,Travancore - Cochin,1951,1961.0,False,ANCHOR,1,1951,1951,7230.064395931892,7230.064395931892,0.0,7230.064395931892,,,,,,,,
IND-000100,Trichur,Travancore - Cochin,1951,1961.0,False,ANCHOR,1,1951,1951,7415.923673119696,7415.923673119696,0.0,7415.923673119696,,,,,,,,
IND-000097,Trivandrum,Travancore - Cochin,1951,1961.0,False,ANCHOR,1,1951,1951,3899.787638417159,3899.787638417159,0.0,3899.787638417159,,,,,,,,
IND-000794,Dhalai,Tripura,2001,,True,NEW,4,2001,2025,2367.6966243262973,2257.4150676898307,110.28155663646658,,,,,,2367.6966243262973,2281.1388299965683,2257.4150676898307,2279.356805491249
IND-001179,Gomati,Tripura,2021,,True,NEW,2,2021,2025,1618.6298878231025,1614.6735518672574,3.956335955845134,,,,,,,,1614.6735518672574,1618.6298878231025
IND-001180,Khowai,Tripura,2021,,True,NEW,2,2021,2025,1051.7303635986118,1001.7639686359598,49.966394962651975,,,,,,,,1001.7639686359598,1051.7303635986118
IND-000422,North Tripura,Tripura,1971,1981.0,False,NEW,1,1971,1971,4316.269914408081,4316.269914408081,0.0,,,4316.269914408081,,,,,,
IND-000501,North Tripura,Tripura,1981,1991.0,False,NEW,1,1981,1981,4369.300980739513,4369.300980739513,0.0,,,,4369.300980739513,,,,,
IND-000795,North Tripura,Tripura,2001,2021.0,False,NEW,2,2001,2011,2066.4342715315315,2001.5781485109994,64.8561230205321,,,,,,2001.5781485109994,2066.4342715315315,,
IND-001177,North Tripura,Tripura,2021,,True,NEW,2,2021,2025,1359.0822288402549,1345.249001335814,13.833227504440856,,,,,,,,1359.0822288402549,1345.249001335814
IND-000636,North_Tripura,Tripura,1991,2001.0,False,NEW,1,1991,1991,3857.459486102932,3857.459486102932,0.0,,,,,3857.459486102932,,,,
IND-001178,Sipahijala,Tripura,2021,,True,NEW,2,2021,2025,1059.155604863169,1041.76949839334,17.386106469828974,,,,,,,,1041.76949839334,1059.155604863169
IND-000423,South Tripura,Tripura,1971,1981.0,False,NEW,1,1971,1971,3510.422656748302,3510.422656748302,0.0,,,3510.422656748302,,,,,,
IND-000502,South Tripura,Tripura,1981,1991.0,False,NEW,1,1981,1981,2998.8555230425395,2998.8555230425395,0.0,,,,2998.8555230425395,,,,,
IND-000793,South Tripura,Tripura,2001,2021.0,False,NEW,2,2001,2011,3118.948320105907,2998.893684731997,120.05463537391006,,,,,,2998.893684731997,3118.948320105907,,
IND-001182,South Tripura,Tripura,2021,,True,NEW,2,2021,2025,1501.351600541309,1461.5945093716673,39.757091169641626,,,,,,,,1501.351600541309,1461.5945093716673
IND-000637,South_Tripura,Tripura,1991,2001.0,False,NEW,1,1991,1991,3510.475434282283,3510.475434282283,0.0,,,,,3510.475434282283,,,,
IND-000131,Tripura,Tripura,1951,1971.0,False,ANCHOR,2,1951,1961,10370.715090609212,10370.715090609212,0.0,10370.715090609212,10370.715090609212,,,,,,,
IND-001183,Unokoti,Tripura,2021,,True,NEW,2,2021,2025,689.3112536294814,685.1349019421092,4.1763516873721755,,,,,,,,685.1349019421092,689.3112536294814
IND-000421,West Tripura,Tripura,1971,1981.0,False,NEW,1,1971,1971,2543.8778379435203,2543.8778379435203,0.0,,,2543.8778379435203,,,,,,
IND-000500,West Tripura,Tripura,1981,2021.0,False,NEW,4,1981,2011,3002.648622452899,2972.6680226576245,29.98059979527443,,,,3002.5519865099004,3002.648622452899,3002.648622452899,2972.6680226576245,,
IND-001181,West Tripura,Tripura,2021,,True,NEW,2,2021,2025,943.084433056608,940.9129263079036,2.17150674870436,,,,,,,,940.9129263079036,943.084433056608
IND-000258,Agra,Uttar Pradesh,1951,,True,ANCHOR,9,1951,2025,4057.410649074959,3990.066000223974,67.34464885098532,4057.410649074959,4057.410649074959,4057.410649074959,4057.357551424042,4057.3921740012465,4057.3921740012465,3990.066000223974,4046.5533808469686,4047.8080020673956
IND-000256,Aligarh,Uttar Pradesh,1951,2001.0,False,ANCHOR,5,1951,1991,5534.211547173488,5070.022346895715,464.1892002777731,5070.063494588544,5070.063494588544,5070.063494588544,5534.211547173488,5070.022346895715,,,,
IND-000731,Aligarh,Uttar Pradesh,2001,,True,NEW,4,2001,2025,3728.0100685875755,3654.644094922307,73.36597366526848,,,,,,3728.0100685875755,3654.644094922307,3711.3091384980635,3712.1554997581648
IND-000271,Allahabad,Uttar Pradesh,1951,1971.0,False,ANCHOR,2,1951,1961,6590.635267464036,6590.635267464036,0.0,6590.635267464036,6590.635267464036,,,,,,,
IND-000426,Allahabad,Uttar Pradesh,1971,2001.0,False,NEW,3,1971,1991,7350.952351914067,7350.929212407389,0.023139506677580357,,,7350.929328230314,7350.929212407389,7350.952351914067,,,,
IND-000745,Allahabad,Uttar Pradesh,2001,,True,NEW,4,2001,2025,5559.474845290087,5417.055962329239,142.41888296084744,,,,,,5559.474845290087,5417.055962329239,5473.824326914302,5473.565820890213
IND-000286,Almora,Uttar Pradesh,1951,1961.0,False,ANCHOR,1,1951,1951,13998.047041010894,13998.047041010894,0.0,13998.047041010894,,,,,,,,
IND-000504,Almora,Uttar Pradesh,1981,2001.0,False,NEW,2,1981,1991,5299.6378753588515,5299.612167928947,0.025707429904286982,,,,5299.6378753588515,5299.612167928947,,,,
IND-000361,Almorah,Uttar Pradesh,1961,1981.0,False,NEW,2,1961,1971,7102.51429079948,7102.51429079948,0.0,,7102.51429079948,7102.51429079948,,,,,,
IND-000748,Ambedkar Nagar,Uttar Pradesh,2001,,True,NEW,4,2001,2025,2395.598020044829,2299.2433454769985,96.35467456783044,,,,,,2395.598020044829,2299.2433454769985,2328.481715230599,2328.2017690975276
IND-001127,Amethi,Uttar Pradesh,2021,2025.0,False,NEW,1,2021,2021,3314.378847191413,3314.378847191413,0.0,,,,,,,,3314.378847191413,
IND-001318,Amethi,Uttar Pradesh,2025,,True,NEW,1,2025,2025,2425.6964880956416,2425.6964880956416,0.0,,,,,,,,,2425.6964880956416
IND-001319,Amroha,Uttar Pradesh,2025,,True,NEW,1,2025,2025,2457.580380794445,2457.580380794445,0.0,,,,,,,,,2457.580380794445
IND-000737,Auraiya,Uttar Pradesh,2001,,True,NEW,4,2001,2025,2018.3435888960944,1981.4918555191523,36.85173337694209,,,,,,2007.7614562042734,1981.4918555191523,2018.0682413434945,2018.3435888960944
IND-000284,Azamgarh,Uttar Pradesh,1951,1991.0,False,ANCHOR,4,1951,1981,5907.995314673992,5907.995314673992,0.0,5907.995314673992,5907.995314673992,5907.995314673992,5907.995314673992,,,,,
IND-000757,Azamgarh,Uttar Pradesh,2001,,True,NEW,4,2001,2025,4278.329406843155,4214.7002560274495,63.62915081570554,,,,,,4246.009149036324,4278.329406843155,4214.7002560274495,4214.803642057122
IND-000727,Baghpat,Uttar Pradesh,2001,,True,NEW,4,2001,2025,1335.9942296332545,1297.1834489201158,38.81078071313868,,,,,,1335.9942296332545,1297.1834489201158,1322.8051402070917,1322.7298595055033
IND-000296,Bahraich,Uttar Pradesh,1951,2001.0,False,ANCHOR,5,1951,1991,6944.88348491574,6944.86733780256,0.016147113180522865,6944.88348491574,6944.88348491574,6944.88348491574,6944.88348491574,6944.86733780256,,,,
IND-000749,Bahraich,Uttar Pradesh,2001,2011.0,False,NEW,1,2001,2001,4110.08760368676,4110.08760368676,0.0,,,,,,4110.08760368676,,,
IND-000985,Bahraich,Uttar Pradesh,2011,,True,NEW,3,2011,2025,4948.014728538301,4850.301999479249,97.71272905905153,,,,,,,4850.301999479249,4948.014728538301,4947.533457975019
IND-000280,Balia,Uttar Pradesh,1951,,True,ANCHOR,9,1951,2025,3027.0748760910305,2931.1870220234387,95.88785406759189,3027.0730344985823,3027.0730344985823,3027.0730344985823,3027.0732785156765,3027.0748760910305,3027.0748760910305,2931.1870220234387,2992.3789959938676,2990.5318745467625
IND-000751,Balrampur,Uttar Pradesh,2001,,True,NEW,4,2001,2025,3417.403362851812,3267.79300304653,149.61035980528186,,,,,,3417.403362851812,3267.79300304653,3345.013577586581,3342.590956143778
IND-000276,Banaras,Uttar Pradesh,1951,1961.0,False,ANCHOR,1,1951,1951,4579.659838097093,4579.659838097093,0.0,4579.659838097093,,,,,,,,
IND-000275,Banda,Uttar Pradesh,1951,2001.0,False,ANCHOR,5,1951,1991,7696.733521655043,7696.634790293477,0.09873136156602413,7696.733377466049,7696.733377466049,7696.733377466049,7696.733521655043,7696.634790293477,,,,
IND-000742,Banda,Uttar Pradesh,2001,,True,NEW,4,2001,2025,4452.698616137267,4308.222819114898,144.47579702236908,,,,,,4438.674427992081,4308.222819114898,4452.698616137267,4452.65766777964
IND-000299,Barabanki,Uttar Pradesh,1951,2001.0,False,ANCHOR,5,1951,1991,4491.685535044133,4491.675058900336,0.010476143796950055,4491.685535044133,4491.685535044133,4491.685535044133,4491.685535044133,4491.675058900336,,,,
IND-000746,Barabanki,Uttar Pradesh,2001,,True,NEW,4,2001,2025,3942.4530733129677,3833.0487875994186,109.40428571354914,,,,,,3833.0487875994186,3942.4530733129677,3845.412434078318,3845.493584979899
IND-000261,Bareilly,Uttar Pradesh,1951,,True,ANCHOR,9,1951,2025,4132.433041940411,4089.763152595746,42.669889344665535,4089.7642509102398,4089.7642509102398,4089.7642509102398,4089.7634272777723,4089.763152595746,4089.763152595746,4132.433041940411,4121.492010611063,4120.415702990969
IND-000283,Basti,Uttar Pradesh,1951,1991.0,False,ANCHOR,4,1951,1981,7166.278863627633,7166.278752433238,0.00011119439477624837,7166.278752433238,7166.278752433238,7166.278752433238,7166.278863627633,,,,,
IND-000753,Basti,Uttar Pradesh,2001,,True,NEW,4,2001,2025,2926.992417739572,2785.135957861249,141.85645987832277,,,,,,2791.136396990393,2926.992417739572,2785.135957861249,2785.414275907963
IND-000262,Bijnor,Uttar Pradesh,1951,,True,ANCHOR,9,1951,2025,4602.892446365794,4567.602143749042,35.29030261675234,4567.602454213359,4567.602454213359,4567.602454213359,4567.602143749042,4567.663203271266,4567.663203271266,4592.695193177297,4602.765198659622,4602.892446365794
IND-000263,Budaun,Uttar Pradesh,1951,2021.0,False,ANCHOR,7,1951,2011,5194.168485884748,5159.858310548885,34.31017533586328,5159.897374553542,5159.897374553542,5159.897374553542,5159.897414149992,5159.858310548885,5159.858310548885,5194.168485884748,,
IND-001124,Budaun,Uttar Pradesh,2021,,True,NEW,2,2021,2025,4255.802215631262,4255.424929652541,0.3772859787204652,,,,,,,,4255.802215631262,4255.424929652541
IND-000730,Bulandshahar,Uttar Pradesh,2001,,True,NEW,4,2001,2025,3685.739309971664,3514.1200680824077,171.6192418892565,,,,,,3514.1200680824077,3685.739309971664,3521.384728275852,3518.129971033706
IND-000255,Bulandshahr,Uttar Pradesh,1951,2001.0,False,ANCHOR,5,1951,1991,4904.261601182354,4439.393649822473,464.86795135988086,4904.261601182354,4904.261601182354,4904.261601182354,4439.393649822473,4439.427884203284,,,,
IND-000357,Chamoli,Uttar Pradesh,1961,2001.0,False,NEW,4,1961,1991,8849.654718555492,8849.644755349596,0.009963205895473948,,8849.654718555492,8849.654718555492,8849.654718555492,8849.644755349596,,,,
IND-000759,Chandauli,Uttar Pradesh,2001,,True,NEW,4,2001,2025,2562.406365437229,2522.1916093049585,40.214756132270395,,,,,,2562.406365437229,2522.1916093049585,2549.5734751010364,2549.320540234735
IND-000743,Chitrakoot,Uttar Pradesh,2001,,True,NEW,4,2001,2025,3257.9401681134086,3192.2095991783262,65.73056893508237,,,,,,3257.9401681134086,3230.315395113711,3192.2095991783262,3192.38086121612
IND-000251,Dehradun,Uttar Pradesh,1951,,True,ANCHOR,9,1951,2025,3162.638113456437,3075.1073627193928,87.5307507370444,3075.1535623000746,3075.1535623000746,3075.1535623000746,3075.1528072371707,3075.1073627193928,3075.1073627193928,3162.638113456437,3099.660207577864,3099.5895835032093
IND-000282,Deoria,Uttar Pradesh,1951,2001.0,False,ANCHOR,5,1951,1991,5360.64207107737,5360.606689055379,0.035382021990699286,5360.641944006159,5360.641944006159,5360.641944006159,5360.64207107737,5360.606689055379,,,,
IND-000756,Deoria,Uttar Pradesh,2001,,True,NEW,4,2001,2025,2536.9871350957774,2511.663228802736,25.323906293041546,,,,,,2511.663228802736,2522.9318078673964,2535.985598949676,2536.9871350957774
IND-000260,Etah,Uttar Pradesh,1951,2011.0,False,ANCHOR,6,1951,2001,4363.395766419486,4363.360813344221,0.034953075264638755,4363.395766419486,4363.395766419486,4363.395766419486,4363.376304579414,4363.360813344221,4363.360813344221,,,
IND-000987,Etah,Uttar Pradesh,2011,,True,NEW,3,2011,2025,2515.5208345030555,2423.2308870910065,92.28994741204906,,,,,,,2515.5208345030555,2423.297301164993,2423.2308870910065
IND-000268,Etawah,Uttar Pradesh,1951,2001.0,False,ANCHOR,5,1951,1991,4330.027933819654,4329.993636281926,0.03429753772797994,4329.99365304492,4329.99365304492,4329.99365304492,4329.993636281926,4330.027933819654,,,,
IND-000736,Etawah,Uttar Pradesh,2001,,True,NEW,4,2001,2025,2338.5827830491644,2322.3741065796708,16.20867646949364,,,,,,2322.3741065796708,2338.5827830491644,2326.9315906835222,2326.0832506213073
IND-000294,Faizabad,Uttar Pradesh,1951,2001.0,False,ANCHOR,5,1951,1991,4398.140041931444,4398.121714805266,0.018327126178519393,4398.140041931444,4398.140041931444,4398.140041931444,4398.140041931444,4398.121714805266,,,,
IND-000747,Faizabad,Uttar Pradesh,2001,,True,NEW,4,2001,2025,2688.9513842148817,2594.772542491574,94.17884172330787,,,,,,2661.0928395157175,2594.772542491574,2688.9513842148817,2688.7442115349872
IND-000267,Farrukhabad,Uttar Pradesh,1951,2001.0,False,ANCHOR,5,1951,1991,4295.562503312894,4295.506897566616,0.055605746277251455,4295.506897566616,4295.506897566616,4295.506897566616,4295.5078913073485,4295.562503312894,,,,
IND-000734,Farrukhabad,Uttar Pradesh,2001,,True,NEW,4,2001,2025,2197.2568256049963,2180.7095369985295,16.547288606466736,,,,,,2183.1226456952536,2197.2568256049963,2180.7095369985295,2181.0239508243367
IND-000270,Fatehpur,Uttar Pradesh,1951,,True,ANCHOR,9,1951,2025,4210.888479165329,4144.46654073609,66.42193842923916,4144.4690207722915,4144.4690207722915,4144.4690207722915,4144.4690207722915,4144.46654073609,4144.46654073609,4210.888479165329,4169.19836811621,4169.190996860394
IND-000287,Garhwal,Uttar Pradesh,1951,1961.0,False,ANCHOR,1,1951,1951,14238.56924250547,14238.56924250547,0.0,14238.56924250547,,,,,,,,
IND-000729,Gautam Buddha Nagar,Uttar Pradesh,2001,2011.0,False,NEW,1,2001,2001,1390.1559204402058,1390.1559204402058,0.0,,,,,,1390.1559204402058,,,
IND-000984,Gautam Buddha Nagar,Uttar Pradesh,2011,2021.0,False,NEW,1,2011,2011,1216.5630111609355,1216.5630111609355,0.0,,,,,,,1216.5630111609355,,
IND-001123,Gautam Buddha Nagar,Uttar Pradesh,2021,,True,NEW,2,2021,2025,1413.9874006123803,1413.9774345695616,0.009966042818632559,,,,,,,,1413.9774345695616,1413.9874006123803
IND-000506,Ghaziabad,Uttar Pradesh,1981,2001.0,False,NEW,2,1981,1991,2504.6456811336257,2504.6186892096807,0.02699192394493366,,,,2504.6186892096807,2504.6456811336257,,,,
IND-000728,Ghaziabad,Uttar Pradesh,2001,2021.0,False,NEW,2,2001,2011,2039.7691131676895,1993.079314068304,46.68979909938548,,,,,,2039.7691131676895,1993.079314068304,,
IND-001128,Ghaziabad,Uttar Pradesh,2021,,True,NEW,2,2021,2025,911.3936908365682,911.2614170788663,0.13227375770190974,,,,,,,,911.2614170788663,911.3936908365682
IND-000279,Ghazipur,Uttar Pradesh,1951,,True,ANCHOR,9,1951,2025,3380.4682774496114,3358.4492818883577,22.018995561253632,3372.6956731477035,3372.6956731477035,3372.6956731477035,3372.6956731477035,3372.68405714486,3372.68405714486,3358.4492818883577,3380.4682774496114,3380.3739306964726
IND-000295,Gonda,Uttar Pradesh,1951,2001.0,False,ANCHOR,5,1951,1991,7367.916524279782,7367.872464736304,0.04405954347748775,7367.916524279782,7367.916524279782,7367.916524279782,7367.916413085386,7367.872464736304,,,,
IND-000752,Gonda,Uttar Pradesh,2001,,True,NEW,4,2001,2025,4029.178186842817,3950.46515896033,78.71302788248704,,,,,,3950.46515896033,4029.178186842817,3981.3438061028533,3981.2307842141704
IND-000281,Gorakhpur,Uttar Pradesh,1951,1991.0,False,ANCHOR,4,1951,1981,6338.286298699773,6338.285860255201,0.0004384445719551877,6338.285860255201,6338.285860255201,6338.285860255201,6338.286298699773,,,,,
IND-000274,Hamirpur,Uttar Pradesh,1951,2001.0,False,ANCHOR,5,1951,1991,7096.567706009794,7096.521218080339,0.046487929454997357,7096.521218080339,7096.521218080339,7096.521218080339,7096.521218080339,7096.567706009794,,,,
IND-000740,Hamirpur,Uttar Pradesh,2001,,True,NEW,4,2001,2025,4024.602854842154,3895.492976843917,129.10987799823715,,,,,,3924.56785477937,4024.602854842154,3895.7760494532754,3895.492976843917
IND-001122,Hapur,Uttar Pradesh,2021,,True,NEW,2,2021,2025,1117.0984910776401,1117.0411678872474,0.05732319039270806,,,,,,,,1117.0984910776401,1117.0411678872474
IND-000292,Hardoi,Uttar Pradesh,1951,,True,ANCHOR,9,1951,2025,5988.610265597086,5951.161698243892,37.44856735319445,5954.563712615124,5954.563712615124,5954.563712615124,5954.562850614368,5954.542688671025,5954.542688671025,5951.161698243892,5988.610265597086,5987.803108066903
IND-000732,Hathras,Uttar Pradesh,2001,,True,NEW,4,2001,2025,1806.2002803693376,1755.5629509484515,50.63732942088609,,,,,,1806.2002803693376,1755.5629509484515,1782.2480832753895,1782.2660374249326
IND-000273,Jalaun,Uttar Pradesh,1951,,True,ANCHOR,9,1951,2025,4605.27770120596,4557.825989442063,47.45171176389704,4557.855135805642,4557.855135805642,4557.855135805642,4557.855135805642,4557.825989442063,4557.825989442063,4605.27770120596,4564.0105846943225,4563.897705604376
IND-000278,Jaunpur,Uttar Pradesh,1951,,True,ANCHOR,9,1951,2025,4034.368743066369,3998.0372710172032,36.33147204916577,4031.021296133212,4031.021296133212,4031.021296133212,4031.0212826080374,4031.0378361402772,4031.0378361402772,3998.0372710172032,4034.368743066369,4034.157555580594
IND-000272,Jhansi,Uttar Pradesh,1951,1981.0,False,ANCHOR,3,1951,1971,10063.1645196411,10063.1645196411,0.0,10063.1645196411,10063.1645196411,10063.1645196411,,,,,,
IND-000508,Jhansi,Uttar Pradesh,1981,,True,NEW,6,1981,2025,5044.616634923845,4953.359426647443,91.2572082764018,,,,5026.761844756572,5026.74205310069,5026.74205310069,4953.359426647443,5044.616634923845,5023.06102187015
IND-000725,Jyotiba Phule Nagar,Uttar Pradesh,2001,2025.0,False,NEW,3,2001,2021,2190.758864965997,2160.4508246711644,30.308040294832608,,,,,,2190.758864965997,2175.905558911159,2160.4508246711644,
IND-000735,Kannauj,Uttar Pradesh,2001,,True,NEW,4,2001,2025,2112.3805493247055,2090.0919159898644,22.28863333484105,,,,,,2112.3805493247055,2097.0890527902197,2090.1697698023586,2090.0919159898644
IND-000269,Kanpur,Uttar Pradesh,1951,1991.0,False,ANCHOR,4,1951,1981,6176.028245495687,6176.028223503255,2.1992432266415562e-05,6176.028245495687,6176.028245495687,6176.028245495687,6176.028223503255,,,,,
IND-000738,Kanpur Dehat,Uttar Pradesh,2001,,True,NEW,4,2001,2025,3203.0736181561297,3157.346795831554,45.72682232457555,,,,,,3176.5928066297915,3203.0736181561297,3157.531586719451,3157.346795831554
IND-000739,Kanpur Nagar,Uttar Pradesh,2001,,True,NEW,4,2001,2025,2999.31445995744,2984.0120348612218,15.30242509621803,,,,,,2999.31445995744,2984.0120348612218,2999.2436474638025,2999.0433462418036
IND-000988,Kanshiram Nagar,Uttar Pradesh,2011,,True,NEW,3,2011,2025,1958.9606783018164,1942.4112554220758,16.549422879740632,,,,,,,1942.4112554220758,1958.7488260367381,1958.9606783018164
IND-000744,Kaushambi,Uttar Pradesh,2001,,True,NEW,4,2001,2025,1795.6963362933222,1789.8094650185444,5.886871274777832,,,,,,1791.370493165363,1795.6963362933222,1789.889349153419,1789.8094650185444
IND-000293,Kheri,Uttar Pradesh,1951,,True,ANCHOR,9,1951,2025,7701.401745716146,7625.691167437892,75.71057827825462,7701.401745716146,7701.401745716146,7701.401745716146,7701.401745716146,7701.364361859086,7701.364361859086,7625.691167437892,7688.614340806791,7689.415940922927
IND-000755,Kushinagar,Uttar Pradesh,2001,,True,NEW,4,2001,2025,2908.0467742214314,2848.8975527791185,59.149221442312864,,,,,,2848.8975527791185,2908.0467742214314,2875.41141861753,2875.1748309683962
IND-000509,Lalitpur,Uttar Pradesh,1981,,True,NEW,6,1981,2025,5045.427592396927,4930.029449866585,115.39814253034183,,,,5036.455777449617,5036.48156019621,5036.48156019621,4930.029449866585,5045.427592396927,5044.462202189519
IND-000288,Lucknow,Uttar Pradesh,1951,,True,ANCHOR,9,1951,2025,2530.084390228281,2514.6081701165745,15.476220111706425,2526.1644456911795,2526.1644456911795,2526.1644456911795,2526.1644456911795,2526.187653474399,2526.187653474399,2514.6081701165745,2530.05815334635,2530.084390228281
IND-000741,Mahoba,Uttar Pradesh,2001,,True,NEW,4,2001,2025,3270.1216325633436,3078.188395434122,191.93323712922165,,,,,,3171.894576142459,3078.188395434122,3270.1216325633436,3267.486197631596
IND-000259,Mainpuri,Uttar Pradesh,1951,1991.0,False,ANCHOR,4,1951,1981,5188.418486408459,5188.399191195466,0.01929521299280168,5188.399191195466,5188.399191195466,5188.399191195466,5188.418486408459,,,,,
IND-000257,Mathura,Uttar Pradesh,1951,1981.0,False,ANCHOR,3,1951,1971,3756.016299786361,3756.016299786361,0.0,3756.016299786361,3756.016299786361,3756.016299786361,,,,,,
IND-000507,Mathura,Uttar Pradesh,1981,1991.0,False,NEW,1,1981,1981,3291.9209226645203,3291.9209226645203,0.0,,,,3291.9209226645203,,,,,
IND-000733,Mathura,Uttar Pradesh,2001,,True,NEW,4,2001,2025,3351.161557783689,3291.953310316646,59.20824746704329,,,,,,3291.953310316646,3351.161557783689,3342.095944807499,3341.501568443569
IND-000758,Mau,Uttar Pradesh,2001,,True,NEW,4,2001,2025,1735.4480436172519,1655.6043141509624,79.84372946628946,,,,,,1661.9783483278488,1655.6043141509624,1735.3624335919928,1735.4480436172519
IND-000254,Meerut,Uttar Pradesh,1951,1981.0,False,ANCHOR,3,1951,1971,5973.172198485822,5973.172198485822,0.0,5973.172198485822,5973.172198485822,5973.172198485822,,,,,,
IND-000505,Meerut,Uttar Pradesh,1981,2001.0,False,NEW,2,1981,1991,3933.4866543045064,3933.466175549465,0.020478755041494878,,,,3933.466175549465,3933.4866543045064,,,,
IND-000726,Meerut,Uttar Pradesh,2001,,True,NEW,4,2001,2025,2597.438268203727,2542.6343397513665,54.80392845236065,,,,,,2597.438268203727,2542.6343397513665,2593.2515827342804,2593.2140287821135
IND-000277,Mirzapur,Uttar Pradesh,1951,1991.0,False,ANCHOR,4,1951,1981,12561.993180864385,11320.216997219297,1241.7761836450882,12561.993180864385,11320.216997219297,11320.216997219297,11320.216997219297,,,,,
IND-000264,Moradabad,Uttar Pradesh,1951,2001.0,False,ANCHOR,5,1951,1991,5953.982249721029,5953.943521594346,0.03872812668305414,5953.981751645002,5953.981751645002,5953.981751645002,5953.982249721029,5953.943521594346,,,,
IND-000723,Moradabad,Uttar Pradesh,2001,2021.0,False,NEW,2,2001,2011,3763.1444932965783,3678.736464067826,84.40802922875218,,,,,,3763.1444932965783,3678.736464067826,,
IND-001131,Moradabad,Uttar Pradesh,2021,2025.0,False,NEW,1,2021,2021,2239.781973931182,2239.781973931182,0.0,,,,,,,,2239.781973931182,
IND-001336,Moradabad,Uttar Pradesh,2025,,True,NEW,1,2025,2025,1948.740426409263,1948.740426409263,0.0,,,,,,,,,1948.740426409263
IND-000253,Muzaffarnagar,Uttar Pradesh,1951,2021.0,False,ANCHOR,7,1951,2011,4062.3504984065244,4056.223428929055,6.127069477469377,4062.324417779276,4062.324417779276,4062.324417779276,4062.34418314816,4062.3504984065244,4062.3504984065244,4056.223428929055,,
IND-001130,Muzaffarnagar,Uttar Pradesh,2021,,True,NEW,2,2021,2025,2738.807066265402,2738.7194025314893,0.08766373391290472,,,,,,,,2738.807066265402,2738.7194025314893
IND-000285,Nainital,Uttar Pradesh,1951,2001.0,False,ANCHOR,5,1951,1991,6654.122360154444,6654.098504609964,0.023855544480284152,6654.09937455761,6654.09937455761,6654.09937455761,6654.098504609964,6654.122360154444,,,,
IND-000360,Pauri_Garhwal,Uttar Pradesh,1961,,True,NEW,8,1961,2025,5388.8353188869705,5280.341175182959,108.49414370401155,,5388.8353188869705,5388.8353188869705,5388.8353188869705,5388.82648879133,5388.82648879133,5293.719302937719,5280.341175182959,5280.355541413801
IND-000266,Pilibhit,Uttar Pradesh,1951,,True,ANCHOR,9,1951,2025,3763.8880829330496,3755.7496004074105,8.13848252563912,3761.37969293527,3761.37969293527,3761.37969293527,3761.3797308869252,3761.3979912302702,3761.3979912302702,3755.7496004074105,3761.4947190856533,3763.8880829330496
IND-000358,Pithoragarh,Uttar Pradesh,1961,1981.0,False,NEW,2,1961,1971,6895.5670688749815,6895.5670688749815,0.0,,6895.5670688749815,6895.5670688749815,,,,,,
IND-000503,Pithoragarh,Uttar Pradesh,1981,2001.0,False,NEW,2,1981,1991,8698.471603834234,8698.43645243538,0.03515139885348617,,,,8698.43645243538,8698.471603834234,,,,
IND-000298,Pratapgarh,Uttar Pradesh,1951,,True,ANCHOR,9,1951,2025,3729.868968074211,3705.2923631792974,24.576604894913544,3705.2923631792974,3705.2923631792974,3705.2923631792974,3705.2923631792974,3705.3183663664663,3705.3183663664663,3729.868968074211,3711.873372859627,3712.0114346855053
IND-001126,Rae Bareli,Uttar Pradesh,2021,2025.0,False,NEW,1,2021,2021,3262.671381763787,3262.671381763787,0.0,,,,,,,,3262.671381763787,
IND-000290,Raebareli,Uttar Pradesh,1951,2021.0,False,ANCHOR,7,1951,2011,4583.952632944798,4561.5679445679025,22.38468837689561,4561.607560740506,4561.607560740506,4561.607560740506,4561.607560740506,4561.5679445679025,4561.5679445679025,4583.952632944798,,
IND-001340,Raibeareli,Uttar Pradesh,2025,,True,NEW,1,2025,2025,3930.009533974872,3930.009533974872,0.0,,,,,,,,,3930.009533974872
IND-000301,Rampur,Uttar Pradesh,1951,2001.0,False,ANCHOR,5,1951,1991,2387.2634512427253,2387.2531224615186,0.010328781206681015,2387.2534113402653,2387.2534113402653,2387.2534113402653,2387.2531224615186,2387.2634512427253,,,,
IND-000724,Rampur,Uttar Pradesh,2001,2011.0,False,NEW,1,2001,2001,2711.881584571711,2711.881584571711,0.0,,,,,,2711.881584571711,,,
IND-000983,Rampur,Uttar Pradesh,2011,,True,NEW,3,2011,2025,2417.7349295733106,2366.168646863424,51.566282709886764,,,,,,,2417.7349295733106,2366.3620587614855,2366.168646863424
IND-000252,Saharanpur,Uttar Pradesh,1951,1991.0,False,ANCHOR,4,1951,1981,6048.493757967509,6048.474155701494,0.019602266014771885,6048.493757967509,6048.493757967509,6048.493757967509,6048.474155701494,,,,,
IND-001129,Sambhal,Uttar Pradesh,2021,,True,NEW,2,2021,2025,2431.887269939046,2428.17316229441,3.7141076446359875,,,,,,,,2431.887269939046,2428.17316229441
IND-000754,Sant Kabir Nagar,Uttar Pradesh,2001,,True,NEW,4,2001,2025,1644.1651228092765,1594.862172828602,49.302949980674384,,,,,,1594.862172828602,1644.1651228092765,1641.7193354933697,1641.6681980825629
IND-000761,Sant Ravidas Nagar,Uttar Pradesh,2001,,True,NEW,4,2001,2025,1015.0074802378937,978.6539282858423,36.35355195205136,,,,,,978.6539282858423,998.3961518245183,1014.8751356190454,1015.0074802378937
IND-000265,Shahjahanpur,Uttar Pradesh,1951,,True,ANCHOR,9,1951,2025,4345.944100688546,4315.413089316389,30.53101137215708,4345.943625297253,4345.943625297253,4345.943625297253,4345.944100688546,4345.881018803932,4345.881018803932,4336.165593428726,4315.611524749679,4315.413089316389
IND-001132,Shamli,Uttar Pradesh,2021,,True,NEW,2,2021,2025,1263.9358676228933,1263.7391461814034,0.196721441489899,,,,,,,,1263.9358676228933,1263.7391461814034
IND-000750,Shrawasti,Uttar Pradesh,2001,2011.0,False,NEW,1,2001,2001,2510.098126074819,2510.098126074819,0.0,,,,,,2510.098126074819,,,
IND-000986,Shrawasti,Uttar Pradesh,2011,,True,NEW,3,2011,2025,1953.7018687882537,1930.1039981092013,23.59787067905245,,,,,,,1953.7018687882537,1930.1039981092013,1931.1422314185468
IND-000291,Sitapur,Uttar Pradesh,1951,,True,ANCHOR,9,1951,2025,5793.7016394578295,5739.835000016067,53.866639441762345,5793.660095022661,5793.660095022661,5793.660095022661,5793.660095022661,5793.7016394578295,5793.7016394578295,5758.948581253569,5739.835000016067,5740.21999510713
IND-000297,Sultanpur,Uttar Pradesh,1951,2021.0,False,ANCHOR,7,1951,2011,4480.145685081312,4466.126340628052,14.019344453259691,4466.155426333173,4466.155426333173,4466.155426333173,4466.155426333173,4466.126340628052,4466.126340628052,4480.145685081312,,
IND-001125,Sultanpur,Uttar Pradesh,2021,,True,NEW,2,2021,2025,2674.5255837555987,2453.035007903446,221.4905758521527,,,,,,,,2453.035007903446,2674.5255837555987
IND-000300,Tehri Garhwal,Uttar Pradesh,1951,1961.0,False,ANCHOR,1,1951,1951,12782.52102566644,12782.52102566644,0.0,12782.52102566644,,,,,,,,
IND-000359,Tehri_Garhwal,Uttar Pradesh,1961,2001.0,False,NEW,4,1961,1991,4747.825549789025,4747.80915974351,0.016390045515436213,,4747.80915974351,4747.80915974351,4747.809197636681,4747.825549789025,,,,
IND-000289,Unnao,Uttar Pradesh,1951,,True,ANCHOR,9,1951,2025,4568.8918068394405,4557.902263678612,10.989543160828362,4567.542053775359,4567.542053775359,4567.542053775359,4567.542156495009,4567.513980587774,4567.513980587774,4557.902263678612,4568.627101620529,4568.8918068394405
IND-000356,Uttar Kashi,Uttar Pradesh,1961,,True,NEW,8,1961,2025,8034.899061941825,7982.534555180965,52.36450676085951,,8034.842068633491,8034.842068633491,8034.84382103823,8034.899061941825,8034.899061941825,7990.079094315823,8009.990805370855,7982.534555180965
IND-000362,Varanasi,Uttar Pradesh,1961,1971.0,False,NEW,1,1961,1961,5821.4146806682575,5821.4146806682575,0.0,,5821.4146806682575,,,,,,,
IND-000427,Varanasi,Uttar Pradesh,1971,2001.0,False,NEW,3,1971,1991,5061.339481773637,5061.2553260683035,0.0841557053336146,,,5061.2553260683035,5061.2553260683035,5061.339481773637,,,,
IND-000760,Varanasi,Uttar Pradesh,2001,,True,NEW,4,2001,2025,1545.5436243847291,1520.150049933289,25.393574451440145,,,,,,1520.150049933289,1545.5436243847291,1533.3295227946037,1533.053865288683
IND-000596,Azamgarh,Uttar_Pradesh,1991,2001.0,False,NEW,1,1991,1991,3688.2566627520755,3688.2566627520755,0.0,,,,,3688.2566627520755,,,,
IND-000597,Basti,Uttar_Pradesh,1991,2001.0,False,NEW,1,1991,1991,4386.013718716861,4386.013718716861,0.0,,,,,4386.013718716861,,,,
IND-000598,Firozabad,Uttar_Pradesh,1991,,True,NEW,5,1991,2025,2420.6113210977114,2416.8835966059332,3.72772449177819,,,,,2420.6113210977114,2420.6113210977114,2416.8835966059332,2419.9251635826486,2419.880594522559
IND-000599,Gorakhpur,Uttar_Pradesh,1991,,True,NEW,5,1991,2025,3334.424903588458,3324.63314121366,9.791762374798054,,,,,3334.424903588458,3334.424903588458,3324.63314121366,3329.8114038237422,3329.7771507011344
IND-000600,Hardwar,Uttar_Pradesh,1991,,True,NEW,5,1991,2025,2290.132899206737,2274.6578583021446,15.475040904592333,,,,,2274.6578583021446,2274.6578583021446,2277.1649659110712,2289.937189128153,2290.132899206737
IND-000601,Kanpur-Dehat,Uttar_Pradesh,1991,2001.0,False,NEW,1,1991,1991,5122.9793249529985,5122.9793249529985,0.0,,,,,5122.9793249529985,,,,
IND-000602,Kanpur-Nagar,Uttar_Pradesh,1991,2001.0,False,NEW,1,1991,1991,1053.119509808084,1053.119509808084,0.0,,,,,1053.119509808084,,,,
IND-000603,Maharajganj,Uttar_Pradesh,1991,,True,NEW,5,1991,2025,3003.911021885727,2909.561140446232,94.34988143949522,,,,,3003.911021885727,3003.911021885727,2909.561140446232,2945.484446421526,2944.405620028081
IND-000604,Mainpuri,Uttar_Pradesh,1991,,True,NEW,5,1991,2025,2767.874087683858,2690.922717540328,76.95137014352986,,,,,2767.874087683858,2767.874087683858,2690.922717540328,2737.703499308602,2737.826311941809
IND-000605,Mathura,Uttar_Pradesh,1991,2001.0,False,NEW,1,1991,1991,3756.0510478966585,3756.0510478966585,0.0,,,,,3756.0510478966585,,,,
IND-000606,Mau,Uttar_Pradesh,1991,2001.0,False,NEW,1,1991,1991,2219.6736403044138,2219.6736403044138,0.0,,,,,2219.6736403044138,,,,
IND-000607,Mirzapur,Uttar_Pradesh,1991,,True,NEW,5,1991,2025,4438.669601789486,4415.77104842923,22.89855336025539,,,,,4434.810693560075,4434.810693560075,4438.669601789486,4416.068996326796,4415.77104842923
IND-000608,Saharanpur,Uttar_Pradesh,1991,,True,NEW,5,1991,2025,3773.757915785939,3618.4904899139674,155.26742587197168,,,,,3773.757915785939,3773.757915785939,3618.4904899139674,3719.347096587604,3716.7521070103057
IND-000609,Siddharthnagar,Uttar_Pradesh,1991,,True,NEW,5,1991,2025,2896.662461572729,2780.18627994716,116.4761816255691,,,,,2780.18627994716,2780.18627994716,2809.9109932823653,2896.662461572729,2895.901602692768
IND-000610,Sonbhadra,Uttar_Pradesh,1991,,True,NEW,5,1991,2025,6905.193201945248,6849.529733131544,55.66346881370373,,,,,6885.263212977541,6885.263212977541,6849.529733131544,6905.193201945248,6886.092952827983
IND-000691,Almora,Uttarakhand,2001,,True,NEW,4,2001,2025,3145.366245200396,3002.478194893149,142.88805030724689,,,,,,3002.478194893149,3087.650675626819,3145.366245200396,3145.316565971346
IND-000690,Bageshwar,Uttarakhand,2001,,True,NEW,4,2001,2025,2297.1205167674216,2234.869345716786,62.25117105063555,,,,,,2297.1205167674216,2244.9158057669483,2234.869345716786,2235.226927829272
IND-000686,Chamoli,Uttarakhand,2001,,True,NEW,4,2001,2025,7843.181115693283,7702.950231553389,140.23088413989353,,,,,,7702.950231553389,7843.181115693283,7807.20881678016,7821.174043192629
IND-000692,Champawat,Uttarakhand,2001,,True,NEW,4,2001,2025,1814.2384897331003,1768.681950064056,45.55653966904424,,,,,,1802.994701468622,1814.2384897331003,1769.5775922855362,1768.681950064056
IND-000693,Nainital,Uttarakhand,2001,,True,NEW,4,2001,2025,4134.1606439037305,3989.982774551354,144.17786935237655,,,,,,4134.1606439037305,4015.593441553476,3990.0546694179816,3989.982774551354
IND-000689,Pithoragarh,Uttarakhand,2001,,True,NEW,4,2001,2025,7233.759551434262,6895.541094303322,338.2184571309399,,,,,,6895.541094303322,7233.759551434262,7218.735483722626,7232.413943820924
IND-000687,Rudraprayag,Uttarakhand,2001,,True,NEW,4,2001,2025,1987.988393511077,1961.8187602760506,26.169633235026367,,,,,,1961.8187602760506,1985.4816298925912,1987.988393511077,1987.9379941038242
IND-000688,Tehri Garhwal,Uttarakhand,2001,,True,NEW,4,2001,2025,3932.8107627619156,3885.698504316979,47.11225844493674,,,,,,3932.8107627619156,3885.698504316979,3909.4336243831,3909.1775258222965
IND-000694,Udham Singh Nagar,Uttarakhand,2001,,True,NEW,4,2001,2025,2700.5900635783237,2520.0808966019913,180.50916697633238,,,,,,2520.0808966019913,2700.5900635783237,2671.5679518353395,2670.757827954241
IND-000134,Chhatarpur,Vindhya Pradesh,1951,,True,ANCHOR,9,1951,2025,8775.558393134841,8674.65778403792,100.90060909692147,8757.949502029347,8757.949502029347,8757.949502029347,8757.953431575123,8757.867252086264,8757.867252086264,8775.558393134841,8674.65778403792,8677.207795651713
IND-000132,Datia,Vindhya Pradesh,1951,2001.0,False,ANCHOR,5,1951,1991,2187.252175685989,2187.1962072867054,0.0559683992837563,2187.252175685989,2187.252175685989,2187.252175685989,2187.234322374616,2187.1962072867054,,,,
IND-000135,Panna,Vindhya Pradesh,1951,,True,ANCHOR,9,1951,2025,7100.808206847459,6928.843560885274,171.96464596218448,7094.04508591198,7094.04508591198,7094.04508591198,7094.113369581251,7094.127440151939,7094.127440151939,6928.843560885274,7100.808206847459,7099.151918259375
IND-000137,Rewa,Vindhya Pradesh,1951,,True,ANCHOR,9,1951,2025,6339.396611335077,6295.350447318059,44.04616401701787,6308.507588469008,6308.507588469008,6308.507588469008,6308.5079965952045,6308.590930460767,6308.590930460767,6339.396611335077,6295.350447318059,6297.636861650789
IND-000136,Satna,Vindhya Pradesh,1951,,True,ANCHOR,9,1951,2025,7672.665753772944,7472.405143173128,200.26061059981657,7472.449283045786,7472.449283045786,7472.449283045786,7472.449438597396,7472.405143173128,7472.405143173128,7672.665753772944,7518.470431246289,7525.10359160397
IND-000139,Shahdol,Vindhya Pradesh,1951,2001.0,False,ANCHOR,5,1951,1991,14039.843444701533,14039.806716595715,0.03672810581883823,14039.806716595715,14039.806716595715,14039.806716595715,14039.816257919018,14039.843444701533,,,,
IND-000138,Sidhi,Vindhya Pradesh,1951,2011.0,False,ANCHOR,6,1951,2001,10515.13838949806,10515.09444441573,0.043945082330537844,10515.13746213984,10515.13746213984,10515.13746213984,10515.13838949806,10515.09444441573,10515.09444441573,,,
IND-000133,Tikamgarh,Vindhya Pradesh,1951,2021.0,False,ANCHOR,7,1951,2011,5042.390368338891,5024.781801973254,17.60856636563676,5042.390368338891,5042.390368338891,5042.390368338891,5042.3899444725475,5042.362058209635,5042.362058209635,5024.781801973254,,
IND-001210,Alipurduar,West Bengal,2021,,True,NEW,2,2021,2025,2798.403760335911,2749.769589662794,48.634170673117296,,,,,,,,2749.769589662794,2798.403760335911
IND-000304,Bankura,West Bengal,1951,,True,ANCHOR,9,1951,2025,6932.365040735175,6885.255853152706,47.10918758246953,6896.930766697334,6896.930766697334,6896.930766697334,6896.930766697334,6896.977392890273,6896.977392890273,6932.365040735175,6891.272083774226,6885.255853152706
IND-000303,Birbhum,West Bengal,1951,,True,ANCHOR,9,1951,2025,4570.392558432432,4528.0092539841835,42.383304448248964,4570.385120318161,4570.385120318161,4570.385120318161,4570.384928701364,4570.392558432432,4570.392558432432,4528.0092539841835,4544.03218488419,4549.599543943694
IND-000302,Burdwan,West Bengal,1951,2021.0,False,ANCHOR,7,1951,2011,7025.484441344885,6983.393251631281,42.09118971360476,6983.393251631281,6983.393251631281,6983.393251631281,6983.394045958166,6983.398627198607,6983.398627198607,7025.484441344885,,
IND-000309,Calcutta,West Bengal,1951,2021.0,False,ANCHOR,7,1951,2011,196.6544334416501,194.32080847051077,2.3336249711393293,196.65440492566987,196.65440492566987,196.65440492566987,196.6544334416501,196.63830489994893,196.63830489994893,194.32080847051077,,
IND-000316,Cooch Behar,West Bengal,1951,,True,ANCHOR,9,1951,2025,3382.344172507585,3353.455759662856,28.88841284472892,3353.5057993216597,3353.5057993216597,3353.5057993216597,3353.5057535090705,3353.455759662856,3353.455759662856,3354.196401538023,3382.344172507585,3372.2096240697288
IND-000809,Dakshin Dinajpur,West Bengal,2001,,True,NEW,4,2001,2025,2236.8919774926767,2211.590157068398,25.301820424278503,,,,,,2225.720882332637,2211.590157068398,2236.8919774926767,2234.483119124444
IND-000315,Darjeeling,West Bengal,1951,1961.0,False,ANCHOR,1,1951,1951,2681.56574302608,2681.56574302608,0.0,2681.56574302608,,,,,,,,
IND-000363,Darjeeling,West Bengal,1961,2021.0,False,NEW,6,1961,2011,3175.972639915969,3131.3493067999248,44.62333311604425,,3146.814656436349,3146.814656436349,3146.813885411587,3146.816589869399,3131.3493067999248,3175.972639915969,,
IND-001205,Darjiling,West Bengal,2021,,True,NEW,2,2021,2025,2050.5130346073242,2032.006270456088,18.50676415123621,,,,,,,,2032.006270456088,2050.5130346073242
IND-000306,Howrah,West Bengal,1951,,True,ANCHOR,9,1951,2025,1468.449046464525,1448.9291079331515,19.519938531373555,1455.2035186648554,1455.2035186648554,1455.2035186648554,1455.192397475606,1455.2007923591339,1455.2007923591339,1456.4499738527463,1448.9291079331515,1468.449046464525
IND-000307,Hugli,West Bengal,1951,,True,ANCHOR,9,1951,2025,3182.883210912673,3137.6751789616374,45.20803195103554,3182.883210912673,3182.883210912673,3182.883210912673,3182.883108502877,3182.864337175656,3182.864337175656,3155.124584851713,3137.6751789616374,3152.907652690834
IND-000314,Jalpaiguri,West Bengal,1951,2021.0,False,ANCHOR,7,1951,2011,6262.063523813318,6229.16693451889,32.89658929442794,6229.1875646570525,6229.1875646570525,6229.1875646570525,6229.175101526174,6229.16693451889,6244.635357675756,6262.063523813318,,
IND-001206,Jalpaiguri,West Bengal,2021,,True,NEW,2,2021,2025,3430.8014273051162,3399.184783762253,31.61664354286313,,,,,,,,3399.184783762253,3430.8014273051162
IND-001213,Jhargram,West Bengal,2021,,True,NEW,2,2021,2025,3099.767623648412,3096.254470396789,3.5131532516229527,,,,,,,,3096.254470396789,3099.767623648412
IND-001212,Kalimpong,West Bengal,2021,,True,NEW,2,2021,2025,1093.2814324946035,1084.278449740641,9.002982753962442,,,,,,,,1084.278449740641,1093.2814324946035
IND-001209,Kolkata,West Bengal,2021,2025.0,False,NEW,1,2021,2021,98.60347869462193,98.60347869462193,0.0,,,,,,,,98.60347869462193,
IND-001354,Kolkata,West Bengal,2025,,True,NEW,1,2025,2025,185.3932211340551,185.3932211340551,0.0,,,,,,,,,185.3932211340551
IND-000313,Maldah,West Bengal,1951,,True,ANCHOR,9,1951,2025,3742.6288599749096,3589.013730579451,153.61512939545855,3668.0333884471065,3668.0333884471065,3668.0333884471065,3668.0343999535035,3668.034374905115,3668.034374905115,3742.6288599749096,3589.729451714907,3589.013730579451
IND-001208,Medinipur West,West Bengal,2021,,True,NEW,2,2021,2025,6274.8985689423935,6272.300689934272,2.5978790081217085,,,,,,,,6272.300689934272,6274.8985689423935
IND-000305,Midnapore,West Bengal,1951,2011.0,False,ANCHOR,6,1951,2001,13461.533561726172,13461.426279229252,0.10728249691965175,13461.43541931568,13461.43541931568,13461.43541931568,13461.426279229252,13461.533561726172,13461.533561726172,,,
IND-000311,Murshidabad,West Bengal,1951,,True,ANCHOR,9,1951,2025,5461.9779165896,5296.7304242374485,165.2474923521513,5334.235188137036,5334.235188137036,5334.235188137036,5334.235663550871,5334.245331063065,5334.245331063065,5296.7304242374485,5461.9779165896,5347.630949428141
IND-000310,Nadia,West Bengal,1951,,True,ANCHOR,9,1951,2025,3910.413049829834,3882.084850327161,28.328199502673215,3882.084850327161,3882.084850327161,3882.084850327161,3882.0852998804958,3882.085079615951,3882.085079615951,3903.60801729909,3910.413049829834,3895.980233027204
IND-001363,Paschim Barddhaman,West Bengal,2025,,True,NEW,1,2025,2025,1809.615324943698,1809.615324943698,0.0,,,,,,,,,1809.615324943698
IND-001211,Paschim Bardhaman,West Bengal,2021,2025.0,False,NEW,1,2021,2021,1606.7289936969253,1606.7289936969253,0.0,,,,,,,,1606.7289936969253,
IND-000993,Paschim Medinipur,West Bengal,2011,2021.0,False,NEW,1,2011,2011,9348.95370700191,9348.95370700191,0.0,,,,,,,9348.95370700191,,
IND-001207,Purba Bardhaman,West Bengal,2021,,True,NEW,2,2021,2025,5410.7688565254675,5209.9300768741,200.83877965136708,,,,,,,,5410.7688565254675,5209.9300768741
IND-000994,Purba Medinipur,West Bengal,2011,,True,NEW,3,2011,2025,4015.0700115809605,3957.4044974759718,57.66551410498869,,,,,,,4015.0700115809605,3965.3095944411752,3957.4044974759718
IND-000364,Purulia,West Bengal,1961,,True,NEW,8,1961,2025,6291.198511664673,6227.235390498012,63.96312116666104,,6291.198296019157,6291.198296019157,6291.198511664673,6291.150804865033,6291.150804865033,6227.235390498012,6246.34535646203,6256.951950269753
IND-001204,South Twenty Four Pargan*,West Bengal,2021,,True,NEW,2,2021,2025,7668.116949967863,7516.590028206726,151.5269217611367,,,,,,,,7516.590028206726,7668.116949967863
IND-000992,South Twenty Four Parganas,West Bengal,2011,2021.0,False,NEW,1,2011,2011,8486.15740873665,8486.15740873665,0.0,,,,,,,8486.15740873665,,
IND-000308,Twenty Four Parganas,West Bengal,1951,1991.0,False,ANCHOR,4,1951,1981,11290.395332520051,11290.393855239781,0.0014772802696825238,11290.395332520051,11290.395332520051,11290.395332520051,11290.393855239781,,,,,
IND-000808,Uttar Dinajpur,West Bengal,2001,,True,NEW,4,2001,2025,3162.233062066076,3101.8776890339363,60.355373032139596,,,,,,3134.277241089086,3162.233062066076,3101.8776890339363,3135.5327924117473
IND-000312,West Dinajpur,West Bengal,1951,2001.0,False,ANCHOR,5,1951,1991,5359.984699131998,5359.9709910377605,0.013708094237699697,5359.970997085688,5359.970997085688,5359.970997085688,5359.9709910377605,5359.984699131998,,,,
IND-000644,North_24_Parganas,West_Bengal,1991,,True,NEW,5,1991,2025,4014.357079558181,3879.606861261886,134.75021829629486,,,,,3879.606861261886,4014.357079558181,3997.819052340829,4008.6083579045007,4004.684733836936
IND-000645,South_24_Parganas,West_Bengal,1991,2011.0,False,NEW,2,1991,2001,7410.807660369206,7276.049655554871,134.75800481433544,,,,,7410.807660369206,7276.049655554871,,,
