canonical_key,display_name,state,census_year,area_km2,fill_method,fill_source_ck,fill_confidence
IND-001096,South Andaman,Andaman And Nicobar Islands,1951,2193.836585,LINEAGE_BACKFILL,IND-000510,0.4655
IND-001096,South Andaman,Andaman And Nicobar Islands,1961,2193.836585,LINEAGE_BACKFILL,IND-000510,0.4655
IND-001096,South Andaman,Andaman And Nicobar Islands,1971,2177.039022,LINEAGE_BACKFILL,IND-000510,0.665
IND-001096,South Andaman,Andaman And Nicobar Islands,1981,2177.073968,LINEAGE_BACKFILL,IND-000510,0.95
IND-001096,South Andaman,Andaman And Nicobar Islands,1991,2177.073978,LINEAGE_BACKFILL,IND-000510,0.95
IND-001096,South Andaman,Andaman And Nicobar Islands,2001,2177.073978,LINEAGE_BACKFILL,IND-000510,0.95
IND-001096,South Andaman,Andaman And Nicobar Islands,2011,2249.3751220647755,DIRECT,IND-001096,1.0
IND-001096,South Andaman,Andaman And Nicobar Islands,2021,2339.555138955156,DIRECT,IND-001096,1.0
IND-001096,South Andaman,Andaman And Nicobar Islands,2025,2529.266304173899,DIRECT,IND-001096,1.0
IND-001279,Nicobars,Andaman and Nicobar Islands,1951,1430.397439,LINEAGE_BACKFILL,IND-000511,0.343
IND-001279,Nicobars,Andaman and Nicobar Islands,1961,1430.397439,LINEAGE_BACKFILL,IND-000511,0.343
IND-001279,Nicobars,Andaman and Nicobar Islands,1971,1419.342594,LINEAGE_BACKFILL,IND-000511,0.49
IND-001279,Nicobars,Andaman and Nicobar Islands,1981,1419.361613,LINEAGE_BACKFILL,IND-000511,0.7
IND-001279,Nicobars,Andaman and Nicobar Islands,1991,1419.338659,LINEAGE_BACKFILL,IND-000511,0.7
IND-001279,Nicobars,Andaman and Nicobar Islands,2001,1419.338659,LINEAGE_BACKFILL,IND-000511,0.7
IND-001279,Nicobars,Andaman and Nicobar Islands,2011,1462.022032,LINEAGE_BACKFILL,IND-000511,0.7
IND-001279,Nicobars,Andaman and Nicobar Islands,2021,1679.2360972422248,DIRECT,IND-001279,1.0
IND-001279,Nicobars,Andaman and Nicobar Islands,2025,1777.7535327551973,DIRECT,IND-001279,1.0
IND-001278,North & Middle Andaman,Andaman and Nicobar Islands,1951,2742.945927,DIRECT_PREDECESSOR,IND-001095,0.3258
IND-001278,North & Middle Andaman,Andaman and Nicobar Islands,1961,2742.945927,DIRECT_PREDECESSOR,IND-001095,0.3258
IND-001278,North & Middle Andaman,Andaman and Nicobar Islands,1971,2721.943996,DIRECT_PREDECESSOR,IND-001095,0.4655
IND-001278,North & Middle Andaman,Andaman and Nicobar Islands,1981,2721.987687,DIRECT_PREDECESSOR,IND-001095,0.665
IND-001278,North & Middle Andaman,Andaman and Nicobar Islands,1991,2721.9877,DIRECT_PREDECESSOR,IND-001095,0.665
IND-001278,North & Middle Andaman,Andaman and Nicobar Islands,2001,2721.9877,DIRECT_PREDECESSOR,IND-001095,0.665
IND-001278,North & Middle Andaman,Andaman and Nicobar Islands,2011,2771.988837,DIRECT_PREDECESSOR,IND-001095,0.7
IND-001278,North & Middle Andaman,Andaman and Nicobar Islands,2021,3291.7324625142064,DIRECT,IND-001278,1.0
IND-001278,North & Middle Andaman,Andaman and Nicobar Islands,2025,3447.1763558523653,DIRECT,IND-001278,1.0
IND-000322,Ananthapur,Andhra Pradesh,1951,19140.831479,LINEAGE_BACKFILL,IND-000199|IND-000202,0.7
IND-000322,Ananthapur,Andhra Pradesh,1961,19140.921126804507,DIRECT,IND-000322,1.0
IND-000322,Ananthapur,Andhra Pradesh,1971,19140.921126804507,DIRECT,IND-000322,1.0
IND-000322,Ananthapur,Andhra Pradesh,1981,19140.920768016644,DIRECT,IND-000322,1.0
IND-000322,Ananthapur,Andhra Pradesh,1991,19140.89207252803,DIRECT,IND-000322,1.0
IND-000322,Ananthapur,Andhra Pradesh,2001,19140.89207252803,DIRECT,IND-000322,1.0
IND-000322,Ananthapur,Andhra Pradesh,2011,19102.696504506224,DIRECT,IND-000322,1.0
IND-000322,Ananthapur,Andhra Pradesh,2021,19128.916835248507,DIRECT,IND-000322,1.0
IND-000322,Ananthapur,Andhra Pradesh,2025,19405.63461054117,DIRECT,IND-000322,1.0
IND-001261,East Godavari,Andhra Pradesh,1951,13016.45906,LINEAGE_BACKFILL,IND-000320|IND-000321|IND-000332|IND-000454|IND-000846|IND-000942|IND-001091,0.2401
IND-001261,East Godavari,Andhra Pradesh,1961,13016.76253,LINEAGE_BACKFILL,IND-000320|IND-000321|IND-000332|IND-000454|IND-000846|IND-000942|IND-001091,0.343
IND-001261,East Godavari,Andhra Pradesh,1971,13000.751214,LINEAGE_BACKFILL,IND-000320|IND-000321|IND-000332|IND-000454|IND-000846|IND-000942|IND-001091,0.4655
IND-001261,East Godavari,Andhra Pradesh,1981,13000.754352,LINEAGE_BACKFILL,IND-000320|IND-000321|IND-000332|IND-000454|IND-000846|IND-000942|IND-001091,0.4655
IND-001261,East Godavari,Andhra Pradesh,1991,13000.73691,LINEAGE_BACKFILL,IND-000320|IND-000321|IND-000332|IND-000454|IND-000846|IND-000942|IND-001091,0.4655
IND-001261,East Godavari,Andhra Pradesh,2001,13000.740086,LINEAGE_BACKFILL,IND-000320|IND-000321|IND-000332|IND-000454|IND-000846|IND-000942|IND-001091,0.49
IND-001261,East Godavari,Andhra Pradesh,2011,12923.698409,LINEAGE_BACKFILL,IND-000320|IND-000321|IND-000332|IND-000454|IND-000846|IND-000942|IND-001091,0.7
IND-001261,East Godavari,Andhra Pradesh,2021,12982.354858891224,DIRECT,IND-001261,1.0
IND-001261,East Godavari,Andhra Pradesh,2025,12918.581960374102,DIRECT,IND-001261,1.0
IND-000404,Guntur,Andhra Pradesh,1951,11412.655666,LINEAGE_BACKFILL,IND-000209|IND-000215,0.7
IND-000404,Guntur,Andhra Pradesh,1961,11417.038358,LINEAGE_BACKFILL,IND-000209|IND-000215,0.7
IND-000404,Guntur,Andhra Pradesh,1971,11417.24746684298,DIRECT,IND-000404,1.0
IND-000404,Guntur,Andhra Pradesh,1981,11417.24741091644,DIRECT,IND-000404,1.0
IND-000404,Guntur,Andhra Pradesh,1991,11417.248400598291,DIRECT,IND-000404,1.0
IND-000404,Guntur,Andhra Pradesh,2001,11417.248400598291,DIRECT,IND-000404,1.0
IND-000404,Guntur,Andhra Pradesh,2011,11333.535863048772,DIRECT,IND-000404,1.0
IND-000404,Guntur,Andhra Pradesh,2021,11402.459009930231,DIRECT,IND-000404,1.0
IND-000404,Guntur,Andhra Pradesh,2025,11403.93547371574,DIRECT,IND-000404,1.0
IND-000412,Kurnool,Andhra Pradesh,1951,17666.835035,LINEAGE_BACKFILL,IND-000323,0.49
IND-000412,Kurnool,Andhra Pradesh,1961,17667.022782,LINEAGE_BACKFILL,IND-000323,0.7
IND-000412,Kurnool,Andhra Pradesh,1971,17667.11055084731,DIRECT,IND-000412,1.0
IND-000412,Kurnool,Andhra Pradesh,1981,17667.110804061067,DIRECT,IND-000412,1.0
IND-000412,Kurnool,Andhra Pradesh,1991,17667.07247598929,DIRECT,IND-000412,1.0
IND-000412,Kurnool,Andhra Pradesh,2001,17667.07247598929,DIRECT,IND-000412,1.0
IND-000412,Kurnool,Andhra Pradesh,2011,17532.97949249114,DIRECT,IND-000412,1.0
IND-000412,Kurnool,Andhra Pradesh,2021,17664.474624094702,DIRECT,IND-000412,1.0
IND-000412,Kurnool,Andhra Pradesh,2025,17387.796736726665,DIRECT,IND-000412,1.0
IND-000406,Nellore,Andhra Pradesh,1951,13097.436788,LINEAGE_BACKFILL,IND-000215,0.95
IND-000406,Nellore,Andhra Pradesh,1961,13214.147769,LINEAGE_BACKFILL,IND-000215,0.95
IND-000406,Nellore,Andhra Pradesh,1971,13214.150704155258,DIRECT,IND-000406,1.0
IND-000406,Nellore,Andhra Pradesh,1981,13214.150658469976,DIRECT,IND-000406,1.0
IND-000406,Nellore,Andhra Pradesh,1991,13214.146752378483,DIRECT,IND-000406,1.0
IND-000406,Nellore,Andhra Pradesh,2001,13214.146752378483,DIRECT,IND-000406,1.0
IND-000406,Nellore,Andhra Pradesh,2011,13190.770705678888,DIRECT,IND-000406,1.0
IND-000406,Nellore,Andhra Pradesh,2021,13219.961675648075,DIRECT,IND-000406,1.0
IND-000406,Nellore,Andhra Pradesh,2025,13214.466389151048,DIRECT,IND-000406,1.0
IND-000405,Ongole (Prakasam),Andhra Pradesh,1951,17548.154254,LINEAGE_BACKFILL,IND-000209|IND-000215|IND-000323,0.49
IND-000405,Ongole (Prakasam),Andhra Pradesh,1961,17632.003598,LINEAGE_BACKFILL,IND-000209|IND-000215|IND-000323,0.7
IND-000405,Ongole (Prakasam),Andhra Pradesh,1971,17632.57946097786,DIRECT,IND-000405,1.0
IND-000405,Ongole (Prakasam),Andhra Pradesh,1981,17632.579478257474,DIRECT,IND-000405,1.0
IND-000405,Ongole (Prakasam),Andhra Pradesh,1991,17632.636851098432,DIRECT,IND-000405,1.0
IND-000405,Ongole (Prakasam),Andhra Pradesh,2001,17632.636851098432,DIRECT,IND-000405,1.0
IND-000405,Ongole (Prakasam),Andhra Pradesh,2011,17651.06908238489,DIRECT,IND-000405,1.0
IND-000405,Ongole (Prakasam),Andhra Pradesh,2021,17626.79596710705,DIRECT,IND-000405,1.0
IND-000405,Ongole (Prakasam),Andhra Pradesh,2025,17615.74104324623,DIRECT,IND-000405,1.0
IND-000450,Srikakulam,Andhra Pradesh,1951,5727.805583,LINEAGE_BACKFILL,IND-000220,0.7
IND-000450,Srikakulam,Andhra Pradesh,1961,5727.805583,LINEAGE_BACKFILL,IND-000220,0.7
IND-000450,Srikakulam,Andhra Pradesh,1971,5654.072192,LINEAGE_BACKFILL,IND-000220,0.7
IND-000450,Srikakulam,Andhra Pradesh,1981,5654.295860117195,DIRECT,IND-000450,1.0
IND-000450,Srikakulam,Andhra Pradesh,1991,5802.804333492473,DIRECT,IND-000450,1.0
IND-000450,Srikakulam,Andhra Pradesh,2001,5802.804333492473,DIRECT,IND-000450,1.0
IND-000450,Srikakulam,Andhra Pradesh,2011,5634.156561276423,DIRECT,IND-000450,1.0
IND-000450,Srikakulam,Andhra Pradesh,2021,5866.033252863172,DIRECT,IND-000450,1.0
IND-000450,Srikakulam,Andhra Pradesh,2025,5838.900012369967,DIRECT,IND-000450,1.0
IND-000454,Visakhapatnam,Andhra Pradesh,1951,11551.471587,LINEAGE_BACKFILL,IND-000220|IND-000224,0.7
IND-000454,Visakhapatnam,Andhra Pradesh,1961,11551.471587,LINEAGE_BACKFILL,IND-000220|IND-000224,0.7
IND-000454,Visakhapatnam,Andhra Pradesh,1971,11541.004039,LINEAGE_BACKFILL,IND-000220|IND-000224,0.7
IND-000454,Visakhapatnam,Andhra Pradesh,1981,11541.071623992946,DIRECT,IND-000454,1.0
IND-000454,Visakhapatnam,Andhra Pradesh,1991,11541.12065414818,DIRECT,IND-000454,1.0
IND-000454,Visakhapatnam,Andhra Pradesh,2001,11541.12065414818,DIRECT,IND-000454,1.0
IND-000454,Visakhapatnam,Andhra Pradesh,2011,11437.005634525996,DIRECT,IND-000454,1.0
IND-000454,Visakhapatnam,Andhra Pradesh,2021,11603.975683542554,DIRECT,IND-000454,1.0
IND-000454,Visakhapatnam,Andhra Pradesh,2025,11579.20147124063,DIRECT,IND-000454,1.0
IND-000453,Vizianagaram,Andhra Pradesh,1951,6221.496599,LINEAGE_BACKFILL,IND-000220|IND-000224,0.95
IND-000453,Vizianagaram,Andhra Pradesh,1961,6221.496599,LINEAGE_BACKFILL,IND-000220|IND-000224,0.95
IND-000453,Vizianagaram,Andhra Pradesh,1971,6157.202261,LINEAGE_BACKFILL,IND-000220|IND-000224,0.95
IND-000453,Vizianagaram,Andhra Pradesh,1981,6157.370011308436,DIRECT,IND-000453,1.0
IND-000453,Vizianagaram,Andhra Pradesh,1991,6157.384850140305,DIRECT,IND-000453,1.0
IND-000453,Vizianagaram,Andhra Pradesh,2001,6157.384850140305,DIRECT,IND-000453,1.0
IND-000453,Vizianagaram,Andhra Pradesh,2011,6084.697747802682,DIRECT,IND-000453,1.0
IND-000453,Vizianagaram,Andhra Pradesh,2021,6180.587233460012,DIRECT,IND-000453,1.0
IND-000453,Vizianagaram,Andhra Pradesh,2025,6147.328893981438,DIRECT,IND-000453,1.0
IND-000321,West Godavari,Andhra Pradesh,1951,7722.764558,LINEAGE_BACKFILL,IND-000207|IND-000208,0.7
IND-000321,West Godavari,Andhra Pradesh,1961,7722.88186125806,DIRECT,IND-000321,1.0
IND-000321,West Godavari,Andhra Pradesh,1971,7722.88186125806,DIRECT,IND-000321,1.0
IND-000321,West Godavari,Andhra Pradesh,1981,7722.88186125806,DIRECT,IND-000321,1.0
IND-000321,West Godavari,Andhra Pradesh,1991,7722.865166617661,DIRECT,IND-000321,1.0
IND-000321,West Godavari,Andhra Pradesh,2001,7722.865166617661,DIRECT,IND-000321,1.0
IND-000321,West Godavari,Andhra Pradesh,2011,7827.150039716366,DIRECT,IND-000321,1.0
IND-000321,West Godavari,Andhra Pradesh,2021,8384.154991461506,DIRECT,IND-000321,1.0
IND-000321,West Godavari,Andhra Pradesh,2025,8321.766078937428,DIRECT,IND-000321,1.0
IND-001040,Anjaw,Arunachal Pradesh,1951,6023.832101,LINEAGE_BACKFILL,IND-000494|IND-000629,0.49
IND-001040,Anjaw,Arunachal Pradesh,1961,6023.832101,LINEAGE_BACKFILL,IND-000494|IND-000629,0.49
IND-001040,Anjaw,Arunachal Pradesh,1971,6023.832101,LINEAGE_BACKFILL,IND-000494|IND-000629,0.49
IND-001040,Anjaw,Arunachal Pradesh,1981,6023.892021,LINEAGE_BACKFILL,IND-000494|IND-000629,0.49
IND-001040,Anjaw,Arunachal Pradesh,1991,6023.891522,LINEAGE_BACKFILL,IND-000494|IND-000629,0.7
IND-001040,Anjaw,Arunachal Pradesh,2001,6023.891522,LINEAGE_BACKFILL,IND-000494|IND-000629,0.7
IND-001040,Anjaw,Arunachal Pradesh,2011,6130.836274812929,DIRECT,IND-001040,1.0
IND-001040,Anjaw,Arunachal Pradesh,2021,6511.093190516527,DIRECT,IND-001040,1.0
IND-001040,Anjaw,Arunachal Pradesh,2025,6015.130575061303,DIRECT,IND-001040,1.0
IND-001037,Dibang Valley,Arunachal Pradesh,1951,9175.148779,LINEAGE_BACKFILL,IND-000493|IND-000779,0.3258
IND-001037,Dibang Valley,Arunachal Pradesh,1961,9175.14879,LINEAGE_BACKFILL,IND-000493|IND-000779,0.4655
IND-001037,Dibang Valley,Arunachal Pradesh,1971,9175.14879,LINEAGE_BACKFILL,IND-000493|IND-000779,0.4655
IND-001037,Dibang Valley,Arunachal Pradesh,1981,9175.219948,LINEAGE_BACKFILL,IND-000493|IND-000779,0.665
IND-001037,Dibang Valley,Arunachal Pradesh,1991,9175.195505,LINEAGE_BACKFILL,IND-000493|IND-000779,0.665
IND-001037,Dibang Valley,Arunachal Pradesh,2001,9175.195509,LINEAGE_BACKFILL,IND-000493|IND-000779,0.7
IND-001037,Dibang Valley,Arunachal Pradesh,2011,9324.530267873157,DIRECT,IND-001037,1.0
IND-001037,Dibang Valley,Arunachal Pradesh,2021,9612.27226804132,DIRECT,IND-001037,1.0
IND-001037,Dibang Valley,Arunachal Pradesh,2025,9576.989843633432,DIRECT,IND-001037,1.0
IND-001141,East Kameng,Arunachal Pradesh,1951,4202.609794,LINEAGE_BACKFILL,IND-000489|IND-000632|IND-000776|IND-001036,0.2401
IND-001141,East Kameng,Arunachal Pradesh,1961,4202.610815,LINEAGE_BACKFILL,IND-000489|IND-000632|IND-000776|IND-001036,0.343
IND-001141,East Kameng,Arunachal Pradesh,1971,4202.610815,LINEAGE_BACKFILL,IND-000489|IND-000632|IND-000776|IND-001036,0.343
IND-001141,East Kameng,Arunachal Pradesh,1981,4202.613685,LINEAGE_BACKFILL,IND-000489|IND-000632|IND-000776|IND-001036,0.343
IND-001141,East Kameng,Arunachal Pradesh,1991,4202.60766,LINEAGE_BACKFILL,IND-000489|IND-000632|IND-000776|IND-001036,0.343
IND-001141,East Kameng,Arunachal Pradesh,2001,4202.608106,LINEAGE_BACKFILL,IND-000489|IND-000632|IND-000776|IND-001036,0.49
IND-001141,East Kameng,Arunachal Pradesh,2011,4356.024074,LINEAGE_BACKFILL,IND-000489|IND-000632|IND-000776|IND-001036,0.7
IND-001141,East Kameng,Arunachal Pradesh,2021,4356.024837125844,DIRECT,IND-001141,1.0
IND-001141,East Kameng,Arunachal Pradesh,2025,4410.349157229893,DIRECT,IND-001141,1.0
IND-001137,East Siang,Arunachal Pradesh,1951,1636.777255,LINEAGE_BACKFILL,IND-000805|IND-001034|IND-001038,0.2401
IND-001137,East Siang,Arunachal Pradesh,1961,1636.784104,LINEAGE_BACKFILL,IND-000805|IND-001034|IND-001038,0.2401
IND-001137,East Siang,Arunachal Pradesh,1971,1636.784104,LINEAGE_BACKFILL,IND-000805|IND-001034|IND-001038,0.2401
IND-001137,East Siang,Arunachal Pradesh,1981,1636.791509,LINEAGE_BACKFILL,IND-000805|IND-001034|IND-001038,0.343
IND-001137,East Siang,Arunachal Pradesh,1991,1636.792258,LINEAGE_BACKFILL,IND-000805|IND-001034|IND-001038,0.49
IND-001137,East Siang,Arunachal Pradesh,2001,1636.839815,LINEAGE_BACKFILL,IND-000805|IND-001034|IND-001038,0.49
IND-001137,East Siang,Arunachal Pradesh,2011,1636.813124,LINEAGE_BACKFILL,IND-000805|IND-001034|IND-001038,0.7
IND-001137,East Siang,Arunachal Pradesh,2021,1637.454895354874,DIRECT,IND-001137,1.0
IND-001137,East Siang,Arunachal Pradesh,2025,1680.0097817023045,DIRECT,IND-001137,1.0
IND-001151,Kamle,Arunachal Pradesh,1951,1301.49629,LINEAGE_BACKFILL,IND-000776|IND-000804|IND-000805|IND-001032|IND-001033|IND-001035|IND-001036,0.1681
IND-001151,Kamle,Arunachal Pradesh,1961,1301.518719,LINEAGE_BACKFILL,IND-000776|IND-000804|IND-000805|IND-001032|IND-001033|IND-001035|IND-001036,0.1681
IND-001151,Kamle,Arunachal Pradesh,1971,1301.518719,LINEAGE_BACKFILL,IND-000776|IND-000804|IND-000805|IND-001032|IND-001033|IND-001035|IND-001036,0.1681
IND-001151,Kamle,Arunachal Pradesh,1981,1301.519087,LINEAGE_BACKFILL,IND-000776|IND-000804|IND-000805|IND-001032|IND-001033|IND-001035|IND-001036,0.2401
IND-001151,Kamle,Arunachal Pradesh,1991,1301.525607,LINEAGE_BACKFILL,IND-000776|IND-000804|IND-000805|IND-001032|IND-001033|IND-001035|IND-001036,0.343
IND-001151,Kamle,Arunachal Pradesh,2001,1301.534943,LINEAGE_BACKFILL,IND-000776|IND-000804|IND-000805|IND-001032|IND-001033|IND-001035|IND-001036,0.49
IND-001151,Kamle,Arunachal Pradesh,2011,1305.618418,LINEAGE_BACKFILL,IND-000776|IND-000804|IND-000805|IND-001032|IND-001033|IND-001035|IND-001036,0.7
IND-001151,Kamle,Arunachal Pradesh,2021,1305.6665194586822,DIRECT,IND-001151,1.0
IND-001151,Kamle,Arunachal Pradesh,2025,1378.9553460666025,DIRECT,IND-001151,1.0
IND-001364,Kra Daadi,Arunachal Pradesh,1951,1675.515523,LINEAGE_BACKFILL,IND-001032|IND-001139|IND-001140|IND-001142,0.1681
IND-001364,Kra Daadi,Arunachal Pradesh,1961,1675.543876,LINEAGE_BACKFILL,IND-001032|IND-001139|IND-001140|IND-001142,0.2401
IND-001364,Kra Daadi,Arunachal Pradesh,1971,1675.543876,LINEAGE_BACKFILL,IND-001032|IND-001139|IND-001140|IND-001142,0.2401
IND-001364,Kra Daadi,Arunachal Pradesh,1981,1675.544172,LINEAGE_BACKFILL,IND-001032|IND-001139|IND-001140|IND-001142,0.2401
IND-001364,Kra Daadi,Arunachal Pradesh,1991,1675.552216,LINEAGE_BACKFILL,IND-001032|IND-001139|IND-001140|IND-001142,0.2401
IND-001364,Kra Daadi,Arunachal Pradesh,2001,1675.563822,LINEAGE_BACKFILL,IND-001032|IND-001139|IND-001140|IND-001142,0.343
IND-001364,Kra Daadi,Arunachal Pradesh,2011,1760.791302,LINEAGE_BACKFILL,IND-001032|IND-001139|IND-001140|IND-001142,0.49
IND-001364,Kra Daadi,Arunachal Pradesh,2021,1760.002666,LINEAGE_BACKFILL,IND-001032|IND-001139|IND-001140|IND-001142,0.7
IND-001364,Kra Daadi,Arunachal Pradesh,2025,1760.2599755762333,DIRECT,IND-001364,1.0
IND-001139,Kurung Kumey,Arunachal Pradesh,1951,4083.245498,LINEAGE_BACKFILL,IND-000489|IND-001032|IND-001036,0.2401
IND-001139,Kurung Kumey,Arunachal Pradesh,1961,4083.314747,LINEAGE_BACKFILL,IND-000489|IND-001032|IND-001036,0.343
IND-001139,Kurung Kumey,Arunachal Pradesh,1971,4083.314747,LINEAGE_BACKFILL,IND-000489|IND-001032|IND-001036,0.343
IND-001139,Kurung Kumey,Arunachal Pradesh,1981,4083.315348,LINEAGE_BACKFILL,IND-000489|IND-001032|IND-001036,0.343
IND-001139,Kurung Kumey,Arunachal Pradesh,1991,4083.334903,LINEAGE_BACKFILL,IND-000489|IND-001032|IND-001036,0.343
IND-001139,Kurung Kumey,Arunachal Pradesh,2001,4083.363275,LINEAGE_BACKFILL,IND-000489|IND-001032|IND-001036,0.49
IND-001139,Kurung Kumey,Arunachal Pradesh,2011,4293.600278,LINEAGE_BACKFILL,IND-000489|IND-001032|IND-001036,0.7
IND-001139,Kurung Kumey,Arunachal Pradesh,2021,4300.839635252645,DIRECT,IND-001139,1.0
IND-001139,Kurung Kumey,Arunachal Pradesh,2025,4444.151585521558,DIRECT,IND-001139,1.0
IND-001150,Lepa Rada,Arunachal Pradesh,1951,799.42043,LINEAGE_BACKFILL,IND-001033|IND-001034,0.1681
IND-001150,Lepa Rada,Arunachal Pradesh,1961,799.424049,LINEAGE_BACKFILL,IND-001033|IND-001034,0.1681
IND-001150,Lepa Rada,Arunachal Pradesh,1971,799.424049,LINEAGE_BACKFILL,IND-001033|IND-001034,0.1681
IND-001150,Lepa Rada,Arunachal Pradesh,1981,799.438207,LINEAGE_BACKFILL,IND-001033|IND-001034,0.2401
IND-001150,Lepa Rada,Arunachal Pradesh,1991,799.436246,LINEAGE_BACKFILL,IND-001033|IND-001034,0.343
IND-001150,Lepa Rada,Arunachal Pradesh,2001,799.438662,LINEAGE_BACKFILL,IND-001033|IND-001034,0.49
IND-001150,Lepa Rada,Arunachal Pradesh,2011,836.644343,LINEAGE_BACKFILL,IND-001033|IND-001034,0.7
IND-001150,Lepa Rada,Arunachal Pradesh,2021,836.8119782633613,DIRECT,IND-001150,1.0
IND-001150,Lepa Rada,Arunachal Pradesh,2025,766.6587708036816,DIRECT,IND-001150,1.0
IND-001355,Lohit,Arunachal Pradesh,1951,3019.545372,LINEAGE_BACKFILL,IND-000629|IND-001038|IND-001040|IND-001138|IND-001143,0.2401
IND-001355,Lohit,Arunachal Pradesh,1961,3019.545372,LINEAGE_BACKFILL,IND-000629|IND-001038|IND-001040|IND-001138|IND-001143,0.2401
IND-001355,Lohit,Arunachal Pradesh,1971,3019.545372,LINEAGE_BACKFILL,IND-000629|IND-001038|IND-001040|IND-001138|IND-001143,0.2401
IND-001355,Lohit,Arunachal Pradesh,1981,3019.574979,LINEAGE_BACKFILL,IND-000629|IND-001038|IND-001040|IND-001138|IND-001143,0.2401
IND-001355,Lohit,Arunachal Pradesh,1991,3019.57506,LINEAGE_BACKFILL,IND-000629|IND-001038|IND-001040|IND-001138|IND-001143,0.343
IND-001355,Lohit,Arunachal Pradesh,2001,3019.57506,LINEAGE_BACKFILL,IND-000629|IND-001038|IND-001040|IND-001138|IND-001143,0.343
IND-001355,Lohit,Arunachal Pradesh,2011,3028.373724,LINEAGE_BACKFILL,IND-000629|IND-001038|IND-001040|IND-001138|IND-001143,0.49
IND-001355,Lohit,Arunachal Pradesh,2021,3054.374489,LINEAGE_BACKFILL,IND-000629|IND-001038|IND-001040|IND-001138|IND-001143,0.7
IND-001355,Lohit,Arunachal Pradesh,2025,3054.541550425716,DIRECT,IND-001355,1.0
IND-001144,Longding,Arunachal Pradesh,1951,998.451725,LINEAGE_BACKFILL,IND-000477|IND-000631,0.49
IND-001144,Longding,Arunachal Pradesh,1961,998.451725,LINEAGE_BACKFILL,IND-000477|IND-000631,0.49
IND-001144,Longding,Arunachal Pradesh,1971,998.451725,LINEAGE_BACKFILL,IND-000477|IND-000631,0.49
IND-001144,Longding,Arunachal Pradesh,1981,998.45222,LINEAGE_BACKFILL,IND-000477|IND-000631,0.665
IND-001144,Longding,Arunachal Pradesh,1991,998.494981,LINEAGE_BACKFILL,IND-000477|IND-000631,0.7
IND-001144,Longding,Arunachal Pradesh,2001,998.494981,LINEAGE_BACKFILL,IND-000477|IND-000631,0.7
IND-001144,Longding,Arunachal Pradesh,2011,929.235609,LINEAGE_BACKFILL,IND-000477|IND-000631,0.7
IND-001144,Longding,Arunachal Pradesh,2021,936.9571277842724,DIRECT,IND-001144,1.0
IND-001144,Longding,Arunachal Pradesh,2025,936.0791045925438,DIRECT,IND-001144,1.0
IND-001038,Lower Dibang Valley,Arunachal Pradesh,1951,3676.471553,LINEAGE_BACKFILL,IND-000493|IND-000494,0.49
IND-001038,Lower Dibang Valley,Arunachal Pradesh,1961,3676.471553,LINEAGE_BACKFILL,IND-000493|IND-000494,0.49
IND-001038,Lower Dibang Valley,Arunachal Pradesh,1971,3676.471553,LINEAGE_BACKFILL,IND-000493|IND-000494,0.49
IND-001038,Lower Dibang Valley,Arunachal Pradesh,1981,3676.500103,LINEAGE_BACKFILL,IND-000493|IND-000494,0.7
IND-001038,Lower Dibang Valley,Arunachal Pradesh,1991,3676.490346,LINEAGE_BACKFILL,IND-000493|IND-000494,0.7
IND-001038,Lower Dibang Valley,Arunachal Pradesh,2001,3676.490346,LINEAGE_BACKFILL,IND-000493|IND-000494,0.7
IND-001038,Lower Dibang Valley,Arunachal Pradesh,2011,3680.743398671867,DIRECT,IND-001038,1.0
IND-001038,Lower Dibang Valley,Arunachal Pradesh,2021,3567.8151833761235,DIRECT,IND-001038,1.0
IND-001038,Lower Dibang Valley,Arunachal Pradesh,2025,3540.7610109003053,DIRECT,IND-001038,1.0
IND-001145,Lower Siang,Arunachal Pradesh,1951,1692.475102,LINEAGE_BACKFILL,IND-000805|IND-001032|IND-001033|IND-001034|IND-001035,0.2281
IND-001145,Lower Siang,Arunachal Pradesh,1961,1692.482552,LINEAGE_BACKFILL,IND-000805|IND-001032|IND-001033|IND-001034|IND-001035,0.2281
IND-001145,Lower Siang,Arunachal Pradesh,1971,1692.482552,LINEAGE_BACKFILL,IND-000805|IND-001032|IND-001033|IND-001034|IND-001035,0.2281
IND-001145,Lower Siang,Arunachal Pradesh,1981,1692.507976,LINEAGE_BACKFILL,IND-000805|IND-001032|IND-001033|IND-001034|IND-001035,0.3259
IND-001145,Lower Siang,Arunachal Pradesh,1991,1692.507355,LINEAGE_BACKFILL,IND-000805|IND-001032|IND-001033|IND-001034|IND-001035,0.343
IND-001145,Lower Siang,Arunachal Pradesh,2001,1692.524763,LINEAGE_BACKFILL,IND-000805|IND-001032|IND-001033|IND-001034|IND-001035,0.49
IND-001145,Lower Siang,Arunachal Pradesh,2011,1750.473199,LINEAGE_BACKFILL,IND-000805|IND-001032|IND-001033|IND-001034|IND-001035,0.7
IND-001145,Lower Siang,Arunachal Pradesh,2021,1750.42490157864,DIRECT,IND-001145,1.0
IND-001145,Lower Siang,Arunachal Pradesh,2025,1813.5278413813044,DIRECT,IND-001145,1.0
IND-001359,Lower Subansiri,Arunachal Pradesh,1951,1918.852479,LINEAGE_BACKFILL,IND-001135|IND-001140|IND-001142,0.1681
IND-001359,Lower Subansiri,Arunachal Pradesh,1961,1918.885693,LINEAGE_BACKFILL,IND-001135|IND-001140|IND-001142,0.1681
IND-001359,Lower Subansiri,Arunachal Pradesh,1971,1918.885693,LINEAGE_BACKFILL,IND-001135|IND-001140|IND-001142,0.1681
IND-001359,Lower Subansiri,Arunachal Pradesh,1981,1918.88588,LINEAGE_BACKFILL,IND-001135|IND-001140|IND-001142,0.2401
IND-001359,Lower Subansiri,Arunachal Pradesh,1991,1918.895248,LINEAGE_BACKFILL,IND-001135|IND-001140|IND-001142,0.2401
IND-001359,Lower Subansiri,Arunachal Pradesh,2001,1918.912114,LINEAGE_BACKFILL,IND-001135|IND-001140|IND-001142,0.343
IND-001359,Lower Subansiri,Arunachal Pradesh,2011,1942.349586,LINEAGE_BACKFILL,IND-001135|IND-001140|IND-001142,0.49
IND-001359,Lower Subansiri,Arunachal Pradesh,2021,1942.34235,LINEAGE_BACKFILL,IND-001135|IND-001140|IND-001142,0.7
IND-001359,Lower Subansiri,Arunachal Pradesh,2025,1942.4887387989688,DIRECT,IND-001359,1.0
IND-001143,Namsai,Arunachal Pradesh,1951,1340.724142,LINEAGE_BACKFILL,IND-000529|IND-000629|IND-001039,0.4655
IND-001143,Namsai,Arunachal Pradesh,1961,1340.724142,LINEAGE_BACKFILL,IND-000529|IND-000629|IND-001039,0.4655
IND-001143,Namsai,Arunachal Pradesh,1971,1340.724142,LINEAGE_BACKFILL,IND-000529|IND-000629|IND-001039,0.4655
IND-001143,Namsai,Arunachal Pradesh,1981,1340.737396,LINEAGE_BACKFILL,IND-000529|IND-000629|IND-001039,0.4655
IND-001143,Namsai,Arunachal Pradesh,1991,1340.737643,LINEAGE_BACKFILL,IND-000529|IND-000629|IND-001039,0.665
IND-001143,Namsai,Arunachal Pradesh,2001,1340.737643,LINEAGE_BACKFILL,IND-000529|IND-000629|IND-001039,0.665
IND-001143,Namsai,Arunachal Pradesh,2011,1340.908073,LINEAGE_BACKFILL,IND-000529|IND-000629|IND-001039,0.7
IND-001143,Namsai,Arunachal Pradesh,2021,1340.95042730987,DIRECT,IND-001143,1.0
IND-001143,Namsai,Arunachal Pradesh,2025,1341.9748785024146,DIRECT,IND-001143,1.0
IND-001148,Pakke Kessang,Arunachal Pradesh,1951,1837.98716,LINEAGE_BACKFILL,IND-000489|IND-000520|IND-000632|IND-000776,0.343
IND-001148,Pakke Kessang,Arunachal Pradesh,1961,1837.987303,LINEAGE_BACKFILL,IND-000489|IND-000520|IND-000632|IND-000776,0.343
IND-001148,Pakke Kessang,Arunachal Pradesh,1971,1837.987303,LINEAGE_BACKFILL,IND-000489|IND-000520|IND-000632|IND-000776,0.343
IND-001148,Pakke Kessang,Arunachal Pradesh,1981,1837.988682,LINEAGE_BACKFILL,IND-000489|IND-000520|IND-000632|IND-000776,0.49
IND-001148,Pakke Kessang,Arunachal Pradesh,1991,1837.985711,LINEAGE_BACKFILL,IND-000489|IND-000520|IND-000632|IND-000776,0.49
IND-001148,Pakke Kessang,Arunachal Pradesh,2001,1837.985886,LINEAGE_BACKFILL,IND-000489|IND-000520|IND-000632|IND-000776,0.7
IND-001148,Pakke Kessang,Arunachal Pradesh,2011,1903.599806,LINEAGE_BACKFILL,IND-000489|IND-000520|IND-000632|IND-000776,0.7
IND-001148,Pakke Kessang,Arunachal Pradesh,2021,1903.5729803144336,DIRECT,IND-001148,1.0
IND-001148,Pakke Kessang,Arunachal Pradesh,2025,1909.9528292751288,DIRECT,IND-001148,1.0
IND-001135,Papum Pare,Arunachal Pradesh,1951,3774.317231,LINEAGE_BACKFILL,IND-000489|IND-000776|IND-000804|IND-001035|IND-001036,0.2401
IND-001135,Papum Pare,Arunachal Pradesh,1961,3774.380896,LINEAGE_BACKFILL,IND-000489|IND-000776|IND-000804|IND-001035|IND-001036,0.2401
IND-001135,Papum Pare,Arunachal Pradesh,1971,3774.380896,LINEAGE_BACKFILL,IND-000489|IND-000776|IND-000804|IND-001035|IND-001036,0.2401
IND-001135,Papum Pare,Arunachal Pradesh,1981,3774.382103,LINEAGE_BACKFILL,IND-000489|IND-000776|IND-000804|IND-001035|IND-001036,0.343
IND-001135,Papum Pare,Arunachal Pradesh,1991,3774.401103,LINEAGE_BACKFILL,IND-000489|IND-000776|IND-000804|IND-001035|IND-001036,0.343
IND-001135,Papum Pare,Arunachal Pradesh,2001,3774.473639,LINEAGE_BACKFILL,IND-000489|IND-000776|IND-000804|IND-001035|IND-001036,0.49
IND-001135,Papum Pare,Arunachal Pradesh,2011,3773.552551,LINEAGE_BACKFILL,IND-000489|IND-000776|IND-000804|IND-001035|IND-001036,0.7
IND-001135,Papum Pare,Arunachal Pradesh,2021,3773.723844082695,DIRECT,IND-001135,1.0
IND-001135,Papum Pare,Arunachal Pradesh,2025,3446.492447418467,DIRECT,IND-001135,1.0
IND-001147,Shi Yomi,Arunachal Pradesh,1951,2513.225942,LINEAGE_BACKFILL,IND-000779|IND-001032|IND-001033,0.2281
IND-001147,Shi Yomi,Arunachal Pradesh,1961,2513.237387,LINEAGE_BACKFILL,IND-000779|IND-001032|IND-001033,0.2281
IND-001147,Shi Yomi,Arunachal Pradesh,1971,2513.237387,LINEAGE_BACKFILL,IND-000779|IND-001032|IND-001033,0.2281
IND-001147,Shi Yomi,Arunachal Pradesh,1981,2513.284805,LINEAGE_BACKFILL,IND-000779|IND-001032|IND-001033,0.3259
IND-001147,Shi Yomi,Arunachal Pradesh,1991,2513.278124,LINEAGE_BACKFILL,IND-000779|IND-001032|IND-001033,0.343
IND-001147,Shi Yomi,Arunachal Pradesh,2001,2513.279566,LINEAGE_BACKFILL,IND-000779|IND-001032|IND-001033,0.49
IND-001147,Shi Yomi,Arunachal Pradesh,2011,2640.053857,LINEAGE_BACKFILL,IND-000779|IND-001032|IND-001033,0.7
IND-001147,Shi Yomi,Arunachal Pradesh,2021,2640.0533486534114,DIRECT,IND-001147,1.0
IND-001147,Shi Yomi,Arunachal Pradesh,2025,2617.5103157881836,DIRECT,IND-001147,1.0
IND-001146,Siang,Arunachal Pradesh,1951,3360.05408,LINEAGE_BACKFILL,IND-000779|IND-001033|IND-001034,0.2281
IND-001146,Siang,Arunachal Pradesh,1961,3360.068913,LINEAGE_BACKFILL,IND-000779|IND-001033|IND-001034,0.2281
IND-001146,Siang,Arunachal Pradesh,1971,3360.068913,LINEAGE_BACKFILL,IND-000779|IND-001033|IND-001034,0.2281
IND-001146,Siang,Arunachal Pradesh,1981,3360.109346,LINEAGE_BACKFILL,IND-000779|IND-001033|IND-001034,0.3259
IND-001146,Siang,Arunachal Pradesh,1991,3360.104614,LINEAGE_BACKFILL,IND-000779|IND-001033|IND-001034,0.4655
IND-001146,Siang,Arunachal Pradesh,2001,3360.149211,LINEAGE_BACKFILL,IND-000779|IND-001033|IND-001034,0.665
IND-001146,Siang,Arunachal Pradesh,2011,3447.730087,LINEAGE_BACKFILL,IND-000779|IND-001033|IND-001034,0.7
IND-001146,Siang,Arunachal Pradesh,2021,3447.8655840462743,DIRECT,IND-001146,1.0
IND-001146,Siang,Arunachal Pradesh,2025,3450.880052699354,DIRECT,IND-001146,1.0
IND-001134,Tawang,Arunachal Pradesh,1951,1960.889445,LINEAGE_BACKFILL,IND-000489|IND-000632|IND-001031,0.2401
IND-001134,Tawang,Arunachal Pradesh,1961,1960.889445,LINEAGE_BACKFILL,IND-000489|IND-000632|IND-001031,0.2401
IND-001134,Tawang,Arunachal Pradesh,1971,1960.889445,LINEAGE_BACKFILL,IND-000489|IND-000632|IND-001031,0.2401
IND-001134,Tawang,Arunachal Pradesh,1981,1960.927916,LINEAGE_BACKFILL,IND-000489|IND-000632|IND-001031,0.343
IND-001134,Tawang,Arunachal Pradesh,1991,1960.966751,LINEAGE_BACKFILL,IND-000489|IND-000632|IND-001031,0.49
IND-001134,Tawang,Arunachal Pradesh,2001,1960.966751,LINEAGE_BACKFILL,IND-000489|IND-000632|IND-001031,0.49
IND-001134,Tawang,Arunachal Pradesh,2011,2095.018995,LINEAGE_BACKFILL,IND-000489|IND-000632|IND-001031,0.7
IND-001134,Tawang,Arunachal Pradesh,2021,2356.4338482322146,DIRECT,IND-001134,1.0
IND-001134,Tawang,Arunachal Pradesh,2025,2456.6381911676463,DIRECT,IND-001134,1.0
IND-001136,Tirap,Arunachal Pradesh,1951,1154.678491,LINEAGE_BACKFILL,IND-000528|IND-000529|IND-000629|IND-000631,0.49
IND-001136,Tirap,Arunachal Pradesh,1961,1154.678491,LINEAGE_BACKFILL,IND-000528|IND-000529|IND-000629|IND-000631,0.49
IND-001136,Tirap,Arunachal Pradesh,1971,1154.678491,LINEAGE_BACKFILL,IND-000528|IND-000529|IND-000629|IND-000631,0.49
IND-001136,Tirap,Arunachal Pradesh,1981,1154.678582,LINEAGE_BACKFILL,IND-000528|IND-000529|IND-000629|IND-000631,0.49
IND-001136,Tirap,Arunachal Pradesh,1991,1154.72813,LINEAGE_BACKFILL,IND-000528|IND-000529|IND-000629|IND-000631,0.7
IND-001136,Tirap,Arunachal Pradesh,2001,1154.72813,LINEAGE_BACKFILL,IND-000528|IND-000529|IND-000629|IND-000631,0.7
IND-001136,Tirap,Arunachal Pradesh,2011,1074.796937,LINEAGE_BACKFILL,IND-000528|IND-000529|IND-000629|IND-000631,0.7
IND-001136,Tirap,Arunachal Pradesh,2021,1087.4301183794169,DIRECT,IND-001136,1.0
IND-001136,Tirap,Arunachal Pradesh,2025,1174.6131937091695,DIRECT,IND-001136,1.0
IND-000779,Upper Siang,Arunachal Pradesh,1951,6854.694352,LINEAGE_BACKFILL,IND-000492,0.4655
IND-000779,Upper Siang,Arunachal Pradesh,1961,6854.7255,LINEAGE_BACKFILL,IND-000492,0.665
IND-000779,Upper Siang,Arunachal Pradesh,1971,6854.7255,LINEAGE_BACKFILL,IND-000492,0.665
IND-000779,Upper Siang,Arunachal Pradesh,1981,6854.752,LINEAGE_BACKFILL,IND-000492,0.95
IND-000779,Upper Siang,Arunachal Pradesh,1991,6854.753594,LINEAGE_BACKFILL,IND-000492,0.95
IND-000779,Upper Siang,Arunachal Pradesh,2001,6854.764038560141,DIRECT,IND-000779,1.0
IND-000779,Upper Siang,Arunachal Pradesh,2011,6614.685586827764,DIRECT,IND-000779,1.0
IND-000779,Upper Siang,Arunachal Pradesh,2021,6777.068368880226,DIRECT,IND-000779,1.0
IND-000779,Upper Siang,Arunachal Pradesh,2025,6701.539542071813,DIRECT,IND-000779,1.0
IND-001032,Upper Subansiri,Arunachal Pradesh,1951,6199.893499,LINEAGE_BACKFILL,IND-000490|IND-000491|IND-000777,0.343
IND-001032,Upper Subansiri,Arunachal Pradesh,1961,6199.921939,LINEAGE_BACKFILL,IND-000490|IND-000491|IND-000777,0.49
IND-001032,Upper Subansiri,Arunachal Pradesh,1971,6199.921939,LINEAGE_BACKFILL,IND-000490|IND-000491|IND-000777,0.49
IND-001032,Upper Subansiri,Arunachal Pradesh,1981,6199.952671,LINEAGE_BACKFILL,IND-000490|IND-000491|IND-000777,0.49
IND-001032,Upper Subansiri,Arunachal Pradesh,1991,6199.978426,LINEAGE_BACKFILL,IND-000490|IND-000491|IND-000777,0.49
IND-001032,Upper Subansiri,Arunachal Pradesh,2001,6199.978575,LINEAGE_BACKFILL,IND-000490|IND-000491|IND-000777,0.7
IND-001032,Upper Subansiri,Arunachal Pradesh,2011,6736.204796401924,DIRECT,IND-001032,1.0
IND-001032,Upper Subansiri,Arunachal Pradesh,2021,6402.6845806038955,DIRECT,IND-001032,1.0
IND-001032,Upper Subansiri,Arunachal Pradesh,2025,6482.544252189417,DIRECT,IND-001032,1.0
IND-001149,West Siang,Arunachal Pradesh,1951,1290.536854,LINEAGE_BACKFILL,IND-001032|IND-001033|IND-001034,0.2281
IND-001149,West Siang,Arunachal Pradesh,1961,1290.542725,LINEAGE_BACKFILL,IND-001032|IND-001033|IND-001034,0.2281
IND-001149,West Siang,Arunachal Pradesh,1971,1290.542725,LINEAGE_BACKFILL,IND-001032|IND-001033|IND-001034,0.2281
IND-001149,West Siang,Arunachal Pradesh,1981,1290.566906,LINEAGE_BACKFILL,IND-001032|IND-001033|IND-001034,0.3259
IND-001149,West Siang,Arunachal Pradesh,1991,1290.563505,LINEAGE_BACKFILL,IND-001032|IND-001033|IND-001034,0.343
IND-001149,West Siang,Arunachal Pradesh,2001,1290.564789,LINEAGE_BACKFILL,IND-001032|IND-001033|IND-001034,0.49
IND-001149,West Siang,Arunachal Pradesh,2011,1355.344412,LINEAGE_BACKFILL,IND-001032|IND-001033|IND-001034,0.7
IND-001149,West Siang,Arunachal Pradesh,2021,1355.3444627360657,DIRECT,IND-001149,1.0
IND-001149,West Siang,Arunachal Pradesh,2025,1333.427777565716,DIRECT,IND-001149,1.0
IND-000629,Changlang,Arunachal_Pradesh,1951,4973.105924,LINEAGE_BACKFILL,IND-000047,0.7
IND-000629,Changlang,Arunachal_Pradesh,1961,4973.105924,LINEAGE_BACKFILL,IND-000047,0.7
IND-000629,Changlang,Arunachal_Pradesh,1971,4973.105924,LINEAGE_BACKFILL,IND-000047,0.7
IND-000629,Changlang,Arunachal_Pradesh,1981,4973.105906,LINEAGE_BACKFILL,IND-000047,0.7
IND-000629,Changlang,Arunachal_Pradesh,1991,4973.193940622871,DIRECT,IND-000629,1.0
IND-000629,Changlang,Arunachal_Pradesh,2001,4973.193940622871,DIRECT,IND-000629,1.0
IND-000629,Changlang,Arunachal_Pradesh,2011,5023.751921071409,DIRECT,IND-000629,1.0
IND-000629,Changlang,Arunachal_Pradesh,2021,5029.735962042137,DIRECT,IND-000629,1.0
IND-000629,Changlang,Arunachal_Pradesh,2025,4948.252676451549,DIRECT,IND-000629,1.0
IND-000632,West_Kameng,Arunachal_Pradesh,1951,4801.400997,LINEAGE_BACKFILL,IND-000488,0.49
IND-000632,West_Kameng,Arunachal_Pradesh,1961,4801.400997,LINEAGE_BACKFILL,IND-000488,0.49
IND-000632,West_Kameng,Arunachal_Pradesh,1971,4801.400997,LINEAGE_BACKFILL,IND-000488,0.49
IND-000632,West_Kameng,Arunachal_Pradesh,1981,4801.495541,LINEAGE_BACKFILL,IND-000488,0.7
IND-000632,West_Kameng,Arunachal_Pradesh,1991,4801.626981535603,DIRECT,IND-000632,1.0
IND-000632,West_Kameng,Arunachal_Pradesh,2001,4801.626981535603,DIRECT,IND-000632,1.0
IND-000632,West_Kameng,Arunachal_Pradesh,2011,4962.138748345842,DIRECT,IND-000632,1.0
IND-000632,West_Kameng,Arunachal_Pradesh,2021,5030.825382968638,DIRECT,IND-000632,1.0
IND-000632,West_Kameng,Arunachal_Pradesh,2025,4916.455052728255,DIRECT,IND-000632,1.0
IND-001070,Baksa,Assam,1951,2435.10564,LINEAGE_BACKFILL,IND-000517|IND-000518|IND-000519|IND-000802|IND-000803,0.3258
IND-001070,Baksa,Assam,1961,2435.10564,LINEAGE_BACKFILL,IND-000517|IND-000518|IND-000519|IND-000802|IND-000803,0.3258
IND-001070,Baksa,Assam,1971,2435.10564,LINEAGE_BACKFILL,IND-000517|IND-000518|IND-000519|IND-000802|IND-000803,0.3258
IND-001070,Baksa,Assam,1981,2435.11151,LINEAGE_BACKFILL,IND-000517|IND-000518|IND-000519|IND-000802|IND-000803,0.4655
IND-001070,Baksa,Assam,1991,2435.100275,LINEAGE_BACKFILL,IND-000517|IND-000518|IND-000519|IND-000802|IND-000803,0.49
IND-001070,Baksa,Assam,2001,2435.082842,LINEAGE_BACKFILL,IND-000517|IND-000518|IND-000519|IND-000802|IND-000803,0.7
IND-001070,Baksa,Assam,2011,2442.6939606159276,DIRECT,IND-001070,1.0
IND-001070,Baksa,Assam,2021,2430.368109355404,DIRECT,IND-001070,1.0
IND-001070,Baksa,Assam,2025,2439.9128609143613,DIRECT,IND-001070,1.0
IND-001062,Barpeta,Assam,1951,2322.754263,LINEAGE_BACKFILL,IND-000515|IND-000517|IND-000518|IND-000802|IND-000803,0.3258
IND-001062,Barpeta,Assam,1961,2322.754263,LINEAGE_BACKFILL,IND-000515|IND-000517|IND-000518|IND-000802|IND-000803,0.3258
IND-001062,Barpeta,Assam,1971,2322.754263,LINEAGE_BACKFILL,IND-000515|IND-000517|IND-000518|IND-000802|IND-000803,0.3258
IND-001062,Barpeta,Assam,1981,2322.756139,LINEAGE_BACKFILL,IND-000515|IND-000517|IND-000518|IND-000802|IND-000803,0.4655
IND-001062,Barpeta,Assam,1991,2322.341403,LINEAGE_BACKFILL,IND-000515|IND-000517|IND-000518|IND-000802|IND-000803,0.49
IND-001062,Barpeta,Assam,2001,2322.304961,LINEAGE_BACKFILL,IND-000515|IND-000517|IND-000518|IND-000802|IND-000803,0.7
IND-001062,Barpeta,Assam,2011,2322.333530108819,DIRECT,IND-001062,1.0
IND-001062,Barpeta,Assam,2021,2278.5500735632763,DIRECT,IND-001062,1.0
IND-001062,Barpeta,Assam,2025,2289.1362597939815,DIRECT,IND-001062,1.0
IND-001373,Biswanath,Assam,1951,2245.161793,LINEAGE_BACKFILL,IND-001194|IND-001199,0.1177
IND-001373,Biswanath,Assam,1961,2245.161901,LINEAGE_BACKFILL,IND-001194|IND-001199,0.1177
IND-001373,Biswanath,Assam,1971,2245.161909,LINEAGE_BACKFILL,IND-001194|IND-001199,0.1681
IND-001373,Biswanath,Assam,1981,2245.187517,LINEAGE_BACKFILL,IND-001194|IND-001199,0.1681
IND-001373,Biswanath,Assam,1991,2245.406247,LINEAGE_BACKFILL,IND-001194|IND-001199,0.2401
IND-001373,Biswanath,Assam,2001,2245.168983,LINEAGE_BACKFILL,IND-001194|IND-001199,0.343
IND-001373,Biswanath,Assam,2011,2219.362661,LINEAGE_BACKFILL,IND-001194|IND-001199,0.49
IND-001373,Biswanath,Assam,2021,2219.371643,LINEAGE_BACKFILL,IND-001194|IND-001199,0.7
IND-001373,Biswanath,Assam,2025,2220.1140381160167,DIRECT,IND-001373,1.0
IND-001065,Bongaigaon,Assam,1951,1070.161129,LINEAGE_BACKFILL,IND-000512|IND-000515|IND-000801|IND-000802|IND-000803,0.2401
IND-001065,Bongaigaon,Assam,1961,1070.161129,LINEAGE_BACKFILL,IND-000512|IND-000515|IND-000801|IND-000802|IND-000803,0.2401
IND-001065,Bongaigaon,Assam,1971,1070.161129,LINEAGE_BACKFILL,IND-000512|IND-000515|IND-000801|IND-000802|IND-000803,0.2401
IND-001065,Bongaigaon,Assam,1981,1070.167366,LINEAGE_BACKFILL,IND-000512|IND-000515|IND-000801|IND-000802|IND-000803,0.343
IND-001065,Bongaigaon,Assam,1991,1061.708119,LINEAGE_BACKFILL,IND-000512|IND-000515|IND-000801|IND-000802|IND-000803,0.49
IND-001065,Bongaigaon,Assam,2001,1061.756249,LINEAGE_BACKFILL,IND-000512|IND-000515|IND-000801|IND-000802|IND-000803,0.7
IND-001065,Bongaigaon,Assam,2011,1061.8526332282458,DIRECT,IND-001065,1.0
IND-001065,Bongaigaon,Assam,2021,1088.1755009897,DIRECT,IND-001065,1.0
IND-001065,Bongaigaon,Assam,2025,1118.1042002162335,DIRECT,IND-001065,1.0
IND-000807,Cachar,Assam,1951,3825.951444,LINEAGE_BACKFILL,IND-000640,0.343
IND-000807,Cachar,Assam,1961,3825.951444,LINEAGE_BACKFILL,IND-000640,0.343
IND-000807,Cachar,Assam,1971,3825.984034,LINEAGE_BACKFILL,IND-000640,0.49
IND-000807,Cachar,Assam,1981,3826.123208,LINEAGE_BACKFILL,IND-000640,0.49
IND-000807,Cachar,Assam,1991,3826.264609,LINEAGE_BACKFILL,IND-000640,0.7
IND-000807,Cachar,Assam,2001,3826.4084233586777,DIRECT,IND-000807,1.0
IND-000807,Cachar,Assam,2011,3781.9556734625503,DIRECT,IND-000807,1.0
IND-000807,Cachar,Assam,2021,3783.329437247254,DIRECT,IND-000807,1.0
IND-000807,Cachar,Assam,2025,3783.8013060555368,DIRECT,IND-000807,1.0
IND-001197,Charaideo,Assam,1951,1077.675717,LINEAGE_BACKFILL,IND-000477|IND-000527|IND-000528|IND-000631,0.49
IND-001197,Charaideo,Assam,1961,1077.675717,LINEAGE_BACKFILL,IND-000477|IND-000527|IND-000528|IND-000631,0.49
IND-001197,Charaideo,Assam,1971,1077.675717,LINEAGE_BACKFILL,IND-000477|IND-000527|IND-000528|IND-000631,0.49
IND-001197,Charaideo,Assam,1981,1077.694487,LINEAGE_BACKFILL,IND-000477|IND-000527|IND-000528|IND-000631,0.49
IND-001197,Charaideo,Assam,1991,1077.683445,LINEAGE_BACKFILL,IND-000477|IND-000527|IND-000528|IND-000631,0.7
IND-001197,Charaideo,Assam,2001,1077.683445,LINEAGE_BACKFILL,IND-000477|IND-000527|IND-000528|IND-000631,0.7
IND-001197,Charaideo,Assam,2011,1068.291472,LINEAGE_BACKFILL,IND-000477|IND-000527|IND-000528|IND-000631,0.7
IND-001197,Charaideo,Assam,2021,1068.1810339706828,DIRECT,IND-001197,1.0
IND-001197,Charaideo,Assam,2025,1013.008729825038,DIRECT,IND-001197,1.0
IND-001066,Chirang,Assam,1951,1950.600639,LINEAGE_BACKFILL,IND-000801|IND-000802|IND-000803,0.2401
IND-001066,Chirang,Assam,1961,1950.600639,LINEAGE_BACKFILL,IND-000801|IND-000802|IND-000803,0.2401
IND-001066,Chirang,Assam,1971,1950.600639,LINEAGE_BACKFILL,IND-000801|IND-000802|IND-000803,0.2401
IND-001066,Chirang,Assam,1981,1950.612621,LINEAGE_BACKFILL,IND-000801|IND-000802|IND-000803,0.343
IND-001066,Chirang,Assam,1991,1931.266549,LINEAGE_BACKFILL,IND-000801|IND-000802|IND-000803,0.49
IND-001066,Chirang,Assam,2001,1931.351222,LINEAGE_BACKFILL,IND-000801|IND-000802|IND-000803,0.7
IND-001066,Chirang,Assam,2011,1931.8955413019653,DIRECT,IND-001066,1.0
IND-001066,Chirang,Assam,2021,1926.5462272466796,DIRECT,IND-001066,1.0
IND-001066,Chirang,Assam,2025,1912.7881825672075,DIRECT,IND-001066,1.0
IND-001071,Darrang,Assam,1951,1580.30189,LINEAGE_BACKFILL,IND-000518|IND-000519|IND-000520|IND-000523,0.49
IND-001071,Darrang,Assam,1961,1580.30189,LINEAGE_BACKFILL,IND-000518|IND-000519|IND-000520|IND-000523,0.49
IND-001071,Darrang,Assam,1971,1580.30189,LINEAGE_BACKFILL,IND-000518|IND-000519|IND-000520|IND-000523,0.49
IND-001071,Darrang,Assam,1981,1580.308332,LINEAGE_BACKFILL,IND-000518|IND-000519|IND-000520|IND-000523,0.7
IND-001071,Darrang,Assam,1991,1580.30536,LINEAGE_BACKFILL,IND-000518|IND-000519|IND-000520|IND-000523,0.7
IND-001071,Darrang,Assam,2001,1580.30536,LINEAGE_BACKFILL,IND-000518|IND-000519|IND-000520|IND-000523,0.7
IND-001071,Darrang,Assam,2011,1580.3413861579024,DIRECT,IND-001071,1.0
IND-001071,Darrang,Assam,2021,1583.6211251757074,DIRECT,IND-001071,1.0
IND-001071,Darrang,Assam,2025,1583.4017044182983,DIRECT,IND-001071,1.0
IND-000805,Dhemaji,Assam,1951,2597.168831,LINEAGE_BACKFILL,IND-000641,0.343
IND-000805,Dhemaji,Assam,1961,2597.168831,LINEAGE_BACKFILL,IND-000641,0.343
IND-000805,Dhemaji,Assam,1971,2597.168831,LINEAGE_BACKFILL,IND-000641,0.343
IND-000805,Dhemaji,Assam,1981,2597.337233,LINEAGE_BACKFILL,IND-000641,0.49
IND-000805,Dhemaji,Assam,1991,2597.599311,LINEAGE_BACKFILL,IND-000641,0.7
IND-000805,Dhemaji,Assam,2001,2597.752272148744,DIRECT,IND-000805,1.0
IND-000805,Dhemaji,Assam,2011,2577.94219535651,DIRECT,IND-000805,1.0
IND-000805,Dhemaji,Assam,2021,2482.799819440292,DIRECT,IND-000805,1.0
IND-000805,Dhemaji,Assam,2025,2478.9936006188805,DIRECT,IND-000805,1.0
IND-001196,Dhubri,Assam,1951,1534.835233,LINEAGE_BACKFILL,IND-000316|IND-000515|IND-001060|IND-001061|IND-001065,0.1681
IND-001196,Dhubri,Assam,1961,1534.835233,LINEAGE_BACKFILL,IND-000316|IND-000515|IND-001060|IND-001061|IND-001065,0.1681
IND-001196,Dhubri,Assam,1971,1534.835233,LINEAGE_BACKFILL,IND-000316|IND-000515|IND-001060|IND-001061|IND-001065,0.1681
IND-001196,Dhubri,Assam,1981,1534.889046,LINEAGE_BACKFILL,IND-000316|IND-000515|IND-001060|IND-001061|IND-001065,0.2401
IND-001196,Dhubri,Assam,1991,1531.123881,LINEAGE_BACKFILL,IND-000316|IND-000515|IND-001060|IND-001061|IND-001065,0.343
IND-001196,Dhubri,Assam,2001,1531.12809,LINEAGE_BACKFILL,IND-000316|IND-000515|IND-001060|IND-001061|IND-001065,0.49
IND-001196,Dhubri,Assam,2011,1543.252758,LINEAGE_BACKFILL,IND-000316|IND-000515|IND-001060|IND-001061|IND-001065,0.7
IND-001196,Dhubri,Assam,2021,1556.8195508808506,DIRECT,IND-001196,1.0
IND-001196,Dhubri,Assam,2025,1659.3985508054045,DIRECT,IND-001196,1.0
IND-000528,Dibrugarh,Assam,1951,3386.858507,LINEAGE_BACKFILL,IND-000023,0.95
IND-000528,Dibrugarh,Assam,1961,3386.858507,LINEAGE_BACKFILL,IND-000023,0.95
IND-000528,Dibrugarh,Assam,1971,3386.858507,LINEAGE_BACKFILL,IND-000023,0.95
IND-000528,Dibrugarh,Assam,1981,3387.1400086496506,DIRECT,IND-000528,1.0
IND-000528,Dibrugarh,Assam,1991,3387.135592155059,DIRECT,IND-000528,1.0
IND-000528,Dibrugarh,Assam,2001,3387.135592155059,DIRECT,IND-000528,1.0
IND-000528,Dibrugarh,Assam,2011,3370.726694544582,DIRECT,IND-000528,1.0
IND-000528,Dibrugarh,Assam,2021,3379.440020674772,DIRECT,IND-000528,1.0
IND-000528,Dibrugarh,Assam,2025,3380.0813148392376,DIRECT,IND-000528,1.0
IND-000515,Goalpara,Assam,1951,1988.96158,LINEAGE_BACKFILL,IND-000018,0.95
IND-000515,Goalpara,Assam,1961,1988.96158,LINEAGE_BACKFILL,IND-000018,0.95
IND-000515,Goalpara,Assam,1971,1988.96158,LINEAGE_BACKFILL,IND-000018,0.95
IND-000515,Goalpara,Assam,1981,1988.9759990736204,DIRECT,IND-000515,1.0
IND-000515,Goalpara,Assam,1991,1988.9754628229373,DIRECT,IND-000515,1.0
IND-000515,Goalpara,Assam,2001,1988.9754628229373,DIRECT,IND-000515,1.0
IND-000515,Goalpara,Assam,2011,1994.174761180005,DIRECT,IND-000515,1.0
IND-000515,Goalpara,Assam,2021,1978.8533975791056,DIRECT,IND-000515,1.0
IND-000515,Goalpara,Assam,2025,1955.2979035422325,DIRECT,IND-000515,1.0
IND-000525,Golaghat,Assam,1951,3151.796644,LINEAGE_BACKFILL,IND-000022,0.7
IND-000525,Golaghat,Assam,1961,3151.796644,LINEAGE_BACKFILL,IND-000022,0.7
IND-000525,Golaghat,Assam,1971,3151.796644,LINEAGE_BACKFILL,IND-000022,0.7
IND-000525,Golaghat,Assam,1981,3151.8401714029874,DIRECT,IND-000525,1.0
IND-000525,Golaghat,Assam,1991,3223.7954340092306,DIRECT,IND-000525,1.0
IND-000525,Golaghat,Assam,2001,3151.8332100345615,DIRECT,IND-000525,1.0
IND-000525,Golaghat,Assam,2011,3280.119503864817,DIRECT,IND-000525,1.0
IND-000525,Golaghat,Assam,2021,3523.677603874902,DIRECT,IND-000525,1.0
IND-000525,Golaghat,Assam,2025,3225.032903748891,DIRECT,IND-000525,1.0
IND-000539,Hailakandi,Assam,1951,1341.713488,LINEAGE_BACKFILL,IND-000010,0.7
IND-000539,Hailakandi,Assam,1961,1341.713488,LINEAGE_BACKFILL,IND-000010,0.7
IND-000539,Hailakandi,Assam,1971,1341.713488,LINEAGE_BACKFILL,IND-000010,0.7
IND-000539,Hailakandi,Assam,1981,1341.7134884763204,DIRECT,IND-000539,1.0
IND-000539,Hailakandi,Assam,1991,1341.7347721250133,DIRECT,IND-000539,1.0
IND-000539,Hailakandi,Assam,2001,1341.7347721250133,DIRECT,IND-000539,1.0
IND-000539,Hailakandi,Assam,2011,1337.7394083832955,DIRECT,IND-000539,1.0
IND-000539,Hailakandi,Assam,2021,1329.0728073951857,DIRECT,IND-000539,1.0
IND-000539,Hailakandi,Assam,2025,1329.7547844543303,DIRECT,IND-000539,1.0
IND-001200,Hojai,Assam,1951,1454.532757,LINEAGE_BACKFILL,IND-000424|IND-000806|IND-001064,0.2281
IND-001200,Hojai,Assam,1961,1454.532757,LINEAGE_BACKFILL,IND-000424|IND-000806|IND-001064,0.2281
IND-001200,Hojai,Assam,1971,1454.533643,LINEAGE_BACKFILL,IND-000424|IND-000806|IND-001064,0.3259
IND-001200,Hojai,Assam,1981,1454.551176,LINEAGE_BACKFILL,IND-000424|IND-000806|IND-001064,0.3259
IND-001200,Hojai,Assam,1991,1454.546382,LINEAGE_BACKFILL,IND-000424|IND-000806|IND-001064,0.4655
IND-001200,Hojai,Assam,2001,1454.546651,LINEAGE_BACKFILL,IND-000424|IND-000806|IND-001064,0.665
IND-001200,Hojai,Assam,2011,1455.419776,LINEAGE_BACKFILL,IND-000424|IND-000806|IND-001064,0.7
IND-001200,Hojai,Assam,2021,1455.4770667676885,DIRECT,IND-001200,1.0
IND-001200,Hojai,Assam,2025,1455.7578119140755,DIRECT,IND-001200,1.0
IND-001193,Jorhat,Assam,1951,2022.055781,LINEAGE_BACKFILL,IND-000474|IND-000475|IND-000525|IND-000526|IND-000527,0.4655
IND-001193,Jorhat,Assam,1961,2022.056018,LINEAGE_BACKFILL,IND-000474|IND-000475|IND-000525|IND-000526|IND-000527,0.49
IND-001193,Jorhat,Assam,1971,2022.056018,LINEAGE_BACKFILL,IND-000474|IND-000475|IND-000525|IND-000526|IND-000527,0.49
IND-001193,Jorhat,Assam,1981,2022.153445,LINEAGE_BACKFILL,IND-000474|IND-000475|IND-000525|IND-000526|IND-000527,0.7
IND-001193,Jorhat,Assam,1991,2022.436253,LINEAGE_BACKFILL,IND-000474|IND-000475|IND-000525|IND-000526|IND-000527,0.7
IND-001193,Jorhat,Assam,2001,2022.15433,LINEAGE_BACKFILL,IND-000474|IND-000475|IND-000525|IND-000526|IND-000527,0.7
IND-001193,Jorhat,Assam,2011,2048.024131,LINEAGE_BACKFILL,IND-000474|IND-000475|IND-000525|IND-000526|IND-000527,0.7
IND-001193,Jorhat,Assam,2021,2048.025576495527,DIRECT,IND-001193,1.0
IND-001193,Jorhat,Assam,2025,1865.7789805439115,DIRECT,IND-001193,1.0
IND-001067,Kamrup,Assam,1951,3105.589073,LINEAGE_BACKFILL,IND-000465|IND-000515|IND-000517|IND-000518|IND-000519|IND-000797|IND-000799|IND-000803,0.2401
IND-001067,Kamrup,Assam,1961,3105.589073,LINEAGE_BACKFILL,IND-000465|IND-000515|IND-000517|IND-000518|IND-000519|IND-000797|IND-000799|IND-000803,0.2401
IND-001067,Kamrup,Assam,1971,3105.589073,LINEAGE_BACKFILL,IND-000465|IND-000515|IND-000517|IND-000518|IND-000519|IND-000797|IND-000799|IND-000803,0.2401
IND-001067,Kamrup,Assam,1981,3105.634951,LINEAGE_BACKFILL,IND-000465|IND-000515|IND-000517|IND-000518|IND-000519|IND-000797|IND-000799|IND-000803,0.343
IND-001067,Kamrup,Assam,1991,3105.628964,LINEAGE_BACKFILL,IND-000465|IND-000515|IND-000517|IND-000518|IND-000519|IND-000797|IND-000799|IND-000803,0.49
IND-001067,Kamrup,Assam,2001,3105.63197,LINEAGE_BACKFILL,IND-000465|IND-000515|IND-000517|IND-000518|IND-000519|IND-000797|IND-000799|IND-000803,0.7
IND-001067,Kamrup,Assam,2011,3105.625991465717,DIRECT,IND-001067,1.0
IND-001067,Kamrup,Assam,2021,3102.9387351207884,DIRECT,IND-001067,1.0
IND-001067,Kamrup,Assam,2025,3124.651111039376,DIRECT,IND-001067,1.0
IND-001068,Kamrup Metropolitan,Assam,1951,982.886411,LINEAGE_BACKFILL,IND-000518|IND-000519|IND-000523|IND-000799,0.4655
IND-001068,Kamrup Metropolitan,Assam,1961,982.886411,LINEAGE_BACKFILL,IND-000518|IND-000519|IND-000523|IND-000799,0.4655
IND-001068,Kamrup Metropolitan,Assam,1971,982.886411,LINEAGE_BACKFILL,IND-000518|IND-000519|IND-000523|IND-000799,0.4655
IND-001068,Kamrup Metropolitan,Assam,1981,982.910867,LINEAGE_BACKFILL,IND-000518|IND-000519|IND-000523|IND-000799,0.665
IND-001068,Kamrup Metropolitan,Assam,1991,982.903761,LINEAGE_BACKFILL,IND-000518|IND-000519|IND-000523|IND-000799,0.665
IND-001068,Kamrup Metropolitan,Assam,2001,982.904068,LINEAGE_BACKFILL,IND-000518|IND-000519|IND-000523|IND-000799,0.7
IND-001068,Kamrup Metropolitan,Assam,2011,982.7515363488568,DIRECT,IND-001068,1.0
IND-001068,Kamrup Metropolitan,Assam,2021,991.1732809989558,DIRECT,IND-001068,1.0
IND-001068,Kamrup Metropolitan,Assam,2025,971.9793350446294,DIRECT,IND-001068,1.0
IND-001202,Karbi Anglong,Assam,1951,7203.015819,LINEAGE_BACKFILL,IND-000424|IND-000525|IND-000806|IND-001041|IND-001046|IND-001064,0.1681
IND-001202,Karbi Anglong,Assam,1961,7203.016093,LINEAGE_BACKFILL,IND-000424|IND-000525|IND-000806|IND-001041|IND-001046|IND-001064,0.1681
IND-001202,Karbi Anglong,Assam,1971,7203.050967,LINEAGE_BACKFILL,IND-000424|IND-000525|IND-000806|IND-001041|IND-001046|IND-001064,0.2401
IND-001202,Karbi Anglong,Assam,1981,7203.05257,LINEAGE_BACKFILL,IND-000424|IND-000525|IND-000806|IND-001041|IND-001046|IND-001064,0.2401
IND-001202,Karbi Anglong,Assam,1991,7204.136177,LINEAGE_BACKFILL,IND-000424|IND-000525|IND-000806|IND-001041|IND-001046|IND-001064,0.343
IND-001202,Karbi Anglong,Assam,2001,7203.056198,LINEAGE_BACKFILL,IND-000424|IND-000525|IND-000806|IND-001041|IND-001046|IND-001064,0.49
IND-001202,Karbi Anglong,Assam,2011,7323.550164,LINEAGE_BACKFILL,IND-000424|IND-000525|IND-000806|IND-001041|IND-001046|IND-001064,0.7
IND-001202,Karbi Anglong,Assam,2021,7323.460360100154,DIRECT,IND-001202,1.0
IND-001202,Karbi Anglong,Assam,2025,7325.26001026218,DIRECT,IND-001202,1.0
IND-000533,Karimganj,Assam,1951,1771.835244,LINEAGE_BACKFILL,IND-000010,0.95
IND-000533,Karimganj,Assam,1961,1771.835244,LINEAGE_BACKFILL,IND-000010,0.95
IND-000533,Karimganj,Assam,1971,1771.835244,LINEAGE_BACKFILL,IND-000010,0.95
IND-000533,Karimganj,Assam,1981,1772.0230409150824,DIRECT,IND-000533,1.0
IND-000533,Karimganj,Assam,1991,1771.942275941182,DIRECT,IND-000533,1.0
IND-000533,Karimganj,Assam,2001,1771.942275941182,DIRECT,IND-000533,1.0
IND-000533,Karimganj,Assam,2011,1790.711752594964,DIRECT,IND-000533,1.0
IND-000533,Karimganj,Assam,2021,1840.006144825741,DIRECT,IND-000533,1.0
IND-000533,Karimganj,Assam,2025,1812.9228483510833,DIRECT,IND-000533,1.0
IND-001060,Kokrajhar,Assam,1951,3220.963034,LINEAGE_BACKFILL,IND-000314|IND-000316|IND-000512|IND-000801|IND-000802,0.2401
IND-001060,Kokrajhar,Assam,1961,3220.963034,LINEAGE_BACKFILL,IND-000314|IND-000316|IND-000512|IND-000801|IND-000802,0.2401
IND-001060,Kokrajhar,Assam,1971,3220.963034,LINEAGE_BACKFILL,IND-000314|IND-000316|IND-000512|IND-000801|IND-000802,0.2401
IND-001060,Kokrajhar,Assam,1981,3221.023248,LINEAGE_BACKFILL,IND-000314|IND-000316|IND-000512|IND-000801|IND-000802,0.343
IND-001060,Kokrajhar,Assam,1991,3138.57757,LINEAGE_BACKFILL,IND-000314|IND-000316|IND-000512|IND-000801|IND-000802,0.49
IND-001060,Kokrajhar,Assam,2001,3138.653741,LINEAGE_BACKFILL,IND-000314|IND-000316|IND-000512|IND-000801|IND-000802,0.7
IND-001060,Kokrajhar,Assam,2011,3147.3940182527913,DIRECT,IND-001060,1.0
IND-001060,Kokrajhar,Assam,2021,3130.877024298029,DIRECT,IND-001060,1.0
IND-001060,Kokrajhar,Assam,2025,3105.937754198289,DIRECT,IND-001060,1.0
IND-000804,Lakhimpur,Assam,1951,2915.767368,LINEAGE_BACKFILL,IND-000641|IND-000642,0.343
IND-000804,Lakhimpur,Assam,1961,2915.767368,LINEAGE_BACKFILL,IND-000641|IND-000642,0.343
IND-000804,Lakhimpur,Assam,1971,2915.767368,LINEAGE_BACKFILL,IND-000641|IND-000642,0.343
IND-000804,Lakhimpur,Assam,1981,2915.934317,LINEAGE_BACKFILL,IND-000641|IND-000642,0.49
IND-000804,Lakhimpur,Assam,1991,2916.167351,LINEAGE_BACKFILL,IND-000641|IND-000642,0.7
IND-000804,Lakhimpur,Assam,2001,2916.091359611888,DIRECT,IND-000804,1.0
IND-000804,Lakhimpur,Assam,2011,2868.810395499825,DIRECT,IND-000804,1.0
IND-000804,Lakhimpur,Assam,2021,2998.085636170444,DIRECT,IND-000804,1.0
IND-000804,Lakhimpur,Assam,2025,2996.0709969302397,DIRECT,IND-000804,1.0
IND-001374,Majuli,Assam,1951,1226.51476,LINEAGE_BACKFILL,IND-000525|IND-000804|IND-001193|IND-001198,0.1681
IND-001374,Majuli,Assam,1961,1226.514781,LINEAGE_BACKFILL,IND-000525|IND-000804|IND-001193|IND-001198,0.1681
IND-001374,Majuli,Assam,1971,1226.514781,LINEAGE_BACKFILL,IND-000525|IND-000804|IND-001193|IND-001198,0.1681
IND-001374,Majuli,Assam,1981,1226.564654,LINEAGE_BACKFILL,IND-000525|IND-000804|IND-001193|IND-001198,0.2401
IND-001374,Majuli,Assam,1991,1232.69849,LINEAGE_BACKFILL,IND-000525|IND-000804|IND-001193|IND-001198,0.343
IND-001374,Majuli,Assam,2001,1226.565104,LINEAGE_BACKFILL,IND-000525|IND-000804|IND-001193|IND-001198,0.49
IND-001374,Majuli,Assam,2011,1249.13835,LINEAGE_BACKFILL,IND-000525|IND-000804|IND-001193|IND-001198,0.49
IND-001374,Majuli,Assam,2021,1269.881442,LINEAGE_BACKFILL,IND-000525|IND-000804|IND-001193|IND-001198,0.7
IND-001374,Majuli,Assam,2025,1270.1034247225075,DIRECT,IND-001374,1.0
IND-001063,Morigaon,Assam,1951,1506.511297,LINEAGE_BACKFILL,IND-000424|IND-000519|IND-000523|IND-000524,0.49
IND-001063,Morigaon,Assam,1961,1506.511297,LINEAGE_BACKFILL,IND-000424|IND-000519|IND-000523|IND-000524,0.49
IND-001063,Morigaon,Assam,1971,1506.511395,LINEAGE_BACKFILL,IND-000424|IND-000519|IND-000523|IND-000524,0.49
IND-001063,Morigaon,Assam,1981,1506.660513,LINEAGE_BACKFILL,IND-000424|IND-000519|IND-000523|IND-000524,0.7
IND-001063,Morigaon,Assam,1991,1506.587736,LINEAGE_BACKFILL,IND-000424|IND-000519|IND-000523|IND-000524,0.7
IND-001063,Morigaon,Assam,2001,1506.587736,LINEAGE_BACKFILL,IND-000424|IND-000519|IND-000523|IND-000524,0.7
IND-001063,Morigaon,Assam,2011,1506.6917540527843,DIRECT,IND-001063,1.0
IND-001063,Morigaon,Assam,2021,1510.9398469347796,DIRECT,IND-001063,1.0
IND-001063,Morigaon,Assam,2025,1511.1102233132208,DIRECT,IND-001063,1.0
IND-001195,Nagaon,Assam,1951,2576.975954,LINEAGE_BACKFILL,IND-000424|IND-000520|IND-000525|IND-001063|IND-001064,0.2281
IND-001195,Nagaon,Assam,1961,2576.975954,LINEAGE_BACKFILL,IND-000424|IND-000520|IND-000525|IND-001063|IND-001064,0.2281
IND-001195,Nagaon,Assam,1971,2576.977343,LINEAGE_BACKFILL,IND-000424|IND-000520|IND-000525|IND-001063|IND-001064,0.3259
IND-001195,Nagaon,Assam,1981,2577.011674,LINEAGE_BACKFILL,IND-000424|IND-000520|IND-000525|IND-001063|IND-001064,0.3259
IND-001195,Nagaon,Assam,1991,2577.16311,LINEAGE_BACKFILL,IND-000424|IND-000520|IND-000525|IND-001063|IND-001064,0.4655
IND-001195,Nagaon,Assam,2001,2577.001475,LINEAGE_BACKFILL,IND-000424|IND-000520|IND-000525|IND-001063|IND-001064,0.49
IND-001195,Nagaon,Assam,2011,2578.207444,LINEAGE_BACKFILL,IND-000424|IND-000520|IND-000525|IND-001063|IND-001064,0.7
IND-001195,Nagaon,Assam,2021,2578.237805267424,DIRECT,IND-001195,1.0
IND-001195,Nagaon,Assam,2025,2577.6675133153713,DIRECT,IND-001195,1.0
IND-001069,Nalbari,Assam,1951,1042.645534,LINEAGE_BACKFILL,IND-000517|IND-000518|IND-000803,0.2401
IND-001069,Nalbari,Assam,1961,1042.645534,LINEAGE_BACKFILL,IND-000517|IND-000518|IND-000803,0.2401
IND-001069,Nalbari,Assam,1971,1042.645534,LINEAGE_BACKFILL,IND-000517|IND-000518|IND-000803,0.2401
IND-001069,Nalbari,Assam,1981,1042.646366,LINEAGE_BACKFILL,IND-000517|IND-000518|IND-000803,0.343
IND-001069,Nalbari,Assam,1991,1042.640436,LINEAGE_BACKFILL,IND-000517|IND-000518|IND-000803,0.49
IND-001069,Nalbari,Assam,2001,1042.640044,LINEAGE_BACKFILL,IND-000517|IND-000518|IND-000803,0.7
IND-001069,Nalbari,Assam,2011,1042.6771735819175,DIRECT,IND-001069,1.0
IND-001069,Nalbari,Assam,2021,1046.5962287791149,DIRECT,IND-001069,1.0
IND-001069,Nalbari,Assam,2025,1045.5945175572117,DIRECT,IND-001069,1.0
IND-000806,North Cachar Hills,Assam,1951,4895.310758,LINEAGE_BACKFILL,IND-000640|IND-000643,0.343
IND-000806,North Cachar Hills,Assam,1961,4895.310758,LINEAGE_BACKFILL,IND-000640|IND-000643,0.343
IND-000806,North Cachar Hills,Assam,1971,4895.53767,LINEAGE_BACKFILL,IND-000640|IND-000643,0.49
IND-000806,North Cachar Hills,Assam,1981,4895.564314,LINEAGE_BACKFILL,IND-000640|IND-000643,0.49
IND-000806,North Cachar Hills,Assam,1991,4895.929963,LINEAGE_BACKFILL,IND-000640|IND-000643,0.7
IND-000806,North Cachar Hills,Assam,2001,4896.204090196497,DIRECT,IND-000806,1.0
IND-000806,North Cachar Hills,Assam,2011,4902.855543357029,DIRECT,IND-000806,1.0
IND-000806,North Cachar Hills,Assam,2021,4883.8354566957005,DIRECT,IND-000806,1.0
IND-000806,North Cachar Hills,Assam,2025,4883.621583527882,DIRECT,IND-000806,1.0
IND-001192,Sivasagar,Assam,1951,1585.156284,LINEAGE_BACKFILL,IND-000475|IND-000477|IND-000526|IND-000527|IND-000528|IND-001043,0.3258
IND-001192,Sivasagar,Assam,1961,1585.156381,LINEAGE_BACKFILL,IND-000475|IND-000477|IND-000526|IND-000527|IND-000528|IND-001043,0.343
IND-001192,Sivasagar,Assam,1971,1585.156381,LINEAGE_BACKFILL,IND-000475|IND-000477|IND-000526|IND-000527|IND-000528|IND-001043,0.343
IND-001192,Sivasagar,Assam,1981,1585.185284,LINEAGE_BACKFILL,IND-000475|IND-000477|IND-000526|IND-000527|IND-000528|IND-001043,0.49
IND-001192,Sivasagar,Assam,1991,1585.168647,LINEAGE_BACKFILL,IND-000475|IND-000477|IND-000526|IND-000527|IND-000528|IND-001043,0.49
IND-001192,Sivasagar,Assam,2001,1585.168647,LINEAGE_BACKFILL,IND-000475|IND-000477|IND-000526|IND-000527|IND-000528|IND-001043,0.49
IND-001192,Sivasagar,Assam,2011,1572.722387,LINEAGE_BACKFILL,IND-000475|IND-000477|IND-000526|IND-000527|IND-000528|IND-001043,0.7
IND-001192,Sivasagar,Assam,2021,1572.7168015670286,DIRECT,IND-001192,1.0
IND-001192,Sivasagar,Assam,2025,1630.4591761915224,DIRECT,IND-001192,1.0
IND-001375,Sonitpur,Assam,1951,3040.234274,LINEAGE_BACKFILL,IND-001072|IND-001194,0.1177
IND-001375,Sonitpur,Assam,1961,3040.234274,LINEAGE_BACKFILL,IND-001072|IND-001194,0.1177
IND-001375,Sonitpur,Assam,1971,3040.234299,LINEAGE_BACKFILL,IND-001072|IND-001194,0.1681
IND-001375,Sonitpur,Assam,1981,3040.268055,LINEAGE_BACKFILL,IND-001072|IND-001194,0.1681
IND-001375,Sonitpur,Assam,1991,3040.241826,LINEAGE_BACKFILL,IND-001072|IND-001194,0.2401
IND-001375,Sonitpur,Assam,2001,3040.241835,LINEAGE_BACKFILL,IND-001072|IND-001194,0.343
IND-001375,Sonitpur,Assam,2011,3005.061019,LINEAGE_BACKFILL,IND-001072|IND-001194,0.49
IND-001375,Sonitpur,Assam,2021,3005.055979,LINEAGE_BACKFILL,IND-001072|IND-001194,0.7
IND-001375,Sonitpur,Assam,2025,3005.559335896241,DIRECT,IND-001375,1.0
IND-001376,South Salmara Mancachar,Assam,1951,551.127211,LINEAGE_BACKFILL,IND-001186|IND-001201,0.1177
IND-001376,South Salmara Mancachar,Assam,1961,551.127211,LINEAGE_BACKFILL,IND-001186|IND-001201,0.1177
IND-001376,South Salmara Mancachar,Assam,1971,551.127211,LINEAGE_BACKFILL,IND-001186|IND-001201,0.1177
IND-001376,South Salmara Mancachar,Assam,1981,551.147186,LINEAGE_BACKFILL,IND-001186|IND-001201,0.1681
IND-001376,South Salmara Mancachar,Assam,1991,550.466535,LINEAGE_BACKFILL,IND-001186|IND-001201,0.2401
IND-001376,South Salmara Mancachar,Assam,2001,550.467637,LINEAGE_BACKFILL,IND-001186|IND-001201,0.343
IND-001376,South Salmara Mancachar,Assam,2011,555.559255,LINEAGE_BACKFILL,IND-001186|IND-001201,0.49
IND-001376,South Salmara Mancachar,Assam,2021,559.990846,LINEAGE_BACKFILL,IND-001186|IND-001201,0.7
IND-001376,South Salmara Mancachar,Assam,2025,560.9268125245145,DIRECT,IND-001376,1.0
IND-000529,Tinsukia,Assam,1951,3784.456581,LINEAGE_BACKFILL,IND-000023,0.7
IND-000529,Tinsukia,Assam,1961,3784.456581,LINEAGE_BACKFILL,IND-000023,0.7
IND-000529,Tinsukia,Assam,1971,3784.456581,LINEAGE_BACKFILL,IND-000023,0.7
IND-000529,Tinsukia,Assam,1981,3784.5383800528425,DIRECT,IND-000529,1.0
IND-000529,Tinsukia,Assam,1991,3784.521523674734,DIRECT,IND-000529,1.0
IND-000529,Tinsukia,Assam,2001,3784.521523674734,DIRECT,IND-000529,1.0
IND-000529,Tinsukia,Assam,2011,3799.9241148758383,DIRECT,IND-000529,1.0
IND-000529,Tinsukia,Assam,2021,3810.850392738811,DIRECT,IND-000529,1.0
IND-000529,Tinsukia,Assam,2025,3811.9311553240577,DIRECT,IND-000529,1.0
IND-001072,Udalguri,Assam,1951,2000.477888,LINEAGE_BACKFILL,IND-000518|IND-000519|IND-000520|IND-000632,0.343
IND-001072,Udalguri,Assam,1961,2000.477888,LINEAGE_BACKFILL,IND-000518|IND-000519|IND-000520|IND-000632,0.343
IND-001072,Udalguri,Assam,1971,2000.477888,LINEAGE_BACKFILL,IND-000518|IND-000519|IND-000520|IND-000632,0.343
IND-001072,Udalguri,Assam,1981,2000.48256,LINEAGE_BACKFILL,IND-000518|IND-000519|IND-000520|IND-000632,0.49
IND-001072,Udalguri,Assam,1991,2000.480167,LINEAGE_BACKFILL,IND-000518|IND-000519|IND-000520|IND-000632,0.7
IND-001072,Udalguri,Assam,2001,2000.480167,LINEAGE_BACKFILL,IND-000518|IND-000519|IND-000520|IND-000632,0.7
IND-001072,Udalguri,Assam,2011,2015.1520455754828,DIRECT,IND-001072,1.0
IND-001072,Udalguri,Assam,2021,2015.0098171161096,DIRECT,IND-001072,1.0
IND-001072,Udalguri,Assam,2025,2014.6571181592549,DIRECT,IND-001072,1.0
IND-001203,West Karbi Anglong,Assam,1951,3023.105776,LINEAGE_BACKFILL,IND-000424|IND-000463|IND-000806|IND-001059|IND-001063|IND-001064,0.1681
IND-001203,West Karbi Anglong,Assam,1961,3023.105776,LINEAGE_BACKFILL,IND-000424|IND-000463|IND-000806|IND-001059|IND-001063|IND-001064,0.1681
IND-001203,West Karbi Anglong,Assam,1971,3023.120876,LINEAGE_BACKFILL,IND-000424|IND-000463|IND-000806|IND-001059|IND-001063|IND-001064,0.2401
IND-001203,West Karbi Anglong,Assam,1981,3023.121433,LINEAGE_BACKFILL,IND-000424|IND-000463|IND-000806|IND-001059|IND-001063|IND-001064,0.2401
IND-001203,West Karbi Anglong,Assam,1991,3023.123526,LINEAGE_BACKFILL,IND-000424|IND-000463|IND-000806|IND-001059|IND-001063|IND-001064,0.343
IND-001203,West Karbi Anglong,Assam,2001,3023.124289,LINEAGE_BACKFILL,IND-000424|IND-000463|IND-000806|IND-001059|IND-001063|IND-001064,0.49
IND-001203,West Karbi Anglong,Assam,2011,3072.75349,LINEAGE_BACKFILL,IND-000424|IND-000463|IND-000806|IND-001059|IND-001063|IND-001064,0.7
IND-001203,West Karbi Anglong,Assam,2021,3072.8071069107364,DIRECT,IND-001203,1.0
IND-001203,West Karbi Anglong,Assam,2025,3073.029644513825,DIRECT,IND-001203,1.0
IND-000102,Raisen,Bhopal,1951,8488.460052684095,DIRECT,IND-000102,1.0
IND-000102,Raisen,Bhopal,1961,8488.460052684095,DIRECT,IND-000102,1.0
IND-000102,Raisen,Bhopal,1971,8488.460052684095,DIRECT,IND-000102,1.0
IND-000102,Raisen,Bhopal,1981,8488.49002959556,DIRECT,IND-000102,1.0
IND-000102,Raisen,Bhopal,1991,8488.503323709545,DIRECT,IND-000102,1.0
IND-000102,Raisen,Bhopal,2001,8488.503323709545,DIRECT,IND-000102,1.0
IND-000102,Raisen,Bhopal,2011,8413.24328683883,DIRECT,IND-000102,1.0
IND-000102,Raisen,Bhopal,2021,8477.301359686666,DIRECT,IND-000102,1.0
IND-000102,Raisen,Bhopal,2025,8477.476610291933,DIRECT,IND-000102,1.0
IND-000611,Araria,Bihar,1951,2933.315037,LINEAGE_BACKFILL,IND-000560,0.9025
IND-000611,Araria,Bihar,1961,2814.093275,LINEAGE_BACKFILL,IND-000560,0.9025
IND-000611,Araria,Bihar,1971,2814.093275,LINEAGE_BACKFILL,IND-000560,0.9025
IND-000611,Araria,Bihar,1981,2814.120266,LINEAGE_BACKFILL,IND-000560,0.95
IND-000611,Araria,Bihar,1991,2814.249311629958,DIRECT,IND-000611,1.0
IND-000611,Araria,Bihar,2001,2814.249311629958,DIRECT,IND-000611,1.0
IND-000611,Araria,Bihar,2011,2759.6246122345883,DIRECT,IND-000611,1.0
IND-000611,Araria,Bihar,2021,2798.724243965973,DIRECT,IND-000611,1.0
IND-000611,Araria,Bihar,2025,2790.3634178122793,DIRECT,IND-000611,1.0
IND-000991,Arwal,Bihar,1951,626.665489,LINEAGE_BACKFILL,IND-000541|IND-000545|IND-000613|IND-000616|IND-000771|IND-000774,0.6317
IND-000991,Arwal,Bihar,1961,626.665489,LINEAGE_BACKFILL,IND-000541|IND-000545|IND-000613|IND-000616|IND-000771|IND-000774,0.6317
IND-000991,Arwal,Bihar,1971,626.665489,LINEAGE_BACKFILL,IND-000541|IND-000545|IND-000613|IND-000616|IND-000771|IND-000774,0.6317
IND-000991,Arwal,Bihar,1981,626.674629,LINEAGE_BACKFILL,IND-000541|IND-000545|IND-000613|IND-000616|IND-000771|IND-000774,0.665
IND-000991,Arwal,Bihar,1991,626.709845,LINEAGE_BACKFILL,IND-000541|IND-000545|IND-000613|IND-000616|IND-000771|IND-000774,0.665
IND-000991,Arwal,Bihar,2001,626.710029,LINEAGE_BACKFILL,IND-000541|IND-000545|IND-000613|IND-000616|IND-000771|IND-000774,0.7
IND-000991,Arwal,Bihar,2011,626.7224278826883,DIRECT,IND-000991,1.0
IND-000991,Arwal,Bihar,2021,639.5961778821693,DIRECT,IND-000991,1.0
IND-000991,Arwal,Bihar,2025,637.8122210117143,DIRECT,IND-000991,1.0
IND-000545,Aurangabad,Bihar,1951,3305.641049,LINEAGE_BACKFILL,IND-000107,0.95
IND-000545,Aurangabad,Bihar,1961,3305.641049,LINEAGE_BACKFILL,IND-000107,0.95
IND-000545,Aurangabad,Bihar,1971,3305.641049,LINEAGE_BACKFILL,IND-000107,0.95
IND-000545,Aurangabad,Bihar,1981,3305.7120493033885,DIRECT,IND-000545,1.0
IND-000545,Aurangabad,Bihar,1991,3305.7414373385805,DIRECT,IND-000545,1.0
IND-000545,Aurangabad,Bihar,2001,3305.7414373385805,DIRECT,IND-000545,1.0
IND-000545,Aurangabad,Bihar,2011,3327.3997140106344,DIRECT,IND-000545,1.0
IND-000545,Aurangabad,Bihar,2021,3302.913620858585,DIRECT,IND-000545,1.0
IND-000545,Aurangabad,Bihar,2025,3306.126709431467,DIRECT,IND-000545,1.0
IND-000767,Banka,Bihar,1951,3033.196501,LINEAGE_BACKFILL,IND-000114,0.95
IND-000767,Banka,Bihar,1961,3033.196501,LINEAGE_BACKFILL,IND-000114,0.95
IND-000767,Banka,Bihar,1971,3033.196501,LINEAGE_BACKFILL,IND-000114,0.95
IND-000767,Banka,Bihar,1981,3033.196467,LINEAGE_BACKFILL,IND-000114,0.95
IND-000767,Banka,Bihar,1991,3033.171996,LINEAGE_BACKFILL,IND-000114,0.95
IND-000767,Banka,Bihar,2001,3033.2670903363296,DIRECT,IND-000767,1.0
IND-000767,Banka,Bihar,2011,3077.58325751156,DIRECT,IND-000767,1.0
IND-000767,Banka,Bihar,2021,3031.547492697714,DIRECT,IND-000767,1.0
IND-000767,Banka,Bihar,2025,3025.627166606973,DIRECT,IND-000767,1.0
IND-000556,Begusarai,Bihar,1951,2029.649332,LINEAGE_BACKFILL,IND-000113,0.7
IND-000556,Begusarai,Bihar,1961,2029.649332,LINEAGE_BACKFILL,IND-000113,0.7
IND-000556,Begusarai,Bihar,1971,1938.153293,LINEAGE_BACKFILL,IND-000113,0.7
IND-000556,Begusarai,Bihar,1981,1938.174537489302,DIRECT,IND-000556,1.0
IND-000556,Begusarai,Bihar,1991,1938.158560823307,DIRECT,IND-000556,1.0
IND-000556,Begusarai,Bihar,2001,1938.158560823307,DIRECT,IND-000556,1.0
IND-000556,Begusarai,Bihar,2011,1885.2929953656792,DIRECT,IND-000556,1.0
IND-000556,Begusarai,Bihar,2021,1921.208832723756,DIRECT,IND-000556,1.0
IND-000556,Begusarai,Bihar,2025,1922.9740100840863,DIRECT,IND-000556,1.0
IND-000766,Bhagalpur,Bihar,1951,2550.261713,LINEAGE_BACKFILL,IND-000114,0.95
IND-000766,Bhagalpur,Bihar,1961,2550.261713,LINEAGE_BACKFILL,IND-000114,0.95
IND-000766,Bhagalpur,Bihar,1971,2550.261713,LINEAGE_BACKFILL,IND-000114,0.95
IND-000766,Bhagalpur,Bihar,1981,2550.261684,LINEAGE_BACKFILL,IND-000114,0.95
IND-000766,Bhagalpur,Bihar,1991,2550.24111,LINEAGE_BACKFILL,IND-000114,0.95
IND-000766,Bhagalpur,Bihar,2001,2550.2676106857984,DIRECT,IND-000766,1.0
IND-000766,Bhagalpur,Bihar,2011,2559.173661014934,DIRECT,IND-000766,1.0
IND-000766,Bhagalpur,Bihar,2021,2554.205411215759,DIRECT,IND-000766,1.0
IND-000766,Bhagalpur,Bihar,2025,2556.5565984256573,DIRECT,IND-000766,1.0
IND-000771,Bhojpur,Bihar,1951,2402.110167,LINEAGE_BACKFILL,IND-000543,0.9025
IND-000771,Bhojpur,Bihar,1961,2402.110167,LINEAGE_BACKFILL,IND-000543,0.9025
IND-000771,Bhojpur,Bihar,1971,2402.110167,LINEAGE_BACKFILL,IND-000543,0.9025
IND-000771,Bhojpur,Bihar,1981,2402.146122,LINEAGE_BACKFILL,IND-000543,0.95
IND-000771,Bhojpur,Bihar,1991,2402.138648,LINEAGE_BACKFILL,IND-000543,0.95
IND-000771,Bhojpur,Bihar,2001,2402.186643055268,DIRECT,IND-000771,1.0
IND-000771,Bhojpur,Bihar,2011,2434.4276970751416,DIRECT,IND-000771,1.0
IND-000771,Bhojpur,Bihar,2021,2425.0049476252148,DIRECT,IND-000771,1.0
IND-000771,Bhojpur,Bihar,2025,2389.73401624167,DIRECT,IND-000771,1.0
IND-000772,Buxar,Bihar,1951,1692.55364,LINEAGE_BACKFILL,IND-000543,0.9025
IND-000772,Buxar,Bihar,1961,1692.55364,LINEAGE_BACKFILL,IND-000543,0.9025
IND-000772,Buxar,Bihar,1971,1692.55364,LINEAGE_BACKFILL,IND-000543,0.9025
IND-000772,Buxar,Bihar,1981,1692.578975,LINEAGE_BACKFILL,IND-000543,0.95
IND-000772,Buxar,Bihar,1991,1692.573708,LINEAGE_BACKFILL,IND-000543,0.95
IND-000772,Buxar,Bihar,2001,1692.627961737786,DIRECT,IND-000772,1.0
IND-000772,Buxar,Bihar,2011,1702.6186202743602,DIRECT,IND-000772,1.0
IND-000772,Buxar,Bihar,2021,1665.1743769116028,DIRECT,IND-000772,1.0
IND-000772,Buxar,Bihar,2025,1700.6826371489942,DIRECT,IND-000772,1.0
IND-000558,Darbhanga,Bihar,1951,2485.460611,LINEAGE_BACKFILL,IND-000112,0.95
IND-000558,Darbhanga,Bihar,1961,2485.460611,LINEAGE_BACKFILL,IND-000112,0.95
IND-000558,Darbhanga,Bihar,1971,2485.460611,LINEAGE_BACKFILL,IND-000112,0.95
IND-000558,Darbhanga,Bihar,1981,2485.653296537163,DIRECT,IND-000558,1.0
IND-000558,Darbhanga,Bihar,1991,2485.6344821222037,DIRECT,IND-000558,1.0
IND-000558,Darbhanga,Bihar,2001,2485.6344821222037,DIRECT,IND-000558,1.0
IND-000558,Darbhanga,Bihar,2011,2528.1695875860364,DIRECT,IND-000558,1.0
IND-000558,Darbhanga,Bihar,2021,2508.3509164698617,DIRECT,IND-000558,1.0
IND-000558,Darbhanga,Bihar,2025,2517.430350865244,DIRECT,IND-000558,1.0
IND-000612,Deoghar,Bihar,1951,2460.712781,LINEAGE_BACKFILL,IND-000118,0.7
IND-000612,Deoghar,Bihar,1961,2460.712781,LINEAGE_BACKFILL,IND-000118,0.7
IND-000612,Deoghar,Bihar,1971,2460.712781,LINEAGE_BACKFILL,IND-000118,0.7
IND-000612,Deoghar,Bihar,1981,2460.712766,LINEAGE_BACKFILL,IND-000118,0.7
IND-000612,Deoghar,Bihar,1991,2460.8511077592216,DIRECT,IND-000612,1.0
IND-000612,Deoghar,Bihar,2001,2460.8511077592216,DIRECT,IND-000612,1.0
IND-000612,Deoghar,Bihar,2011,2454.4624701027738,DIRECT,IND-000612,1.0
IND-000612,Deoghar,Bihar,2021,2483.6721694286025,DIRECT,IND-000612,1.0
IND-000612,Deoghar,Bihar,2025,2485.96623124896,DIRECT,IND-000612,1.0
IND-000613,Gaya,Bihar,1951,4992.33145,LINEAGE_BACKFILL,IND-000546,0.9025
IND-000613,Gaya,Bihar,1961,4992.33145,LINEAGE_BACKFILL,IND-000546,0.9025
IND-000613,Gaya,Bihar,1971,4992.33145,LINEAGE_BACKFILL,IND-000546,0.9025
IND-000613,Gaya,Bihar,1981,4992.404434,LINEAGE_BACKFILL,IND-000546,0.95
IND-000613,Gaya,Bihar,1991,4992.510883120812,DIRECT,IND-000613,1.0
IND-000613,Gaya,Bihar,2001,4992.510883120812,DIRECT,IND-000613,1.0
IND-000613,Gaya,Bihar,2011,4986.1302501551645,DIRECT,IND-000613,1.0
IND-000613,Gaya,Bihar,2021,4968.925783390704,DIRECT,IND-000613,1.0
IND-000613,Gaya,Bihar,2025,4968.418817223301,DIRECT,IND-000613,1.0
IND-000614,Godda,Bihar,1951,2267.027651,LINEAGE_BACKFILL,IND-000118,0.7
IND-000614,Godda,Bihar,1961,2267.027651,LINEAGE_BACKFILL,IND-000118,0.7
IND-000614,Godda,Bihar,1971,2267.027651,LINEAGE_BACKFILL,IND-000118,0.7
IND-000614,Godda,Bihar,1981,2267.027637,LINEAGE_BACKFILL,IND-000118,0.7
IND-000614,Godda,Bihar,1991,2267.1217996613263,DIRECT,IND-000614,1.0
IND-000614,Godda,Bihar,2001,2267.1217996613263,DIRECT,IND-000614,1.0
IND-000614,Godda,Bihar,2011,2297.422183627111,DIRECT,IND-000614,1.0
IND-000614,Godda,Bihar,2021,2262.3875021537287,DIRECT,IND-000614,1.0
IND-000614,Godda,Bihar,2025,2283.2304778205753,DIRECT,IND-000614,1.0
IND-000550,Gopalganj,Bihar,1951,2035.000516,LINEAGE_BACKFILL,IND-000109,0.95
IND-000550,Gopalganj,Bihar,1961,2035.000516,LINEAGE_BACKFILL,IND-000109,0.95
IND-000550,Gopalganj,Bihar,1971,2035.000516,LINEAGE_BACKFILL,IND-000109,0.95
IND-000550,Gopalganj,Bihar,1981,2035.0089148502725,DIRECT,IND-000550,1.0
IND-000550,Gopalganj,Bihar,1991,2034.9901627150753,DIRECT,IND-000550,1.0
IND-000550,Gopalganj,Bihar,2001,2034.9901627150753,DIRECT,IND-000550,1.0
IND-000550,Gopalganj,Bihar,2011,2037.989087791232,DIRECT,IND-000550,1.0
IND-000550,Gopalganj,Bihar,2021,2039.223870807904,DIRECT,IND-000550,1.0
IND-000550,Gopalganj,Bihar,2025,2036.4391074778127,DIRECT,IND-000550,1.0
IND-000775,Jamui,Bihar,1951,3240.736284,LINEAGE_BACKFILL,IND-000621,0.6318
IND-000775,Jamui,Bihar,1961,3240.736284,LINEAGE_BACKFILL,IND-000621,0.6318
IND-000775,Jamui,Bihar,1971,3094.644775,LINEAGE_BACKFILL,IND-000621,0.6318
IND-000775,Jamui,Bihar,1981,3094.676513,LINEAGE_BACKFILL,IND-000621,0.9025
IND-000775,Jamui,Bihar,1991,3094.745006,LINEAGE_BACKFILL,IND-000621,0.95
IND-000775,Jamui,Bihar,2001,3094.7870902491654,DIRECT,IND-000775,1.0
IND-000775,Jamui,Bihar,2011,3055.59856623523,DIRECT,IND-000775,1.0
IND-000775,Jamui,Bihar,2021,3100.332038058533,DIRECT,IND-000775,1.0
IND-000775,Jamui,Bihar,2025,3101.2469715799375,DIRECT,IND-000775,1.0
IND-000990,Jehanabad,Bihar,1951,915.276814,LINEAGE_BACKFILL,IND-000541|IND-000542|IND-000613|IND-000616,0.6317
IND-000990,Jehanabad,Bihar,1961,915.276814,LINEAGE_BACKFILL,IND-000541|IND-000542|IND-000613|IND-000616,0.6317
IND-000990,Jehanabad,Bihar,1971,915.276814,LINEAGE_BACKFILL,IND-000541|IND-000542|IND-000613|IND-000616,0.6317
IND-000990,Jehanabad,Bihar,1981,915.290128,LINEAGE_BACKFILL,IND-000541|IND-000542|IND-000613|IND-000616,0.665
IND-000990,Jehanabad,Bihar,1991,915.342687,LINEAGE_BACKFILL,IND-000541|IND-000542|IND-000613|IND-000616,0.7
IND-000990,Jehanabad,Bihar,2001,915.342687,LINEAGE_BACKFILL,IND-000541|IND-000542|IND-000613|IND-000616,0.7
IND-000990,Jehanabad,Bihar,2011,915.3431065169948,DIRECT,IND-000990,1.0
IND-000990,Jehanabad,Bihar,2021,939.0167749290522,DIRECT,IND-000990,1.0
IND-000990,Jehanabad,Bihar,2025,937.6816458992674,DIRECT,IND-000990,1.0
IND-000773,Kaimur (Bhabua),Bihar,1951,3343.83378,LINEAGE_BACKFILL,IND-000544,0.9025
IND-000773,Kaimur (Bhabua),Bihar,1961,3343.83378,LINEAGE_BACKFILL,IND-000544,0.9025
IND-000773,Kaimur (Bhabua),Bihar,1971,3343.83378,LINEAGE_BACKFILL,IND-000544,0.9025
IND-000773,Kaimur (Bhabua),Bihar,1981,3343.867907,LINEAGE_BACKFILL,IND-000544,0.95
IND-000773,Kaimur (Bhabua),Bihar,1991,3343.868599,LINEAGE_BACKFILL,IND-000544,0.95
IND-000773,Kaimur (Bhabua),Bihar,2001,3343.9076893378847,DIRECT,IND-000773,1.0
IND-000773,Kaimur (Bhabua),Bihar,2011,3338.5959684736004,DIRECT,IND-000773,1.0
IND-000773,Kaimur (Bhabua),Bihar,2021,3368.1638867754705,DIRECT,IND-000773,1.0
IND-000773,Kaimur (Bhabua),Bihar,2025,3369.547774507408,DIRECT,IND-000773,1.0
IND-000561,Katihar,Bihar,1951,3153.137074,LINEAGE_BACKFILL,IND-000117,0.95
IND-000561,Katihar,Bihar,1961,3024.980857,LINEAGE_BACKFILL,IND-000117,0.95
IND-000561,Katihar,Bihar,1971,3024.980857,LINEAGE_BACKFILL,IND-000117,0.95
IND-000561,Katihar,Bihar,1981,3025.0575983286535,DIRECT,IND-000561,1.0
IND-000561,Katihar,Bihar,1991,3025.0545853590493,DIRECT,IND-000561,1.0
IND-000561,Katihar,Bihar,2001,3025.0545853590493,DIRECT,IND-000561,1.0
IND-000561,Katihar,Bihar,2011,3072.2202469006265,DIRECT,IND-000561,1.0
IND-000561,Katihar,Bihar,2021,3037.4629960688467,DIRECT,IND-000561,1.0
IND-000561,Katihar,Bihar,2025,3044.0043350438204,DIRECT,IND-000561,1.0
IND-000617,Khagaria,Bihar,1951,1550.92922,LINEAGE_BACKFILL,IND-000562,0.665
IND-000617,Khagaria,Bihar,1961,1550.92922,LINEAGE_BACKFILL,IND-000562,0.665
IND-000617,Khagaria,Bihar,1971,1481.013753,LINEAGE_BACKFILL,IND-000562,0.665
IND-000617,Khagaria,Bihar,1981,1481.028942,LINEAGE_BACKFILL,IND-000562,0.95
IND-000617,Khagaria,Bihar,1991,1481.0781691819543,DIRECT,IND-000617,1.0
IND-000617,Khagaria,Bihar,2001,1481.0781691819543,DIRECT,IND-000617,1.0
IND-000617,Khagaria,Bihar,2011,1487.690831771771,DIRECT,IND-000617,1.0
IND-000617,Khagaria,Bihar,2021,1492.9695367542538,DIRECT,IND-000617,1.0
IND-000617,Khagaria,Bihar,2025,1492.506001453809,DIRECT,IND-000617,1.0
IND-000618,Kishanganj,Bihar,1951,2017.977361,LINEAGE_BACKFILL,IND-000560,0.9025
IND-000618,Kishanganj,Bihar,1961,1935.958616,LINEAGE_BACKFILL,IND-000560,0.9025
IND-000618,Kishanganj,Bihar,1971,1935.958616,LINEAGE_BACKFILL,IND-000560,0.9025
IND-000618,Kishanganj,Bihar,1981,1935.977184,LINEAGE_BACKFILL,IND-000560,0.95
IND-000618,Kishanganj,Bihar,1991,1936.1510363077173,DIRECT,IND-000618,1.0
IND-000618,Kishanganj,Bihar,2001,1936.1510363077173,DIRECT,IND-000618,1.0
IND-000618,Kishanganj,Bihar,2011,1920.838990037496,DIRECT,IND-000618,1.0
IND-000618,Kishanganj,Bihar,2021,1980.5652923868877,DIRECT,IND-000618,1.0
IND-000618,Kishanganj,Bihar,2025,1929.132529510122,DIRECT,IND-000618,1.0
IND-000769,Lakhisarai,Bihar,1951,1268.077991,LINEAGE_BACKFILL,IND-000621,0.6318
IND-000769,Lakhisarai,Bihar,1961,1268.077991,LINEAGE_BACKFILL,IND-000621,0.6318
IND-000769,Lakhisarai,Bihar,1971,1210.913381,LINEAGE_BACKFILL,IND-000621,0.6318
IND-000769,Lakhisarai,Bihar,1981,1210.9258,LINEAGE_BACKFILL,IND-000621,0.9025
IND-000769,Lakhisarai,Bihar,1991,1210.952601,LINEAGE_BACKFILL,IND-000621,0.95
IND-000769,Lakhisarai,Bihar,2001,1211.0280605540493,DIRECT,IND-000769,1.0
IND-000769,Lakhisarai,Bihar,2011,1295.165422443224,DIRECT,IND-000769,1.0
IND-000769,Lakhisarai,Bihar,2021,1216.617244079696,DIRECT,IND-000769,1.0
IND-000769,Lakhisarai,Bihar,2025,1220.7124759058709,DIRECT,IND-000769,1.0
IND-000619,Lohardaga,Bihar,1951,1492.265607,LINEAGE_BACKFILL,IND-000120,0.85
IND-000619,Lohardaga,Bihar,1961,1492.265607,LINEAGE_BACKFILL,IND-000120,0.85
IND-000619,Lohardaga,Bihar,1971,1492.265607,LINEAGE_BACKFILL,IND-000120,0.85
IND-000619,Lohardaga,Bihar,1981,1492.265278,LINEAGE_BACKFILL,IND-000120,0.85
IND-000619,Lohardaga,Bihar,1991,1492.4072590152125,DIRECT,IND-000619,1.0
IND-000619,Lohardaga,Bihar,2001,1492.4072590152125,DIRECT,IND-000619,1.0
IND-000619,Lohardaga,Bihar,2011,1579.529693577227,DIRECT,IND-000619,1.0
IND-000619,Lohardaga,Bihar,2021,1501.2891024857188,DIRECT,IND-000619,1.0
IND-000619,Lohardaga,Bihar,2025,1506.2625093669585,DIRECT,IND-000619,1.0
IND-000620,Madhepura,Bihar,1951,1671.047549,LINEAGE_BACKFILL,IND-000115,0.95
IND-000620,Madhepura,Bihar,1961,1671.047549,LINEAGE_BACKFILL,IND-000115,0.95
IND-000620,Madhepura,Bihar,1971,1813.759599,LINEAGE_BACKFILL,IND-000115,0.95
IND-000620,Madhepura,Bihar,1981,1813.759726,LINEAGE_BACKFILL,IND-000115,0.95
IND-000620,Madhepura,Bihar,1991,1813.859168051643,DIRECT,IND-000620,1.0
IND-000620,Madhepura,Bihar,2001,1813.859168051643,DIRECT,IND-000620,1.0
IND-000620,Madhepura,Bihar,2011,1777.273128746645,DIRECT,IND-000620,1.0
IND-000620,Madhepura,Bihar,2021,1798.822475121125,DIRECT,IND-000620,1.0
IND-000620,Madhepura,Bihar,2025,1807.6342693615145,DIRECT,IND-000620,1.0
IND-000559,Madhubani,Bihar,1951,3502.298154,LINEAGE_BACKFILL,IND-000112,0.95
IND-000559,Madhubani,Bihar,1961,3502.298154,LINEAGE_BACKFILL,IND-000112,0.95
IND-000559,Madhubani,Bihar,1971,3502.298154,LINEAGE_BACKFILL,IND-000112,0.95
IND-000559,Madhubani,Bihar,1981,3502.439387551799,DIRECT,IND-000559,1.0
IND-000559,Madhubani,Bihar,1991,3502.4825193027536,DIRECT,IND-000559,1.0
IND-000559,Madhubani,Bihar,2001,3502.4825193027536,DIRECT,IND-000559,1.0
IND-000559,Madhubani,Bihar,2011,3448.0305252700846,DIRECT,IND-000559,1.0
IND-000559,Madhubani,Bihar,2021,3501.110795688781,DIRECT,IND-000559,1.0
IND-000559,Madhubani,Bihar,2025,3501.3129069909787,DIRECT,IND-000559,1.0
IND-000768,Munger,Bihar,1951,1499.38889,LINEAGE_BACKFILL,IND-000621,0.6318
IND-000768,Munger,Bihar,1961,1499.38889,LINEAGE_BACKFILL,IND-000621,0.6318
IND-000768,Munger,Bihar,1971,1431.796847,LINEAGE_BACKFILL,IND-000621,0.6318
IND-000768,Munger,Bihar,1981,1431.811531,LINEAGE_BACKFILL,IND-000621,0.9025
IND-000768,Munger,Bihar,1991,1431.843221,LINEAGE_BACKFILL,IND-000621,0.95
IND-000768,Munger,Bihar,2001,1431.9014196866117,DIRECT,IND-000768,1.0
IND-000768,Munger,Bihar,2011,1394.7449729205327,DIRECT,IND-000768,1.0
IND-000768,Munger,Bihar,2021,1411.5330051238782,DIRECT,IND-000768,1.0
IND-000768,Munger,Bihar,2025,1411.5168997217847,DIRECT,IND-000768,1.0
IND-000554,Muzaffarpur,Bihar,1951,3166.858888,LINEAGE_BACKFILL,IND-000111,0.7
IND-000554,Muzaffarpur,Bihar,1961,3166.858888,LINEAGE_BACKFILL,IND-000111,0.7
IND-000554,Muzaffarpur,Bihar,1971,3166.858888,LINEAGE_BACKFILL,IND-000111,0.7
IND-000554,Muzaffarpur,Bihar,1981,3167.038668865406,DIRECT,IND-000554,1.0
IND-000554,Muzaffarpur,Bihar,1991,3167.006266877068,DIRECT,IND-000554,1.0
IND-000554,Muzaffarpur,Bihar,2001,3167.006266877068,DIRECT,IND-000554,1.0
IND-000554,Muzaffarpur,Bihar,2011,3211.6446153303104,DIRECT,IND-000554,1.0
IND-000554,Muzaffarpur,Bihar,2021,3178.586845592611,DIRECT,IND-000554,1.0
IND-000554,Muzaffarpur,Bihar,2025,3178.866527864484,DIRECT,IND-000554,1.0
IND-000542,Nalanda,Bihar,1951,2378.719435,LINEAGE_BACKFILL,IND-000106,0.95
IND-000542,Nalanda,Bihar,1961,2378.719435,LINEAGE_BACKFILL,IND-000106,0.95
IND-000542,Nalanda,Bihar,1971,2378.719435,LINEAGE_BACKFILL,IND-000106,0.95
IND-000542,Nalanda,Bihar,1981,2378.732897715948,DIRECT,IND-000542,1.0
IND-000542,Nalanda,Bihar,1991,2378.710875941222,DIRECT,IND-000542,1.0
IND-000542,Nalanda,Bihar,2001,2378.710875941222,DIRECT,IND-000542,1.0
IND-000542,Nalanda,Bihar,2011,2319.4449071646145,DIRECT,IND-000542,1.0
IND-000542,Nalanda,Bihar,2021,2354.191727741097,DIRECT,IND-000542,1.0
IND-000542,Nalanda,Bihar,2025,2368.454482189288,DIRECT,IND-000542,1.0
IND-000547,Nawada,Bihar,1951,2481.054317,LINEAGE_BACKFILL,IND-000107,0.95
IND-000547,Nawada,Bihar,1961,2481.054317,LINEAGE_BACKFILL,IND-000107,0.95
IND-000547,Nawada,Bihar,1971,2481.054317,LINEAGE_BACKFILL,IND-000107,0.95
IND-000547,Nawada,Bihar,1981,2481.129426253912,DIRECT,IND-000547,1.0
IND-000547,Nawada,Bihar,1991,2481.154427699977,DIRECT,IND-000547,1.0
IND-000547,Nawada,Bihar,2001,2481.154427699977,DIRECT,IND-000547,1.0
IND-000547,Nawada,Bihar,2011,2502.8006597633243,DIRECT,IND-000547,1.0
IND-000547,Nawada,Bihar,2021,2492.231836081193,DIRECT,IND-000547,1.0
IND-000547,Nawada,Bihar,2025,2491.7053698523696,DIRECT,IND-000547,1.0
IND-000551,Pashchim Champaran,Bihar,1951,5236.407848,LINEAGE_BACKFILL,IND-000110,0.95
IND-000551,Pashchim Champaran,Bihar,1961,5236.407848,LINEAGE_BACKFILL,IND-000110,0.95
IND-000551,Pashchim Champaran,Bihar,1971,5236.407848,LINEAGE_BACKFILL,IND-000110,0.95
IND-000551,Pashchim Champaran,Bihar,1981,5236.669329716247,DIRECT,IND-000551,1.0
IND-000551,Pashchim Champaran,Bihar,1991,5236.703409055724,DIRECT,IND-000551,1.0
IND-000551,Pashchim Champaran,Bihar,2001,5236.703409055724,DIRECT,IND-000551,1.0
IND-000551,Pashchim Champaran,Bihar,2011,5244.378440158545,DIRECT,IND-000551,1.0
IND-000551,Pashchim Champaran,Bihar,2021,5233.735137575983,DIRECT,IND-000551,1.0
IND-000551,Pashchim Champaran,Bihar,2025,5229.866288198286,DIRECT,IND-000551,1.0
IND-000541,Patna,Bihar,1951,3227.691967,LINEAGE_BACKFILL,IND-000106,0.95
IND-000541,Patna,Bihar,1961,3227.691967,LINEAGE_BACKFILL,IND-000106,0.95
IND-000541,Patna,Bihar,1971,3227.691967,LINEAGE_BACKFILL,IND-000106,0.95
IND-000541,Patna,Bihar,1981,3227.720216619503,DIRECT,IND-000541,1.0
IND-000541,Patna,Bihar,1991,3227.7270680775005,DIRECT,IND-000541,1.0
IND-000541,Patna,Bihar,2001,3227.7270680775005,DIRECT,IND-000541,1.0
IND-000541,Patna,Bihar,2011,3308.9915441601684,DIRECT,IND-000541,1.0
IND-000541,Patna,Bihar,2021,3211.66293756631,DIRECT,IND-000541,1.0
IND-000541,Patna,Bihar,2025,3195.0921187918334,DIRECT,IND-000541,1.0
IND-000552,Purbi Champaran,Bihar,1951,3967.427007,LINEAGE_BACKFILL,IND-000110,0.7
IND-000552,Purbi Champaran,Bihar,1961,3967.427007,LINEAGE_BACKFILL,IND-000110,0.7
IND-000552,Purbi Champaran,Bihar,1971,3967.427007,LINEAGE_BACKFILL,IND-000110,0.7
IND-000552,Purbi Champaran,Bihar,1981,3967.541554763434,DIRECT,IND-000552,1.0
IND-000552,Purbi Champaran,Bihar,1991,3967.5174826318616,DIRECT,IND-000552,1.0
IND-000552,Purbi Champaran,Bihar,2001,3967.5174826318616,DIRECT,IND-000552,1.0
IND-000552,Purbi Champaran,Bihar,2011,3996.694471078824,DIRECT,IND-000552,1.0
IND-000552,Purbi Champaran,Bihar,2021,3970.0335994444176,DIRECT,IND-000552,1.0
IND-000552,Purbi Champaran,Bihar,2025,3972.1288382796306,DIRECT,IND-000552,1.0
IND-000623,Purbi_Singhbhum,Bihar,1951,3569.373632,LINEAGE_BACKFILL,IND-000374,0.49
IND-000623,Purbi_Singhbhum,Bihar,1961,3569.382183,LINEAGE_BACKFILL,IND-000374,0.7
IND-000623,Purbi_Singhbhum,Bihar,1971,3569.382183,LINEAGE_BACKFILL,IND-000374,0.7
IND-000623,Purbi_Singhbhum,Bihar,1981,3569.393107,LINEAGE_BACKFILL,IND-000374,0.7
IND-000623,Purbi_Singhbhum,Bihar,1991,3569.5158760187473,DIRECT,IND-000623,1.0
IND-000623,Purbi_Singhbhum,Bihar,2001,3569.5158760187473,DIRECT,IND-000623,1.0
IND-000623,Purbi_Singhbhum,Bihar,2011,3551.6615322360176,DIRECT,IND-000623,1.0
IND-000623,Purbi_Singhbhum,Bihar,2021,3562.549921978115,DIRECT,IND-000623,1.0
IND-000623,Purbi_Singhbhum,Bihar,2025,3555.4313881542635,DIRECT,IND-000623,1.0
IND-000624,Purnia,Bihar,1951,3340.740398,LINEAGE_BACKFILL,IND-000560,0.9025
IND-000624,Purnia,Bihar,1961,3204.959225,LINEAGE_BACKFILL,IND-000560,0.9025
IND-000624,Purnia,Bihar,1971,3204.959225,LINEAGE_BACKFILL,IND-000560,0.9025
IND-000624,Purnia,Bihar,1981,3204.989964,LINEAGE_BACKFILL,IND-000560,0.95
IND-000624,Purnia,Bihar,1991,3205.1139026208075,DIRECT,IND-000624,1.0
IND-000624,Purnia,Bihar,2001,3205.1139026208075,DIRECT,IND-000624,1.0
IND-000624,Purnia,Bihar,2011,3220.0796026798503,DIRECT,IND-000624,1.0
IND-000624,Purnia,Bihar,2021,3222.0822635298605,DIRECT,IND-000624,1.0
IND-000624,Purnia,Bihar,2025,3229.3981544639455,DIRECT,IND-000624,1.0
IND-000774,Rohtas,Bihar,1951,3881.117489,LINEAGE_BACKFILL,IND-000544,0.9025
IND-000774,Rohtas,Bihar,1961,3881.117489,LINEAGE_BACKFILL,IND-000544,0.9025
IND-000774,Rohtas,Bihar,1971,3881.117489,LINEAGE_BACKFILL,IND-000544,0.9025
IND-000774,Rohtas,Bihar,1981,3881.157099,LINEAGE_BACKFILL,IND-000544,0.95
IND-000774,Rohtas,Bihar,1991,3881.157902,LINEAGE_BACKFILL,IND-000544,0.95
IND-000774,Rohtas,Bihar,2001,3881.222056058301,DIRECT,IND-000774,1.0
IND-000774,Rohtas,Bihar,2011,3861.782419820414,DIRECT,IND-000774,1.0
IND-000774,Rohtas,Bihar,2021,3843.7370817181486,DIRECT,IND-000774,1.0
IND-000774,Rohtas,Bihar,2025,3846.6429041706847,DIRECT,IND-000774,1.0
IND-000765,Saharsa,Bihar,1951,1533.800662,LINEAGE_BACKFILL,IND-000626,0.9025
IND-000765,Saharsa,Bihar,1961,1533.800662,LINEAGE_BACKFILL,IND-000626,0.9025
IND-000765,Saharsa,Bihar,1971,1664.791451,LINEAGE_BACKFILL,IND-000626,0.9025
IND-000765,Saharsa,Bihar,1981,1664.791568,LINEAGE_BACKFILL,IND-000626,0.9025
IND-000765,Saharsa,Bihar,1991,1664.842647,LINEAGE_BACKFILL,IND-000626,0.95
IND-000765,Saharsa,Bihar,2001,1664.9704384216734,DIRECT,IND-000765,1.0
IND-000765,Saharsa,Bihar,2011,1709.916588776825,DIRECT,IND-000765,1.0
IND-000765,Saharsa,Bihar,2021,1668.5721137860803,DIRECT,IND-000765,1.0
IND-000765,Saharsa,Bihar,2025,1668.341854258928,DIRECT,IND-000765,1.0
IND-000557,Samastipur,Bihar,1951,2714.13601,LINEAGE_BACKFILL,IND-000112,0.95
IND-000557,Samastipur,Bihar,1961,2714.13601,LINEAGE_BACKFILL,IND-000112,0.95
IND-000557,Samastipur,Bihar,1971,2714.13601,LINEAGE_BACKFILL,IND-000112,0.95
IND-000557,Samastipur,Bihar,1981,2714.225177362466,DIRECT,IND-000557,1.0
IND-000557,Samastipur,Bihar,1991,2714.290360202919,DIRECT,IND-000557,1.0
IND-000557,Samastipur,Bihar,2001,2714.290360202919,DIRECT,IND-000557,1.0
IND-000557,Samastipur,Bihar,2011,2600.007452249854,DIRECT,IND-000557,1.0
IND-000557,Samastipur,Bihar,2021,2686.500276283795,DIRECT,IND-000557,1.0
IND-000557,Samastipur,Bihar,2025,2673.874310665419,DIRECT,IND-000557,1.0
IND-000548,Saran,Bihar,1951,2650.835268,LINEAGE_BACKFILL,IND-000109,0.95
IND-000548,Saran,Bihar,1961,2650.835268,LINEAGE_BACKFILL,IND-000109,0.95
IND-000548,Saran,Bihar,1971,2650.835268,LINEAGE_BACKFILL,IND-000109,0.95
IND-000548,Saran,Bihar,1981,2650.875446571274,DIRECT,IND-000548,1.0
IND-000548,Saran,Bihar,1991,2650.8620511272816,DIRECT,IND-000548,1.0
IND-000548,Saran,Bihar,2001,2650.8620511272816,DIRECT,IND-000548,1.0
IND-000548,Saran,Bihar,2011,2638.6862064433053,DIRECT,IND-000548,1.0
IND-000548,Saran,Bihar,2021,2680.9370743122777,DIRECT,IND-000548,1.0
IND-000548,Saran,Bihar,2025,2641.1102360517416,DIRECT,IND-000548,1.0
IND-001133,Sheikhpura,Bihar,1951,715.760991,LINEAGE_BACKFILL,IND-000542|IND-000547|IND-000769|IND-000989,0.3096
IND-001133,Sheikhpura,Bihar,1961,715.760991,LINEAGE_BACKFILL,IND-000542|IND-000547|IND-000769|IND-000989,0.3096
IND-001133,Sheikhpura,Bihar,1971,685.399948,LINEAGE_BACKFILL,IND-000542|IND-000547|IND-000769|IND-000989,0.3096
IND-001133,Sheikhpura,Bihar,1981,685.40699,LINEAGE_BACKFILL,IND-000542|IND-000547|IND-000769|IND-000989,0.4422
IND-001133,Sheikhpura,Bihar,1991,685.420996,LINEAGE_BACKFILL,IND-000542|IND-000547|IND-000769|IND-000989,0.4655
IND-001133,Sheikhpura,Bihar,2001,685.474477,LINEAGE_BACKFILL,IND-000542|IND-000547|IND-000769|IND-000989,0.49
IND-001133,Sheikhpura,Bihar,2011,689.655038,LINEAGE_BACKFILL,IND-000542|IND-000547|IND-000769|IND-000989,0.7
IND-001133,Sheikhpura,Bihar,2021,690.0143701158685,DIRECT,IND-001133,1.0
IND-001133,Sheikhpura,Bihar,2025,678.5772634831106,DIRECT,IND-001133,1.0
IND-000762,Sheohar,Bihar,1951,444.103291,LINEAGE_BACKFILL,IND-000553,0.665
IND-000762,Sheohar,Bihar,1961,444.103291,LINEAGE_BACKFILL,IND-000553,0.665
IND-000762,Sheohar,Bihar,1971,444.103291,LINEAGE_BACKFILL,IND-000553,0.665
IND-000762,Sheohar,Bihar,1981,444.123191,LINEAGE_BACKFILL,IND-000553,0.95
IND-000762,Sheohar,Bihar,1991,444.128422,LINEAGE_BACKFILL,IND-000553,0.95
IND-000762,Sheohar,Bihar,2001,444.1671057833394,DIRECT,IND-000762,1.0
IND-000762,Sheohar,Bihar,2011,447.0828762610778,DIRECT,IND-000762,1.0
IND-000762,Sheohar,Bihar,2021,441.8194888744497,DIRECT,IND-000762,1.0
IND-000762,Sheohar,Bihar,2025,444.5555730398576,DIRECT,IND-000762,1.0
IND-000763,Sitamarhi,Bihar,1951,2178.83742,LINEAGE_BACKFILL,IND-000553,0.665
IND-000763,Sitamarhi,Bihar,1961,2178.83742,LINEAGE_BACKFILL,IND-000553,0.665
IND-000763,Sitamarhi,Bihar,1971,2178.83742,LINEAGE_BACKFILL,IND-000553,0.665
IND-000763,Sitamarhi,Bihar,1981,2178.935055,LINEAGE_BACKFILL,IND-000553,0.95
IND-000763,Sitamarhi,Bihar,1991,2178.960718,LINEAGE_BACKFILL,IND-000553,0.95
IND-000763,Sitamarhi,Bihar,2001,2179.0757411093027,DIRECT,IND-000763,1.0
IND-000763,Sitamarhi,Bihar,2011,2154.601796078856,DIRECT,IND-000763,1.0
IND-000763,Sitamarhi,Bihar,2021,2191.741377123199,DIRECT,IND-000763,1.0
IND-000763,Sitamarhi,Bihar,2025,2189.6494965634465,DIRECT,IND-000763,1.0
IND-000549,Siwan,Bihar,1951,2216.612649,LINEAGE_BACKFILL,IND-000109,0.95
IND-000549,Siwan,Bihar,1961,2216.612649,LINEAGE_BACKFILL,IND-000109,0.95
IND-000549,Siwan,Bihar,1971,2216.612649,LINEAGE_BACKFILL,IND-000109,0.95
IND-000549,Siwan,Bihar,1981,2216.6147347609412,DIRECT,IND-000549,1.0
IND-000549,Siwan,Bihar,1991,2216.6342906914665,DIRECT,IND-000549,1.0
IND-000549,Siwan,Bihar,2001,2216.6342906914665,DIRECT,IND-000549,1.0
IND-000549,Siwan,Bihar,2011,2226.3153223486634,DIRECT,IND-000549,1.0
IND-000549,Siwan,Bihar,2021,2214.5520854901924,DIRECT,IND-000549,1.0
IND-000549,Siwan,Bihar,2025,2220.293653930014,DIRECT,IND-000549,1.0
IND-000764,Supaul,Bihar,1951,2225.997275,LINEAGE_BACKFILL,IND-000626,0.9025
IND-000764,Supaul,Bihar,1961,2225.997275,LINEAGE_BACKFILL,IND-000626,0.9025
IND-000764,Supaul,Bihar,1971,2416.103556,LINEAGE_BACKFILL,IND-000626,0.9025
IND-000764,Supaul,Bihar,1981,2416.103725,LINEAGE_BACKFILL,IND-000626,0.9025
IND-000764,Supaul,Bihar,1991,2416.177856,LINEAGE_BACKFILL,IND-000626,0.95
IND-000764,Supaul,Bihar,2001,2416.3136661746416,DIRECT,IND-000764,1.0
IND-000764,Supaul,Bihar,2011,2464.73695270167,DIRECT,IND-000764,1.0
IND-000764,Supaul,Bihar,2021,2418.9132208851743,DIRECT,IND-000764,1.0
IND-000764,Supaul,Bihar,2025,2421.490002756812,DIRECT,IND-000764,1.0
IND-000555,Vaishali,Bihar,1951,2005.201479,LINEAGE_BACKFILL,IND-000111,0.7
IND-000555,Vaishali,Bihar,1961,2005.201479,LINEAGE_BACKFILL,IND-000111,0.7
IND-000555,Vaishali,Bihar,1971,2005.201479,LINEAGE_BACKFILL,IND-000111,0.7
IND-000555,Vaishali,Bihar,1981,2005.2464127643073,DIRECT,IND-000555,1.0
IND-000555,Vaishali,Bihar,1991,2005.2340028149936,DIRECT,IND-000555,1.0
IND-000555,Vaishali,Bihar,2001,2005.2340028149936,DIRECT,IND-000555,1.0
IND-000555,Vaishali,Bihar,2011,2015.4258766180687,DIRECT,IND-000555,1.0
IND-000555,Vaishali,Bihar,2021,1988.878354759124,DIRECT,IND-000555,1.0
IND-000555,Vaishali,Bihar,2025,2037.716761400168,DIRECT,IND-000555,1.0
IND-000104,Bilaspur,Bilaspur,1951,1162.7045878148372,DIRECT,IND-000104,1.0
IND-000104,Bilaspur,Bilaspur,1961,1162.7045878148372,DIRECT,IND-000104,1.0
IND-000104,Bilaspur,Bilaspur,1971,1162.7045878148372,DIRECT,IND-000104,1.0
IND-000104,Bilaspur,Bilaspur,1981,1162.704855969749,DIRECT,IND-000104,1.0
IND-000104,Bilaspur,Bilaspur,1991,1162.7598199850197,DIRECT,IND-000104,1.0
IND-000104,Bilaspur,Bilaspur,2001,1162.7598199850197,DIRECT,IND-000104,1.0
IND-000104,Bilaspur,Bilaspur,2011,1196.338780378621,DIRECT,IND-000104,1.0
IND-000104,Bilaspur,Bilaspur,2021,1165.810278509279,DIRECT,IND-000104,1.0
IND-000104,Bilaspur,Bilaspur,2025,1165.7181484584978,DIRECT,IND-000104,1.0
IND-000157,Ahmadnagar,Bombay,1951,17123.05512533125,DIRECT,IND-000157,1.0
IND-000157,Ahmadnagar,Bombay,1961,17123.05512533125,DIRECT,IND-000157,1.0
IND-000157,Ahmadnagar,Bombay,1971,17123.05512533125,DIRECT,IND-000157,1.0
IND-000157,Ahmadnagar,Bombay,1981,17123.06156592774,DIRECT,IND-000157,1.0
IND-000157,Ahmadnagar,Bombay,1991,17123.02525978547,DIRECT,IND-000157,1.0
IND-000157,Ahmadnagar,Bombay,2001,17123.02525978547,DIRECT,IND-000157,1.0
IND-000157,Ahmadnagar,Bombay,2011,17098.675628377136,DIRECT,IND-000157,1.0
IND-000157,Ahmadnagar,Bombay,2021,17099.120322586085,DIRECT,IND-000157,1.0
IND-000157,Ahmadnagar,Bombay,2025,17095.803738918006,DIRECT,IND-000157,1.0
IND-000167,Belgaum,Bombay,1951,14351.982078365729,DIRECT,IND-000167,1.0
IND-000167,Belgaum,Bombay,1961,13363.623103196956,DIRECT,IND-000167,1.0
IND-000167,Belgaum,Bombay,1971,13363.623103196956,DIRECT,IND-000167,1.0
IND-000167,Belgaum,Bombay,1981,13363.521172561006,DIRECT,IND-000167,1.0
IND-000167,Belgaum,Bombay,1991,13363.573775925326,DIRECT,IND-000167,1.0
IND-000167,Belgaum,Bombay,2001,13363.573775925326,DIRECT,IND-000167,1.0
IND-000167,Belgaum,Bombay,2011,13371.999996962502,DIRECT,IND-000167,1.0
IND-000167,Belgaum,Bombay,2021,13418.30574576851,DIRECT,IND-000167,1.0
IND-000167,Belgaum,Bombay,2025,13434.08290056049,DIRECT,IND-000167,1.0
IND-000161,Dangs,Bombay,1951,1711.12111617942,DIRECT,IND-000161,1.0
IND-000161,Dangs,Bombay,1961,1711.12111617942,DIRECT,IND-000161,1.0
IND-000161,Dangs,Bombay,1971,1711.12111617942,DIRECT,IND-000161,1.0
IND-000161,Dangs,Bombay,1981,1711.1103107136553,DIRECT,IND-000161,1.0
IND-000161,Dangs,Bombay,1991,1711.1114173463338,DIRECT,IND-000161,1.0
IND-000161,Dangs,Bombay,2001,1711.1114173463338,DIRECT,IND-000161,1.0
IND-000161,Dangs,Bombay,2011,1759.754134016813,DIRECT,IND-000161,1.0
IND-000161,Dangs,Bombay,2021,1762.218180704761,DIRECT,IND-000161,1.0
IND-000161,Dangs,Bombay,2025,1766.314452734208,DIRECT,IND-000161,1.0
IND-000158,East Khandesh,Bombay,1951,12006.622165857489,DIRECT,IND-000158,1.0
IND-000158,East Khandesh,Bombay,1961,12006.622165857489,DIRECT,IND-000158,1.0
IND-000158,East Khandesh,Bombay,1971,12006.622165857489,DIRECT,IND-000158,1.0
IND-000158,East Khandesh,Bombay,1981,12006.65025947563,DIRECT,IND-000158,1.0
IND-000158,East Khandesh,Bombay,1991,12006.580922254863,DIRECT,IND-000158,1.0
IND-000158,East Khandesh,Bombay,2001,12006.580922254863,DIRECT,IND-000158,1.0
IND-000158,East Khandesh,Bombay,2011,11882.838340106196,DIRECT,IND-000158,1.0
IND-000158,East Khandesh,Bombay,2021,11751.781415394242,DIRECT,IND-000158,1.0
IND-000158,East Khandesh,Bombay,2025,11792.150939277988,DIRECT,IND-000158,1.0
IND-000170,Kanara,Bombay,1951,10304.668171666925,DIRECT,IND-000170,1.0
IND-000170,Kanara,Bombay,1961,10304.668171666925,DIRECT,IND-000170,1.0
IND-000170,Kanara,Bombay,1971,10304.668171666925,DIRECT,IND-000170,1.0
IND-000170,Kanara,Bombay,1981,10304.68257103806,DIRECT,IND-000170,1.0
IND-000170,Kanara,Bombay,1991,10304.640098777974,DIRECT,IND-000170,1.0
IND-000170,Kanara,Bombay,2001,10304.640098777974,DIRECT,IND-000170,1.0
IND-000170,Kanara,Bombay,2011,10294.469441620662,DIRECT,IND-000170,1.0
IND-000170,Kanara,Bombay,2021,10275.369178674173,DIRECT,IND-000170,1.0
IND-000170,Kanara,Bombay,2025,10276.840816103975,DIRECT,IND-000170,1.0
IND-000166,Kolaba,Bombay,1951,6948.530430614036,DIRECT,IND-000166,1.0
IND-000166,Kolaba,Bombay,1961,6948.530430614036,DIRECT,IND-000166,1.0
IND-000166,Kolaba,Bombay,1971,6948.530430614036,DIRECT,IND-000166,1.0
IND-000166,Kolaba,Bombay,1981,6948.520452747498,DIRECT,IND-000166,1.0
IND-000166,Kolaba,Bombay,1991,6948.512179259216,DIRECT,IND-000166,1.0
IND-000166,Kolaba,Bombay,2001,6948.512179259216,DIRECT,IND-000166,1.0
IND-000166,Kolaba,Bombay,2011,6966.972202938657,DIRECT,IND-000166,1.0
IND-000166,Kolaba,Bombay,2021,7024.29005481133,DIRECT,IND-000166,1.0
IND-000166,Kolaba,Bombay,2025,6980.590611765371,DIRECT,IND-000166,1.0
IND-000160,Nashik,Bombay,1951,15414.100081042134,DIRECT,IND-000160,1.0
IND-000160,Nashik,Bombay,1961,15414.100081042134,DIRECT,IND-000160,1.0
IND-000160,Nashik,Bombay,1971,15414.100081042134,DIRECT,IND-000160,1.0
IND-000160,Nashik,Bombay,1981,15414.10171139362,DIRECT,IND-000160,1.0
IND-000160,Nashik,Bombay,1991,15414.069841838058,DIRECT,IND-000160,1.0
IND-000160,Nashik,Bombay,2001,15414.069841838058,DIRECT,IND-000160,1.0
IND-000160,Nashik,Bombay,2011,15478.454569194337,DIRECT,IND-000160,1.0
IND-000160,Nashik,Bombay,2021,15510.221526634496,DIRECT,IND-000160,1.0
IND-000160,Nashik,Bombay,2025,15514.978284000945,DIRECT,IND-000160,1.0
IND-000162,Poona,Bombay,1951,15609.739655680598,DIRECT,IND-000162,1.0
IND-000162,Poona,Bombay,1961,15609.739655680598,DIRECT,IND-000162,1.0
IND-000162,Poona,Bombay,1971,15609.739655680598,DIRECT,IND-000162,1.0
IND-000162,Poona,Bombay,1981,15609.767717091489,DIRECT,IND-000162,1.0
IND-000162,Poona,Bombay,1991,15609.785943321403,DIRECT,IND-000162,1.0
IND-000162,Poona,Bombay,2001,15609.785943321403,DIRECT,IND-000162,1.0
IND-000162,Poona,Bombay,2011,15636.447500056322,DIRECT,IND-000162,1.0
IND-000162,Poona,Bombay,2021,15651.455668818611,DIRECT,IND-000162,1.0
IND-000162,Poona,Bombay,2025,15651.624273676787,DIRECT,IND-000162,1.0
IND-000163,Satara North,Bombay,1951,10537.11480067587,DIRECT,IND-000163,1.0
IND-000163,Satara North,Bombay,1961,10537.11480067587,DIRECT,IND-000163,1.0
IND-000163,Satara North,Bombay,1971,10537.11480067587,DIRECT,IND-000163,1.0
IND-000163,Satara North,Bombay,1981,10537.109252748924,DIRECT,IND-000163,1.0
IND-000163,Satara North,Bombay,1991,10537.07648766128,DIRECT,IND-000163,1.0
IND-000163,Satara North,Bombay,2001,10537.07648766128,DIRECT,IND-000163,1.0
IND-000163,Satara North,Bombay,2011,10613.664628398174,DIRECT,IND-000163,1.0
IND-000163,Satara North,Bombay,2021,10477.100456175389,DIRECT,IND-000163,1.0
IND-000163,Satara North,Bombay,2025,10477.339767726357,DIRECT,IND-000163,1.0
IND-000172,Satara South,Bombay,1951,8527.120646298748,DIRECT,IND-000172,1.0
IND-000172,Satara South,Bombay,1961,8527.120646298748,DIRECT,IND-000172,1.0
IND-000172,Satara South,Bombay,1971,8527.120646298748,DIRECT,IND-000172,1.0
IND-000172,Satara South,Bombay,1981,8527.055688612185,DIRECT,IND-000172,1.0
IND-000172,Satara South,Bombay,1991,8527.108231748009,DIRECT,IND-000172,1.0
IND-000172,Satara South,Bombay,2001,8527.108231748009,DIRECT,IND-000172,1.0
IND-000172,Satara South,Bombay,2011,8518.350475102869,DIRECT,IND-000172,1.0
IND-000172,Satara South,Bombay,2021,8606.633576108408,DIRECT,IND-000172,1.0
IND-000172,Satara South,Bombay,2025,8605.940503597849,DIRECT,IND-000172,1.0
IND-000164,Sholapur,Bombay,1951,14889.2043355296,DIRECT,IND-000164,1.0
IND-000164,Sholapur,Bombay,1961,14889.2043355296,DIRECT,IND-000164,1.0
IND-000164,Sholapur,Bombay,1971,14889.2043355296,DIRECT,IND-000164,1.0
IND-000164,Sholapur,Bombay,1981,14889.1176729019,DIRECT,IND-000164,1.0
IND-000164,Sholapur,Bombay,1991,14889.160090721203,DIRECT,IND-000164,1.0
IND-000164,Sholapur,Bombay,2001,14889.160090721203,DIRECT,IND-000164,1.0
IND-000164,Sholapur,Bombay,2011,14810.739637909268,DIRECT,IND-000164,1.0
IND-000164,Sholapur,Bombay,2021,14865.280305113072,DIRECT,IND-000164,1.0
IND-000164,Sholapur,Bombay,2025,14857.43527570467,DIRECT,IND-000164,1.0
IND-000428,Chandigarh,Chandigarh,1951,114.021067,LINEAGE_BACKFILL,IND-000373,0.49
IND-000428,Chandigarh,Chandigarh,1961,114.032803,LINEAGE_BACKFILL,IND-000373,0.7
IND-000428,Chandigarh,Chandigarh,1971,114.06279465581083,DIRECT,IND-000428,1.0
IND-000428,Chandigarh,Chandigarh,1981,114.0623009051344,DIRECT,IND-000428,1.0
IND-000428,Chandigarh,Chandigarh,1991,114.06241543520416,DIRECT,IND-000428,1.0
IND-000428,Chandigarh,Chandigarh,2001,114.06241543520416,DIRECT,IND-000428,1.0
IND-000428,Chandigarh,Chandigarh,2011,118.10678089127092,DIRECT,IND-000428,1.0
IND-000428,Chandigarh,Chandigarh,2021,114.63006029894272,DIRECT,IND-000428,1.0
IND-000428,Chandigarh,Chandigarh,2025,114.73253747175548,DIRECT,IND-000428,1.0
IND-001222,Balod,Chhattisgarh,1951,3411.746506,LINEAGE_BACKFILL,IND-000458|IND-000855|IND-000858|IND-000859,0.343
IND-001222,Balod,Chhattisgarh,1961,3411.746506,LINEAGE_BACKFILL,IND-000458|IND-000855|IND-000858|IND-000859,0.343
IND-001222,Balod,Chhattisgarh,1971,3411.746506,LINEAGE_BACKFILL,IND-000458|IND-000855|IND-000858|IND-000859,0.343
IND-001222,Balod,Chhattisgarh,1981,3411.77615,LINEAGE_BACKFILL,IND-000458|IND-000855|IND-000858|IND-000859,0.49
IND-001222,Balod,Chhattisgarh,1991,3407.358184,LINEAGE_BACKFILL,IND-000458|IND-000855|IND-000858|IND-000859,0.49
IND-001222,Balod,Chhattisgarh,2001,3407.360065,LINEAGE_BACKFILL,IND-000458|IND-000855|IND-000858|IND-000859,0.7
IND-001222,Balod,Chhattisgarh,2011,3368.862276,LINEAGE_BACKFILL,IND-000458|IND-000855|IND-000858|IND-000859,0.7
IND-001222,Balod,Chhattisgarh,2021,3368.914090652495,DIRECT,IND-001222,1.0
IND-001222,Balod,Chhattisgarh,2025,3369.085922422158,DIRECT,IND-001222,1.0
IND-001225,Baloda Bazar,Chhattisgarh,1951,4747.914143,LINEAGE_BACKFILL,IND-000458|IND-000852|IND-000853|IND-000856|IND-000857,0.595
IND-001225,Baloda Bazar,Chhattisgarh,1961,4747.914143,LINEAGE_BACKFILL,IND-000458|IND-000852|IND-000853|IND-000856|IND-000857,0.595
IND-001225,Baloda Bazar,Chhattisgarh,1971,4747.914143,LINEAGE_BACKFILL,IND-000458|IND-000852|IND-000853|IND-000856|IND-000857,0.595
IND-001225,Baloda Bazar,Chhattisgarh,1981,4747.271013,LINEAGE_BACKFILL,IND-000458|IND-000852|IND-000853|IND-000856|IND-000857,0.665
IND-001225,Baloda Bazar,Chhattisgarh,1991,4747.918095,LINEAGE_BACKFILL,IND-000458|IND-000852|IND-000853|IND-000856|IND-000857,0.665
IND-001225,Baloda Bazar,Chhattisgarh,2001,4747.97152,LINEAGE_BACKFILL,IND-000458|IND-000852|IND-000853|IND-000856|IND-000857,0.7
IND-001225,Baloda Bazar,Chhattisgarh,2011,4666.736526,LINEAGE_BACKFILL,IND-000458|IND-000852|IND-000853|IND-000856|IND-000857,0.7
IND-001225,Baloda Bazar,Chhattisgarh,2021,4666.846611667777,DIRECT,IND-001225,1.0
IND-001225,Baloda Bazar,Chhattisgarh,2025,4667.5214283474015,DIRECT,IND-001225,1.0
IND-001228,Balrampur,Chhattisgarh,1951,6248.466838,LINEAGE_BACKFILL,IND-000610|IND-000810|IND-000848|IND-000849|IND-000949|IND-000998,0.3956
IND-001228,Balrampur,Chhattisgarh,1961,6247.372415,LINEAGE_BACKFILL,IND-000610|IND-000810|IND-000848|IND-000849|IND-000949|IND-000998,0.3956
IND-001228,Balrampur,Chhattisgarh,1971,6247.372415,LINEAGE_BACKFILL,IND-000610|IND-000810|IND-000848|IND-000849|IND-000949|IND-000998,0.3956
IND-001228,Balrampur,Chhattisgarh,1981,6247.378005,LINEAGE_BACKFILL,IND-000610|IND-000810|IND-000848|IND-000849|IND-000949|IND-000998,0.4165
IND-001228,Balrampur,Chhattisgarh,1991,6247.376974,LINEAGE_BACKFILL,IND-000610|IND-000810|IND-000848|IND-000849|IND-000949|IND-000998,0.4655
IND-001228,Balrampur,Chhattisgarh,2001,6247.411952,LINEAGE_BACKFILL,IND-000610|IND-000810|IND-000848|IND-000849|IND-000949|IND-000998,0.49
IND-001228,Balrampur,Chhattisgarh,2011,6262.910929,LINEAGE_BACKFILL,IND-000610|IND-000810|IND-000848|IND-000849|IND-000949|IND-000998,0.7
IND-001228,Balrampur,Chhattisgarh,2021,6262.941226717153,DIRECT,IND-001228,1.0
IND-001228,Balrampur,Chhattisgarh,2025,6270.429749685652,DIRECT,IND-001228,1.0
IND-001217,Bastar,Chhattisgarh,1951,5589.966026,LINEAGE_BACKFILL,IND-000844|IND-000845|IND-000846|IND-000940|IND-000942|IND-000943,0.343
IND-001217,Bastar,Chhattisgarh,1961,5589.973866,LINEAGE_BACKFILL,IND-000844|IND-000845|IND-000846|IND-000940|IND-000942|IND-000943,0.343
IND-001217,Bastar,Chhattisgarh,1971,5589.973866,LINEAGE_BACKFILL,IND-000844|IND-000845|IND-000846|IND-000940|IND-000942|IND-000943,0.343
IND-001217,Bastar,Chhattisgarh,1981,5589.962301,LINEAGE_BACKFILL,IND-000844|IND-000845|IND-000846|IND-000940|IND-000942|IND-000943,0.343
IND-001217,Bastar,Chhattisgarh,1991,5589.978239,LINEAGE_BACKFILL,IND-000844|IND-000845|IND-000846|IND-000940|IND-000942|IND-000943,0.4655
IND-001217,Bastar,Chhattisgarh,2001,5589.994757,LINEAGE_BACKFILL,IND-000844|IND-000845|IND-000846|IND-000940|IND-000942|IND-000943,0.49
IND-001217,Bastar,Chhattisgarh,2011,5590.217997,LINEAGE_BACKFILL,IND-000844|IND-000845|IND-000846|IND-000940|IND-000942|IND-000943,0.7
IND-001217,Bastar,Chhattisgarh,2021,5590.22508659545,DIRECT,IND-001217,1.0
IND-001217,Bastar,Chhattisgarh,2025,5399.345994185251,DIRECT,IND-001217,1.0
IND-001320,Bemetara,Chhattisgarh,1951,2263.893246,LINEAGE_BACKFILL,IND-001223,0.2401
IND-001320,Bemetara,Chhattisgarh,1961,2263.893246,LINEAGE_BACKFILL,IND-001223,0.2401
IND-001320,Bemetara,Chhattisgarh,1971,2263.893246,LINEAGE_BACKFILL,IND-001223,0.2401
IND-001320,Bemetara,Chhattisgarh,1981,2262.06537,LINEAGE_BACKFILL,IND-001223,0.343
IND-001320,Bemetara,Chhattisgarh,1991,2263.582996,LINEAGE_BACKFILL,IND-001223,0.343
IND-001320,Bemetara,Chhattisgarh,2001,2263.584153,LINEAGE_BACKFILL,IND-001223,0.49
IND-001320,Bemetara,Chhattisgarh,2011,2236.60813,LINEAGE_BACKFILL,IND-001223,0.49
IND-001320,Bemetara,Chhattisgarh,2021,2236.598804,LINEAGE_BACKFILL,IND-001223,0.7
IND-001320,Bemetara,Chhattisgarh,2025,2238.168923143164,DIRECT,IND-001320,1.0
IND-001229,Bijapur,Chhattisgarh,1951,8797.801753,LINEAGE_BACKFILL,IND-000332|IND-000649|IND-000941|IND-000942|IND-000943,0.343
IND-001229,Bijapur,Chhattisgarh,1961,8802.315264,LINEAGE_BACKFILL,IND-000332|IND-000649|IND-000941|IND-000942|IND-000943,0.343
IND-001229,Bijapur,Chhattisgarh,1971,8802.315264,LINEAGE_BACKFILL,IND-000332|IND-000649|IND-000941|IND-000942|IND-000943,0.343
IND-001229,Bijapur,Chhattisgarh,1981,8802.297629,LINEAGE_BACKFILL,IND-000332|IND-000649|IND-000941|IND-000942|IND-000943,0.343
IND-001229,Bijapur,Chhattisgarh,1991,8802.323748,LINEAGE_BACKFILL,IND-000332|IND-000649|IND-000941|IND-000942|IND-000943,0.4655
IND-001229,Bijapur,Chhattisgarh,2001,8802.505505,LINEAGE_BACKFILL,IND-000332|IND-000649|IND-000941|IND-000942|IND-000943,0.49
IND-001229,Bijapur,Chhattisgarh,2011,8802.22559,LINEAGE_BACKFILL,IND-000332|IND-000649|IND-000941|IND-000942|IND-000943,0.7
IND-001229,Bijapur,Chhattisgarh,2021,8802.198700059958,DIRECT,IND-001229,1.0
IND-001229,Bijapur,Chhattisgarh,2025,9248.371836155036,DIRECT,IND-001229,1.0
IND-001321,Bilaspur,Chhattisgarh,1951,3504.162042,LINEAGE_BACKFILL,IND-000851|IND-000852|IND-001226|IND-001230,0.2401
IND-001321,Bilaspur,Chhattisgarh,1961,3504.162042,LINEAGE_BACKFILL,IND-000851|IND-000852|IND-001226|IND-001230,0.2401
IND-001321,Bilaspur,Chhattisgarh,1971,3504.162042,LINEAGE_BACKFILL,IND-000851|IND-000852|IND-001226|IND-001230,0.2401
IND-001321,Bilaspur,Chhattisgarh,1981,3307.750605,LINEAGE_BACKFILL,IND-000851|IND-000852|IND-001226|IND-001230,0.3259
IND-001321,Bilaspur,Chhattisgarh,1991,3504.15841,LINEAGE_BACKFILL,IND-000851|IND-000852|IND-001226|IND-001230,0.3259
IND-001321,Bilaspur,Chhattisgarh,2001,3504.263813,LINEAGE_BACKFILL,IND-000851|IND-000852|IND-001226|IND-001230,0.4655
IND-001321,Bilaspur,Chhattisgarh,2011,3543.47522,LINEAGE_BACKFILL,IND-000851|IND-000852|IND-001226|IND-001230,0.49
IND-001321,Bilaspur,Chhattisgarh,2021,3543.499092,LINEAGE_BACKFILL,IND-000851|IND-000852|IND-001226|IND-001230,0.7
IND-001321,Bilaspur,Chhattisgarh,2025,3543.944719629447,DIRECT,IND-001321,1.0
IND-001327,Dakshin Bastar Dantewada,Chhattisgarh,1951,2820.040126,LINEAGE_BACKFILL,IND-001216|IND-001217|IND-001229|IND-001231,0.2401
IND-001327,Dakshin Bastar Dantewada,Chhattisgarh,1961,2820.213518,LINEAGE_BACKFILL,IND-001216|IND-001217|IND-001229|IND-001231,0.2401
IND-001327,Dakshin Bastar Dantewada,Chhattisgarh,1971,2820.213518,LINEAGE_BACKFILL,IND-001216|IND-001217|IND-001229|IND-001231,0.2401
IND-001327,Dakshin Bastar Dantewada,Chhattisgarh,1981,2820.207714,LINEAGE_BACKFILL,IND-001216|IND-001217|IND-001229|IND-001231,0.2401
IND-001327,Dakshin Bastar Dantewada,Chhattisgarh,1991,2820.215817,LINEAGE_BACKFILL,IND-001216|IND-001217|IND-001229|IND-001231,0.2401
IND-001327,Dakshin Bastar Dantewada,Chhattisgarh,2001,2820.273859,LINEAGE_BACKFILL,IND-001216|IND-001217|IND-001229|IND-001231,0.343
IND-001327,Dakshin Bastar Dantewada,Chhattisgarh,2011,2820.265149,LINEAGE_BACKFILL,IND-001216|IND-001217|IND-001229|IND-001231,0.49
IND-001327,Dakshin Bastar Dantewada,Chhattisgarh,2021,2820.241892,LINEAGE_BACKFILL,IND-001216|IND-001217|IND-001229|IND-001231,0.7
IND-001327,Dakshin Bastar Dantewada,Chhattisgarh,2025,2820.2146093135016,DIRECT,IND-001327,1.0
IND-000858,Dhamtari,Chhattisgarh,1951,4079.720469,LINEAGE_BACKFILL,IND-000189,0.95
IND-000858,Dhamtari,Chhattisgarh,1961,4079.720469,LINEAGE_BACKFILL,IND-000189,0.95
IND-000858,Dhamtari,Chhattisgarh,1971,4079.720469,LINEAGE_BACKFILL,IND-000189,0.95
IND-000858,Dhamtari,Chhattisgarh,1981,4079.72328,LINEAGE_BACKFILL,IND-000189,0.95
IND-000858,Dhamtari,Chhattisgarh,1991,4079.723842,LINEAGE_BACKFILL,IND-000189,0.95
IND-000858,Dhamtari,Chhattisgarh,2001,4079.735209524059,DIRECT,IND-000858,1.0
IND-000858,Dhamtari,Chhattisgarh,2011,4159.316375595311,DIRECT,IND-000858,1.0
IND-000858,Dhamtari,Chhattisgarh,2021,4086.53913082535,DIRECT,IND-000858,1.0
IND-000858,Dhamtari,Chhattisgarh,2025,4086.661201845542,DIRECT,IND-000858,1.0
IND-001221,Durg,Chhattisgarh,1951,2325.915014,LINEAGE_BACKFILL,IND-000458|IND-000855|IND-000856|IND-000858,0.343
IND-001221,Durg,Chhattisgarh,1961,2325.915014,LINEAGE_BACKFILL,IND-000458|IND-000855|IND-000856|IND-000858,0.343
IND-001221,Durg,Chhattisgarh,1971,2325.915014,LINEAGE_BACKFILL,IND-000458|IND-000855|IND-000856|IND-000858,0.343
IND-001221,Durg,Chhattisgarh,1981,2325.935061,LINEAGE_BACKFILL,IND-000458|IND-000855|IND-000856|IND-000858,0.49
IND-001221,Durg,Chhattisgarh,1991,2325.639226,LINEAGE_BACKFILL,IND-000458|IND-000855|IND-000856|IND-000858,0.49
IND-001221,Durg,Chhattisgarh,2001,2325.639334,LINEAGE_BACKFILL,IND-000458|IND-000855|IND-000856|IND-000858,0.7
IND-001221,Durg,Chhattisgarh,2011,2297.595017,LINEAGE_BACKFILL,IND-000458|IND-000855|IND-000856|IND-000858,0.7
IND-001221,Durg,Chhattisgarh,2021,2297.595035350104,DIRECT,IND-001221,1.0
IND-001221,Durg,Chhattisgarh,2025,2297.5504895776285,DIRECT,IND-001221,1.0
IND-001219,Gariaband,Chhattisgarh,1951,4921.991268,LINEAGE_BACKFILL,IND-000841|IND-000842|IND-000844|IND-000856|IND-000857|IND-000858,0.49
IND-001219,Gariaband,Chhattisgarh,1961,4921.991268,LINEAGE_BACKFILL,IND-000841|IND-000842|IND-000844|IND-000856|IND-000857|IND-000858,0.49
IND-001219,Gariaband,Chhattisgarh,1971,4921.991268,LINEAGE_BACKFILL,IND-000841|IND-000842|IND-000844|IND-000856|IND-000857|IND-000858,0.49
IND-001219,Gariaband,Chhattisgarh,1981,4921.994719,LINEAGE_BACKFILL,IND-000841|IND-000842|IND-000844|IND-000856|IND-000857|IND-000858,0.49
IND-001219,Gariaband,Chhattisgarh,1991,4921.99521,LINEAGE_BACKFILL,IND-000841|IND-000842|IND-000844|IND-000856|IND-000857|IND-000858,0.49
IND-001219,Gariaband,Chhattisgarh,2001,4922.048106,LINEAGE_BACKFILL,IND-000841|IND-000842|IND-000844|IND-000856|IND-000857|IND-000858,0.7
IND-001219,Gariaband,Chhattisgarh,2011,4839.181378,LINEAGE_BACKFILL,IND-000841|IND-000842|IND-000844|IND-000856|IND-000857|IND-000858,0.7
IND-001219,Gariaband,Chhattisgarh,2021,4839.118509898371,DIRECT,IND-001219,1.0
IND-001219,Gariaband,Chhattisgarh,2025,4844.438027608497,DIRECT,IND-001219,1.0
IND-001322,Gaurela-Pendra-Marwahi,Chhattisgarh,1951,1970.884122,LINEAGE_BACKFILL,IND-001230,0.3259
IND-001322,Gaurela-Pendra-Marwahi,Chhattisgarh,1961,1970.884122,LINEAGE_BACKFILL,IND-001230,0.3259
IND-001322,Gaurela-Pendra-Marwahi,Chhattisgarh,1971,1970.884122,LINEAGE_BACKFILL,IND-001230,0.3259
IND-001322,Gaurela-Pendra-Marwahi,Chhattisgarh,1981,1860.41459,LINEAGE_BACKFILL,IND-001230,0.3259
IND-001322,Gaurela-Pendra-Marwahi,Chhattisgarh,1991,1970.882113,LINEAGE_BACKFILL,IND-001230,0.3259
IND-001322,Gaurela-Pendra-Marwahi,Chhattisgarh,2001,1970.941403,LINEAGE_BACKFILL,IND-001230,0.4655
IND-001322,Gaurela-Pendra-Marwahi,Chhattisgarh,2011,1993.004721,LINEAGE_BACKFILL,IND-001230,0.665
IND-001322,Gaurela-Pendra-Marwahi,Chhattisgarh,2021,1993.018322,LINEAGE_BACKFILL,IND-001230,0.95
IND-001322,Gaurela-Pendra-Marwahi,Chhattisgarh,2025,1994.2731325151935,DIRECT,IND-001322,1.0
IND-001331,Janjgir - Champa,Chhattisgarh,1951,4512.038442,LINEAGE_BACKFILL,IND-000850|IND-000852|IND-001223|IND-001225,0.2401
IND-001331,Janjgir - Champa,Chhattisgarh,1961,4512.038442,LINEAGE_BACKFILL,IND-000850|IND-000852|IND-001223|IND-001225,0.2401
IND-001331,Janjgir - Champa,Chhattisgarh,1971,4512.038442,LINEAGE_BACKFILL,IND-000850|IND-000852|IND-001223|IND-001225,0.2401
IND-001331,Janjgir - Champa,Chhattisgarh,1981,4292.859416,LINEAGE_BACKFILL,IND-000850|IND-000852|IND-001223|IND-001225,0.343
IND-001331,Janjgir - Champa,Chhattisgarh,1991,4511.947544,LINEAGE_BACKFILL,IND-000850|IND-000852|IND-001223|IND-001225,0.343
IND-001331,Janjgir - Champa,Chhattisgarh,2001,4512.039283,LINEAGE_BACKFILL,IND-000850|IND-000852|IND-001223|IND-001225,0.49
IND-001331,Janjgir - Champa,Chhattisgarh,2011,4486.174034,LINEAGE_BACKFILL,IND-000850|IND-000852|IND-001223|IND-001225,0.49
IND-001331,Janjgir - Champa,Chhattisgarh,2021,4487.945521,LINEAGE_BACKFILL,IND-000850|IND-000852|IND-001223|IND-001225,0.7
IND-001331,Janjgir - Champa,Chhattisgarh,2025,4489.310543182985,DIRECT,IND-001331,1.0
IND-000849,Jashpur,Chhattisgarh,1951,5875.866122,LINEAGE_BACKFILL,IND-000194,0.95
IND-000849,Jashpur,Chhattisgarh,1961,5875.866122,LINEAGE_BACKFILL,IND-000194,0.95
IND-000849,Jashpur,Chhattisgarh,1971,5875.866122,LINEAGE_BACKFILL,IND-000194,0.95
IND-000849,Jashpur,Chhattisgarh,1981,5875.849927,LINEAGE_BACKFILL,IND-000194,0.95
IND-000849,Jashpur,Chhattisgarh,1991,5875.866193,LINEAGE_BACKFILL,IND-000194,0.95
IND-000849,Jashpur,Chhattisgarh,2001,5876.078401311067,DIRECT,IND-000849,1.0
IND-000849,Jashpur,Chhattisgarh,2011,5867.036377816723,DIRECT,IND-000849,1.0
IND-000849,Jashpur,Chhattisgarh,2021,5849.593336259953,DIRECT,IND-000849,1.0
IND-000849,Jashpur,Chhattisgarh,2025,5850.714326777809,DIRECT,IND-000849,1.0
IND-000859,Kanker,Chhattisgarh,1951,7238.735791,LINEAGE_BACKFILL,IND-000192,0.95
IND-000859,Kanker,Chhattisgarh,1961,7238.735791,LINEAGE_BACKFILL,IND-000192,0.95
IND-000859,Kanker,Chhattisgarh,1971,7238.735791,LINEAGE_BACKFILL,IND-000192,0.95
IND-000859,Kanker,Chhattisgarh,1981,7238.720802,LINEAGE_BACKFILL,IND-000192,0.95
IND-000859,Kanker,Chhattisgarh,1991,7238.741751,LINEAGE_BACKFILL,IND-000192,0.95
IND-000859,Kanker,Chhattisgarh,2001,7239.028613937452,DIRECT,IND-000859,1.0
IND-000859,Kanker,Chhattisgarh,2011,7145.774626656422,DIRECT,IND-000859,1.0
IND-000859,Kanker,Chhattisgarh,2021,7189.079925840784,DIRECT,IND-000859,1.0
IND-000859,Kanker,Chhattisgarh,2025,7190.703437931094,DIRECT,IND-000859,1.0
IND-000854,Kawardha,Chhattisgarh,1951,4524.343254,LINEAGE_BACKFILL,IND-000190|IND-000457,0.49
IND-000854,Kawardha,Chhattisgarh,1961,4524.343254,LINEAGE_BACKFILL,IND-000190|IND-000457,0.49
IND-000854,Kawardha,Chhattisgarh,1971,4524.343254,LINEAGE_BACKFILL,IND-000190|IND-000457,0.49
IND-000854,Kawardha,Chhattisgarh,1981,4461.129549,LINEAGE_BACKFILL,IND-000190|IND-000457,0.7
IND-000854,Kawardha,Chhattisgarh,1991,4213.11696,LINEAGE_BACKFILL,IND-000190|IND-000457,0.7
IND-000854,Kawardha,Chhattisgarh,2001,4213.241173465679,DIRECT,IND-000854,1.0
IND-000854,Kawardha,Chhattisgarh,2011,4166.3254073221515,DIRECT,IND-000854,1.0
IND-000854,Kawardha,Chhattisgarh,2021,4197.035261771914,DIRECT,IND-000854,1.0
IND-000854,Kawardha,Chhattisgarh,2025,4195.191338022867,DIRECT,IND-000854,1.0
IND-001218,Kondagaon,Chhattisgarh,1951,5077.872266,LINEAGE_BACKFILL,IND-000844|IND-000859|IND-000940|IND-000941|IND-000943,0.343
IND-001218,Kondagaon,Chhattisgarh,1961,5077.892807,LINEAGE_BACKFILL,IND-000844|IND-000859|IND-000940|IND-000941|IND-000943,0.343
IND-001218,Kondagaon,Chhattisgarh,1971,5077.892807,LINEAGE_BACKFILL,IND-000844|IND-000859|IND-000940|IND-000941|IND-000943,0.343
IND-001218,Kondagaon,Chhattisgarh,1981,5077.882302,LINEAGE_BACKFILL,IND-000844|IND-000859|IND-000940|IND-000941|IND-000943,0.343
IND-001218,Kondagaon,Chhattisgarh,1991,5077.896831,LINEAGE_BACKFILL,IND-000844|IND-000859|IND-000940|IND-000941|IND-000943,0.4655
IND-001218,Kondagaon,Chhattisgarh,2001,5077.90744,LINEAGE_BACKFILL,IND-000844|IND-000859|IND-000940|IND-000941|IND-000943,0.49
IND-001218,Kondagaon,Chhattisgarh,2011,5077.822713,LINEAGE_BACKFILL,IND-000844|IND-000859|IND-000940|IND-000941|IND-000943,0.7
IND-001218,Kondagaon,Chhattisgarh,2021,5077.82020437052,DIRECT,IND-001218,1.0
IND-001218,Kondagaon,Chhattisgarh,2025,5077.901482527202,DIRECT,IND-001218,1.0
IND-000851,Korba,Chhattisgarh,1951,6602.506543,LINEAGE_BACKFILL,IND-000190,0.95
IND-000851,Korba,Chhattisgarh,1961,6602.506543,LINEAGE_BACKFILL,IND-000190,0.95
IND-000851,Korba,Chhattisgarh,1971,6602.506543,LINEAGE_BACKFILL,IND-000190,0.95
IND-000851,Korba,Chhattisgarh,1981,6230.076831,LINEAGE_BACKFILL,IND-000190,0.95
IND-000851,Korba,Chhattisgarh,1991,6602.499674,LINEAGE_BACKFILL,IND-000190,0.95
IND-000851,Korba,Chhattisgarh,2001,6602.6028780373335,DIRECT,IND-000851,1.0
IND-000851,Korba,Chhattisgarh,2011,6613.356962264158,DIRECT,IND-000851,1.0
IND-000851,Korba,Chhattisgarh,2021,6605.4779101198665,DIRECT,IND-000851,1.0
IND-000851,Korba,Chhattisgarh,2025,6597.795632971849,DIRECT,IND-000851,1.0
IND-000847,Koriya,Chhattisgarh,1951,6589.405928,LINEAGE_BACKFILL,IND-000193,0.95
IND-000847,Koriya,Chhattisgarh,1961,6589.405928,LINEAGE_BACKFILL,IND-000193,0.95
IND-000847,Koriya,Chhattisgarh,1971,6589.405928,LINEAGE_BACKFILL,IND-000193,0.95
IND-000847,Koriya,Chhattisgarh,1981,6589.41186,LINEAGE_BACKFILL,IND-000193,0.95
IND-000847,Koriya,Chhattisgarh,1991,6589.410335,LINEAGE_BACKFILL,IND-000193,0.95
IND-000847,Koriya,Chhattisgarh,2001,6589.765023243174,DIRECT,IND-000847,1.0
IND-000847,Koriya,Chhattisgarh,2011,6548.125205334779,DIRECT,IND-000847,1.0
IND-000847,Koriya,Chhattisgarh,2021,6610.0442099822885,DIRECT,IND-000847,1.0
IND-000847,Koriya,Chhattisgarh,2025,6602.776356855198,DIRECT,IND-000847,1.0
IND-000857,Mahasamund,Chhattisgarh,1951,4738.718892,LINEAGE_BACKFILL,IND-000189,0.95
IND-000857,Mahasamund,Chhattisgarh,1961,4738.718892,LINEAGE_BACKFILL,IND-000189,0.95
IND-000857,Mahasamund,Chhattisgarh,1971,4738.718892,LINEAGE_BACKFILL,IND-000189,0.95
IND-000857,Mahasamund,Chhattisgarh,1981,4738.722157,LINEAGE_BACKFILL,IND-000189,0.95
IND-000857,Mahasamund,Chhattisgarh,1991,4738.72281,LINEAGE_BACKFILL,IND-000189,0.95
IND-000857,Mahasamund,Chhattisgarh,2001,4738.910776417443,DIRECT,IND-000857,1.0
IND-000857,Mahasamund,Chhattisgarh,2011,4700.6743848666065,DIRECT,IND-000857,1.0
IND-000857,Mahasamund,Chhattisgarh,2021,4757.2802433723355,DIRECT,IND-000857,1.0
IND-000857,Mahasamund,Chhattisgarh,2025,4752.068256032389,DIRECT,IND-000857,1.0
IND-001226,Mungeli,Chhattisgarh,1951,2741.65955,LINEAGE_BACKFILL,IND-000458|IND-000853|IND-000854|IND-000856|IND-000876,0.343
IND-001226,Mungeli,Chhattisgarh,1961,2741.65955,LINEAGE_BACKFILL,IND-000458|IND-000853|IND-000854|IND-000856|IND-000876,0.343
IND-001226,Mungeli,Chhattisgarh,1971,2741.65955,LINEAGE_BACKFILL,IND-000458|IND-000853|IND-000854|IND-000856|IND-000876,0.343
IND-001226,Mungeli,Chhattisgarh,1981,2587.74973,LINEAGE_BACKFILL,IND-000458|IND-000853|IND-000854|IND-000856|IND-000876,0.49
IND-001226,Mungeli,Chhattisgarh,1991,2741.489255,LINEAGE_BACKFILL,IND-000458|IND-000853|IND-000854|IND-000856|IND-000876,0.49
IND-001226,Mungeli,Chhattisgarh,2001,2741.572002,LINEAGE_BACKFILL,IND-000458|IND-000853|IND-000854|IND-000856|IND-000876,0.7
IND-001226,Mungeli,Chhattisgarh,2011,2772.261453,LINEAGE_BACKFILL,IND-000458|IND-000853|IND-000854|IND-000856|IND-000876,0.7
IND-001226,Mungeli,Chhattisgarh,2021,2772.2793076245134,DIRECT,IND-001226,1.0
IND-001226,Mungeli,Chhattisgarh,2025,2776.897504523124,DIRECT,IND-001226,1.0
IND-001215,Narayanpur,Chhattisgarh,1951,3890.251572,LINEAGE_BACKFILL,IND-000649|IND-000859|IND-000940|IND-000941|IND-000943,0.343
IND-001215,Narayanpur,Chhattisgarh,1961,3891.853471,LINEAGE_BACKFILL,IND-000649|IND-000859|IND-000940|IND-000941|IND-000943,0.343
IND-001215,Narayanpur,Chhattisgarh,1971,3891.853471,LINEAGE_BACKFILL,IND-000649|IND-000859|IND-000940|IND-000941|IND-000943,0.343
IND-001215,Narayanpur,Chhattisgarh,1981,3891.845556,LINEAGE_BACKFILL,IND-000649|IND-000859|IND-000940|IND-000941|IND-000943,0.343
IND-001215,Narayanpur,Chhattisgarh,1991,3891.857248,LINEAGE_BACKFILL,IND-000649|IND-000859|IND-000940|IND-000941|IND-000943,0.343
IND-001215,Narayanpur,Chhattisgarh,2001,3891.925324,LINEAGE_BACKFILL,IND-000649|IND-000859|IND-000940|IND-000941|IND-000943,0.49
IND-001215,Narayanpur,Chhattisgarh,2011,3891.42026,LINEAGE_BACKFILL,IND-000649|IND-000859|IND-000940|IND-000941|IND-000943,0.7
IND-001215,Narayanpur,Chhattisgarh,2021,3891.38418019012,DIRECT,IND-001215,1.0
IND-001215,Narayanpur,Chhattisgarh,2025,3900.610583675584,DIRECT,IND-001215,1.0
IND-000850,Raigarh,Chhattisgarh,1951,7183.655434,LINEAGE_BACKFILL,IND-000194,0.95
IND-000850,Raigarh,Chhattisgarh,1961,7183.655434,LINEAGE_BACKFILL,IND-000194,0.95
IND-000850,Raigarh,Chhattisgarh,1971,7183.655434,LINEAGE_BACKFILL,IND-000194,0.95
IND-000850,Raigarh,Chhattisgarh,1981,7183.635634,LINEAGE_BACKFILL,IND-000194,0.95
IND-000850,Raigarh,Chhattisgarh,1991,7183.655521,LINEAGE_BACKFILL,IND-000194,0.95
IND-000850,Raigarh,Chhattisgarh,2001,7183.724709085952,DIRECT,IND-000850,1.0
IND-000850,Raigarh,Chhattisgarh,2011,7036.922823592673,DIRECT,IND-000850,1.0
IND-000850,Raigarh,Chhattisgarh,2021,7039.169974591619,DIRECT,IND-000850,1.0
IND-000850,Raigarh,Chhattisgarh,2025,7045.590175516408,DIRECT,IND-000850,1.0
IND-001220,Raipur,Chhattisgarh,1951,2954.701356,LINEAGE_BACKFILL,IND-000458|IND-000856|IND-000857|IND-000858,0.595
IND-001220,Raipur,Chhattisgarh,1961,2954.701356,LINEAGE_BACKFILL,IND-000458|IND-000856|IND-000857|IND-000858,0.595
IND-001220,Raipur,Chhattisgarh,1971,2954.701356,LINEAGE_BACKFILL,IND-000458|IND-000856|IND-000857|IND-000858,0.595
IND-001220,Raipur,Chhattisgarh,1981,2954.703458,LINEAGE_BACKFILL,IND-000458|IND-000856|IND-000857|IND-000858,0.665
IND-001220,Raipur,Chhattisgarh,1991,2954.703873,LINEAGE_BACKFILL,IND-000458|IND-000856|IND-000857|IND-000858,0.665
IND-001220,Raipur,Chhattisgarh,2001,2954.735689,LINEAGE_BACKFILL,IND-000458|IND-000856|IND-000857|IND-000858,0.7
IND-001220,Raipur,Chhattisgarh,2011,2904.370454,LINEAGE_BACKFILL,IND-000458|IND-000856|IND-000857|IND-000858,0.7
IND-001220,Raipur,Chhattisgarh,2021,2904.424708708804,DIRECT,IND-001220,1.0
IND-001220,Raipur,Chhattisgarh,2025,2904.5398662493853,DIRECT,IND-001220,1.0
IND-000855,Rajnandgaon,Chhattisgarh,1951,8862.278005,LINEAGE_BACKFILL,IND-000457,0.49
IND-000855,Rajnandgaon,Chhattisgarh,1961,8862.278005,LINEAGE_BACKFILL,IND-000457,0.49
IND-000855,Rajnandgaon,Chhattisgarh,1971,8862.278005,LINEAGE_BACKFILL,IND-000457,0.49
IND-000855,Rajnandgaon,Chhattisgarh,1981,8862.53458,LINEAGE_BACKFILL,IND-000457,0.7
IND-000855,Rajnandgaon,Chhattisgarh,1991,8051.514199,LINEAGE_BACKFILL,IND-000457,0.7
IND-000855,Rajnandgaon,Chhattisgarh,2001,8051.61517875656,DIRECT,IND-000855,1.0
IND-000855,Rajnandgaon,Chhattisgarh,2011,8171.420363871504,DIRECT,IND-000855,1.0
IND-000855,Rajnandgaon,Chhattisgarh,2021,8069.374931166961,DIRECT,IND-000855,1.0
IND-000855,Rajnandgaon,Chhattisgarh,2025,8070.462190396033,DIRECT,IND-000855,1.0
IND-001231,Sukma,Chhattisgarh,1951,5273.710354,LINEAGE_BACKFILL,IND-000332|IND-000846|IND-000940|IND-000942|IND-000943,0.343
IND-001231,Sukma,Chhattisgarh,1961,5273.718379,LINEAGE_BACKFILL,IND-000332|IND-000846|IND-000940|IND-000942|IND-000943,0.343
IND-001231,Sukma,Chhattisgarh,1971,5273.718379,LINEAGE_BACKFILL,IND-000332|IND-000846|IND-000940|IND-000942|IND-000943,0.343
IND-001231,Sukma,Chhattisgarh,1981,5273.707523,LINEAGE_BACKFILL,IND-000332|IND-000846|IND-000940|IND-000942|IND-000943,0.343
IND-001231,Sukma,Chhattisgarh,1991,5273.722342,LINEAGE_BACKFILL,IND-000332|IND-000846|IND-000940|IND-000942|IND-000943,0.343
IND-001231,Sukma,Chhattisgarh,2001,5273.834419,LINEAGE_BACKFILL,IND-000332|IND-000846|IND-000940|IND-000942|IND-000943,0.49
IND-001231,Sukma,Chhattisgarh,2011,5274.395033,LINEAGE_BACKFILL,IND-000332|IND-000846|IND-000940|IND-000942|IND-000943,0.7
IND-001231,Sukma,Chhattisgarh,2021,5274.410766981711,DIRECT,IND-001231,1.0
IND-001231,Sukma,Chhattisgarh,2025,5478.755132010834,DIRECT,IND-001231,1.0
IND-001224,Surajpur,Chhattisgarh,1951,5440.671573,LINEAGE_BACKFILL,IND-000847|IND-000848|IND-000851|IND-000949,0.4165
IND-001224,Surajpur,Chhattisgarh,1961,5440.663451,LINEAGE_BACKFILL,IND-000847|IND-000848|IND-000851|IND-000949,0.4165
IND-001224,Surajpur,Chhattisgarh,1971,5440.663451,LINEAGE_BACKFILL,IND-000847|IND-000848|IND-000851|IND-000949,0.4165
IND-001224,Surajpur,Chhattisgarh,1981,5440.129551,LINEAGE_BACKFILL,IND-000847|IND-000848|IND-000851|IND-000949,0.4165
IND-001224,Surajpur,Chhattisgarh,1991,5440.667034,LINEAGE_BACKFILL,IND-000847|IND-000848|IND-000851|IND-000949,0.4655
IND-001224,Surajpur,Chhattisgarh,2001,5440.697821,LINEAGE_BACKFILL,IND-000847|IND-000848|IND-000851|IND-000949,0.49
IND-001224,Surajpur,Chhattisgarh,2011,5454.176374,LINEAGE_BACKFILL,IND-000847|IND-000848|IND-000851|IND-000949,0.7
IND-001224,Surajpur,Chhattisgarh,2021,5454.156019133874,DIRECT,IND-001224,1.0
IND-001224,Surajpur,Chhattisgarh,2025,5455.047325859874,DIRECT,IND-001224,1.0
IND-001227,Surguja,Chhattisgarh,1951,3998.368765,LINEAGE_BACKFILL,IND-000848|IND-000849|IND-000850|IND-000851,0.665
IND-001227,Surguja,Chhattisgarh,1961,3998.368765,LINEAGE_BACKFILL,IND-000848|IND-000849|IND-000850|IND-000851,0.665
IND-001227,Surguja,Chhattisgarh,1971,3998.368765,LINEAGE_BACKFILL,IND-000848|IND-000849|IND-000850|IND-000851,0.665
IND-001227,Surguja,Chhattisgarh,1981,3996.137899,LINEAGE_BACKFILL,IND-000848|IND-000849|IND-000850|IND-000851,0.665
IND-001227,Surguja,Chhattisgarh,1991,3998.37134,LINEAGE_BACKFILL,IND-000848|IND-000849|IND-000850|IND-000851,0.665
IND-001227,Surguja,Chhattisgarh,2001,3998.39438,LINEAGE_BACKFILL,IND-000848|IND-000849|IND-000850|IND-000851,0.7
IND-001227,Surguja,Chhattisgarh,2011,4007.502014,LINEAGE_BACKFILL,IND-000848|IND-000849|IND-000850|IND-000851,0.7
IND-001227,Surguja,Chhattisgarh,2021,4007.473965654472,DIRECT,IND-001227,1.0
IND-001227,Surguja,Chhattisgarh,2025,4005.74897245126,DIRECT,IND-001227,1.0
IND-000105,Coorg,Coorg,1951,4133.773254007996,DIRECT,IND-000105,1.0
IND-000105,Coorg,Coorg,1961,4133.773254007996,DIRECT,IND-000105,1.0
IND-000105,Coorg,Coorg,1971,4133.773254007996,DIRECT,IND-000105,1.0
IND-000105,Coorg,Coorg,1981,4133.772530755129,DIRECT,IND-000105,1.0
IND-000105,Coorg,Coorg,1991,4133.783082262012,DIRECT,IND-000105,1.0
IND-000105,Coorg,Coorg,2001,4133.783082262012,DIRECT,IND-000105,1.0
IND-000105,Coorg,Coorg,2011,4104.29602699854,DIRECT,IND-000105,1.0
IND-000105,Coorg,Coorg,2021,4109.554798864384,DIRECT,IND-000105,1.0
IND-000105,Coorg,Coorg,2025,4102.828343259057,DIRECT,IND-000105,1.0
IND-001326,Daman,Dadra & Nagar Haveli & Daman & Diu,1951,54.179044,DIRECT_PREDECESSOR,IND-001074,0.2401
IND-001326,Daman,Dadra & Nagar Haveli & Daman & Diu,1961,54.179044,DIRECT_PREDECESSOR,IND-001074,0.2401
IND-001326,Daman,Dadra & Nagar Haveli & Daman & Diu,1971,54.180008,DIRECT_PREDECESSOR,IND-001074,0.343
IND-001326,Daman,Dadra & Nagar Haveli & Daman & Diu,1981,54.179561,DIRECT_PREDECESSOR,IND-001074,0.343
IND-001326,Daman,Dadra & Nagar Haveli & Daman & Diu,1991,54.178529,DIRECT_PREDECESSOR,IND-001074,0.343
IND-001326,Daman,Dadra & Nagar Haveli & Daman & Diu,2001,54.17857,DIRECT_PREDECESSOR,IND-001074,0.49
IND-001326,Daman,Dadra & Nagar Haveli & Daman & Diu,2011,54.204037,DIRECT_PREDECESSOR,IND-001074,0.7
IND-001326,Daman,Dadra & Nagar Haveli & Daman & Diu,2021,58.070296,DIRECT_PREDECESSOR,IND-001074,0.7
IND-001326,Daman,Dadra & Nagar Haveli & Daman & Diu,2025,71.4593952527179,DIRECT,IND-001326,1.0
IND-001352,Diu,Dadra & Nagar Haveli & Daman & Diu,1951,32.124905,LINEAGE_BACKFILL,IND-001244|IND-001255,0.1681
IND-001352,Diu,Dadra & Nagar Haveli & Daman & Diu,1961,32.044336,LINEAGE_BACKFILL,IND-001244|IND-001255,0.2401
IND-001352,Diu,Dadra & Nagar Haveli & Daman & Diu,1971,32.044336,LINEAGE_BACKFILL,IND-001244|IND-001255,0.2401
IND-001352,Diu,Dadra & Nagar Haveli & Daman & Diu,1981,32.044367,LINEAGE_BACKFILL,IND-001244|IND-001255,0.2401
IND-001352,Diu,Dadra & Nagar Haveli & Daman & Diu,1991,32.04437,LINEAGE_BACKFILL,IND-001244|IND-001255,0.2401
IND-001352,Diu,Dadra & Nagar Haveli & Daman & Diu,2001,32.044547,LINEAGE_BACKFILL,IND-001244|IND-001255,0.343
IND-001352,Diu,Dadra & Nagar Haveli & Daman & Diu,2011,32.945292,LINEAGE_BACKFILL,IND-001244|IND-001255,0.49
IND-001352,Diu,Dadra & Nagar Haveli & Daman & Diu,2021,33.701341,LINEAGE_BACKFILL,IND-001244|IND-001255,0.7
IND-001352,Diu,Dadra & Nagar Haveli & Daman & Diu,2025,38.874918514841895,DIRECT,IND-001352,1.0
IND-001256,Dadra & Nagar Haveli,Dadra and Nagar Haveli,1951,494.968863,LINEAGE_BACKFILL,IND-000156|IND-000893|IND-001075,0.2401
IND-001256,Dadra & Nagar Haveli,Dadra and Nagar Haveli,1961,494.968863,LINEAGE_BACKFILL,IND-000156|IND-000893|IND-001075,0.2401
IND-001256,Dadra & Nagar Haveli,Dadra and Nagar Haveli,1971,494.970835,LINEAGE_BACKFILL,IND-000156|IND-000893|IND-001075,0.343
IND-001256,Dadra & Nagar Haveli,Dadra and Nagar Haveli,1981,494.971387,LINEAGE_BACKFILL,IND-000156|IND-000893|IND-001075,0.343
IND-001256,Dadra & Nagar Haveli,Dadra and Nagar Haveli,1991,494.980142,LINEAGE_BACKFILL,IND-000156|IND-000893|IND-001075,0.343
IND-001256,Dadra & Nagar Haveli,Dadra and Nagar Haveli,2001,494.982993,LINEAGE_BACKFILL,IND-000156|IND-000893|IND-001075,0.49
IND-001256,Dadra & Nagar Haveli,Dadra and Nagar Haveli,2011,495.961656,LINEAGE_BACKFILL,IND-000156|IND-000893|IND-001075,0.7
IND-001256,Dadra & Nagar Haveli,Dadra and Nagar Haveli,2021,495.9500907044225,DIRECT,IND-001256,1.0
IND-001256,Dadra & Nagar Haveli,Dadra and Nagar Haveli,2025,490.15597439286705,DIRECT,IND-001256,1.0
IND-001324,Central,Delhi,1951,104.726947,LINEAGE_BACKFILL,IND-001113|IND-001114|IND-001116|IND-001119|IND-001120|IND-001121,0.2281
IND-001324,Central,Delhi,1961,104.726947,LINEAGE_BACKFILL,IND-001113|IND-001114|IND-001116|IND-001119|IND-001120|IND-001121,0.2281
IND-001324,Central,Delhi,1971,104.726947,LINEAGE_BACKFILL,IND-001113|IND-001114|IND-001116|IND-001119|IND-001120|IND-001121,0.2281
IND-001324,Central,Delhi,1981,104.726942,LINEAGE_BACKFILL,IND-001113|IND-001114|IND-001116|IND-001119|IND-001120|IND-001121,0.2401
IND-001324,Central,Delhi,1991,104.727016,LINEAGE_BACKFILL,IND-001113|IND-001114|IND-001116|IND-001119|IND-001120|IND-001121,0.2401
IND-001324,Central,Delhi,2001,104.745954,LINEAGE_BACKFILL,IND-001113|IND-001114|IND-001116|IND-001119|IND-001120|IND-001121,0.343
IND-001324,Central,Delhi,2011,105.832064,LINEAGE_BACKFILL,IND-001113|IND-001114|IND-001116|IND-001119|IND-001120|IND-001121,0.49
IND-001324,Central,Delhi,2021,106.034962,LINEAGE_BACKFILL,IND-001113|IND-001114|IND-001116|IND-001119|IND-001120|IND-001121,0.7
IND-001324,Central,Delhi,2025,106.60207859436213,DIRECT,IND-001324,1.0
IND-001328,East,Delhi,1951,30.941843,LINEAGE_BACKFILL,IND-001114,0.3957
IND-001328,East,Delhi,1961,30.941843,LINEAGE_BACKFILL,IND-001114,0.3957
IND-001328,East,Delhi,1971,30.941843,LINEAGE_BACKFILL,IND-001114,0.3957
IND-001328,East,Delhi,1981,30.941848,LINEAGE_BACKFILL,IND-001114,0.5653
IND-001328,East,Delhi,1991,30.941858,LINEAGE_BACKFILL,IND-001114,0.5653
IND-001328,East,Delhi,2001,30.942382,LINEAGE_BACKFILL,IND-001114,0.595
IND-001328,East,Delhi,2011,31.018283,LINEAGE_BACKFILL,IND-001114,0.595
IND-001328,East,Delhi,2021,31.332089,LINEAGE_BACKFILL,IND-001114,0.85
IND-001328,East,Delhi,2025,31.52623374626431,DIRECT,IND-001328,1.0
IND-001117,New Delhi,Delhi,1951,156.024883,LINEAGE_BACKFILL,IND-000712|IND-000974|IND-000977,0.6001
IND-001117,New Delhi,Delhi,1961,156.024883,LINEAGE_BACKFILL,IND-000712|IND-000974|IND-000977,0.6001
IND-001117,New Delhi,Delhi,1971,156.024883,LINEAGE_BACKFILL,IND-000712|IND-000974|IND-000977,0.6001
IND-001117,New Delhi,Delhi,1981,156.025114,LINEAGE_BACKFILL,IND-000712|IND-000974|IND-000977,0.6318
IND-001117,New Delhi,Delhi,1991,156.025184,LINEAGE_BACKFILL,IND-000712|IND-000974|IND-000977,0.6318
IND-001117,New Delhi,Delhi,2001,156.039827,LINEAGE_BACKFILL,IND-000712|IND-000974|IND-000977,0.665
IND-001117,New Delhi,Delhi,2011,156.51129,LINEAGE_BACKFILL,IND-000712|IND-000974|IND-000977,0.7
IND-001117,New Delhi,Delhi,2021,157.11028205164723,DIRECT,IND-001117,1.0
IND-001117,New Delhi,Delhi,2025,156.69041127581815,DIRECT,IND-001117,1.0
IND-001112,North,Delhi,1951,286.648104,LINEAGE_BACKFILL,IND-000699|IND-000727|IND-000971|IND-000972,0.3258
IND-001112,North,Delhi,1961,286.648104,LINEAGE_BACKFILL,IND-000699|IND-000727|IND-000971|IND-000972,0.3258
IND-001112,North,Delhi,1971,286.648104,LINEAGE_BACKFILL,IND-000699|IND-000727|IND-000971|IND-000972,0.3258
IND-001112,North,Delhi,1981,286.649688,LINEAGE_BACKFILL,IND-000699|IND-000727|IND-000971|IND-000972,0.4655
IND-001112,North,Delhi,1991,286.649485,LINEAGE_BACKFILL,IND-000699|IND-000727|IND-000971|IND-000972,0.4655
IND-001112,North,Delhi,2001,286.666856,LINEAGE_BACKFILL,IND-000699|IND-000727|IND-000971|IND-000972,0.49
IND-001112,North,Delhi,2011,286.694916,LINEAGE_BACKFILL,IND-000699|IND-000727|IND-000971|IND-000972,0.7
IND-001112,North,Delhi,2021,286.8950891333297,DIRECT,IND-001112,1.0
IND-001112,North,Delhi,2025,291.42942433058056,DIRECT,IND-001112,1.0
IND-001337,North East,Delhi,1951,35.262239,LINEAGE_BACKFILL,IND-001113|IND-001116|IND-001119,0.2281
IND-001337,North East,Delhi,1961,35.262239,LINEAGE_BACKFILL,IND-001113|IND-001116|IND-001119,0.2281
IND-001337,North East,Delhi,1971,35.262239,LINEAGE_BACKFILL,IND-001113|IND-001116|IND-001119,0.2281
IND-001337,North East,Delhi,1981,35.262232,LINEAGE_BACKFILL,IND-001113|IND-001116|IND-001119,0.2401
IND-001337,North East,Delhi,1991,35.262307,LINEAGE_BACKFILL,IND-001113|IND-001116|IND-001119,0.2401
IND-001337,North East,Delhi,2001,35.264626,LINEAGE_BACKFILL,IND-001113|IND-001116|IND-001119,0.343
IND-001337,North East,Delhi,2011,35.262258,LINEAGE_BACKFILL,IND-001113|IND-001116|IND-001119,0.49
IND-001337,North East,Delhi,2021,35.266465,LINEAGE_BACKFILL,IND-001113|IND-001116|IND-001119,0.7
IND-001337,North East,Delhi,2025,35.33411597499762,DIRECT,IND-001337,1.0
IND-001121,North West,Delhi,1951,154.871638,LINEAGE_BACKFILL,IND-000971|IND-000972|IND-000976,0.3258
IND-001121,North West,Delhi,1961,154.871638,LINEAGE_BACKFILL,IND-000971|IND-000972|IND-000976,0.3258
IND-001121,North West,Delhi,1971,154.871638,LINEAGE_BACKFILL,IND-000971|IND-000972|IND-000976,0.3258
IND-001121,North West,Delhi,1981,154.872382,LINEAGE_BACKFILL,IND-000971|IND-000972|IND-000976,0.4655
IND-001121,North West,Delhi,1991,154.872294,LINEAGE_BACKFILL,IND-000971|IND-000972|IND-000976,0.4655
IND-001121,North West,Delhi,2001,154.881916,LINEAGE_BACKFILL,IND-000971|IND-000972|IND-000976,0.49
IND-001121,North West,Delhi,2011,154.899622,LINEAGE_BACKFILL,IND-000971|IND-000972|IND-000976,0.7
IND-001121,North West,Delhi,2021,154.93849143236636,DIRECT,IND-001121,1.0
IND-001121,North West,Delhi,2025,153.94728830475466,DIRECT,IND-001121,1.0
IND-001119,Shahdara,Delhi,1951,36.067742,LINEAGE_BACKFILL,IND-000707|IND-000728|IND-000973,0.4422
IND-001119,Shahdara,Delhi,1961,36.067742,LINEAGE_BACKFILL,IND-000707|IND-000728|IND-000973,0.4422
IND-001119,Shahdara,Delhi,1971,36.067742,LINEAGE_BACKFILL,IND-000707|IND-000728|IND-000973,0.4422
IND-001119,Shahdara,Delhi,1981,36.067742,LINEAGE_BACKFILL,IND-000707|IND-000728|IND-000973,0.6318
IND-001119,Shahdara,Delhi,1991,36.067776,LINEAGE_BACKFILL,IND-000707|IND-000728|IND-000973,0.6318
IND-001119,Shahdara,Delhi,2001,36.0688,LINEAGE_BACKFILL,IND-000707|IND-000728|IND-000973,0.665
IND-001119,Shahdara,Delhi,2011,36.117865,LINEAGE_BACKFILL,IND-000707|IND-000728|IND-000973,0.7
IND-001119,Shahdara,Delhi,2021,36.12157767492555,DIRECT,IND-001119,1.0
IND-001119,Shahdara,Delhi,2025,34.39033111240067,DIRECT,IND-001119,1.0
IND-001118,South,Delhi,1951,159.461211,LINEAGE_BACKFILL,IND-000712|IND-000969|IND-000977,0.3258
IND-001118,South,Delhi,1961,159.461211,LINEAGE_BACKFILL,IND-000712|IND-000969|IND-000977,0.3258
IND-001118,South,Delhi,1971,159.461211,LINEAGE_BACKFILL,IND-000712|IND-000969|IND-000977,0.3258
IND-001118,South,Delhi,1981,159.460902,LINEAGE_BACKFILL,IND-000712|IND-000969|IND-000977,0.4655
IND-001118,South,Delhi,1991,159.460928,LINEAGE_BACKFILL,IND-000712|IND-000969|IND-000977,0.4655
IND-001118,South,Delhi,2001,159.466212,LINEAGE_BACKFILL,IND-000712|IND-000969|IND-000977,0.49
IND-001118,South,Delhi,2011,162.920687,LINEAGE_BACKFILL,IND-000712|IND-000969|IND-000977,0.7
IND-001118,South,Delhi,2021,162.91152046926345,DIRECT,IND-001118,1.0
IND-001118,South,Delhi,2025,159.33467888265608,DIRECT,IND-001118,1.0
IND-001120,South East,Delhi,1951,98.903413,LINEAGE_BACKFILL,IND-000707|IND-000712|IND-000969,0.3258
IND-001120,South East,Delhi,1961,98.903413,LINEAGE_BACKFILL,IND-000707|IND-000712|IND-000969,0.3258
IND-001120,South East,Delhi,1971,98.903413,LINEAGE_BACKFILL,IND-000707|IND-000712|IND-000969,0.3258
IND-001120,South East,Delhi,1981,98.902149,LINEAGE_BACKFILL,IND-000707|IND-000712|IND-000969,0.4655
IND-001120,South East,Delhi,1991,98.902187,LINEAGE_BACKFILL,IND-000707|IND-000712|IND-000969,0.4655
IND-001120,South East,Delhi,2001,98.905186,LINEAGE_BACKFILL,IND-000707|IND-000712|IND-000969,0.49
IND-001120,South East,Delhi,2011,101.022002,LINEAGE_BACKFILL,IND-000707|IND-000712|IND-000969,0.7
IND-001120,South East,Delhi,2021,101.59505683239126,DIRECT,IND-001120,1.0
IND-001120,South East,Delhi,2025,101.41963917838652,DIRECT,IND-001120,1.0
IND-001115,South West,Delhi,1951,280.349933,LINEAGE_BACKFILL,IND-000967|IND-000976|IND-000977,0.3258
IND-001115,South West,Delhi,1961,280.349933,LINEAGE_BACKFILL,IND-000967|IND-000976|IND-000977,0.3258
IND-001115,South West,Delhi,1971,280.349933,LINEAGE_BACKFILL,IND-000967|IND-000976|IND-000977,0.3258
IND-001115,South West,Delhi,1981,280.350534,LINEAGE_BACKFILL,IND-000967|IND-000976|IND-000977,0.4655
IND-001115,South West,Delhi,1991,280.350728,LINEAGE_BACKFILL,IND-000967|IND-000976|IND-000977,0.4655
IND-001115,South West,Delhi,2001,280.384858,LINEAGE_BACKFILL,IND-000967|IND-000976|IND-000977,0.49
IND-001115,South West,Delhi,2011,280.39179,LINEAGE_BACKFILL,IND-000967|IND-000976|IND-000977,0.7
IND-001115,South West,Delhi,2021,280.7043595052531,DIRECT,IND-001115,1.0
IND-001115,South West,Delhi,2025,283.3403630757088,DIRECT,IND-001115,1.0
IND-000976,West,Delhi,1951,133.21035,LINEAGE_BACKFILL,IND-000703|IND-000704|IND-000710|IND-000711,0.6317
IND-000976,West,Delhi,1961,133.21035,LINEAGE_BACKFILL,IND-000703|IND-000704|IND-000710|IND-000711,0.6317
IND-000976,West,Delhi,1971,133.21035,LINEAGE_BACKFILL,IND-000703|IND-000704|IND-000710|IND-000711,0.6317
IND-000976,West,Delhi,1981,133.210515,LINEAGE_BACKFILL,IND-000703|IND-000704|IND-000710|IND-000711,0.665
IND-000976,West,Delhi,1991,133.210559,LINEAGE_BACKFILL,IND-000703|IND-000704|IND-000710|IND-000711,0.665
IND-000976,West,Delhi,2001,133.220415,LINEAGE_BACKFILL,IND-000703|IND-000704|IND-000710|IND-000711,0.7
IND-000976,West,Delhi,2011,133.2837963257764,DIRECT,IND-000976,1.0
IND-000976,West,Delhi,2021,134.3085149705076,DIRECT,IND-000976,1.0
IND-000976,West,Delhi,2025,131.43043488346584,DIRECT,IND-000976,1.0
IND-001317,Disputed (Alirajpur & Dahod),Disputed (Madhya Pradesh & Gujarat),1951,4.196288,LINEAGE_BACKFILL,IND-000951,0.343
IND-001317,Disputed (Alirajpur & Dahod),Disputed (Madhya Pradesh & Gujarat),1961,4.196288,LINEAGE_BACKFILL,IND-000951,0.343
IND-001317,Disputed (Alirajpur & Dahod),Disputed (Madhya Pradesh & Gujarat),1971,4.195064,LINEAGE_BACKFILL,IND-000951,0.343
IND-001317,Disputed (Alirajpur & Dahod),Disputed (Madhya Pradesh & Gujarat),1981,4.195052,LINEAGE_BACKFILL,IND-000951,0.343
IND-001317,Disputed (Alirajpur & Dahod),Disputed (Madhya Pradesh & Gujarat),1991,4.196253,LINEAGE_BACKFILL,IND-000951,0.343
IND-001317,Disputed (Alirajpur & Dahod),Disputed (Madhya Pradesh & Gujarat),2001,4.195031,LINEAGE_BACKFILL,IND-000951,0.49
IND-001317,Disputed (Alirajpur & Dahod),Disputed (Madhya Pradesh & Gujarat),2011,4.195035,LINEAGE_BACKFILL,IND-000951,0.7
IND-001317,Disputed (Alirajpur & Dahod),Disputed (Madhya Pradesh & Gujarat),2021,4.21843,LINEAGE_BACKFILL,IND-000951,0.7
IND-001317,Disputed (Alirajpur & Dahod),Disputed (Madhya Pradesh & Gujarat),2025,4.388504944466196,DIRECT,IND-001317,1.0
IND-001370,Disputed (Baran & Sheopur,Disputed (Madhya Pradesh & Rajasthan),1951,8.325802,LINEAGE_BACKFILL,IND-000862,0.49
IND-001370,Disputed (Baran & Sheopur,Disputed (Madhya Pradesh & Rajasthan),1961,8.325802,LINEAGE_BACKFILL,IND-000862,0.49
IND-001370,Disputed (Baran & Sheopur,Disputed (Madhya Pradesh & Rajasthan),1971,8.325802,LINEAGE_BACKFILL,IND-000862,0.49
IND-001370,Disputed (Baran & Sheopur,Disputed (Madhya Pradesh & Rajasthan),1981,8.325819,LINEAGE_BACKFILL,IND-000862,0.49
IND-001370,Disputed (Baran & Sheopur,Disputed (Madhya Pradesh & Rajasthan),1991,8.325833,LINEAGE_BACKFILL,IND-000862,0.49
IND-001370,Disputed (Baran & Sheopur,Disputed (Madhya Pradesh & Rajasthan),2001,8.326166,LINEAGE_BACKFILL,IND-000862,0.7
IND-001370,Disputed (Baran & Sheopur,Disputed (Madhya Pradesh & Rajasthan),2011,8.384864,LINEAGE_BACKFILL,IND-000862,0.7
IND-001370,Disputed (Baran & Sheopur,Disputed (Madhya Pradesh & Rajasthan),2021,8.314074,LINEAGE_BACKFILL,IND-000862,0.7
IND-001370,Disputed (Baran & Sheopur,Disputed (Madhya Pradesh & Rajasthan),2025,8.355502309100645,DIRECT,IND-001370,1.0
IND-001339,Disputed (Mandsaur & Jhalawar),Disputed (Madhya Pradesh & Rajasthan),1951,3.204064,LINEAGE_BACKFILL,IND-000869,0.665
IND-001339,Disputed (Mandsaur & Jhalawar),Disputed (Madhya Pradesh & Rajasthan),1961,3.204064,LINEAGE_BACKFILL,IND-000869,0.665
IND-001339,Disputed (Mandsaur & Jhalawar),Disputed (Madhya Pradesh & Rajasthan),1971,3.204064,LINEAGE_BACKFILL,IND-000869,0.665
IND-001339,Disputed (Mandsaur & Jhalawar),Disputed (Madhya Pradesh & Rajasthan),1981,3.204042,LINEAGE_BACKFILL,IND-000869,0.665
IND-001339,Disputed (Mandsaur & Jhalawar),Disputed (Madhya Pradesh & Rajasthan),1991,3.204058,LINEAGE_BACKFILL,IND-000869,0.665
IND-001339,Disputed (Mandsaur & Jhalawar),Disputed (Madhya Pradesh & Rajasthan),2001,3.204219,LINEAGE_BACKFILL,IND-000869,0.7
IND-001339,Disputed (Mandsaur & Jhalawar),Disputed (Madhya Pradesh & Rajasthan),2011,3.083522,LINEAGE_BACKFILL,IND-000869,0.7
IND-001339,Disputed (Mandsaur & Jhalawar),Disputed (Madhya Pradesh & Rajasthan),2021,3.208444,LINEAGE_BACKFILL,IND-000869,0.7
IND-001339,Disputed (Mandsaur & Jhalawar),Disputed (Madhya Pradesh & Rajasthan),2025,3.2473888701427502,DIRECT,IND-001339,1.0
IND-001369,Disputed (Nimach & Chittaurgarh ),Disputed (Madhya Pradesh & Rajasthan),1951,3.425013,LINEAGE_BACKFILL,IND-000088|IND-000868,0.665
IND-001369,Disputed (Nimach & Chittaurgarh ),Disputed (Madhya Pradesh & Rajasthan),1961,3.425013,LINEAGE_BACKFILL,IND-000088|IND-000868,0.665
IND-001369,Disputed (Nimach & Chittaurgarh ),Disputed (Madhya Pradesh & Rajasthan),1971,3.425013,LINEAGE_BACKFILL,IND-000088|IND-000868,0.665
IND-001369,Disputed (Nimach & Chittaurgarh ),Disputed (Madhya Pradesh & Rajasthan),1981,3.424995,LINEAGE_BACKFILL,IND-000088|IND-000868,0.665
IND-001369,Disputed (Nimach & Chittaurgarh ),Disputed (Madhya Pradesh & Rajasthan),1991,3.425006,LINEAGE_BACKFILL,IND-000088|IND-000868,0.665
IND-001369,Disputed (Nimach & Chittaurgarh ),Disputed (Madhya Pradesh & Rajasthan),2001,3.425126,LINEAGE_BACKFILL,IND-000088|IND-000868,0.7
IND-001369,Disputed (Nimach & Chittaurgarh ),Disputed (Madhya Pradesh & Rajasthan),2011,3.502781,LINEAGE_BACKFILL,IND-000088|IND-000868,0.7
IND-001369,Disputed (Nimach & Chittaurgarh ),Disputed (Madhya Pradesh & Rajasthan),2021,3.427277,LINEAGE_BACKFILL,IND-000088|IND-000868,0.7
IND-001369,Disputed (Nimach & Chittaurgarh ),Disputed (Madhya Pradesh & Rajasthan),2025,3.5382362193376946,DIRECT,IND-001369,1.0
IND-001332,Disputed (Ratlam & Banswara),Disputed (Madhya Pradesh & Rajasthan),1951,0.709932,LINEAGE_BACKFILL,IND-000035,0.7
IND-001332,Disputed (Ratlam & Banswara),Disputed (Madhya Pradesh & Rajasthan),1961,0.709932,LINEAGE_BACKFILL,IND-000035,0.7
IND-001332,Disputed (Ratlam & Banswara),Disputed (Madhya Pradesh & Rajasthan),1971,0.709932,LINEAGE_BACKFILL,IND-000035,0.7
IND-001332,Disputed (Ratlam & Banswara),Disputed (Madhya Pradesh & Rajasthan),1981,0.709933,LINEAGE_BACKFILL,IND-000035,0.7
IND-001332,Disputed (Ratlam & Banswara),Disputed (Madhya Pradesh & Rajasthan),1991,0.70993,LINEAGE_BACKFILL,IND-000035,0.7
IND-001332,Disputed (Ratlam & Banswara),Disputed (Madhya Pradesh & Rajasthan),2001,0.70993,LINEAGE_BACKFILL,IND-000035,0.7
IND-001332,Disputed (Ratlam & Banswara),Disputed (Madhya Pradesh & Rajasthan),2011,0.706521,LINEAGE_BACKFILL,IND-000035,0.7
IND-001332,Disputed (Ratlam & Banswara),Disputed (Madhya Pradesh & Rajasthan),2021,0.711894,LINEAGE_BACKFILL,IND-000035,0.7
IND-001332,Disputed (Ratlam & Banswara),Disputed (Madhya Pradesh & Rajasthan),2025,0.7176473414869158,DIRECT,IND-001332,1.0
IND-001372,Disputed (Sabar Kantha & Sirohi),Disputed (Rajathan & Gujarat),1951,1.257883,LINEAGE_BACKFILL,IND-000353,0.49
IND-001372,Disputed (Sabar Kantha & Sirohi),Disputed (Rajathan & Gujarat),1961,1.257879,LINEAGE_BACKFILL,IND-000353,0.7
IND-001372,Disputed (Sabar Kantha & Sirohi),Disputed (Rajathan & Gujarat),1971,1.257879,LINEAGE_BACKFILL,IND-000353,0.7
IND-001372,Disputed (Sabar Kantha & Sirohi),Disputed (Rajathan & Gujarat),1981,1.257891,LINEAGE_BACKFILL,IND-000353,0.7
IND-001372,Disputed (Sabar Kantha & Sirohi),Disputed (Rajathan & Gujarat),1991,1.25788,LINEAGE_BACKFILL,IND-000353,0.7
IND-001372,Disputed (Sabar Kantha & Sirohi),Disputed (Rajathan & Gujarat),2001,1.25788,LINEAGE_BACKFILL,IND-000353,0.7
IND-001372,Disputed (Sabar Kantha & Sirohi),Disputed (Rajathan & Gujarat),2011,1.244404,LINEAGE_BACKFILL,IND-000353,0.7
IND-001372,Disputed (Sabar Kantha & Sirohi),Disputed (Rajathan & Gujarat),2021,1.25692,LINEAGE_BACKFILL,IND-000353,0.7
IND-001372,Disputed (Sabar Kantha & Sirohi),Disputed (Rajathan & Gujarat),2025,1.705350411455933,DIRECT,IND-001372,1.0
IND-001371,Disputed (Sabar Kantha & Udaipur),Disputed (Rajathan & Gujarat),1951,12.959895,LINEAGE_BACKFILL,IND-000720|IND-000894|IND-001245,0.2401
IND-001371,Disputed (Sabar Kantha & Udaipur),Disputed (Rajathan & Gujarat),1961,12.384684,LINEAGE_BACKFILL,IND-000720|IND-000894|IND-001245,0.3258
IND-001371,Disputed (Sabar Kantha & Udaipur),Disputed (Rajathan & Gujarat),1971,12.959772,LINEAGE_BACKFILL,IND-000720|IND-000894|IND-001245,0.343
IND-001371,Disputed (Sabar Kantha & Udaipur),Disputed (Rajathan & Gujarat),1981,12.384525,LINEAGE_BACKFILL,IND-000720|IND-000894|IND-001245,0.343
IND-001371,Disputed (Sabar Kantha & Udaipur),Disputed (Rajathan & Gujarat),1991,12.959759,LINEAGE_BACKFILL,IND-000720|IND-000894|IND-001245,0.343
IND-001371,Disputed (Sabar Kantha & Udaipur),Disputed (Rajathan & Gujarat),2001,12.959842,LINEAGE_BACKFILL,IND-000720|IND-000894|IND-001245,0.49
IND-001371,Disputed (Sabar Kantha & Udaipur),Disputed (Rajathan & Gujarat),2011,12.402498,LINEAGE_BACKFILL,IND-000720|IND-000894|IND-001245,0.49
IND-001371,Disputed (Sabar Kantha & Udaipur),Disputed (Rajathan & Gujarat),2021,12.452218,LINEAGE_BACKFILL,IND-000720|IND-000894|IND-001245,0.7
IND-001371,Disputed (Sabar Kantha & Udaipur),Disputed (Rajathan & Gujarat),2025,12.456896291317705,DIRECT,IND-001371,1.0
IND-001335,"Disputed (Sahibganj, Maldah & Katihar)","Disputed (West Bengal , Bihar & Jharkhand)",1951,14.854023,LINEAGE_BACKFILL,IND-000313,0.7
IND-001335,"Disputed (Sahibganj, Maldah & Katihar)","Disputed (West Bengal , Bihar & Jharkhand)",1961,14.854023,LINEAGE_BACKFILL,IND-000313,0.7
IND-001335,"Disputed (Sahibganj, Maldah & Katihar)","Disputed (West Bengal , Bihar & Jharkhand)",1971,14.854023,LINEAGE_BACKFILL,IND-000313,0.7
IND-001335,"Disputed (Sahibganj, Maldah & Katihar)","Disputed (West Bengal , Bihar & Jharkhand)",1981,14.854027,LINEAGE_BACKFILL,IND-000313,0.7
IND-001335,"Disputed (Sahibganj, Maldah & Katihar)","Disputed (West Bengal , Bihar & Jharkhand)",1991,14.854027,LINEAGE_BACKFILL,IND-000313,0.7
IND-001335,"Disputed (Sahibganj, Maldah & Katihar)","Disputed (West Bengal , Bihar & Jharkhand)",2001,14.854027,LINEAGE_BACKFILL,IND-000313,0.7
IND-001335,"Disputed (Sahibganj, Maldah & Katihar)","Disputed (West Bengal , Bihar & Jharkhand)",2011,15.156104,LINEAGE_BACKFILL,IND-000313,0.7
IND-001335,"Disputed (Sahibganj, Maldah & Katihar)","Disputed (West Bengal , Bihar & Jharkhand)",2021,14.536925,LINEAGE_BACKFILL,IND-000313,0.7
IND-001335,"Disputed (Sahibganj, Maldah & Katihar)","Disputed (West Bengal , Bihar & Jharkhand)",2025,14.536924639513892,DIRECT,IND-001335,1.0
IND-001338,North Goa,Goa,1951,1690.134649,LINEAGE_BACKFILL,IND-000654|IND-001262|IND-001263,0.343
IND-001338,North Goa,Goa,1961,1689.985075,LINEAGE_BACKFILL,IND-000654|IND-001262|IND-001263,0.343
IND-001338,North Goa,Goa,1971,1689.985075,LINEAGE_BACKFILL,IND-000654|IND-001262|IND-001263,0.343
IND-001338,North Goa,Goa,1981,1690.178655,LINEAGE_BACKFILL,IND-000654|IND-001262|IND-001263,0.343
IND-001338,North Goa,Goa,1991,1690.320678,LINEAGE_BACKFILL,IND-000654|IND-001262|IND-001263,0.49
IND-001338,North Goa,Goa,2001,1690.320678,LINEAGE_BACKFILL,IND-000654|IND-001262|IND-001263,0.49
IND-001338,North Goa,Goa,2011,1691.588373,LINEAGE_BACKFILL,IND-000654|IND-001262|IND-001263,0.49
IND-001338,North Goa,Goa,2021,1694.564964,LINEAGE_BACKFILL,IND-000654|IND-001262|IND-001263,0.7
IND-001338,North Goa,Goa,2025,1743.138252902848,DIRECT,IND-001338,1.0
IND-001341,South Goa,Goa,1951,1925.908353,LINEAGE_BACKFILL,IND-001263,0.343
IND-001341,South Goa,Goa,1961,1925.908353,LINEAGE_BACKFILL,IND-001263,0.343
IND-001341,South Goa,Goa,1971,1925.908353,LINEAGE_BACKFILL,IND-001263,0.343
IND-001341,South Goa,Goa,1981,1925.908434,LINEAGE_BACKFILL,IND-001263,0.343
IND-001341,South Goa,Goa,1991,1926.092715,LINEAGE_BACKFILL,IND-001263,0.49
IND-001341,South Goa,Goa,2001,1926.092715,LINEAGE_BACKFILL,IND-001263,0.49
IND-001341,South Goa,Goa,2011,1919.200273,LINEAGE_BACKFILL,IND-001263,0.49
IND-001341,South Goa,Goa,2021,1921.219627,LINEAGE_BACKFILL,IND-001263,0.7
IND-001341,South Goa,Goa,2025,1953.6628004521804,DIRECT,IND-001341,1.0
IND-001237,Ahmadabad,Gujarat,1951,7894.7978,LINEAGE_BACKFILL,IND-000092|IND-000150|IND-000880|IND-000881|IND-000885|IND-000886|IND-000887,0.343
IND-001237,Ahmadabad,Gujarat,1961,7893.816704,LINEAGE_BACKFILL,IND-000092|IND-000150|IND-000880|IND-000881|IND-000885|IND-000886|IND-000887,0.4655
IND-001237,Ahmadabad,Gujarat,1971,7322.476777,LINEAGE_BACKFILL,IND-000092|IND-000150|IND-000880|IND-000881|IND-000885|IND-000886|IND-000887,0.49
IND-001237,Ahmadabad,Gujarat,1981,7322.488661,LINEAGE_BACKFILL,IND-000092|IND-000150|IND-000880|IND-000881|IND-000885|IND-000886|IND-000887,0.49
IND-001237,Ahmadabad,Gujarat,1991,7322.337849,LINEAGE_BACKFILL,IND-000092|IND-000150|IND-000880|IND-000881|IND-000885|IND-000886|IND-000887,0.49
IND-001237,Ahmadabad,Gujarat,2001,6831.405019,LINEAGE_BACKFILL,IND-000092|IND-000150|IND-000880|IND-000881|IND-000885|IND-000886|IND-000887,0.7
IND-001237,Ahmadabad,Gujarat,2011,6958.861216,LINEAGE_BACKFILL,IND-000092|IND-000150|IND-000880|IND-000881|IND-000885|IND-000886|IND-000887,0.7
IND-001237,Ahmadabad,Gujarat,2021,6968.053100002916,DIRECT,IND-001237,1.0
IND-001237,Ahmadabad,Gujarat,2025,7242.057518453407,DIRECT,IND-001237,1.0
IND-000884,Amreli,Gujarat,1951,7459.983924,LINEAGE_BACKFILL,IND-000094|IND-000375,0.49
IND-000884,Amreli,Gujarat,1961,7338.818726,LINEAGE_BACKFILL,IND-000094|IND-000375,0.7
IND-000884,Amreli,Gujarat,1971,7338.818726,LINEAGE_BACKFILL,IND-000094|IND-000375,0.7
IND-000884,Amreli,Gujarat,1981,7338.818608,LINEAGE_BACKFILL,IND-000094|IND-000375,0.7
IND-000884,Amreli,Gujarat,1991,7338.793792,LINEAGE_BACKFILL,IND-000094|IND-000375,0.7
IND-000884,Amreli,Gujarat,2001,7338.746103993176,DIRECT,IND-000884,1.0
IND-000884,Amreli,Gujarat,2011,7373.229599148691,DIRECT,IND-000884,1.0
IND-000884,Amreli,Gujarat,2021,7386.096226968295,DIRECT,IND-000884,1.0
IND-000884,Amreli,Gujarat,2025,7314.942118139647,DIRECT,IND-000884,1.0
IND-001314,Anand,Gujarat,1951,2775.4436,LINEAGE_BACKFILL,IND-001237|IND-001248|IND-001249,0.2401
IND-001314,Anand,Gujarat,1961,2775.443505,LINEAGE_BACKFILL,IND-001237|IND-001248|IND-001249,0.3258
IND-001314,Anand,Gujarat,1971,2773.194157,LINEAGE_BACKFILL,IND-001237|IND-001248|IND-001249,0.343
IND-001314,Anand,Gujarat,1981,2773.194429,LINEAGE_BACKFILL,IND-001237|IND-001248|IND-001249,0.343
IND-001314,Anand,Gujarat,1991,2773.670045,LINEAGE_BACKFILL,IND-001237|IND-001248|IND-001249,0.343
IND-001314,Anand,Gujarat,2001,2771.756379,LINEAGE_BACKFILL,IND-001237|IND-001248|IND-001249,0.49
IND-001314,Anand,Gujarat,2011,2737.386134,LINEAGE_BACKFILL,IND-001237|IND-001248|IND-001249,0.49
IND-001314,Anand,Gujarat,2021,2737.306192,LINEAGE_BACKFILL,IND-001237|IND-001248|IND-001249,0.7
IND-001314,Anand,Gujarat,2025,3174.410717640216,DIRECT,IND-001314,1.0
IND-001240,Aravalli,Gujarat,1951,3126.748644,LINEAGE_BACKFILL,IND-000085|IND-000146|IND-000881|IND-000887|IND-000888,0.343
IND-001240,Aravalli,Gujarat,1961,3126.748655,LINEAGE_BACKFILL,IND-000085|IND-000146|IND-000881|IND-000887|IND-000888,0.4655
IND-001240,Aravalli,Gujarat,1971,3126.595149,LINEAGE_BACKFILL,IND-000085|IND-000146|IND-000881|IND-000887|IND-000888,0.49
IND-001240,Aravalli,Gujarat,1981,3126.594762,LINEAGE_BACKFILL,IND-000085|IND-000146|IND-000881|IND-000887|IND-000888,0.49
IND-001240,Aravalli,Gujarat,1991,3126.600444,LINEAGE_BACKFILL,IND-000085|IND-000146|IND-000881|IND-000887|IND-000888,0.49
IND-001240,Aravalli,Gujarat,2001,3126.601313,LINEAGE_BACKFILL,IND-000085|IND-000146|IND-000881|IND-000887|IND-000888,0.7
IND-001240,Aravalli,Gujarat,2011,3255.432205,LINEAGE_BACKFILL,IND-000085|IND-000146|IND-000881|IND-000887|IND-000888,0.7
IND-001240,Aravalli,Gujarat,2021,3255.420939324468,DIRECT,IND-001240,1.0
IND-001240,Aravalli,Gujarat,2025,3151.514665700355,DIRECT,IND-001240,1.0
IND-000878,Banas Kantha,Gujarat,1951,10719.502884,LINEAGE_BACKFILL,IND-000376,0.49
IND-000878,Banas Kantha,Gujarat,1961,10719.727254,LINEAGE_BACKFILL,IND-000376,0.7
IND-000878,Banas Kantha,Gujarat,1971,10719.727254,LINEAGE_BACKFILL,IND-000376,0.7
IND-000878,Banas Kantha,Gujarat,1981,10719.727559,LINEAGE_BACKFILL,IND-000376,0.7
IND-000878,Banas Kantha,Gujarat,1991,10719.790519,LINEAGE_BACKFILL,IND-000376,0.7
IND-000878,Banas Kantha,Gujarat,2001,10719.909932641,DIRECT,IND-000878,1.0
IND-000878,Banas Kantha,Gujarat,2011,10656.956944060976,DIRECT,IND-000878,1.0
IND-000878,Banas Kantha,Gujarat,2021,10734.2486669562,DIRECT,IND-000878,1.0
IND-000878,Banas Kantha,Gujarat,2025,10763.611132818343,DIRECT,IND-000878,1.0
IND-000937,Bharuch,Gujarat,1951,4810.918348,LINEAGE_BACKFILL,IND-000149|IND-000431|IND-000886|IND-000890|IND-000891,0.49
IND-000937,Bharuch,Gujarat,1961,4810.918348,LINEAGE_BACKFILL,IND-000149|IND-000431|IND-000886|IND-000890|IND-000891,0.49
IND-000937,Bharuch,Gujarat,1971,4972.924456,LINEAGE_BACKFILL,IND-000149|IND-000431|IND-000886|IND-000890|IND-000891,0.49
IND-000937,Bharuch,Gujarat,1981,4972.924047,LINEAGE_BACKFILL,IND-000149|IND-000431|IND-000886|IND-000890|IND-000891,0.49
IND-000937,Bharuch,Gujarat,1991,4810.94086,LINEAGE_BACKFILL,IND-000149|IND-000431|IND-000886|IND-000890|IND-000891,0.49
IND-000937,Bharuch,Gujarat,2001,4809.885158,LINEAGE_BACKFILL,IND-000149|IND-000431|IND-000886|IND-000890|IND-000891,0.7
IND-000937,Bharuch,Gujarat,2011,5418.381955261951,DIRECT,IND-000937,1.0
IND-000937,Bharuch,Gujarat,2021,5100.067678015949,DIRECT,IND-000937,1.0
IND-000937,Bharuch,Gujarat,2025,4928.916473581874,DIRECT,IND-000937,1.0
IND-001250,Bhavnagar,Gujarat,1951,7209.597389,LINEAGE_BACKFILL,IND-000150|IND-000884|IND-000885,0.343
IND-001250,Bhavnagar,Gujarat,1961,6540.299975,LINEAGE_BACKFILL,IND-000150|IND-000884|IND-000885,0.49
IND-001250,Bhavnagar,Gujarat,1971,6540.054023,LINEAGE_BACKFILL,IND-000150|IND-000884|IND-000885,0.49
IND-001250,Bhavnagar,Gujarat,1981,6540.05446,LINEAGE_BACKFILL,IND-000150|IND-000884|IND-000885,0.49
IND-001250,Bhavnagar,Gujarat,1991,6540.078976,LINEAGE_BACKFILL,IND-000150|IND-000884|IND-000885,0.49
IND-001250,Bhavnagar,Gujarat,2001,6539.990635,LINEAGE_BACKFILL,IND-000150|IND-000884|IND-000885,0.7
IND-001250,Bhavnagar,Gujarat,2011,6828.492128,LINEAGE_BACKFILL,IND-000150|IND-000884|IND-000885,0.7
IND-001250,Bhavnagar,Gujarat,2021,6852.5629726015795,DIRECT,IND-001250,1.0
IND-001250,Bhavnagar,Gujarat,2025,6763.39790309742,DIRECT,IND-001250,1.0
IND-001241,Botad,Gujarat,1951,2856.485562,LINEAGE_BACKFILL,IND-000092|IND-000093|IND-000150|IND-000884|IND-000885,0.343
IND-001241,Botad,Gujarat,1961,2693.723298,LINEAGE_BACKFILL,IND-000092|IND-000093|IND-000150|IND-000884|IND-000885,0.49
IND-001241,Botad,Gujarat,1971,2613.163449,LINEAGE_BACKFILL,IND-000092|IND-000093|IND-000150|IND-000884|IND-000885,0.49
IND-001241,Botad,Gujarat,1981,2613.165237,LINEAGE_BACKFILL,IND-000092|IND-000093|IND-000150|IND-000884|IND-000885,0.49
IND-001241,Botad,Gujarat,1991,2613.149867,LINEAGE_BACKFILL,IND-000092|IND-000093|IND-000150|IND-000884|IND-000885,0.49
IND-001241,Botad,Gujarat,2001,2543.931378,LINEAGE_BACKFILL,IND-000092|IND-000093|IND-000150|IND-000884|IND-000885,0.7
IND-001241,Botad,Gujarat,2011,2631.900345,LINEAGE_BACKFILL,IND-000092|IND-000093|IND-000150|IND-000884|IND-000885,0.7
IND-001241,Botad,Gujarat,2021,2631.8585365191584,DIRECT,IND-001241,1.0
IND-001241,Botad,Gujarat,2025,2479.7922828817714,DIRECT,IND-001241,1.0
IND-001242,Chota Udaipur,Gujarat,1951,3566.178532,LINEAGE_BACKFILL,IND-000149|IND-000888|IND-000890|IND-000894|IND-000951,0.343
IND-001242,Chota Udaipur,Gujarat,1961,3566.178532,LINEAGE_BACKFILL,IND-000149|IND-000888|IND-000890|IND-000894|IND-000951,0.343
IND-001242,Chota Udaipur,Gujarat,1971,3449.740495,LINEAGE_BACKFILL,IND-000149|IND-000888|IND-000890|IND-000894|IND-000951,0.343
IND-001242,Chota Udaipur,Gujarat,1981,3449.744396,LINEAGE_BACKFILL,IND-000149|IND-000888|IND-000890|IND-000894|IND-000951,0.343
IND-001242,Chota Udaipur,Gujarat,1991,3566.162937,LINEAGE_BACKFILL,IND-000149|IND-000888|IND-000890|IND-000894|IND-000951,0.343
IND-001242,Chota Udaipur,Gujarat,2001,3449.39463,LINEAGE_BACKFILL,IND-000149|IND-000888|IND-000890|IND-000894|IND-000951,0.49
IND-001242,Chota Udaipur,Gujarat,2011,3458.124549,LINEAGE_BACKFILL,IND-000149|IND-000888|IND-000890|IND-000894|IND-000951,0.7
IND-001242,Chota Udaipur,Gujarat,2021,3458.306374457974,DIRECT,IND-001242,1.0
IND-001242,Chota Udaipur,Gujarat,2025,3456.7963618975577,DIRECT,IND-001242,1.0
IND-001253,Devbhumi Dwarka,Gujarat,1951,4142.33336,LINEAGE_BACKFILL,IND-000095|IND-000882,0.49
IND-001253,Devbhumi Dwarka,Gujarat,1961,4142.215612,LINEAGE_BACKFILL,IND-000095|IND-000882,0.49
IND-001253,Devbhumi Dwarka,Gujarat,1971,4142.215612,LINEAGE_BACKFILL,IND-000095|IND-000882,0.49
IND-001253,Devbhumi Dwarka,Gujarat,1981,4142.215661,LINEAGE_BACKFILL,IND-000095|IND-000882,0.49
IND-001253,Devbhumi Dwarka,Gujarat,1991,4142.24033,LINEAGE_BACKFILL,IND-000095|IND-000882,0.49
IND-001253,Devbhumi Dwarka,Gujarat,2001,4142.240651,LINEAGE_BACKFILL,IND-000095|IND-000882,0.7
IND-001253,Devbhumi Dwarka,Gujarat,2011,4151.663004,LINEAGE_BACKFILL,IND-000095|IND-000882,0.7
IND-001253,Devbhumi Dwarka,Gujarat,2021,4188.210421040709,DIRECT,IND-001253,1.0
IND-001253,Devbhumi Dwarka,Gujarat,2025,4158.872019733682,DIRECT,IND-001253,1.0
IND-000889,Dohad,Gujarat,1951,3630.746719,LINEAGE_BACKFILL,IND-000152,0.7
IND-000889,Dohad,Gujarat,1961,3630.746719,LINEAGE_BACKFILL,IND-000152,0.7
IND-000889,Dohad,Gujarat,1971,3630.746719,LINEAGE_BACKFILL,IND-000152,0.7
IND-000889,Dohad,Gujarat,1981,3630.746391,LINEAGE_BACKFILL,IND-000152,0.7
IND-000889,Dohad,Gujarat,1991,3630.770082,LINEAGE_BACKFILL,IND-000152,0.7
IND-000889,Dohad,Gujarat,2001,3630.960988590402,DIRECT,IND-000889,1.0
IND-000889,Dohad,Gujarat,2011,3592.7489632420375,DIRECT,IND-000889,1.0
IND-000889,Dohad,Gujarat,2021,3658.3045505454897,DIRECT,IND-000889,1.0
IND-000889,Dohad,Gujarat,2025,3642.1957511925734,DIRECT,IND-000889,1.0
IND-000881,Gandhinagar,Gujarat,1951,2173.232838,LINEAGE_BACKFILL,IND-000150|IND-000377|IND-000430,0.49
IND-000881,Gandhinagar,Gujarat,1961,2173.236147,LINEAGE_BACKFILL,IND-000150|IND-000377|IND-000430,0.665
IND-000881,Gandhinagar,Gujarat,1971,2127.522662,LINEAGE_BACKFILL,IND-000150|IND-000377|IND-000430,0.7
IND-000881,Gandhinagar,Gujarat,1981,2127.521806,LINEAGE_BACKFILL,IND-000150|IND-000377|IND-000430,0.7
IND-000881,Gandhinagar,Gujarat,1991,2127.544125,LINEAGE_BACKFILL,IND-000150|IND-000377|IND-000430,0.7
IND-000881,Gandhinagar,Gujarat,2001,2127.677589330732,DIRECT,IND-000881,1.0
IND-000881,Gandhinagar,Gujarat,2011,2097.160905397743,DIRECT,IND-000881,1.0
IND-000881,Gandhinagar,Gujarat,2021,2138.209570376395,DIRECT,IND-000881,1.0
IND-000881,Gandhinagar,Gujarat,2025,2102.7181323674595,DIRECT,IND-000881,1.0
IND-001329,Gir Somnath,Gujarat,1951,2664.133078,LINEAGE_BACKFILL,IND-001244|IND-001251,0.1681
IND-001329,Gir Somnath,Gujarat,1961,2632.796126,LINEAGE_BACKFILL,IND-001244|IND-001251,0.2401
IND-001329,Gir Somnath,Gujarat,1971,2632.796126,LINEAGE_BACKFILL,IND-001244|IND-001251,0.2401
IND-001329,Gir Somnath,Gujarat,1981,2632.796083,LINEAGE_BACKFILL,IND-001244|IND-001251,0.2401
IND-001329,Gir Somnath,Gujarat,1991,2632.812038,LINEAGE_BACKFILL,IND-001244|IND-001251,0.2401
IND-001329,Gir Somnath,Gujarat,2001,2632.88051,LINEAGE_BACKFILL,IND-001244|IND-001251,0.343
IND-001329,Gir Somnath,Gujarat,2011,2617.782504,LINEAGE_BACKFILL,IND-001244|IND-001251,0.49
IND-001329,Gir Somnath,Gujarat,2021,2625.621659,LINEAGE_BACKFILL,IND-001244|IND-001251,0.7
IND-001329,Gir Somnath,Gujarat,2025,2644.214927937502,DIRECT,IND-001329,1.0
IND-001315,Jamnagar,Gujarat,1951,5777.887275,LINEAGE_BACKFILL,IND-000882|IND-001247|IND-001252|IND-001253|IND-001254,0.2401
IND-001315,Jamnagar,Gujarat,1961,5774.510715,LINEAGE_BACKFILL,IND-000882|IND-001247|IND-001252|IND-001253|IND-001254,0.343
IND-001315,Jamnagar,Gujarat,1971,5774.510715,LINEAGE_BACKFILL,IND-000882|IND-001247|IND-001252|IND-001253|IND-001254,0.343
IND-001315,Jamnagar,Gujarat,1981,5774.510865,LINEAGE_BACKFILL,IND-000882|IND-001247|IND-001252|IND-001253|IND-001254,0.343
IND-001315,Jamnagar,Gujarat,1991,5774.544855,LINEAGE_BACKFILL,IND-000882|IND-001247|IND-001252|IND-001253|IND-001254,0.343
IND-001315,Jamnagar,Gujarat,2001,5774.545165,LINEAGE_BACKFILL,IND-000882|IND-001247|IND-001252|IND-001253|IND-001254,0.49
IND-001315,Jamnagar,Gujarat,2011,5787.28221,LINEAGE_BACKFILL,IND-000882|IND-001247|IND-001252|IND-001253|IND-001254,0.49
IND-001315,Jamnagar,Gujarat,2021,5917.217457,LINEAGE_BACKFILL,IND-000882|IND-001247|IND-001252|IND-001253|IND-001254,0.7
IND-001315,Jamnagar,Gujarat,2025,5917.278096412316,DIRECT,IND-001315,1.0
IND-001333,Junagadh,Gujarat,1951,6249.672203,LINEAGE_BACKFILL,IND-000882|IND-000884|IND-001244|IND-001247|IND-001251,0.1681
IND-001333,Junagadh,Gujarat,1961,6175.207663,LINEAGE_BACKFILL,IND-000882|IND-000884|IND-001244|IND-001247|IND-001251,0.2401
IND-001333,Junagadh,Gujarat,1971,6175.207663,LINEAGE_BACKFILL,IND-000882|IND-000884|IND-001244|IND-001247|IND-001251,0.2401
IND-001333,Junagadh,Gujarat,1981,6175.207586,LINEAGE_BACKFILL,IND-000882|IND-000884|IND-001244|IND-001247|IND-001251,0.2401
IND-001333,Junagadh,Gujarat,1991,6175.244727,LINEAGE_BACKFILL,IND-000882|IND-000884|IND-001244|IND-001247|IND-001251,0.2401
IND-001333,Junagadh,Gujarat,2001,6175.404515,LINEAGE_BACKFILL,IND-000882|IND-000884|IND-001244|IND-001247|IND-001251,0.343
IND-001333,Junagadh,Gujarat,2011,6140.446593,LINEAGE_BACKFILL,IND-000882|IND-000884|IND-001244|IND-001247|IND-001251,0.49
IND-001333,Junagadh,Gujarat,2021,6146.516316,LINEAGE_BACKFILL,IND-000882|IND-000884|IND-001244|IND-001247|IND-001251,0.7
IND-001333,Junagadh,Gujarat,2025,6146.621005832475,DIRECT,IND-001333,1.0
IND-001248,Kheda,Gujarat,1951,3385.631326,LINEAGE_BACKFILL,IND-000146|IND-000149|IND-000150|IND-000881|IND-000886|IND-000887,0.343
IND-001248,Kheda,Gujarat,1961,3385.631337,LINEAGE_BACKFILL,IND-000146|IND-000149|IND-000150|IND-000881|IND-000886|IND-000887,0.4655
IND-001248,Kheda,Gujarat,1971,3384.581645,LINEAGE_BACKFILL,IND-000146|IND-000149|IND-000150|IND-000881|IND-000886|IND-000887,0.49
IND-001248,Kheda,Gujarat,1981,3384.58193,LINEAGE_BACKFILL,IND-000146|IND-000149|IND-000150|IND-000881|IND-000886|IND-000887,0.49
IND-001248,Kheda,Gujarat,1991,3384.760855,LINEAGE_BACKFILL,IND-000146|IND-000149|IND-000150|IND-000881|IND-000886|IND-000887,0.49
IND-001248,Kheda,Gujarat,2001,3384.07018,LINEAGE_BACKFILL,IND-000146|IND-000149|IND-000150|IND-000881|IND-000886|IND-000887,0.7
IND-001248,Kheda,Gujarat,2011,3391.961195,LINEAGE_BACKFILL,IND-000146|IND-000149|IND-000150|IND-000881|IND-000886|IND-000887,0.7
IND-001248,Kheda,Gujarat,2021,3392.01817520041,DIRECT,IND-001248,1.0
IND-001248,Kheda,Gujarat,2025,3442.059114395598,DIRECT,IND-001248,1.0
IND-000880,Mahesana,Gujarat,1951,4331.063988,LINEAGE_BACKFILL,IND-000377,0.49
IND-000880,Mahesana,Gujarat,1961,4331.080411,LINEAGE_BACKFILL,IND-000377,0.7
IND-000880,Mahesana,Gujarat,1971,4331.080411,LINEAGE_BACKFILL,IND-000377,0.7
IND-000880,Mahesana,Gujarat,1981,4331.074608,LINEAGE_BACKFILL,IND-000377,0.7
IND-000880,Mahesana,Gujarat,1991,4331.064473,LINEAGE_BACKFILL,IND-000377,0.7
IND-000880,Mahesana,Gujarat,2001,4331.333982711592,DIRECT,IND-000880,1.0
IND-000880,Mahesana,Gujarat,2011,4426.654612271761,DIRECT,IND-000880,1.0
IND-000880,Mahesana,Gujarat,2021,4391.578731251106,DIRECT,IND-000880,1.0
IND-000880,Mahesana,Gujarat,2025,4418.607506035537,DIRECT,IND-000880,1.0
IND-001243,Mahisagar,Gujarat,1951,2506.191236,LINEAGE_BACKFILL,IND-000085|IND-000146|IND-000887|IND-000888|IND-000889,0.49
IND-001243,Mahisagar,Gujarat,1961,2506.191236,LINEAGE_BACKFILL,IND-000085|IND-000146|IND-000887|IND-000888|IND-000889,0.49
IND-001243,Mahisagar,Gujarat,1971,2506.191236,LINEAGE_BACKFILL,IND-000085|IND-000146|IND-000887|IND-000888|IND-000889,0.49
IND-001243,Mahisagar,Gujarat,1981,2506.191081,LINEAGE_BACKFILL,IND-000085|IND-000146|IND-000887|IND-000888|IND-000889,0.49
IND-001243,Mahisagar,Gujarat,1991,2506.209192,LINEAGE_BACKFILL,IND-000085|IND-000146|IND-000887|IND-000888|IND-000889,0.49
IND-001243,Mahisagar,Gujarat,2001,2506.260863,LINEAGE_BACKFILL,IND-000085|IND-000146|IND-000887|IND-000888|IND-000889,0.7
IND-001243,Mahisagar,Gujarat,2011,2513.309393,LINEAGE_BACKFILL,IND-000085|IND-000146|IND-000887|IND-000888|IND-000889,0.7
IND-001243,Mahisagar,Gujarat,2021,2513.4935894554333,DIRECT,IND-001243,1.0
IND-001243,Mahisagar,Gujarat,2025,2511.871261632626,DIRECT,IND-001243,1.0
IND-001254,Morbi,Gujarat,1951,5195.26132,LINEAGE_BACKFILL,IND-000092|IND-000093|IND-000095|IND-000129,0.7
IND-001254,Morbi,Gujarat,1961,4883.648152,LINEAGE_BACKFILL,IND-000092|IND-000093|IND-000095|IND-000129,0.7
IND-001254,Morbi,Gujarat,1971,4883.648152,LINEAGE_BACKFILL,IND-000092|IND-000093|IND-000095|IND-000129,0.7
IND-001254,Morbi,Gujarat,1981,4883.655676,LINEAGE_BACKFILL,IND-000092|IND-000093|IND-000095|IND-000129,0.7
IND-001254,Morbi,Gujarat,1991,4883.521521,LINEAGE_BACKFILL,IND-000092|IND-000093|IND-000095|IND-000129,0.7
IND-001254,Morbi,Gujarat,2001,4883.521521,LINEAGE_BACKFILL,IND-000092|IND-000093|IND-000095|IND-000129,0.7
IND-001254,Morbi,Gujarat,2011,4869.114215,LINEAGE_BACKFILL,IND-000092|IND-000093|IND-000095|IND-000129,0.7
IND-001254,Morbi,Gujarat,2021,4869.138398660632,DIRECT,IND-001254,1.0
IND-001254,Morbi,Gujarat,2025,4981.323060328901,DIRECT,IND-001254,1.0
IND-000890,Narmada,Gujarat,1951,2808.736188,LINEAGE_BACKFILL,IND-000149|IND-000153,0.7
IND-000890,Narmada,Gujarat,1961,2808.736188,LINEAGE_BACKFILL,IND-000149|IND-000153,0.7
IND-000890,Narmada,Gujarat,1971,2888.209273,LINEAGE_BACKFILL,IND-000149|IND-000153,0.7
IND-000890,Narmada,Gujarat,1981,2888.209414,LINEAGE_BACKFILL,IND-000149|IND-000153,0.7
IND-000890,Narmada,Gujarat,1991,2808.747304,LINEAGE_BACKFILL,IND-000149|IND-000153,0.7
IND-000890,Narmada,Gujarat,2001,2808.9293175556413,DIRECT,IND-000890,1.0
IND-000890,Narmada,Gujarat,2011,2859.256264505429,DIRECT,IND-000890,1.0
IND-000890,Narmada,Gujarat,2021,2816.6769927647865,DIRECT,IND-000890,1.0
IND-000890,Narmada,Gujarat,2025,2818.2720510534814,DIRECT,IND-000890,1.0
IND-000892,Navsari,Gujarat,1951,2210.284774,LINEAGE_BACKFILL,IND-000432,0.49
IND-000892,Navsari,Gujarat,1961,2210.284774,LINEAGE_BACKFILL,IND-000432,0.49
IND-000892,Navsari,Gujarat,1971,2210.334219,LINEAGE_BACKFILL,IND-000432,0.7
IND-000892,Navsari,Gujarat,1981,2210.350201,LINEAGE_BACKFILL,IND-000432,0.7
IND-000892,Navsari,Gujarat,1991,2210.330092,LINEAGE_BACKFILL,IND-000432,0.7
IND-000892,Navsari,Gujarat,2001,2210.3677597710166,DIRECT,IND-000892,1.0
IND-000892,Navsari,Gujarat,2011,2214.02942045458,DIRECT,IND-000892,1.0
IND-000892,Navsari,Gujarat,2021,2210.6978658289336,DIRECT,IND-000892,1.0
IND-000892,Navsari,Gujarat,2025,2204.6197454089015,DIRECT,IND-000892,1.0
IND-001238,Panch Mahals,Gujarat,1951,3278.553984,LINEAGE_BACKFILL,IND-000149|IND-000887|IND-000888|IND-000889,0.49
IND-001238,Panch Mahals,Gujarat,1961,3278.553984,LINEAGE_BACKFILL,IND-000149|IND-000887|IND-000888|IND-000889,0.49
IND-001238,Panch Mahals,Gujarat,1971,3277.964004,LINEAGE_BACKFILL,IND-000149|IND-000887|IND-000888|IND-000889,0.49
IND-001238,Panch Mahals,Gujarat,1981,3277.963731,LINEAGE_BACKFILL,IND-000149|IND-000887|IND-000888|IND-000889,0.49
IND-001238,Panch Mahals,Gujarat,1991,3278.574912,LINEAGE_BACKFILL,IND-000149|IND-000887|IND-000888|IND-000889,0.49
IND-001238,Panch Mahals,Gujarat,2001,3278.044657,LINEAGE_BACKFILL,IND-000149|IND-000887|IND-000888|IND-000889,0.7
IND-001238,Panch Mahals,Gujarat,2011,3287.644372,LINEAGE_BACKFILL,IND-000149|IND-000887|IND-000888|IND-000889,0.7
IND-001238,Panch Mahals,Gujarat,2021,3287.536713724906,DIRECT,IND-001238,1.0
IND-001238,Panch Mahals,Gujarat,2025,3283.8699261968995,DIRECT,IND-001238,1.0
IND-000879,Patan,Gujarat,1951,5730.815938,LINEAGE_BACKFILL,IND-000376|IND-000377,0.49
IND-000879,Patan,Gujarat,1961,5730.869796,LINEAGE_BACKFILL,IND-000376|IND-000377,0.7
IND-000879,Patan,Gujarat,1971,5730.869796,LINEAGE_BACKFILL,IND-000376|IND-000377,0.7
IND-000879,Patan,Gujarat,1981,5730.864682,LINEAGE_BACKFILL,IND-000376|IND-000377,0.7
IND-000879,Patan,Gujarat,1991,5730.866667,LINEAGE_BACKFILL,IND-000376|IND-000377,0.7
IND-000879,Patan,Gujarat,2001,5730.926074433454,DIRECT,IND-000879,1.0
IND-000879,Patan,Gujarat,2011,5665.561180589498,DIRECT,IND-000879,1.0
IND-000879,Patan,Gujarat,2021,5780.74125832594,DIRECT,IND-000879,1.0
IND-000879,Patan,Gujarat,2025,5785.378846134804,DIRECT,IND-000879,1.0
IND-000882,Porbandar,Gujarat,1951,2345.759514,LINEAGE_BACKFILL,IND-000096,0.7
IND-000882,Porbandar,Gujarat,1961,2316.36462,LINEAGE_BACKFILL,IND-000096,0.7
IND-000882,Porbandar,Gujarat,1971,2316.36462,LINEAGE_BACKFILL,IND-000096,0.7
IND-000882,Porbandar,Gujarat,1981,2316.364584,LINEAGE_BACKFILL,IND-000096,0.7
IND-000882,Porbandar,Gujarat,1991,2316.380356,LINEAGE_BACKFILL,IND-000096,0.7
IND-000882,Porbandar,Gujarat,2001,2316.460507742416,DIRECT,IND-000882,1.0
IND-000882,Porbandar,Gujarat,2011,2332.483771286915,DIRECT,IND-000882,1.0
IND-000882,Porbandar,Gujarat,2021,2317.9270904080136,DIRECT,IND-000882,1.0
IND-000882,Porbandar,Gujarat,2025,2314.10271082816,DIRECT,IND-000882,1.0
IND-001247,Rajkot,Gujarat,1951,8318.944475,LINEAGE_BACKFILL,IND-000092|IND-000093|IND-000095|IND-000882|IND-000883|IND-000884|IND-000885,0.343
IND-001247,Rajkot,Gujarat,1961,7658.117713,LINEAGE_BACKFILL,IND-000092|IND-000093|IND-000095|IND-000882|IND-000883|IND-000884|IND-000885,0.49
IND-001247,Rajkot,Gujarat,1971,7658.117713,LINEAGE_BACKFILL,IND-000092|IND-000093|IND-000095|IND-000882|IND-000883|IND-000884|IND-000885,0.49
IND-001247,Rajkot,Gujarat,1981,7658.134497,LINEAGE_BACKFILL,IND-000092|IND-000093|IND-000095|IND-000882|IND-000883|IND-000884|IND-000885,0.49
IND-001247,Rajkot,Gujarat,1991,7658.119157,LINEAGE_BACKFILL,IND-000092|IND-000093|IND-000095|IND-000882|IND-000883|IND-000884|IND-000885,0.49
IND-001247,Rajkot,Gujarat,2001,7658.119896,LINEAGE_BACKFILL,IND-000092|IND-000093|IND-000095|IND-000882|IND-000883|IND-000884|IND-000885,0.7
IND-001247,Rajkot,Gujarat,2011,7597.491854,LINEAGE_BACKFILL,IND-000092|IND-000093|IND-000095|IND-000882|IND-000883|IND-000884|IND-000885,0.7
IND-001247,Rajkot,Gujarat,2021,7597.345208235353,DIRECT,IND-001247,1.0
IND-001247,Rajkot,Gujarat,2025,7689.623359642653,DIRECT,IND-001247,1.0
IND-001245,Sabar Kantha,Gujarat,1951,3981.999287,LINEAGE_BACKFILL,IND-000146|IND-000353|IND-000720|IND-000880|IND-000881,0.343
IND-001245,Sabar Kantha,Gujarat,1961,3978.539717,LINEAGE_BACKFILL,IND-000146|IND-000353|IND-000720|IND-000880|IND-000881,0.4655
IND-001245,Sabar Kantha,Gujarat,1971,3981.720395,LINEAGE_BACKFILL,IND-000146|IND-000353|IND-000720|IND-000880|IND-000881,0.49
IND-001245,Sabar Kantha,Gujarat,1981,3978.260294,LINEAGE_BACKFILL,IND-000146|IND-000353|IND-000720|IND-000880|IND-000881,0.49
IND-001245,Sabar Kantha,Gujarat,1991,3981.726834,LINEAGE_BACKFILL,IND-000146|IND-000353|IND-000720|IND-000880|IND-000881,0.49
IND-001245,Sabar Kantha,Gujarat,2001,3981.728339,LINEAGE_BACKFILL,IND-000146|IND-000353|IND-000720|IND-000880|IND-000881,0.7
IND-001245,Sabar Kantha,Gujarat,2011,4142.385599,LINEAGE_BACKFILL,IND-000146|IND-000353|IND-000720|IND-000880|IND-000881,0.7
IND-001245,Sabar Kantha,Gujarat,2021,4142.764441468917,DIRECT,IND-001245,1.0
IND-001245,Sabar Kantha,Gujarat,2025,4242.654745819125,DIRECT,IND-001245,1.0
IND-000938,Surat,Gujarat,1951,4266.660636,LINEAGE_BACKFILL,IND-000431|IND-000890|IND-000891|IND-000892,0.343
IND-000938,Surat,Gujarat,1961,4266.660636,LINEAGE_BACKFILL,IND-000431|IND-000890|IND-000891|IND-000892,0.343
IND-000938,Surat,Gujarat,1971,4268.126161,LINEAGE_BACKFILL,IND-000431|IND-000890|IND-000891|IND-000892,0.49
IND-000938,Surat,Gujarat,1981,4268.113197,LINEAGE_BACKFILL,IND-000431|IND-000890|IND-000891|IND-000892,0.49
IND-000938,Surat,Gujarat,1991,4266.656055,LINEAGE_BACKFILL,IND-000431|IND-000890|IND-000891|IND-000892,0.49
IND-000938,Surat,Gujarat,2001,4266.656917,LINEAGE_BACKFILL,IND-000431|IND-000890|IND-000891|IND-000892,0.7
IND-000938,Surat,Gujarat,2011,4306.079205595497,DIRECT,IND-000938,1.0
IND-000938,Surat,Gujarat,2021,4300.396596453774,DIRECT,IND-000938,1.0
IND-000938,Surat,Gujarat,2025,4333.606482482055,DIRECT,IND-000938,1.0
IND-001246,Surendranagar,Gujarat,1951,9065.511304,LINEAGE_BACKFILL,IND-000092|IND-000093|IND-000129|IND-000150|IND-000879|IND-000885,0.343
IND-001246,Surendranagar,Gujarat,1961,9061.71629,LINEAGE_BACKFILL,IND-000092|IND-000093|IND-000129|IND-000150|IND-000879|IND-000885,0.49
IND-001246,Surendranagar,Gujarat,1971,9053.66934,LINEAGE_BACKFILL,IND-000092|IND-000093|IND-000129|IND-000150|IND-000879|IND-000885,0.49
IND-001246,Surendranagar,Gujarat,1981,9053.666757,LINEAGE_BACKFILL,IND-000092|IND-000093|IND-000129|IND-000150|IND-000879|IND-000885,0.49
IND-001246,Surendranagar,Gujarat,1991,9053.584919,LINEAGE_BACKFILL,IND-000092|IND-000093|IND-000129|IND-000150|IND-000879|IND-000885,0.49
IND-001246,Surendranagar,Gujarat,2001,9046.668036,LINEAGE_BACKFILL,IND-000092|IND-000093|IND-000129|IND-000150|IND-000879|IND-000885,0.7
IND-001246,Surendranagar,Gujarat,2011,9151.269185,LINEAGE_BACKFILL,IND-000092|IND-000093|IND-000129|IND-000150|IND-000879|IND-000885,0.7
IND-001246,Surendranagar,Gujarat,2021,9151.23910227056,DIRECT,IND-001246,1.0
IND-001246,Surendranagar,Gujarat,2025,9175.376442757448,DIRECT,IND-001246,1.0
IND-000939,Tapi,Gujarat,1951,3210.102382,LINEAGE_BACKFILL,IND-000161|IND-000431|IND-000890|IND-000894|IND-000895,0.49
IND-000939,Tapi,Gujarat,1961,3210.102382,LINEAGE_BACKFILL,IND-000161|IND-000431|IND-000890|IND-000894|IND-000895,0.49
IND-000939,Tapi,Gujarat,1971,3210.27046,LINEAGE_BACKFILL,IND-000161|IND-000431|IND-000890|IND-000894|IND-000895,0.49
IND-000939,Tapi,Gujarat,1981,3210.260804,LINEAGE_BACKFILL,IND-000161|IND-000431|IND-000890|IND-000894|IND-000895,0.49
IND-000939,Tapi,Gujarat,1991,3210.09859,LINEAGE_BACKFILL,IND-000161|IND-000431|IND-000890|IND-000894|IND-000895,0.49
IND-000939,Tapi,Gujarat,2001,3210.100508,LINEAGE_BACKFILL,IND-000161|IND-000431|IND-000890|IND-000894|IND-000895,0.7
IND-000939,Tapi,Gujarat,2011,3210.399303707554,DIRECT,IND-000939,1.0
IND-000939,Tapi,Gujarat,2021,3140.562241110298,DIRECT,IND-000939,1.0
IND-000939,Tapi,Gujarat,2025,3140.102752114046,DIRECT,IND-000939,1.0
IND-001239,Vadodara,Gujarat,1951,4176.672088,LINEAGE_BACKFILL,IND-000149|IND-000886|IND-000887|IND-000888|IND-000890|IND-000937,0.343
IND-001239,Vadodara,Gujarat,1961,4176.672088,LINEAGE_BACKFILL,IND-000149|IND-000886|IND-000887|IND-000888|IND-000890|IND-000937,0.343
IND-001239,Vadodara,Gujarat,1971,4040.852271,LINEAGE_BACKFILL,IND-000149|IND-000886|IND-000887|IND-000888|IND-000890|IND-000937,0.343
IND-001239,Vadodara,Gujarat,1981,4040.856927,LINEAGE_BACKFILL,IND-000149|IND-000886|IND-000887|IND-000888|IND-000890|IND-000937,0.343
IND-001239,Vadodara,Gujarat,1991,4176.654231,LINEAGE_BACKFILL,IND-000149|IND-000886|IND-000887|IND-000888|IND-000890|IND-000937,0.343
IND-001239,Vadodara,Gujarat,2001,4039.779713,LINEAGE_BACKFILL,IND-000149|IND-000886|IND-000887|IND-000888|IND-000890|IND-000937,0.49
IND-001239,Vadodara,Gujarat,2011,4053.166309,LINEAGE_BACKFILL,IND-000149|IND-000886|IND-000887|IND-000888|IND-000890|IND-000937,0.7
IND-001239,Vadodara,Gujarat,2021,4053.173005664903,DIRECT,IND-001239,1.0
IND-001239,Vadodara,Gujarat,2025,4092.846974779272,DIRECT,IND-001239,1.0
IND-000893,Valsad,Gujarat,1951,2967.883819,LINEAGE_BACKFILL,IND-000432,0.49
IND-000893,Valsad,Gujarat,1961,2967.883819,LINEAGE_BACKFILL,IND-000432,0.49
IND-000893,Valsad,Gujarat,1971,2967.950212,LINEAGE_BACKFILL,IND-000432,0.7
IND-000893,Valsad,Gujarat,1981,2967.971671,LINEAGE_BACKFILL,IND-000432,0.7
IND-000893,Valsad,Gujarat,1991,2967.94467,LINEAGE_BACKFILL,IND-000432,0.7
IND-000893,Valsad,Gujarat,2001,2968.0406386957825,DIRECT,IND-000893,1.0
IND-000893,Valsad,Gujarat,2011,3041.591547941473,DIRECT,IND-000893,1.0
IND-000893,Valsad,Gujarat,2021,2948.9486333627738,DIRECT,IND-000893,1.0
IND-000893,Valsad,Gujarat,2025,2949.543794801032,DIRECT,IND-000893,1.0
IND-000696,Ambala,Haryana,1951,1524.212096,LINEAGE_BACKFILL,IND-000585,0.6318
IND-000696,Ambala,Haryana,1961,1524.229475,LINEAGE_BACKFILL,IND-000585,0.9025
IND-000696,Ambala,Haryana,1971,1524.229475,LINEAGE_BACKFILL,IND-000585,0.9025
IND-000696,Ambala,Haryana,1981,1524.229084,LINEAGE_BACKFILL,IND-000585,0.9025
IND-000696,Ambala,Haryana,1991,1524.358717,LINEAGE_BACKFILL,IND-000585,0.95
IND-000696,Ambala,Haryana,2001,1524.5177325804116,DIRECT,IND-000696,1.0
IND-000696,Ambala,Haryana,2011,1509.1667233187804,DIRECT,IND-000696,1.0
IND-000696,Ambala,Haryana,2021,1505.479541095949,DIRECT,IND-000696,1.0
IND-000696,Ambala,Haryana,2025,1514.0086541259484,DIRECT,IND-000696,1.0
IND-001111,Bhiwani,Haryana,1951,3502.763827,LINEAGE_BACKFILL,IND-000072|IND-000571|IND-000701|IND-000702|IND-000714|IND-000966|IND-000979,0.3258
IND-001111,Bhiwani,Haryana,1961,3502.763827,LINEAGE_BACKFILL,IND-000072|IND-000571|IND-000701|IND-000702|IND-000714|IND-000966|IND-000979,0.3258
IND-001111,Bhiwani,Haryana,1971,3502.763827,LINEAGE_BACKFILL,IND-000072|IND-000571|IND-000701|IND-000702|IND-000714|IND-000966|IND-000979,0.3258
IND-001111,Bhiwani,Haryana,1981,3502.844927,LINEAGE_BACKFILL,IND-000072|IND-000571|IND-000701|IND-000702|IND-000714|IND-000966|IND-000979,0.4655
IND-001111,Bhiwani,Haryana,1991,3502.899122,LINEAGE_BACKFILL,IND-000072|IND-000571|IND-000701|IND-000702|IND-000714|IND-000966|IND-000979,0.4655
IND-001111,Bhiwani,Haryana,2001,3502.899493,LINEAGE_BACKFILL,IND-000072|IND-000571|IND-000701|IND-000702|IND-000714|IND-000966|IND-000979,0.49
IND-001111,Bhiwani,Haryana,2011,3311.176631,LINEAGE_BACKFILL,IND-000072|IND-000571|IND-000701|IND-000702|IND-000714|IND-000966|IND-000979,0.7
IND-001111,Bhiwani,Haryana,2021,3311.215830671593,DIRECT,IND-001111,1.0
IND-001111,Bhiwani,Haryana,2025,3291.1585318093876,DIRECT,IND-001111,1.0
IND-001110,Charki Dadri,Haryana,1951,1460.69564,LINEAGE_BACKFILL,IND-000571|IND-000702|IND-000965|IND-000966,0.3258
IND-001110,Charki Dadri,Haryana,1961,1460.69564,LINEAGE_BACKFILL,IND-000571|IND-000702|IND-000965|IND-000966,0.3258
IND-001110,Charki Dadri,Haryana,1971,1460.69564,LINEAGE_BACKFILL,IND-000571|IND-000702|IND-000965|IND-000966,0.3258
IND-001110,Charki Dadri,Haryana,1981,1460.73049,LINEAGE_BACKFILL,IND-000571|IND-000702|IND-000965|IND-000966,0.343
IND-001110,Charki Dadri,Haryana,1991,1460.754052,LINEAGE_BACKFILL,IND-000571|IND-000702|IND-000965|IND-000966,0.343
IND-001110,Charki Dadri,Haryana,2001,1460.754777,LINEAGE_BACKFILL,IND-000571|IND-000702|IND-000965|IND-000966,0.49
IND-001110,Charki Dadri,Haryana,2011,1380.701886,LINEAGE_BACKFILL,IND-000571|IND-000702|IND-000965|IND-000966,0.7
IND-001110,Charki Dadri,Haryana,2021,1380.6427704247228,DIRECT,IND-001110,1.0
IND-001110,Charki Dadri,Haryana,2025,1383.5447956909468,DIRECT,IND-001110,1.0
IND-000969,Faridabad,Haryana,1951,752.48915,LINEAGE_BACKFILL,IND-000569|IND-000579|IND-000712|IND-000729,0.4655
IND-000969,Faridabad,Haryana,1961,752.48915,LINEAGE_BACKFILL,IND-000569|IND-000579|IND-000712|IND-000729,0.4655
IND-000969,Faridabad,Haryana,1971,752.48915,LINEAGE_BACKFILL,IND-000569|IND-000579|IND-000712|IND-000729,0.4655
IND-000969,Faridabad,Haryana,1981,751.998164,LINEAGE_BACKFILL,IND-000569|IND-000579|IND-000712|IND-000729,0.665
IND-000969,Faridabad,Haryana,1991,752.008911,LINEAGE_BACKFILL,IND-000569|IND-000579|IND-000712|IND-000729,0.665
IND-000969,Faridabad,Haryana,2001,752.009346,LINEAGE_BACKFILL,IND-000569|IND-000579|IND-000712|IND-000729,0.7
IND-000969,Faridabad,Haryana,2011,751.9789185615152,DIRECT,IND-000969,1.0
IND-000969,Faridabad,Haryana,2021,765.8578269248195,DIRECT,IND-000969,1.0
IND-000969,Faridabad,Haryana,2025,743.3390157869048,DIRECT,IND-000969,1.0
IND-000700,Fatehabad,Haryana,1951,2595.170297,LINEAGE_BACKFILL,IND-000572,0.49
IND-000700,Fatehabad,Haryana,1961,2595.170297,LINEAGE_BACKFILL,IND-000572,0.49
IND-000700,Fatehabad,Haryana,1971,2595.170297,LINEAGE_BACKFILL,IND-000572,0.49
IND-000700,Fatehabad,Haryana,1981,2595.202059,LINEAGE_BACKFILL,IND-000572,0.7
IND-000700,Fatehabad,Haryana,1991,2595.201613,LINEAGE_BACKFILL,IND-000572,0.7
IND-000700,Fatehabad,Haryana,2001,2595.201774983028,DIRECT,IND-000700,1.0
IND-000700,Fatehabad,Haryana,2011,2564.6448910051804,DIRECT,IND-000700,1.0
IND-000700,Fatehabad,Haryana,2021,2528.2076965849365,DIRECT,IND-000700,1.0
IND-000700,Fatehabad,Haryana,2025,2527.542707997744,DIRECT,IND-000700,1.0
IND-000967,Gurgaon,Haryana,1951,1220.965009,LINEAGE_BACKFILL,IND-000569|IND-000579|IND-000591|IND-000703|IND-000711|IND-000712,0.4655
IND-000967,Gurgaon,Haryana,1961,1220.965009,LINEAGE_BACKFILL,IND-000569|IND-000579|IND-000591|IND-000703|IND-000711|IND-000712,0.4655
IND-000967,Gurgaon,Haryana,1971,1220.965009,LINEAGE_BACKFILL,IND-000569|IND-000579|IND-000591|IND-000703|IND-000711|IND-000712,0.4655
IND-000967,Gurgaon,Haryana,1981,1220.992733,LINEAGE_BACKFILL,IND-000569|IND-000579|IND-000591|IND-000703|IND-000711|IND-000712,0.665
IND-000967,Gurgaon,Haryana,1991,1221.00662,LINEAGE_BACKFILL,IND-000569|IND-000579|IND-000591|IND-000703|IND-000711|IND-000712,0.665
IND-000967,Gurgaon,Haryana,2001,1221.007532,LINEAGE_BACKFILL,IND-000569|IND-000579|IND-000591|IND-000703|IND-000711|IND-000712,0.7
IND-000967,Gurgaon,Haryana,2011,1221.0505034897044,DIRECT,IND-000967,1.0
IND-000967,Gurgaon,Haryana,2021,1249.4992469157,DIRECT,IND-000967,1.0
IND-000967,Gurgaon,Haryana,2025,1250.1880643966767,DIRECT,IND-000967,1.0
IND-000701,Hisar,Haryana,1951,4018.454062,LINEAGE_BACKFILL,IND-000572,0.49
IND-000701,Hisar,Haryana,1961,4018.454062,LINEAGE_BACKFILL,IND-000572,0.49
IND-000701,Hisar,Haryana,1971,4018.454062,LINEAGE_BACKFILL,IND-000572,0.49
IND-000701,Hisar,Haryana,1981,4018.503243,LINEAGE_BACKFILL,IND-000572,0.7
IND-000701,Hisar,Haryana,1991,4018.502552,LINEAGE_BACKFILL,IND-000572,0.7
IND-000701,Hisar,Haryana,2001,4018.5077856250714,DIRECT,IND-000701,1.0
IND-000701,Hisar,Haryana,2011,4220.115409547115,DIRECT,IND-000701,1.0
IND-000701,Hisar,Haryana,2021,4074.924296164032,DIRECT,IND-000701,1.0
IND-000701,Hisar,Haryana,2025,4074.4670168531575,DIRECT,IND-000701,1.0
IND-000965,Jhajjar,Haryana,1951,1884.953863,LINEAGE_BACKFILL,IND-000569|IND-000571|IND-000591|IND-000699|IND-000702|IND-000703|IND-000711,0.4655
IND-000965,Jhajjar,Haryana,1961,1884.953863,LINEAGE_BACKFILL,IND-000569|IND-000571|IND-000591|IND-000699|IND-000702|IND-000703|IND-000711,0.4655
IND-000965,Jhajjar,Haryana,1971,1884.953863,LINEAGE_BACKFILL,IND-000569|IND-000571|IND-000591|IND-000699|IND-000702|IND-000703|IND-000711,0.4655
IND-000965,Jhajjar,Haryana,1981,1885.009467,LINEAGE_BACKFILL,IND-000569|IND-000571|IND-000591|IND-000699|IND-000702|IND-000703|IND-000711,0.49
IND-000965,Jhajjar,Haryana,1991,1885.024127,LINEAGE_BACKFILL,IND-000569|IND-000571|IND-000591|IND-000699|IND-000702|IND-000703|IND-000711,0.49
IND-000965,Jhajjar,Haryana,2001,1885.056347,LINEAGE_BACKFILL,IND-000569|IND-000571|IND-000591|IND-000699|IND-000702|IND-000703|IND-000711,0.7
IND-000965,Jhajjar,Haryana,2011,1885.0363370559933,DIRECT,IND-000965,1.0
IND-000965,Jhajjar,Haryana,2021,1822.199148027161,DIRECT,IND-000965,1.0
IND-000965,Jhajjar,Haryana,2025,1858.7811696156948,DIRECT,IND-000965,1.0
IND-000964,Jind,Haryana,1951,2738.448569,LINEAGE_BACKFILL,IND-000415|IND-000433|IND-000586|IND-000697|IND-000699|IND-000700|IND-000701,0.343
IND-000964,Jind,Haryana,1961,2738.538446,LINEAGE_BACKFILL,IND-000415|IND-000433|IND-000586|IND-000697|IND-000699|IND-000700|IND-000701,0.343
IND-000964,Jind,Haryana,1971,2738.603397,LINEAGE_BACKFILL,IND-000415|IND-000433|IND-000586|IND-000697|IND-000699|IND-000700|IND-000701,0.343
IND-000964,Jind,Haryana,1981,2738.606165,LINEAGE_BACKFILL,IND-000415|IND-000433|IND-000586|IND-000697|IND-000699|IND-000700|IND-000701,0.4655
IND-000964,Jind,Haryana,1991,2738.572364,LINEAGE_BACKFILL,IND-000415|IND-000433|IND-000586|IND-000697|IND-000699|IND-000700|IND-000701,0.49
IND-000964,Jind,Haryana,2001,2738.577184,LINEAGE_BACKFILL,IND-000415|IND-000433|IND-000586|IND-000697|IND-000699|IND-000700|IND-000701,0.7
IND-000964,Jind,Haryana,2011,2739.0130582091156,DIRECT,IND-000964,1.0
IND-000964,Jind,Haryana,2021,2765.4243511469563,DIRECT,IND-000964,1.0
IND-000964,Jind,Haryana,2025,2730.277826295248,DIRECT,IND-000964,1.0
IND-000586,Kaithal,Haryana,1951,2297.976673,LINEAGE_BACKFILL,IND-000565,0.9025
IND-000586,Kaithal,Haryana,1961,2297.976673,LINEAGE_BACKFILL,IND-000565,0.9025
IND-000586,Kaithal,Haryana,1971,2297.976673,LINEAGE_BACKFILL,IND-000565,0.9025
IND-000586,Kaithal,Haryana,1981,2298.005048,LINEAGE_BACKFILL,IND-000565,0.95
IND-000586,Kaithal,Haryana,1991,2298.254253784867,DIRECT,IND-000586,1.0
IND-000586,Kaithal,Haryana,2001,2298.254253784867,DIRECT,IND-000586,1.0
IND-000586,Kaithal,Haryana,2011,2233.5251073231275,DIRECT,IND-000586,1.0
IND-000586,Kaithal,Haryana,2021,2297.622753137301,DIRECT,IND-000586,1.0
IND-000586,Kaithal,Haryana,2025,2274.460091188454,DIRECT,IND-000586,1.0
IND-000697,Karnal,Haryana,1951,2474.766572,LINEAGE_BACKFILL,IND-000587|IND-000590,0.6317
IND-000697,Karnal,Haryana,1961,2474.766572,LINEAGE_BACKFILL,IND-000587|IND-000590,0.6317
IND-000697,Karnal,Haryana,1971,2474.766572,LINEAGE_BACKFILL,IND-000587|IND-000590,0.6317
IND-000697,Karnal,Haryana,1981,2474.83344,LINEAGE_BACKFILL,IND-000587|IND-000590,0.665
IND-000697,Karnal,Haryana,1991,2474.924427,LINEAGE_BACKFILL,IND-000587|IND-000590,0.7
IND-000697,Karnal,Haryana,2001,2475.1223355005422,DIRECT,IND-000697,1.0
IND-000697,Karnal,Haryana,2011,2465.0419855491255,DIRECT,IND-000697,1.0
IND-000697,Karnal,Haryana,2021,2454.596824821072,DIRECT,IND-000697,1.0
IND-000697,Karnal,Haryana,2025,2477.3576607970126,DIRECT,IND-000697,1.0
IND-000588,Kurukshetra,Haryana,1951,1647.171766,LINEAGE_BACKFILL,IND-000565,0.9025
IND-000588,Kurukshetra,Haryana,1961,1647.171766,LINEAGE_BACKFILL,IND-000565,0.9025
IND-000588,Kurukshetra,Haryana,1971,1647.171766,LINEAGE_BACKFILL,IND-000565,0.9025
IND-000588,Kurukshetra,Haryana,1981,1647.192104,LINEAGE_BACKFILL,IND-000565,0.95
IND-000588,Kurukshetra,Haryana,1991,1647.2601547667982,DIRECT,IND-000588,1.0
IND-000588,Kurukshetra,Haryana,2001,1647.2601547667982,DIRECT,IND-000588,1.0
IND-000588,Kurukshetra,Haryana,2011,1671.8130205867558,DIRECT,IND-000588,1.0
IND-000588,Kurukshetra,Haryana,2021,1679.9671546439304,DIRECT,IND-000588,1.0
IND-000588,Kurukshetra,Haryana,2025,1676.2638012623363,DIRECT,IND-000588,1.0
IND-000966,Mahendragarh,Haryana,1951,1928.302131,LINEAGE_BACKFILL,IND-000071|IND-000072|IND-000073|IND-000571|IND-000589,0.4655
IND-000966,Mahendragarh,Haryana,1961,1928.302131,LINEAGE_BACKFILL,IND-000071|IND-000072|IND-000073|IND-000571|IND-000589,0.4655
IND-000966,Mahendragarh,Haryana,1971,1928.302131,LINEAGE_BACKFILL,IND-000071|IND-000072|IND-000073|IND-000571|IND-000589,0.4655
IND-000966,Mahendragarh,Haryana,1981,1928.45087,LINEAGE_BACKFILL,IND-000071|IND-000072|IND-000073|IND-000571|IND-000589,0.665
IND-000966,Mahendragarh,Haryana,1991,1928.650993,LINEAGE_BACKFILL,IND-000071|IND-000072|IND-000073|IND-000571|IND-000589,0.7
IND-000966,Mahendragarh,Haryana,2001,1928.650993,LINEAGE_BACKFILL,IND-000071|IND-000072|IND-000073|IND-000571|IND-000589,0.7
IND-000966,Mahendragarh,Haryana,2011,1929.2261248461696,DIRECT,IND-000966,1.0
IND-000966,Mahendragarh,Haryana,2021,1933.3219674141972,DIRECT,IND-000966,1.0
IND-000966,Mahendragarh,Haryana,2025,1934.499772811936,DIRECT,IND-000966,1.0
IND-000968,Mewat,Haryana,1951,1530.997586,LINEAGE_BACKFILL,IND-000071|IND-000569|IND-000579|IND-000591|IND-000594|IND-000733,0.2401
IND-000968,Mewat,Haryana,1961,1530.997586,LINEAGE_BACKFILL,IND-000071|IND-000569|IND-000579|IND-000591|IND-000594|IND-000733,0.2401
IND-000968,Mewat,Haryana,1971,1530.997586,LINEAGE_BACKFILL,IND-000071|IND-000569|IND-000579|IND-000591|IND-000594|IND-000733,0.2401
IND-000968,Mewat,Haryana,1981,1531.061396,LINEAGE_BACKFILL,IND-000071|IND-000569|IND-000579|IND-000591|IND-000594|IND-000733,0.343
IND-000968,Mewat,Haryana,1991,1531.076894,LINEAGE_BACKFILL,IND-000071|IND-000569|IND-000579|IND-000591|IND-000594|IND-000733,0.49
IND-000968,Mewat,Haryana,2001,1531.076949,LINEAGE_BACKFILL,IND-000071|IND-000569|IND-000579|IND-000591|IND-000594|IND-000733,0.7
IND-000968,Mewat,Haryana,2011,1531.0877073368088,DIRECT,IND-000968,1.0
IND-000968,Mewat,Haryana,2021,1504.816245879154,DIRECT,IND-000968,1.0
IND-000968,Mewat,Haryana,2025,1515.0567067462453,DIRECT,IND-000968,1.0
IND-000970,Palwal,Haryana,1951,1385.630599,LINEAGE_BACKFILL,IND-000569|IND-000579|IND-000729|IND-000731|IND-000733,0.2401
IND-000970,Palwal,Haryana,1961,1385.630599,LINEAGE_BACKFILL,IND-000569|IND-000579|IND-000729|IND-000731|IND-000733,0.2401
IND-000970,Palwal,Haryana,1971,1385.630599,LINEAGE_BACKFILL,IND-000569|IND-000579|IND-000729|IND-000731|IND-000733,0.2401
IND-000970,Palwal,Haryana,1981,1386.190165,LINEAGE_BACKFILL,IND-000569|IND-000579|IND-000729|IND-000731|IND-000733,0.343
IND-000970,Palwal,Haryana,1991,1385.317131,LINEAGE_BACKFILL,IND-000569|IND-000579|IND-000729|IND-000731|IND-000733,0.49
IND-000970,Palwal,Haryana,2001,1385.317599,LINEAGE_BACKFILL,IND-000569|IND-000579|IND-000729|IND-000731|IND-000733,0.7
IND-000970,Palwal,Haryana,2011,1385.3701505832648,DIRECT,IND-000970,1.0
IND-000970,Palwal,Haryana,2021,1344.365348390855,DIRECT,IND-000970,1.0
IND-000970,Palwal,Haryana,2025,1359.706975585108,DIRECT,IND-000970,1.0
IND-000695,Panchkula,Haryana,1951,912.085765,LINEAGE_BACKFILL,IND-000585,0.6318
IND-000695,Panchkula,Haryana,1961,912.096164,LINEAGE_BACKFILL,IND-000585,0.9025
IND-000695,Panchkula,Haryana,1971,912.096164,LINEAGE_BACKFILL,IND-000585,0.9025
IND-000695,Panchkula,Haryana,1981,912.09593,LINEAGE_BACKFILL,IND-000585,0.9025
IND-000695,Panchkula,Haryana,1991,912.173502,LINEAGE_BACKFILL,IND-000585,0.95
IND-000695,Panchkula,Haryana,2001,912.1894252715092,DIRECT,IND-000695,1.0
IND-000695,Panchkula,Haryana,2011,867.8079066724017,DIRECT,IND-000695,1.0
IND-000695,Panchkula,Haryana,2021,896.8630492443359,DIRECT,IND-000695,1.0
IND-000695,Panchkula,Haryana,2025,880.8271067235551,DIRECT,IND-000695,1.0
IND-000698,Panipat,Haryana,1951,1344.447275,LINEAGE_BACKFILL,IND-000590,0.6317
IND-000698,Panipat,Haryana,1961,1344.447275,LINEAGE_BACKFILL,IND-000590,0.6317
IND-000698,Panipat,Haryana,1971,1344.447275,LINEAGE_BACKFILL,IND-000590,0.6317
IND-000698,Panipat,Haryana,1981,1344.483601,LINEAGE_BACKFILL,IND-000590,0.665
IND-000698,Panipat,Haryana,1991,1344.548656,LINEAGE_BACKFILL,IND-000590,0.7
IND-000698,Panipat,Haryana,2001,1344.6182186272977,DIRECT,IND-000698,1.0
IND-000698,Panipat,Haryana,2011,1331.096939019004,DIRECT,IND-000698,1.0
IND-000698,Panipat,Haryana,2021,1266.576687674186,DIRECT,IND-000698,1.0
IND-000698,Panipat,Haryana,2025,1302.976468094559,DIRECT,IND-000698,1.0
IND-000591,Rewari,Haryana,1951,1431.074848,LINEAGE_BACKFILL,IND-000570,0.665
IND-000591,Rewari,Haryana,1961,1431.074848,LINEAGE_BACKFILL,IND-000570,0.665
IND-000591,Rewari,Haryana,1971,1431.074848,LINEAGE_BACKFILL,IND-000570,0.665
IND-000591,Rewari,Haryana,1981,1431.194471,LINEAGE_BACKFILL,IND-000570,0.95
IND-000591,Rewari,Haryana,1991,1431.3390256906937,DIRECT,IND-000591,1.0
IND-000591,Rewari,Haryana,2001,1431.3390256906937,DIRECT,IND-000591,1.0
IND-000591,Rewari,Haryana,2011,1515.7580056563058,DIRECT,IND-000591,1.0
IND-000591,Rewari,Haryana,2021,1560.9756611829391,DIRECT,IND-000591,1.0
IND-000591,Rewari,Haryana,2025,1553.125361205419,DIRECT,IND-000591,1.0
IND-000702,Rohtak,Haryana,1951,1623.065694,LINEAGE_BACKFILL,IND-000568,0.9025
IND-000702,Rohtak,Haryana,1961,1623.065694,LINEAGE_BACKFILL,IND-000568,0.9025
IND-000702,Rohtak,Haryana,1971,1623.065694,LINEAGE_BACKFILL,IND-000568,0.9025
IND-000702,Rohtak,Haryana,1981,1623.112131,LINEAGE_BACKFILL,IND-000568,0.95
IND-000702,Rohtak,Haryana,1991,1623.122064,LINEAGE_BACKFILL,IND-000568,0.95
IND-000702,Rohtak,Haryana,2001,1623.1973419349226,DIRECT,IND-000702,1.0
IND-000702,Rohtak,Haryana,2011,1664.3915606685223,DIRECT,IND-000702,1.0
IND-000702,Rohtak,Haryana,2021,1676.9595973215532,DIRECT,IND-000702,1.0
IND-000702,Rohtak,Haryana,2025,1668.584236255506,DIRECT,IND-000702,1.0
IND-000573,Sirsa,Haryana,1951,4349.68463,LINEAGE_BACKFILL,IND-000238,0.7
IND-000573,Sirsa,Haryana,1961,4349.68463,LINEAGE_BACKFILL,IND-000238,0.7
IND-000573,Sirsa,Haryana,1971,4349.68463,LINEAGE_BACKFILL,IND-000238,0.7
IND-000573,Sirsa,Haryana,1981,4349.740753487852,DIRECT,IND-000573,1.0
IND-000573,Sirsa,Haryana,1991,4349.805985616618,DIRECT,IND-000573,1.0
IND-000573,Sirsa,Haryana,2001,4349.805985616618,DIRECT,IND-000573,1.0
IND-000573,Sirsa,Haryana,2011,4304.813100642889,DIRECT,IND-000573,1.0
IND-000573,Sirsa,Haryana,2021,4272.634548473309,DIRECT,IND-000573,1.0
IND-000573,Sirsa,Haryana,2025,4272.3707500056635,DIRECT,IND-000573,1.0
IND-000699,Sonipat,Haryana,1951,2062.991988,LINEAGE_BACKFILL,IND-000567|IND-000568,0.665
IND-000699,Sonipat,Haryana,1961,2062.991988,LINEAGE_BACKFILL,IND-000567|IND-000568,0.665
IND-000699,Sonipat,Haryana,1971,2062.991988,LINEAGE_BACKFILL,IND-000567|IND-000568,0.665
IND-000699,Sonipat,Haryana,1981,2063.175718,LINEAGE_BACKFILL,IND-000567|IND-000568,0.7
IND-000699,Sonipat,Haryana,1991,2063.13346,LINEAGE_BACKFILL,IND-000567|IND-000568,0.7
IND-000699,Sonipat,Haryana,2001,2063.2853276514898,DIRECT,IND-000699,1.0
IND-000699,Sonipat,Haryana,2011,2108.429112452741,DIRECT,IND-000699,1.0
IND-000699,Sonipat,Haryana,2021,2180.1233569407923,DIRECT,IND-000699,1.0
IND-000699,Sonipat,Haryana,2025,2180.0690414570927,DIRECT,IND-000699,1.0
IND-000592,Yamunanagar,Haryana,1951,1711.426045,LINEAGE_BACKFILL,IND-000342,0.665
IND-000592,Yamunanagar,Haryana,1961,1711.445558,LINEAGE_BACKFILL,IND-000342,0.95
IND-000592,Yamunanagar,Haryana,1971,1711.445558,LINEAGE_BACKFILL,IND-000342,0.95
IND-000592,Yamunanagar,Haryana,1981,1711.44512,LINEAGE_BACKFILL,IND-000342,0.95
IND-000592,Yamunanagar,Haryana,1991,1711.523999790203,DIRECT,IND-000592,1.0
IND-000592,Yamunanagar,Haryana,2001,1711.523999790203,DIRECT,IND-000592,1.0
IND-000592,Yamunanagar,Haryana,2011,1754.7390328838103,DIRECT,IND-000592,1.0
IND-000592,Yamunanagar,Haryana,2021,1723.6683665808646,DIRECT,IND-000592,1.0
IND-000592,Yamunanagar,Haryana,2025,1720.7425161936628,DIRECT,IND-000592,1.0
IND-000574,Chamba,Himachal Pradesh,1951,6497.232407,LINEAGE_BACKFILL,IND-000125,0.7
IND-000574,Chamba,Himachal Pradesh,1961,6497.232407,LINEAGE_BACKFILL,IND-000125,0.7
IND-000574,Chamba,Himachal Pradesh,1971,6497.232407,LINEAGE_BACKFILL,IND-000125,0.7
IND-000574,Chamba,Himachal Pradesh,1981,6497.335702718618,DIRECT,IND-000574,1.0
IND-000574,Chamba,Himachal Pradesh,1991,6497.417658841446,DIRECT,IND-000574,1.0
IND-000574,Chamba,Himachal Pradesh,2001,6497.417658841446,DIRECT,IND-000574,1.0
IND-000574,Chamba,Himachal Pradesh,2011,6471.284294927665,DIRECT,IND-000574,1.0
IND-000574,Chamba,Himachal Pradesh,2021,6518.671134546656,DIRECT,IND-000574,1.0
IND-000574,Chamba,Himachal Pradesh,2025,6513.658511699361,DIRECT,IND-000574,1.0
IND-000576,Hamirpur,Himachal Pradesh,1951,1110.392945,LINEAGE_BACKFILL,IND-000434,0.665
IND-000576,Hamirpur,Himachal Pradesh,1961,1110.399308,LINEAGE_BACKFILL,IND-000434,0.665
IND-000576,Hamirpur,Himachal Pradesh,1971,1110.397149,LINEAGE_BACKFILL,IND-000434,0.95
IND-000576,Hamirpur,Himachal Pradesh,1981,1110.4385969485386,DIRECT,IND-000576,1.0
IND-000576,Hamirpur,Himachal Pradesh,1991,1110.4375988026104,DIRECT,IND-000576,1.0
IND-000576,Hamirpur,Himachal Pradesh,2001,1110.4375988026104,DIRECT,IND-000576,1.0
IND-000576,Hamirpur,Himachal Pradesh,2011,1109.3481531119355,DIRECT,IND-000576,1.0
IND-000576,Hamirpur,Himachal Pradesh,2021,1115.7110434126353,DIRECT,IND-000576,1.0
IND-000576,Hamirpur,Himachal Pradesh,2025,1115.691450871289,DIRECT,IND-000576,1.0
IND-000954,Kangra,Himachal Pradesh,1951,5742.233482,LINEAGE_BACKFILL,IND-000126|IND-000250|IND-000435|IND-000574|IND-000576|IND-000578|IND-000581|IND-000582|IND-000676,0.2281
IND-000954,Kangra,Himachal Pradesh,1961,5742.266011,LINEAGE_BACKFILL,IND-000126|IND-000250|IND-000435|IND-000574|IND-000576|IND-000578|IND-000581|IND-000582|IND-000676,0.2281
IND-000954,Kangra,Himachal Pradesh,1971,5742.255045,LINEAGE_BACKFILL,IND-000126|IND-000250|IND-000435|IND-000574|IND-000576|IND-000578|IND-000581|IND-000582|IND-000676,0.3258
IND-000954,Kangra,Himachal Pradesh,1981,5742.377339,LINEAGE_BACKFILL,IND-000126|IND-000250|IND-000435|IND-000574|IND-000576|IND-000578|IND-000581|IND-000582|IND-000676,0.4655
IND-000954,Kangra,Himachal Pradesh,1991,5742.534322,LINEAGE_BACKFILL,IND-000126|IND-000250|IND-000435|IND-000574|IND-000576|IND-000578|IND-000581|IND-000582|IND-000676,0.665
IND-000954,Kangra,Himachal Pradesh,2001,5742.534424,LINEAGE_BACKFILL,IND-000126|IND-000250|IND-000435|IND-000574|IND-000576|IND-000578|IND-000581|IND-000582|IND-000676,0.7
IND-000954,Kangra,Himachal Pradesh,2011,5742.526903353052,DIRECT,IND-000954,1.0
IND-000954,Kangra,Himachal Pradesh,2021,5741.507204004203,DIRECT,IND-000954,1.0
IND-000954,Kangra,Himachal Pradesh,2025,5741.000453286844,DIRECT,IND-000954,1.0
IND-000366,Kinnaur,Himachal Pradesh,1951,6511.832359,LINEAGE_BACKFILL,IND-000128,0.95
IND-000366,Kinnaur,Himachal Pradesh,1961,6511.891827794665,DIRECT,IND-000366,1.0
IND-000366,Kinnaur,Himachal Pradesh,1971,6511.891827794665,DIRECT,IND-000366,1.0
IND-000366,Kinnaur,Himachal Pradesh,1981,6511.890966227916,DIRECT,IND-000366,1.0
IND-000366,Kinnaur,Himachal Pradesh,1991,6511.835248518198,DIRECT,IND-000366,1.0
IND-000366,Kinnaur,Himachal Pradesh,2001,6511.835248518198,DIRECT,IND-000366,1.0
IND-000366,Kinnaur,Himachal Pradesh,2011,6470.78360973395,DIRECT,IND-000366,1.0
IND-000366,Kinnaur,Himachal Pradesh,2021,6364.401260403388,DIRECT,IND-000366,1.0
IND-000366,Kinnaur,Himachal Pradesh,2025,6502.3309509141445,DIRECT,IND-000366,1.0
IND-000435,Kulu,Himachal Pradesh,1951,5431.649058,LINEAGE_BACKFILL,IND-000343,0.8075
IND-000435,Kulu,Himachal Pradesh,1961,5431.682304,LINEAGE_BACKFILL,IND-000343,0.95
IND-000435,Kulu,Himachal Pradesh,1971,5431.778141776359,DIRECT,IND-000435,1.0
IND-000435,Kulu,Himachal Pradesh,1981,5431.782922759245,DIRECT,IND-000435,1.0
IND-000435,Kulu,Himachal Pradesh,1991,5431.774151329533,DIRECT,IND-000435,1.0
IND-000435,Kulu,Himachal Pradesh,2001,5431.774151329533,DIRECT,IND-000435,1.0
IND-000435,Kulu,Himachal Pradesh,2011,5502.10123784405,DIRECT,IND-000435,1.0
IND-000435,Kulu,Himachal Pradesh,2021,5494.210413755086,DIRECT,IND-000435,1.0
IND-000435,Kulu,Himachal Pradesh,2025,5487.328168739032,DIRECT,IND-000435,1.0
IND-000578,Lahul & Spiti,Himachal Pradesh,1951,13644.769568,LINEAGE_BACKFILL,IND-000125|IND-000344,0.49
IND-000578,Lahul & Spiti,Himachal Pradesh,1961,13644.806191,LINEAGE_BACKFILL,IND-000125|IND-000344,0.7
IND-000578,Lahul & Spiti,Himachal Pradesh,1971,13644.806191,LINEAGE_BACKFILL,IND-000125|IND-000344,0.7
IND-000578,Lahul & Spiti,Himachal Pradesh,1981,13645.0326825251,DIRECT,IND-000578,1.0
IND-000578,Lahul & Spiti,Himachal Pradesh,1991,13644.971979863309,DIRECT,IND-000578,1.0
IND-000578,Lahul & Spiti,Himachal Pradesh,2001,13644.971979863309,DIRECT,IND-000578,1.0
IND-000578,Lahul & Spiti,Himachal Pradesh,2011,13943.81446796478,DIRECT,IND-000578,1.0
IND-000578,Lahul & Spiti,Himachal Pradesh,2021,13905.45844983854,DIRECT,IND-000578,1.0
IND-000578,Lahul & Spiti,Himachal Pradesh,2025,13957.466343726952,DIRECT,IND-000578,1.0
IND-000365,Mahasu,Himachal Pradesh,1951,5522.938853,LINEAGE_BACKFILL,IND-000128|IND-000243,0.7
IND-000365,Mahasu,Himachal Pradesh,1961,5523.24520648348,DIRECT,IND-000365,1.0
IND-000365,Mahasu,Himachal Pradesh,1971,5142.422827463662,DIRECT,IND-000365,1.0
IND-000365,Mahasu,Himachal Pradesh,1981,5142.393877846788,DIRECT,IND-000365,1.0
IND-000365,Mahasu,Himachal Pradesh,1991,5142.464240806598,DIRECT,IND-000365,1.0
IND-000365,Mahasu,Himachal Pradesh,2001,5142.464240806598,DIRECT,IND-000365,1.0
IND-000365,Mahasu,Himachal Pradesh,2011,5133.776581220418,DIRECT,IND-000365,1.0
IND-000365,Mahasu,Himachal Pradesh,2021,5127.073777420751,DIRECT,IND-000365,1.0
IND-000365,Mahasu,Himachal Pradesh,2025,5124.729463629072,DIRECT,IND-000365,1.0
IND-000126,Mandi,Himachal Pradesh,1951,3954.298478068883,DIRECT,IND-000126,1.0
IND-000126,Mandi,Himachal Pradesh,1961,3954.298478068883,DIRECT,IND-000126,1.0
IND-000126,Mandi,Himachal Pradesh,1971,3954.298478068883,DIRECT,IND-000126,1.0
IND-000126,Mandi,Himachal Pradesh,1981,3954.3106943280536,DIRECT,IND-000126,1.0
IND-000126,Mandi,Himachal Pradesh,1991,3954.2950037213914,DIRECT,IND-000126,1.0
IND-000126,Mandi,Himachal Pradesh,2001,3954.2950037213914,DIRECT,IND-000126,1.0
IND-000126,Mandi,Himachal Pradesh,2011,3946.754025037715,DIRECT,IND-000126,1.0
IND-000126,Mandi,Himachal Pradesh,2021,3947.152739841392,DIRECT,IND-000126,1.0
IND-000126,Mandi,Himachal Pradesh,2025,3949.932564375594,DIRECT,IND-000126,1.0
IND-000436,Simla,Himachal Pradesh,1951,1931.807898,LINEAGE_BACKFILL,IND-000065|IND-000365,0.49
IND-000436,Simla,Himachal Pradesh,1961,1931.829017,LINEAGE_BACKFILL,IND-000065|IND-000365,0.7
IND-000436,Simla,Himachal Pradesh,1971,1932.0828268602008,DIRECT,IND-000436,1.0
IND-000436,Simla,Himachal Pradesh,1981,1932.0958357600216,DIRECT,IND-000436,1.0
IND-000436,Simla,Himachal Pradesh,1991,1932.0357379035347,DIRECT,IND-000436,1.0
IND-000436,Simla,Himachal Pradesh,2001,1932.0357379035347,DIRECT,IND-000436,1.0
IND-000436,Simla,Himachal Pradesh,2011,1945.3843179171,DIRECT,IND-000436,1.0
IND-000436,Simla,Himachal Pradesh,2021,1936.3815538568551,DIRECT,IND-000436,1.0
IND-000436,Simla,Himachal Pradesh,2025,1935.696474645117,DIRECT,IND-000436,1.0
IND-000127,Sirmoor,Himachal Pradesh,1951,2825.4925604554765,DIRECT,IND-000127,1.0
IND-000127,Sirmoor,Himachal Pradesh,1961,2825.4925604554765,DIRECT,IND-000127,1.0
IND-000127,Sirmoor,Himachal Pradesh,1971,2825.4925604554765,DIRECT,IND-000127,1.0
IND-000127,Sirmoor,Himachal Pradesh,1981,2825.4931581985966,DIRECT,IND-000127,1.0
IND-000127,Sirmoor,Himachal Pradesh,1991,2825.486058419353,DIRECT,IND-000127,1.0
IND-000127,Sirmoor,Himachal Pradesh,2001,2825.486058419353,DIRECT,IND-000127,1.0
IND-000127,Sirmoor,Himachal Pradesh,2011,2862.311948383258,DIRECT,IND-000127,1.0
IND-000127,Sirmoor,Himachal Pradesh,2021,2830.574314081019,DIRECT,IND-000127,1.0
IND-000127,Sirmoor,Himachal Pradesh,2025,2826.621958624889,DIRECT,IND-000127,1.0
IND-000955,Una,Himachal Pradesh,1951,1560.00857,LINEAGE_BACKFILL,IND-000104|IND-000414|IND-000576|IND-000581|IND-000582|IND-000676,0.2281
IND-000955,Una,Himachal Pradesh,1961,1560.017654,LINEAGE_BACKFILL,IND-000104|IND-000414|IND-000576|IND-000581|IND-000582|IND-000676,0.2281
IND-000955,Una,Himachal Pradesh,1971,1560.015185,LINEAGE_BACKFILL,IND-000104|IND-000414|IND-000576|IND-000581|IND-000582|IND-000676,0.3258
IND-000955,Una,Himachal Pradesh,1981,1560.102136,LINEAGE_BACKFILL,IND-000104|IND-000414|IND-000576|IND-000581|IND-000582|IND-000676,0.4655
IND-000955,Una,Himachal Pradesh,1991,1560.202996,LINEAGE_BACKFILL,IND-000104|IND-000414|IND-000576|IND-000581|IND-000582|IND-000676,0.665
IND-000955,Una,Himachal Pradesh,2001,1560.203459,LINEAGE_BACKFILL,IND-000104|IND-000414|IND-000576|IND-000581|IND-000582|IND-000676,0.7
IND-000955,Una,Himachal Pradesh,2011,1560.1950576568322,DIRECT,IND-000955,1.0
IND-000955,Una,Himachal Pradesh,2021,1543.820128487689,DIRECT,IND-000955,1.0
IND-000955,Una,Himachal Pradesh,2025,1542.6354437132547,DIRECT,IND-000955,1.0
IND-001104,Mirpur,Jammu & Kashmir,1951,224.337007,LINEAGE_BACKFILL,IND-001013|IND-001014|IND-001028,0.2281
IND-001104,Mirpur,Jammu & Kashmir,1961,224.337059,LINEAGE_BACKFILL,IND-001013|IND-001014|IND-001028,0.3258
IND-001104,Mirpur,Jammu & Kashmir,1971,224.337993,LINEAGE_BACKFILL,IND-001013|IND-001014|IND-001028,0.4655
IND-001104,Mirpur,Jammu & Kashmir,1981,240.153575,LINEAGE_BACKFILL,IND-001013|IND-001014|IND-001028,0.49
IND-001104,Mirpur,Jammu & Kashmir,1991,240.153497,LINEAGE_BACKFILL,IND-001013|IND-001014|IND-001028,0.49
IND-001104,Mirpur,Jammu & Kashmir,2001,240.153497,LINEAGE_BACKFILL,IND-001013|IND-001014|IND-001028,0.49
IND-001104,Mirpur,Jammu & Kashmir,2011,240.175786,LINEAGE_BACKFILL,IND-001013|IND-001014|IND-001028,0.7
IND-001104,Mirpur,Jammu & Kashmir,2021,3813.8286867621136,DIRECT,IND-001104,1.0
IND-001104,Mirpur,Jammu & Kashmir,2025,3624.3066156060454,DIRECT,IND-001104,1.0
IND-001103,Muzaffarabad,Jammu & Kashmir,1951,1400.674134,LINEAGE_BACKFILL,IND-001009|IND-001015|IND-001097,0.2281
IND-001103,Muzaffarabad,Jammu & Kashmir,1961,1400.677543,LINEAGE_BACKFILL,IND-001009|IND-001015|IND-001097,0.3258
IND-001103,Muzaffarabad,Jammu & Kashmir,1971,1400.679101,LINEAGE_BACKFILL,IND-001009|IND-001015|IND-001097,0.4655
IND-001103,Muzaffarabad,Jammu & Kashmir,1981,4480.760267,LINEAGE_BACKFILL,IND-001009|IND-001015|IND-001097,0.49
IND-001103,Muzaffarabad,Jammu & Kashmir,1991,4480.758693,LINEAGE_BACKFILL,IND-001009|IND-001015|IND-001097,0.49
IND-001103,Muzaffarabad,Jammu & Kashmir,2001,4480.758693,LINEAGE_BACKFILL,IND-001009|IND-001015|IND-001097,0.49
IND-001103,Muzaffarabad,Jammu & Kashmir,2011,4694.957834,LINEAGE_BACKFILL,IND-001009|IND-001015|IND-001097,0.7
IND-001103,Muzaffarabad,Jammu & Kashmir,2021,4702.13630545681,DIRECT,IND-001103,1.0
IND-001103,Muzaffarabad,Jammu & Kashmir,2025,4801.977021481548,DIRECT,IND-001103,1.0
IND-001100,Punch,Jammu & Kashmir,1951,1851.577797,LINEAGE_BACKFILL,IND-001010|IND-001013|IND-001014|IND-001015|IND-001022|IND-001097,0.2281
IND-001100,Punch,Jammu & Kashmir,1961,1851.578099,LINEAGE_BACKFILL,IND-001010|IND-001013|IND-001014|IND-001015|IND-001022|IND-001097,0.3258
IND-001100,Punch,Jammu & Kashmir,1971,1851.600238,LINEAGE_BACKFILL,IND-001010|IND-001013|IND-001014|IND-001015|IND-001022|IND-001097,0.343
IND-001100,Punch,Jammu & Kashmir,1981,2200.115752,LINEAGE_BACKFILL,IND-001010|IND-001013|IND-001014|IND-001015|IND-001022|IND-001097,0.49
IND-001100,Punch,Jammu & Kashmir,1991,2200.05909,LINEAGE_BACKFILL,IND-001010|IND-001013|IND-001014|IND-001015|IND-001022|IND-001097,0.49
IND-001100,Punch,Jammu & Kashmir,2001,2200.05909,LINEAGE_BACKFILL,IND-001010|IND-001013|IND-001014|IND-001015|IND-001022|IND-001097,0.49
IND-001100,Punch,Jammu & Kashmir,2011,2218.830708,LINEAGE_BACKFILL,IND-001010|IND-001013|IND-001014|IND-001015|IND-001022|IND-001097,0.7
IND-001100,Punch,Jammu & Kashmir,2021,4282.112023737926,DIRECT,IND-001100,1.0
IND-001100,Punch,Jammu & Kashmir,2025,4246.7939663680245,DIRECT,IND-001100,1.0
IND-001102,Samba,Jammu & Kashmir,1951,926.668526,LINEAGE_BACKFILL,IND-000385|IND-001026|IND-001028|IND-001029,0.2401
IND-001102,Samba,Jammu & Kashmir,1961,926.687574,LINEAGE_BACKFILL,IND-000385|IND-001026|IND-001028|IND-001029,0.343
IND-001102,Samba,Jammu & Kashmir,1971,926.687576,LINEAGE_BACKFILL,IND-000385|IND-001026|IND-001028|IND-001029,0.49
IND-001102,Samba,Jammu & Kashmir,1981,926.687575,LINEAGE_BACKFILL,IND-000385|IND-001026|IND-001028|IND-001029,0.49
IND-001102,Samba,Jammu & Kashmir,1991,926.688125,LINEAGE_BACKFILL,IND-000385|IND-001026|IND-001028|IND-001029,0.49
IND-001102,Samba,Jammu & Kashmir,2001,926.688125,LINEAGE_BACKFILL,IND-000385|IND-001026|IND-001028|IND-001029,0.49
IND-001102,Samba,Jammu & Kashmir,2011,929.536351,LINEAGE_BACKFILL,IND-000385|IND-001026|IND-001028|IND-001029,0.7
IND-001102,Samba,Jammu & Kashmir,2021,946.1361695086688,DIRECT,IND-001102,1.0
IND-001102,Samba,Jammu & Kashmir,2025,928.4386004942896,DIRECT,IND-001102,1.0
IND-001021,Anantnag,Jammu And Kashmir,1951,2818.674535,LINEAGE_BACKFILL,IND-000382|IND-000532|IND-000534|IND-000536,0.3258
IND-001021,Anantnag,Jammu And Kashmir,1961,2818.674747,LINEAGE_BACKFILL,IND-000382|IND-000532|IND-000534|IND-000536,0.4655
IND-001021,Anantnag,Jammu And Kashmir,1971,2818.675907,LINEAGE_BACKFILL,IND-000382|IND-000532|IND-000534|IND-000536,0.49
IND-001021,Anantnag,Jammu And Kashmir,1981,2818.702387,LINEAGE_BACKFILL,IND-000382|IND-000532|IND-000534|IND-000536,0.7
IND-001021,Anantnag,Jammu And Kashmir,1991,2819.620704,LINEAGE_BACKFILL,IND-000382|IND-000532|IND-000534|IND-000536,0.7
IND-001021,Anantnag,Jammu And Kashmir,2001,2819.620704,LINEAGE_BACKFILL,IND-000382|IND-000532|IND-000534|IND-000536,0.7
IND-001021,Anantnag,Jammu And Kashmir,2011,2819.656092226423,DIRECT,IND-001021,1.0
IND-001021,Anantnag,Jammu And Kashmir,2021,2761.6929710746417,DIRECT,IND-001021,1.0
IND-001021,Anantnag,Jammu And Kashmir,2025,2729.1849818216137,DIRECT,IND-001021,1.0
IND-001010,Badgam,Jammu And Kashmir,1951,1273.965269,LINEAGE_BACKFILL,IND-000440|IND-000534|IND-000535|IND-000536|IND-000537,0.3258
IND-001010,Badgam,Jammu And Kashmir,1961,1273.965269,LINEAGE_BACKFILL,IND-000440|IND-000534|IND-000535|IND-000536|IND-000537,0.4655
IND-001010,Badgam,Jammu And Kashmir,1971,1273.993211,LINEAGE_BACKFILL,IND-000440|IND-000534|IND-000535|IND-000536|IND-000537,0.49
IND-001010,Badgam,Jammu And Kashmir,1981,1274.016214,LINEAGE_BACKFILL,IND-000440|IND-000534|IND-000535|IND-000536|IND-000537,0.7
IND-001010,Badgam,Jammu And Kashmir,1991,1249.26129,LINEAGE_BACKFILL,IND-000440|IND-000534|IND-000535|IND-000536|IND-000537,0.7
IND-001010,Badgam,Jammu And Kashmir,2001,1249.26129,LINEAGE_BACKFILL,IND-000440|IND-000534|IND-000535|IND-000536|IND-000537,0.7
IND-001010,Badgam,Jammu And Kashmir,2011,1249.5685659055446,DIRECT,IND-001010,1.0
IND-001010,Badgam,Jammu And Kashmir,2021,1315.513216172449,DIRECT,IND-001010,1.0
IND-001010,Badgam,Jammu And Kashmir,2025,1250.5073810847057,DIRECT,IND-001010,1.0
IND-001345,Bandipura,Jammu And Kashmir,1951,3177.318296,LINEAGE_BACKFILL,IND-001009|IND-001015|IND-001016|IND-001098|IND-001103|IND-001313,0.1597
IND-001345,Bandipura,Jammu And Kashmir,1961,3177.320514,LINEAGE_BACKFILL,IND-001009|IND-001015|IND-001016|IND-001098|IND-001103|IND-001313,0.2281
IND-001345,Bandipura,Jammu And Kashmir,1971,3177.344243,LINEAGE_BACKFILL,IND-001009|IND-001015|IND-001016|IND-001098|IND-001103|IND-001313,0.2401
IND-001345,Bandipura,Jammu And Kashmir,1981,4018.92387,LINEAGE_BACKFILL,IND-001009|IND-001015|IND-001016|IND-001098|IND-001103|IND-001313,0.343
IND-001345,Bandipura,Jammu And Kashmir,1991,4022.536719,LINEAGE_BACKFILL,IND-001009|IND-001015|IND-001016|IND-001098|IND-001103|IND-001313,0.343
IND-001345,Bandipura,Jammu And Kashmir,2001,4022.536719,LINEAGE_BACKFILL,IND-001009|IND-001015|IND-001016|IND-001098|IND-001103|IND-001313,0.343
IND-001345,Bandipura,Jammu And Kashmir,2011,4074.332105,LINEAGE_BACKFILL,IND-001009|IND-001015|IND-001016|IND-001098|IND-001103|IND-001313,0.49
IND-001345,Bandipura,Jammu And Kashmir,2021,4045.648363,LINEAGE_BACKFILL,IND-001009|IND-001015|IND-001016|IND-001098|IND-001103|IND-001313,0.7
IND-001345,Bandipura,Jammu And Kashmir,2025,4045.641039278967,DIRECT,IND-001345,1.0
IND-001015,Baramula,Jammu And Kashmir,1951,2107.984615,LINEAGE_BACKFILL,IND-000535|IND-000537|IND-000538,0.3258
IND-001015,Baramula,Jammu And Kashmir,1961,2107.984615,LINEAGE_BACKFILL,IND-000535|IND-000537|IND-000538,0.4655
IND-001015,Baramula,Jammu And Kashmir,1971,2108.00315,LINEAGE_BACKFILL,IND-000535|IND-000537|IND-000538,0.665
IND-001015,Baramula,Jammu And Kashmir,1981,2118.255583,LINEAGE_BACKFILL,IND-000444|IND-000535|IND-000537|IND-000538,0.7
IND-001015,Baramula,Jammu And Kashmir,1991,2118.119783,LINEAGE_BACKFILL,IND-000444|IND-000535|IND-000537|IND-000538,0.7
IND-001015,Baramula,Jammu And Kashmir,2001,2118.119783,LINEAGE_BACKFILL,IND-000444|IND-000535|IND-000537|IND-000538,0.7
IND-001015,Baramula,Jammu And Kashmir,2011,2118.1222372098487,DIRECT,IND-001015,1.0
IND-001015,Baramula,Jammu And Kashmir,2021,2156.4816360584805,DIRECT,IND-001015,1.0
IND-001015,Baramula,Jammu And Kashmir,2025,2063.3577319092165,DIRECT,IND-001015,1.0
IND-001023,Doda,Jammu And Kashmir,1951,2432.729559,LINEAGE_BACKFILL,IND-000382|IND-000383|IND-000574,0.49
IND-001023,Doda,Jammu And Kashmir,1961,2432.730756,LINEAGE_BACKFILL,IND-000382|IND-000383|IND-000574,0.49
IND-001023,Doda,Jammu And Kashmir,1971,2432.730756,LINEAGE_BACKFILL,IND-000382|IND-000383|IND-000574,0.49
IND-001023,Doda,Jammu And Kashmir,1981,2432.730598,LINEAGE_BACKFILL,IND-000382|IND-000383|IND-000574,0.7
IND-001023,Doda,Jammu And Kashmir,1991,2432.730324,LINEAGE_BACKFILL,IND-000382|IND-000383|IND-000574,0.7
IND-001023,Doda,Jammu And Kashmir,2001,2432.730324,LINEAGE_BACKFILL,IND-000382|IND-000383|IND-000574,0.7
IND-001023,Doda,Jammu And Kashmir,2011,2432.7348161746036,DIRECT,IND-001023,1.0
IND-001023,Doda,Jammu And Kashmir,2021,2380.5967058008555,DIRECT,IND-001023,1.0
IND-001023,Doda,Jammu And Kashmir,2025,2409.7829128982976,DIRECT,IND-001023,1.0
IND-001346,Ganderbal,Jammu And Kashmir,1951,1596.179642,LINEAGE_BACKFILL,IND-001012|IND-001016|IND-001019|IND-001021|IND-001098|IND-001099,0.1597
IND-001346,Ganderbal,Jammu And Kashmir,1961,1596.179775,LINEAGE_BACKFILL,IND-001012|IND-001016|IND-001019|IND-001021|IND-001098|IND-001099,0.2281
IND-001346,Ganderbal,Jammu And Kashmir,1971,1596.212413,LINEAGE_BACKFILL,IND-001012|IND-001016|IND-001019|IND-001021|IND-001098|IND-001099,0.2401
IND-001346,Ganderbal,Jammu And Kashmir,1981,1601.526004,LINEAGE_BACKFILL,IND-001012|IND-001016|IND-001019|IND-001021|IND-001098|IND-001099,0.343
IND-001346,Ganderbal,Jammu And Kashmir,1991,1620.805448,LINEAGE_BACKFILL,IND-001012|IND-001016|IND-001019|IND-001021|IND-001098|IND-001099,0.343
IND-001346,Ganderbal,Jammu And Kashmir,2001,1620.805448,LINEAGE_BACKFILL,IND-001012|IND-001016|IND-001019|IND-001021|IND-001098|IND-001099,0.343
IND-001346,Ganderbal,Jammu And Kashmir,2011,1621.058894,LINEAGE_BACKFILL,IND-001012|IND-001016|IND-001019|IND-001021|IND-001098|IND-001099,0.49
IND-001346,Ganderbal,Jammu And Kashmir,2021,1620.796091,LINEAGE_BACKFILL,IND-001012|IND-001016|IND-001019|IND-001021|IND-001098|IND-001099,0.7
IND-001346,Ganderbal,Jammu And Kashmir,2025,1620.888394161393,DIRECT,IND-001346,1.0
IND-001028,Jammu,Jammu And Kashmir,1951,2231.696262,LINEAGE_BACKFILL,IND-000383|IND-000384|IND-000439,0.343
IND-001028,Jammu,Jammu And Kashmir,1961,2231.730902,LINEAGE_BACKFILL,IND-000383|IND-000384|IND-000439,0.49
IND-001028,Jammu,Jammu And Kashmir,1971,2231.731116,LINEAGE_BACKFILL,IND-000383|IND-000384|IND-000439,0.7
IND-001028,Jammu,Jammu And Kashmir,1981,2231.73112,LINEAGE_BACKFILL,IND-000383|IND-000384|IND-000439,0.7
IND-001028,Jammu,Jammu And Kashmir,1991,2231.730588,LINEAGE_BACKFILL,IND-000383|IND-000384|IND-000439,0.7
IND-001028,Jammu,Jammu And Kashmir,2001,2231.730588,LINEAGE_BACKFILL,IND-000383|IND-000384|IND-000439,0.7
IND-001028,Jammu,Jammu And Kashmir,2011,2253.2784025680976,DIRECT,IND-001028,1.0
IND-001028,Jammu,Jammu And Kashmir,2021,2345.332919369751,DIRECT,IND-001028,1.0
IND-001028,Jammu,Jammu And Kashmir,2025,2411.612207415763,DIRECT,IND-001028,1.0
IND-001012,Kargil,Jammu And Kashmir,1951,13864.32462,LINEAGE_BACKFILL,IND-000382|IND-000530|IND-000531|IND-000532|IND-000536|IND-000537|IND-000578,0.3258
IND-001012,Kargil,Jammu And Kashmir,1961,13864.362543,LINEAGE_BACKFILL,IND-000382|IND-000530|IND-000531|IND-000532|IND-000536|IND-000537|IND-000578,0.4655
IND-001012,Kargil,Jammu And Kashmir,1971,13864.364617,LINEAGE_BACKFILL,IND-000382|IND-000530|IND-000531|IND-000532|IND-000536|IND-000537|IND-000578,0.49
IND-001012,Kargil,Jammu And Kashmir,1981,13900.791587,LINEAGE_BACKFILL,IND-000382|IND-000444|IND-000530|IND-000531|IND-000532|IND-000536|IND-000537|IND-000578,0.7
IND-001012,Kargil,Jammu And Kashmir,1991,13902.271625,LINEAGE_BACKFILL,IND-000382|IND-000444|IND-000530|IND-000531|IND-000532|IND-000536|IND-000537|IND-000578,0.7
IND-001012,Kargil,Jammu And Kashmir,2001,13902.271625,LINEAGE_BACKFILL,IND-000382|IND-000444|IND-000530|IND-000531|IND-000532|IND-000536|IND-000537|IND-000578,0.7
IND-001012,Kargil,Jammu And Kashmir,2011,13902.292613566582,DIRECT,IND-001012,1.0
IND-001012,Kargil,Jammu And Kashmir,2021,13845.82092757996,DIRECT,IND-001012,1.0
IND-001012,Kargil,Jammu And Kashmir,2025,14205.233955328253,DIRECT,IND-001012,1.0
IND-000385,Kathua,Jammu And Kashmir,1951,2458.7616,LINEAGE_BACKFILL,IND-000143,0.7
IND-000385,Kathua,Jammu And Kashmir,1961,2458.9154786752542,DIRECT,IND-000385,1.0
IND-000385,Kathua,Jammu And Kashmir,1971,2458.9154786752542,DIRECT,IND-000385,1.0
IND-000385,Kathua,Jammu And Kashmir,1981,2458.9154786752542,DIRECT,IND-000385,1.0
IND-000385,Kathua,Jammu And Kashmir,1991,2458.9355814299306,DIRECT,IND-000385,1.0
IND-000385,Kathua,Jammu And Kashmir,2001,2458.9355814299306,DIRECT,IND-000385,1.0
IND-000385,Kathua,Jammu And Kashmir,2011,2525.08988809443,DIRECT,IND-000385,1.0
IND-000385,Kathua,Jammu And Kashmir,2021,2478.767480820067,DIRECT,IND-000385,1.0
IND-000385,Kathua,Jammu And Kashmir,2025,2501.9235958371373,DIRECT,IND-000385,1.0
IND-001025,Kishtwar,Jammu And Kashmir,1951,7831.507055,LINEAGE_BACKFILL,IND-000382|IND-000531|IND-000574|IND-000578,0.343
IND-001025,Kishtwar,Jammu And Kashmir,1961,7831.511589,LINEAGE_BACKFILL,IND-000382|IND-000531|IND-000574|IND-000578,0.49
IND-001025,Kishtwar,Jammu And Kashmir,1971,7831.511589,LINEAGE_BACKFILL,IND-000382|IND-000531|IND-000574|IND-000578,0.49
IND-001025,Kishtwar,Jammu And Kashmir,1981,7831.51166,LINEAGE_BACKFILL,IND-000382|IND-000531|IND-000574|IND-000578,0.7
IND-001025,Kishtwar,Jammu And Kashmir,1991,7831.51016,LINEAGE_BACKFILL,IND-000382|IND-000531|IND-000574|IND-000578,0.7
IND-001025,Kishtwar,Jammu And Kashmir,2001,7831.51016,LINEAGE_BACKFILL,IND-000382|IND-000531|IND-000574|IND-000578,0.7
IND-001025,Kishtwar,Jammu And Kashmir,2011,7831.507421820365,DIRECT,IND-001025,1.0
IND-001025,Kishtwar,Jammu And Kashmir,2021,8374.100943976218,DIRECT,IND-001025,1.0
IND-001025,Kishtwar,Jammu And Kashmir,2025,8176.501247815934,DIRECT,IND-001025,1.0
IND-001022,Kulgam,Jammu And Kashmir,1951,1165.850003,LINEAGE_BACKFILL,IND-000382|IND-000383|IND-000439|IND-000440|IND-000532|IND-000534,0.343
IND-001022,Kulgam,Jammu And Kashmir,1961,1165.850014,LINEAGE_BACKFILL,IND-000382|IND-000383|IND-000439|IND-000440|IND-000532|IND-000534,0.49
IND-001022,Kulgam,Jammu And Kashmir,1971,1165.850275,LINEAGE_BACKFILL,IND-000382|IND-000383|IND-000439|IND-000440|IND-000532|IND-000534,0.665
IND-001022,Kulgam,Jammu And Kashmir,1981,1165.861471,LINEAGE_BACKFILL,IND-000382|IND-000383|IND-000439|IND-000440|IND-000532|IND-000534,0.7
IND-001022,Kulgam,Jammu And Kashmir,1991,1165.861505,LINEAGE_BACKFILL,IND-000382|IND-000383|IND-000439|IND-000440|IND-000532|IND-000534,0.7
IND-001022,Kulgam,Jammu And Kashmir,2001,1165.861505,LINEAGE_BACKFILL,IND-000382|IND-000383|IND-000439|IND-000440|IND-000532|IND-000534,0.7
IND-001022,Kulgam,Jammu And Kashmir,2011,1165.8537807228763,DIRECT,IND-001022,1.0
IND-001022,Kulgam,Jammu And Kashmir,2021,1175.7190591903686,DIRECT,IND-001022,1.0
IND-001022,Kulgam,Jammu And Kashmir,2025,1265.7237789094982,DIRECT,IND-001022,1.0
IND-001009,Kupwara,Jammu And Kashmir,1951,1915.896517,LINEAGE_BACKFILL,IND-000538,0.3258
IND-001009,Kupwara,Jammu And Kashmir,1961,1915.896517,LINEAGE_BACKFILL,IND-000538,0.4655
IND-001009,Kupwara,Jammu And Kashmir,1971,1915.91328,LINEAGE_BACKFILL,IND-000538,0.665
IND-001009,Kupwara,Jammu And Kashmir,1981,2619.05865,LINEAGE_BACKFILL,IND-000444|IND-000538,0.7
IND-001009,Kupwara,Jammu And Kashmir,1991,2619.05754,LINEAGE_BACKFILL,IND-000444|IND-000538,0.7
IND-001009,Kupwara,Jammu And Kashmir,2001,2619.05754,LINEAGE_BACKFILL,IND-000444|IND-000538,0.7
IND-001009,Kupwara,Jammu And Kashmir,2011,2619.275891693031,DIRECT,IND-001009,1.0
IND-001009,Kupwara,Jammu And Kashmir,2021,2602.6333206152103,DIRECT,IND-001009,1.0
IND-001009,Kupwara,Jammu And Kashmir,2025,2745.5320607925814,DIRECT,IND-001009,1.0
IND-001019,Pulwama,Jammu And Kashmir,1951,897.235262,LINEAGE_BACKFILL,IND-000532|IND-000534|IND-000535|IND-000536,0.3258
IND-001019,Pulwama,Jammu And Kashmir,1961,897.235262,LINEAGE_BACKFILL,IND-000532|IND-000534|IND-000535|IND-000536,0.4655
IND-001019,Pulwama,Jammu And Kashmir,1971,897.236869,LINEAGE_BACKFILL,IND-000532|IND-000534|IND-000535|IND-000536,0.49
IND-001019,Pulwama,Jammu And Kashmir,1981,897.261699,LINEAGE_BACKFILL,IND-000532|IND-000534|IND-000535|IND-000536,0.7
IND-001019,Pulwama,Jammu And Kashmir,1991,896.24627,LINEAGE_BACKFILL,IND-000532|IND-000534|IND-000535|IND-000536,0.7
IND-001019,Pulwama,Jammu And Kashmir,2001,896.24627,LINEAGE_BACKFILL,IND-000532|IND-000534|IND-000535|IND-000536,0.7
IND-001019,Pulwama,Jammu And Kashmir,2011,896.2613830785017,DIRECT,IND-001019,1.0
IND-001019,Pulwama,Jammu And Kashmir,2021,902.4640616160436,DIRECT,IND-001019,1.0
IND-001019,Pulwama,Jammu And Kashmir,2025,897.1049164442727,DIRECT,IND-001019,1.0
IND-001014,Rajouri,Jammu And Kashmir,1951,2597.015724,LINEAGE_BACKFILL,IND-000383|IND-000384|IND-000439|IND-000440,0.343
IND-001014,Rajouri,Jammu And Kashmir,1961,2597.015971,LINEAGE_BACKFILL,IND-000383|IND-000384|IND-000439|IND-000440,0.49
IND-001014,Rajouri,Jammu And Kashmir,1971,2597.026247,LINEAGE_BACKFILL,IND-000383|IND-000384|IND-000439|IND-000440,0.7
IND-001014,Rajouri,Jammu And Kashmir,1981,2783.476146,LINEAGE_BACKFILL,IND-000383|IND-000384|IND-000439|IND-000440|IND-000444,0.7
IND-001014,Rajouri,Jammu And Kashmir,1991,2783.476103,LINEAGE_BACKFILL,IND-000383|IND-000384|IND-000439|IND-000440|IND-000444,0.7
IND-001014,Rajouri,Jammu And Kashmir,2001,2783.476103,LINEAGE_BACKFILL,IND-000383|IND-000384|IND-000439|IND-000440|IND-000444,0.7
IND-001014,Rajouri,Jammu And Kashmir,2011,2783.5064198236596,DIRECT,IND-001014,1.0
IND-001014,Rajouri,Jammu And Kashmir,2021,2687.604420131655,DIRECT,IND-001014,1.0
IND-001014,Rajouri,Jammu And Kashmir,2025,2637.197642099997,DIRECT,IND-001014,1.0
IND-001347,Ramban,Jammu And Kashmir,1951,1291.472245,LINEAGE_BACKFILL,IND-001023|IND-001026|IND-001027|IND-001101,0.1597
IND-001347,Ramban,Jammu And Kashmir,1961,1291.472782,LINEAGE_BACKFILL,IND-001023|IND-001026|IND-001027|IND-001101,0.2281
IND-001347,Ramban,Jammu And Kashmir,1971,1291.472817,LINEAGE_BACKFILL,IND-001023|IND-001026|IND-001027|IND-001101,0.2401
IND-001347,Ramban,Jammu And Kashmir,1981,1291.474062,LINEAGE_BACKFILL,IND-001023|IND-001026|IND-001027|IND-001101,0.343
IND-001347,Ramban,Jammu And Kashmir,1991,1291.486383,LINEAGE_BACKFILL,IND-001023|IND-001026|IND-001027|IND-001101,0.343
IND-001347,Ramban,Jammu And Kashmir,2001,1291.486383,LINEAGE_BACKFILL,IND-001023|IND-001026|IND-001027|IND-001101,0.343
IND-001347,Ramban,Jammu And Kashmir,2011,1291.473823,LINEAGE_BACKFILL,IND-001023|IND-001026|IND-001027|IND-001101,0.49
IND-001347,Ramban,Jammu And Kashmir,2021,1288.605432,LINEAGE_BACKFILL,IND-001023|IND-001026|IND-001027|IND-001101,0.7
IND-001347,Ramban,Jammu And Kashmir,2025,1289.2076296771909,DIRECT,IND-001347,1.0
IND-001348,Riasi,Jammu And Kashmir,1951,1953.449582,LINEAGE_BACKFILL,IND-001014|IND-001022|IND-001026|IND-001027|IND-001028|IND-001101,0.1597
IND-001348,Riasi,Jammu And Kashmir,1961,1953.450039,LINEAGE_BACKFILL,IND-001014|IND-001022|IND-001026|IND-001027|IND-001028|IND-001101,0.2281
IND-001348,Riasi,Jammu And Kashmir,1971,1953.450373,LINEAGE_BACKFILL,IND-001014|IND-001022|IND-001026|IND-001027|IND-001028|IND-001101,0.2401
IND-001348,Riasi,Jammu And Kashmir,1981,1954.067054,LINEAGE_BACKFILL,IND-001014|IND-001022|IND-001026|IND-001027|IND-001028|IND-001101,0.343
IND-001348,Riasi,Jammu And Kashmir,1991,1954.061717,LINEAGE_BACKFILL,IND-001014|IND-001022|IND-001026|IND-001027|IND-001028|IND-001101,0.343
IND-001348,Riasi,Jammu And Kashmir,2001,1954.061717,LINEAGE_BACKFILL,IND-001014|IND-001022|IND-001026|IND-001027|IND-001028|IND-001101,0.343
IND-001348,Riasi,Jammu And Kashmir,2011,1954.147633,LINEAGE_BACKFILL,IND-001014|IND-001022|IND-001026|IND-001027|IND-001028|IND-001101,0.49
IND-001348,Riasi,Jammu And Kashmir,2021,1933.816339,LINEAGE_BACKFILL,IND-001014|IND-001022|IND-001026|IND-001027|IND-001028|IND-001101,0.7
IND-001348,Riasi,Jammu And Kashmir,2025,1933.8324220823372,DIRECT,IND-001348,1.0
IND-001020,Shupiyan,Jammu And Kashmir,1951,492.378822,LINEAGE_BACKFILL,IND-000532|IND-000534|IND-000535,0.3258
IND-001020,Shupiyan,Jammu And Kashmir,1961,492.378822,LINEAGE_BACKFILL,IND-000532|IND-000534|IND-000535,0.4655
IND-001020,Shupiyan,Jammu And Kashmir,1971,492.379417,LINEAGE_BACKFILL,IND-000532|IND-000534|IND-000535,0.49
IND-001020,Shupiyan,Jammu And Kashmir,1981,492.392117,LINEAGE_BACKFILL,IND-000532|IND-000534|IND-000535,0.7
IND-001020,Shupiyan,Jammu And Kashmir,1991,491.817442,LINEAGE_BACKFILL,IND-000532|IND-000534|IND-000535,0.7
IND-001020,Shupiyan,Jammu And Kashmir,2001,491.817442,LINEAGE_BACKFILL,IND-000532|IND-000534|IND-000535,0.7
IND-001020,Shupiyan,Jammu And Kashmir,2011,492.0062570369624,DIRECT,IND-001020,1.0
IND-001020,Shupiyan,Jammu And Kashmir,2021,508.00137955113934,DIRECT,IND-001020,1.0
IND-001020,Shupiyan,Jammu And Kashmir,2025,505.9368079451003,DIRECT,IND-001020,1.0
IND-001349,Srinagar,Jammu And Kashmir,1951,279.034404,LINEAGE_BACKFILL,IND-001010|IND-001015|IND-001016|IND-001019|IND-001098|IND-001099,0.1597
IND-001349,Srinagar,Jammu And Kashmir,1961,279.03441,LINEAGE_BACKFILL,IND-001010|IND-001015|IND-001016|IND-001019|IND-001098|IND-001099,0.2281
IND-001349,Srinagar,Jammu And Kashmir,1971,279.040284,LINEAGE_BACKFILL,IND-001010|IND-001015|IND-001016|IND-001019|IND-001098|IND-001099,0.2401
IND-001349,Srinagar,Jammu And Kashmir,1981,279.353117,LINEAGE_BACKFILL,IND-001010|IND-001015|IND-001016|IND-001019|IND-001098|IND-001099,0.343
IND-001349,Srinagar,Jammu And Kashmir,1991,278.876427,LINEAGE_BACKFILL,IND-001010|IND-001015|IND-001016|IND-001019|IND-001098|IND-001099,0.343
IND-001349,Srinagar,Jammu And Kashmir,2001,278.876427,LINEAGE_BACKFILL,IND-001010|IND-001015|IND-001016|IND-001019|IND-001098|IND-001099,0.343
IND-001349,Srinagar,Jammu And Kashmir,2011,279.027203,LINEAGE_BACKFILL,IND-001010|IND-001015|IND-001016|IND-001019|IND-001098|IND-001099,0.49
IND-001349,Srinagar,Jammu And Kashmir,2021,281.779531,LINEAGE_BACKFILL,IND-001010|IND-001015|IND-001016|IND-001019|IND-001098|IND-001099,0.7
IND-001349,Srinagar,Jammu And Kashmir,2025,281.80444395038023,DIRECT,IND-001349,1.0
IND-001026,Udhampur,Jammu And Kashmir,1951,2389.641927,LINEAGE_BACKFILL,IND-000382|IND-000383|IND-000384|IND-000385,0.49
IND-001026,Udhampur,Jammu And Kashmir,1961,2389.643054,LINEAGE_BACKFILL,IND-000382|IND-000383|IND-000384|IND-000385,0.7
IND-001026,Udhampur,Jammu And Kashmir,1971,2389.643054,LINEAGE_BACKFILL,IND-000382|IND-000383|IND-000384|IND-000385,0.7
IND-001026,Udhampur,Jammu And Kashmir,1981,2389.643046,LINEAGE_BACKFILL,IND-000382|IND-000383|IND-000384|IND-000385,0.7
IND-001026,Udhampur,Jammu And Kashmir,1991,2389.636251,LINEAGE_BACKFILL,IND-000382|IND-000383|IND-000384|IND-000385,0.7
IND-001026,Udhampur,Jammu And Kashmir,2001,2389.636251,LINEAGE_BACKFILL,IND-000382|IND-000383|IND-000384|IND-000385,0.7
IND-001026,Udhampur,Jammu And Kashmir,2011,2389.621459495069,DIRECT,IND-001026,1.0
IND-001026,Udhampur,Jammu And Kashmir,2021,2234.494123009271,DIRECT,IND-001026,1.0
IND-001026,Udhampur,Jammu And Kashmir,2025,2281.427299952081,DIRECT,IND-001026,1.0
IND-000819,Bokaro,Jharkhand,1951,2723.4173,LINEAGE_BACKFILL,IND-000122|IND-000563,0.595
IND-000819,Bokaro,Jharkhand,1961,2723.4173,LINEAGE_BACKFILL,IND-000122|IND-000563,0.595
IND-000819,Bokaro,Jharkhand,1971,2723.4173,LINEAGE_BACKFILL,IND-000122|IND-000563,0.595
IND-000819,Bokaro,Jharkhand,1981,2723.439151,LINEAGE_BACKFILL,IND-000122|IND-000563,0.7
IND-000819,Bokaro,Jharkhand,1991,2865.757648,LINEAGE_BACKFILL,IND-000122|IND-000563,0.7
IND-000819,Bokaro,Jharkhand,2001,2865.9355338888045,DIRECT,IND-000819,1.0
IND-000819,Bokaro,Jharkhand,2011,2888.4587175339134,DIRECT,IND-000819,1.0
IND-000819,Bokaro,Jharkhand,2021,2886.2639741181806,DIRECT,IND-000819,1.0
IND-000819,Bokaro,Jharkhand,2025,2880.02832061521,DIRECT,IND-000819,1.0
IND-000812,Chatra,Jharkhand,1951,3783.967141,LINEAGE_BACKFILL,IND-000564,0.8075
IND-000812,Chatra,Jharkhand,1961,3783.967141,LINEAGE_BACKFILL,IND-000564,0.8075
IND-000812,Chatra,Jharkhand,1971,3783.967141,LINEAGE_BACKFILL,IND-000564,0.8075
IND-000812,Chatra,Jharkhand,1981,3784.030294,LINEAGE_BACKFILL,IND-000564,0.95
IND-000812,Chatra,Jharkhand,1991,3784.024303,LINEAGE_BACKFILL,IND-000564,0.95
IND-000812,Chatra,Jharkhand,2001,3784.1655567055273,DIRECT,IND-000812,1.0
IND-000812,Chatra,Jharkhand,2011,3837.2118640744343,DIRECT,IND-000812,1.0
IND-000812,Chatra,Jharkhand,2021,3722.605901919814,DIRECT,IND-000812,1.0
IND-000812,Chatra,Jharkhand,2025,3805.727070572031,DIRECT,IND-000812,1.0
IND-000818,Dhanbad,Jharkhand,1951,2034.607127,LINEAGE_BACKFILL,IND-000122,0.95
IND-000818,Dhanbad,Jharkhand,1961,2034.607127,LINEAGE_BACKFILL,IND-000122,0.95
IND-000818,Dhanbad,Jharkhand,1971,2034.607127,LINEAGE_BACKFILL,IND-000122,0.95
IND-000818,Dhanbad,Jharkhand,1981,2034.607324,LINEAGE_BACKFILL,IND-000122,0.95
IND-000818,Dhanbad,Jharkhand,1991,2034.605367,LINEAGE_BACKFILL,IND-000122,0.95
IND-000818,Dhanbad,Jharkhand,2001,2034.8300290431575,DIRECT,IND-000818,1.0
IND-000818,Dhanbad,Jharkhand,2011,2038.9917589251893,DIRECT,IND-000818,1.0
IND-000818,Dhanbad,Jharkhand,2021,2041.0130686552343,DIRECT,IND-000818,1.0
IND-000818,Dhanbad,Jharkhand,2025,2037.8198210492233,DIRECT,IND-000818,1.0
IND-001001,Dumka,Jharkhand,1951,3780.73187,LINEAGE_BACKFILL,IND-000303|IND-000612|IND-000614|IND-000628|IND-000767|IND-000817,0.4655
IND-001001,Dumka,Jharkhand,1961,3780.73187,LINEAGE_BACKFILL,IND-000303|IND-000612|IND-000614|IND-000628|IND-000767|IND-000817,0.4655
IND-001001,Dumka,Jharkhand,1971,3780.73187,LINEAGE_BACKFILL,IND-000303|IND-000612|IND-000614|IND-000628|IND-000767|IND-000817,0.4655
IND-001001,Dumka,Jharkhand,1981,3780.731846,LINEAGE_BACKFILL,IND-000303|IND-000612|IND-000614|IND-000628|IND-000767|IND-000817,0.4655
IND-001001,Dumka,Jharkhand,1991,3780.821988,LINEAGE_BACKFILL,IND-000303|IND-000612|IND-000614|IND-000628|IND-000767|IND-000817,0.665
IND-001001,Dumka,Jharkhand,2001,3780.822498,LINEAGE_BACKFILL,IND-000303|IND-000612|IND-000614|IND-000628|IND-000767|IND-000817,0.7
IND-001001,Dumka,Jharkhand,2011,3780.809573083055,DIRECT,IND-001001,1.0
IND-001001,Dumka,Jharkhand,2021,3765.519480660416,DIRECT,IND-001001,1.0
IND-001001,Dumka,Jharkhand,2025,3760.2550245935927,DIRECT,IND-001001,1.0
IND-000810,Garhwa,Jharkhand,1951,4073.921006,LINEAGE_BACKFILL,IND-000123,0.7
IND-000810,Garhwa,Jharkhand,1961,4073.921006,LINEAGE_BACKFILL,IND-000123,0.7
IND-000810,Garhwa,Jharkhand,1971,4073.921006,LINEAGE_BACKFILL,IND-000123,0.7
IND-000810,Garhwa,Jharkhand,1981,4073.930188,LINEAGE_BACKFILL,IND-000123,0.7
IND-000810,Garhwa,Jharkhand,1991,4073.92842,LINEAGE_BACKFILL,IND-000123,0.7
IND-000810,Garhwa,Jharkhand,2001,4073.943456458861,DIRECT,IND-000810,1.0
IND-000810,Garhwa,Jharkhand,2011,4084.660608886141,DIRECT,IND-000810,1.0
IND-000810,Garhwa,Jharkhand,2021,4085.009620530472,DIRECT,IND-000810,1.0
IND-000810,Garhwa,Jharkhand,2025,4101.71395019621,DIRECT,IND-000810,1.0
IND-000815,Giridih,Jharkhand,1951,4595.098197,LINEAGE_BACKFILL,IND-000563,0.595
IND-000815,Giridih,Jharkhand,1961,4595.098197,LINEAGE_BACKFILL,IND-000563,0.595
IND-000815,Giridih,Jharkhand,1971,4595.098197,LINEAGE_BACKFILL,IND-000563,0.595
IND-000815,Giridih,Jharkhand,1981,4595.154608,LINEAGE_BACKFILL,IND-000563,0.7
IND-000815,Giridih,Jharkhand,1991,4964.11842,LINEAGE_BACKFILL,IND-000563,0.7
IND-000815,Giridih,Jharkhand,2001,4964.160890708859,DIRECT,IND-000815,1.0
IND-000815,Giridih,Jharkhand,2011,4993.8312653817775,DIRECT,IND-000815,1.0
IND-000815,Giridih,Jharkhand,2021,4967.547826326216,DIRECT,IND-000815,1.0
IND-000815,Giridih,Jharkhand,2025,4963.9862397514935,DIRECT,IND-000815,1.0
IND-001005,Gumla,Jharkhand,1951,4951.079463,LINEAGE_BACKFILL,IND-000615|IND-000619|IND-000625|IND-000811|IND-000849,0.49
IND-001005,Gumla,Jharkhand,1961,4951.079463,LINEAGE_BACKFILL,IND-000615|IND-000619|IND-000625|IND-000811|IND-000849,0.49
IND-001005,Gumla,Jharkhand,1971,4951.079463,LINEAGE_BACKFILL,IND-000615|IND-000619|IND-000625|IND-000811|IND-000849,0.49
IND-001005,Gumla,Jharkhand,1981,4951.078441,LINEAGE_BACKFILL,IND-000615|IND-000619|IND-000625|IND-000811|IND-000849,0.49
IND-001005,Gumla,Jharkhand,1991,4951.236254,LINEAGE_BACKFILL,IND-000615|IND-000619|IND-000625|IND-000811|IND-000849,0.49
IND-001005,Gumla,Jharkhand,2001,5266.942642,LINEAGE_BACKFILL,IND-000615|IND-000619|IND-000625|IND-000811|IND-000849,0.7
IND-001005,Gumla,Jharkhand,2011,5266.933821473346,DIRECT,IND-001005,1.0
IND-001005,Gumla,Jharkhand,2021,5357.100463502407,DIRECT,IND-001005,1.0
IND-001005,Gumla,Jharkhand,2025,5359.935859982456,DIRECT,IND-001005,1.0
IND-000999,Hazaribagh,Jharkhand,1951,4290.632548,LINEAGE_BACKFILL,IND-000613|IND-000625|IND-000812|IND-000813|IND-000814|IND-000815|IND-000819,0.4165
IND-000999,Hazaribagh,Jharkhand,1961,4290.632548,LINEAGE_BACKFILL,IND-000613|IND-000625|IND-000812|IND-000813|IND-000814|IND-000815|IND-000819,0.4165
IND-000999,Hazaribagh,Jharkhand,1971,4290.632548,LINEAGE_BACKFILL,IND-000613|IND-000625|IND-000812|IND-000813|IND-000814|IND-000815|IND-000819,0.4165
IND-000999,Hazaribagh,Jharkhand,1981,4290.704071,LINEAGE_BACKFILL,IND-000613|IND-000625|IND-000812|IND-000813|IND-000814|IND-000815|IND-000819,0.49
IND-000999,Hazaribagh,Jharkhand,1991,4291.303132,LINEAGE_BACKFILL,IND-000613|IND-000625|IND-000812|IND-000813|IND-000814|IND-000815|IND-000819,0.49
IND-000999,Hazaribagh,Jharkhand,2001,4291.435704,LINEAGE_BACKFILL,IND-000613|IND-000625|IND-000812|IND-000813|IND-000814|IND-000815|IND-000819,0.7
IND-000999,Hazaribagh,Jharkhand,2011,4291.408556556065,DIRECT,IND-000999,1.0
IND-000999,Hazaribagh,Jharkhand,2021,4396.337881828605,DIRECT,IND-000999,1.0
IND-000999,Hazaribagh,Jharkhand,2025,4337.747379753721,DIRECT,IND-000999,1.0
IND-001002,Jamtara,Jharkhand,1951,1860.782124,LINEAGE_BACKFILL,IND-000302|IND-000303|IND-000612|IND-000628|IND-000815|IND-000818,0.4165
IND-001002,Jamtara,Jharkhand,1961,1860.782124,LINEAGE_BACKFILL,IND-000302|IND-000303|IND-000612|IND-000628|IND-000815|IND-000818,0.4165
IND-001002,Jamtara,Jharkhand,1971,1860.782124,LINEAGE_BACKFILL,IND-000302|IND-000303|IND-000612|IND-000628|IND-000815|IND-000818,0.4165
IND-001002,Jamtara,Jharkhand,1981,1860.782318,LINEAGE_BACKFILL,IND-000302|IND-000303|IND-000612|IND-000628|IND-000815|IND-000818,0.49
IND-001002,Jamtara,Jharkhand,1991,1862.165373,LINEAGE_BACKFILL,IND-000302|IND-000303|IND-000612|IND-000628|IND-000815|IND-000818,0.49
IND-001002,Jamtara,Jharkhand,2001,1862.165891,LINEAGE_BACKFILL,IND-000302|IND-000303|IND-000612|IND-000628|IND-000815|IND-000818,0.7
IND-001002,Jamtara,Jharkhand,2011,1862.126701906132,DIRECT,IND-001002,1.0
IND-001002,Jamtara,Jharkhand,2021,1815.094561278693,DIRECT,IND-001002,1.0
IND-001002,Jamtara,Jharkhand,2025,1807.9163657209692,DIRECT,IND-001002,1.0
IND-001004,Khunti,Jharkhand,1951,2676.350464,LINEAGE_BACKFILL,IND-000615|IND-000622|IND-000625,0.343
IND-001004,Khunti,Jharkhand,1961,2676.350498,LINEAGE_BACKFILL,IND-000615|IND-000622|IND-000625,0.49
IND-001004,Khunti,Jharkhand,1971,2676.350498,LINEAGE_BACKFILL,IND-000615|IND-000622|IND-000625,0.49
IND-001004,Khunti,Jharkhand,1981,2676.349956,LINEAGE_BACKFILL,IND-000615|IND-000622|IND-000625,0.49
IND-001004,Khunti,Jharkhand,1991,2676.392604,LINEAGE_BACKFILL,IND-000615|IND-000622|IND-000625,0.7
IND-001004,Khunti,Jharkhand,2001,2677.678291,LINEAGE_BACKFILL,IND-000615|IND-000622|IND-000625,0.7
IND-001004,Khunti,Jharkhand,2011,2677.698873038364,DIRECT,IND-001004,1.0
IND-001004,Khunti,Jharkhand,2021,2628.5154663245976,DIRECT,IND-001004,1.0
IND-001004,Khunti,Jharkhand,2025,2635.809066340031,DIRECT,IND-001004,1.0
IND-000995,Kodarma,Jharkhand,1951,1633.878577,LINEAGE_BACKFILL,IND-000547|IND-000613|IND-000813|IND-000814|IND-000815,0.4165
IND-000995,Kodarma,Jharkhand,1961,1633.878577,LINEAGE_BACKFILL,IND-000547|IND-000613|IND-000813|IND-000814|IND-000815,0.4165
IND-000995,Kodarma,Jharkhand,1971,1633.878577,LINEAGE_BACKFILL,IND-000547|IND-000613|IND-000813|IND-000814|IND-000815,0.4165
IND-000995,Kodarma,Jharkhand,1981,1633.906048,LINEAGE_BACKFILL,IND-000547|IND-000613|IND-000813|IND-000814|IND-000815,0.49
IND-000995,Kodarma,Jharkhand,1991,1634.143247,LINEAGE_BACKFILL,IND-000547|IND-000613|IND-000813|IND-000814|IND-000815,0.49
IND-000995,Kodarma,Jharkhand,2001,1634.256297,LINEAGE_BACKFILL,IND-000547|IND-000613|IND-000813|IND-000814|IND-000815,0.7
IND-000995,Kodarma,Jharkhand,2011,1634.2822815298523,DIRECT,IND-000995,1.0
IND-000995,Kodarma,Jharkhand,2021,1646.9303616511406,DIRECT,IND-000995,1.0
IND-000995,Kodarma,Jharkhand,2025,1638.493631995976,DIRECT,IND-000995,1.0
IND-000998,Latehar,Jharkhand,1951,4143.826713,LINEAGE_BACKFILL,IND-000615|IND-000619|IND-000625|IND-000811|IND-000812|IND-000848,0.5652
IND-000998,Latehar,Jharkhand,1961,4143.826713,LINEAGE_BACKFILL,IND-000615|IND-000619|IND-000625|IND-000811|IND-000812|IND-000848,0.5652
IND-000998,Latehar,Jharkhand,1971,4143.826713,LINEAGE_BACKFILL,IND-000615|IND-000619|IND-000625|IND-000811|IND-000812|IND-000848,0.5652
IND-000998,Latehar,Jharkhand,1981,4143.836073,LINEAGE_BACKFILL,IND-000615|IND-000619|IND-000625|IND-000811|IND-000812|IND-000848,0.595
IND-000998,Latehar,Jharkhand,1991,4143.835081,LINEAGE_BACKFILL,IND-000615|IND-000619|IND-000625|IND-000811|IND-000812|IND-000848,0.665
IND-000998,Latehar,Jharkhand,2001,4144.090768,LINEAGE_BACKFILL,IND-000615|IND-000619|IND-000625|IND-000811|IND-000812|IND-000848,0.7
IND-000998,Latehar,Jharkhand,2011,4144.23289929674,DIRECT,IND-000998,1.0
IND-000998,Latehar,Jharkhand,2021,4288.5046371946255,DIRECT,IND-000998,1.0
IND-000998,Latehar,Jharkhand,2025,4243.067763053201,DIRECT,IND-000998,1.0
IND-000817,Pakaur,Jharkhand,1951,1803.027516,LINEAGE_BACKFILL,IND-000627,0.665
IND-000817,Pakaur,Jharkhand,1961,1803.027516,LINEAGE_BACKFILL,IND-000627,0.665
IND-000817,Pakaur,Jharkhand,1971,1803.027516,LINEAGE_BACKFILL,IND-000627,0.665
IND-000817,Pakaur,Jharkhand,1981,1803.027505,LINEAGE_BACKFILL,IND-000627,0.665
IND-000817,Pakaur,Jharkhand,1991,1803.085668,LINEAGE_BACKFILL,IND-000627,0.95
IND-000817,Pakaur,Jharkhand,2001,1803.1577412669683,DIRECT,IND-000817,1.0
IND-000817,Pakaur,Jharkhand,2011,1898.2719656377867,DIRECT,IND-000817,1.0
IND-000817,Pakaur,Jharkhand,2021,1813.5730963990673,DIRECT,IND-000817,1.0
IND-000817,Pakaur,Jharkhand,2025,1800.719198329192,DIRECT,IND-000817,1.0
IND-000997,Palamu,Jharkhand,1951,4453.334241,LINEAGE_BACKFILL,IND-000545|IND-000613|IND-000774|IND-000810|IND-000811|IND-000812,0.49
IND-000997,Palamu,Jharkhand,1961,4453.334241,LINEAGE_BACKFILL,IND-000545|IND-000613|IND-000774|IND-000810|IND-000811|IND-000812,0.49
IND-000997,Palamu,Jharkhand,1971,4453.334241,LINEAGE_BACKFILL,IND-000545|IND-000613|IND-000774|IND-000810|IND-000811|IND-000812,0.49
IND-000997,Palamu,Jharkhand,1981,4453.344787,LINEAGE_BACKFILL,IND-000545|IND-000613|IND-000774|IND-000810|IND-000811|IND-000812,0.49
IND-000997,Palamu,Jharkhand,1991,4453.343047,LINEAGE_BACKFILL,IND-000545|IND-000613|IND-000774|IND-000810|IND-000811|IND-000812,0.49
IND-000997,Palamu,Jharkhand,2001,4453.454844,LINEAGE_BACKFILL,IND-000545|IND-000613|IND-000774|IND-000810|IND-000811|IND-000812,0.7
IND-000997,Palamu,Jharkhand,2011,4453.439477144903,DIRECT,IND-000997,1.0
IND-000997,Palamu,Jharkhand,2021,4391.47247860038,DIRECT,IND-000997,1.0
IND-000997,Palamu,Jharkhand,2025,4419.580183623751,DIRECT,IND-000997,1.0
IND-001007,Pashchimi Singhbhum,Jharkhand,1951,7172.108114,LINEAGE_BACKFILL,IND-000232|IND-000234|IND-000235|IND-000615|IND-000622|IND-000625,0.343
IND-001007,Pashchimi Singhbhum,Jharkhand,1961,7172.125179,LINEAGE_BACKFILL,IND-000232|IND-000234|IND-000235|IND-000615|IND-000622|IND-000625,0.49
IND-001007,Pashchimi Singhbhum,Jharkhand,1971,7172.125179,LINEAGE_BACKFILL,IND-000232|IND-000234|IND-000235|IND-000615|IND-000622|IND-000625,0.49
IND-001007,Pashchimi Singhbhum,Jharkhand,1981,7172.146964,LINEAGE_BACKFILL,IND-000232|IND-000234|IND-000235|IND-000615|IND-000622|IND-000625,0.49
IND-001007,Pashchimi Singhbhum,Jharkhand,1991,7172.273057,LINEAGE_BACKFILL,IND-000232|IND-000234|IND-000235|IND-000615|IND-000622|IND-000625,0.7
IND-001007,Pashchimi Singhbhum,Jharkhand,2001,7172.482891,LINEAGE_BACKFILL,IND-000232|IND-000234|IND-000235|IND-000615|IND-000622|IND-000625,0.7
IND-001007,Pashchimi Singhbhum,Jharkhand,2011,7172.389569264162,DIRECT,IND-001007,1.0
IND-001007,Pashchimi Singhbhum,Jharkhand,2021,7228.293082050749,DIRECT,IND-001007,1.0
IND-001007,Pashchimi Singhbhum,Jharkhand,2025,7223.647754782749,DIRECT,IND-001007,1.0
IND-001000,Ramgarh,Jharkhand,1951,1333.301841,LINEAGE_BACKFILL,IND-000625|IND-000813|IND-000819,0.4165
IND-001000,Ramgarh,Jharkhand,1961,1333.301841,LINEAGE_BACKFILL,IND-000625|IND-000813|IND-000819,0.4165
IND-001000,Ramgarh,Jharkhand,1971,1333.301841,LINEAGE_BACKFILL,IND-000625|IND-000813|IND-000819,0.4165
IND-001000,Ramgarh,Jharkhand,1981,1333.323755,LINEAGE_BACKFILL,IND-000625|IND-000813|IND-000819,0.49
IND-001000,Ramgarh,Jharkhand,1991,1334.408442,LINEAGE_BACKFILL,IND-000625|IND-000813|IND-000819,0.49
IND-001000,Ramgarh,Jharkhand,2001,1334.449919,LINEAGE_BACKFILL,IND-000625|IND-000813|IND-000819,0.7
IND-001000,Ramgarh,Jharkhand,2011,1334.5467363172345,DIRECT,IND-001000,1.0
IND-001000,Ramgarh,Jharkhand,2021,1394.9319899810034,DIRECT,IND-001000,1.0
IND-001000,Ramgarh,Jharkhand,2025,1393.6466584591717,DIRECT,IND-001000,1.0
IND-001003,Ranchi,Jharkhand,1951,5063.668293,LINEAGE_BACKFILL,IND-000364|IND-000615|IND-000619|IND-000622|IND-000625|IND-000811|IND-000812|IND-000813,0.343
IND-001003,Ranchi,Jharkhand,1961,5063.668462,LINEAGE_BACKFILL,IND-000364|IND-000615|IND-000619|IND-000622|IND-000625|IND-000811|IND-000812|IND-000813,0.4165
IND-001003,Ranchi,Jharkhand,1971,5063.668462,LINEAGE_BACKFILL,IND-000364|IND-000615|IND-000619|IND-000622|IND-000625|IND-000811|IND-000812|IND-000813,0.4165
IND-001003,Ranchi,Jharkhand,1981,5063.66863,LINEAGE_BACKFILL,IND-000364|IND-000615|IND-000619|IND-000622|IND-000625|IND-000811|IND-000812|IND-000813,0.49
IND-001003,Ranchi,Jharkhand,1991,5063.748049,LINEAGE_BACKFILL,IND-000364|IND-000615|IND-000619|IND-000622|IND-000625|IND-000811|IND-000812|IND-000813,0.49
IND-001003,Ranchi,Jharkhand,2001,5064.269111,LINEAGE_BACKFILL,IND-000364|IND-000615|IND-000619|IND-000622|IND-000625|IND-000811|IND-000812|IND-000813,0.7
IND-001003,Ranchi,Jharkhand,2011,5064.336143277872,DIRECT,IND-001003,1.0
IND-001003,Ranchi,Jharkhand,2021,5007.842171782506,DIRECT,IND-001003,1.0
IND-001003,Ranchi,Jharkhand,2025,4985.908426777596,DIRECT,IND-001003,1.0
IND-001214,Sahibganj,Jharkhand,1951,2184.321267,LINEAGE_BACKFILL,IND-000311|IND-000313|IND-000561|IND-000614|IND-000817|IND-000996,0.3258
IND-001214,Sahibganj,Jharkhand,1961,2183.670098,LINEAGE_BACKFILL,IND-000311|IND-000313|IND-000561|IND-000614|IND-000817|IND-000996,0.3258
IND-001214,Sahibganj,Jharkhand,1971,2183.670098,LINEAGE_BACKFILL,IND-000311|IND-000313|IND-000561|IND-000614|IND-000817|IND-000996,0.3258
IND-001214,Sahibganj,Jharkhand,1981,2183.670512,LINEAGE_BACKFILL,IND-000311|IND-000313|IND-000561|IND-000614|IND-000817|IND-000996,0.3258
IND-001214,Sahibganj,Jharkhand,1991,2183.73594,LINEAGE_BACKFILL,IND-000311|IND-000313|IND-000561|IND-000614|IND-000817|IND-000996,0.4655
IND-001214,Sahibganj,Jharkhand,2001,2183.754346,LINEAGE_BACKFILL,IND-000311|IND-000313|IND-000561|IND-000614|IND-000817|IND-000996,0.49
IND-001214,Sahibganj,Jharkhand,2011,2192.012997,LINEAGE_BACKFILL,IND-000311|IND-000313|IND-000561|IND-000614|IND-000817|IND-000996,0.7
IND-001214,Sahibganj,Jharkhand,2021,2192.2558896485893,DIRECT,IND-001214,1.0
IND-001214,Sahibganj,Jharkhand,2025,2191.2297371522154,DIRECT,IND-001214,1.0
IND-001008,Saraikela-Kharsawan,Jharkhand,1951,2632.603466,LINEAGE_BACKFILL,IND-000364|IND-000622|IND-000623|IND-000625,0.343
IND-001008,Saraikela-Kharsawan,Jharkhand,1961,2632.609833,LINEAGE_BACKFILL,IND-000364|IND-000622|IND-000623|IND-000625,0.49
IND-001008,Saraikela-Kharsawan,Jharkhand,1971,2632.609833,LINEAGE_BACKFILL,IND-000364|IND-000622|IND-000623|IND-000625,0.49
IND-001008,Saraikela-Kharsawan,Jharkhand,1981,2632.617841,LINEAGE_BACKFILL,IND-000364|IND-000622|IND-000623|IND-000625,0.49
IND-001008,Saraikela-Kharsawan,Jharkhand,1991,2632.664232,LINEAGE_BACKFILL,IND-000364|IND-000622|IND-000623|IND-000625,0.7
IND-001008,Saraikela-Kharsawan,Jharkhand,2001,2632.664232,LINEAGE_BACKFILL,IND-000364|IND-000622|IND-000623|IND-000625,0.7
IND-001008,Saraikela-Kharsawan,Jharkhand,2011,2632.8853770971605,DIRECT,IND-001008,1.0
IND-001008,Saraikela-Kharsawan,Jharkhand,2021,2659.951233326612,DIRECT,IND-001008,1.0
IND-001008,Saraikela-Kharsawan,Jharkhand,2025,2659.221155981089,DIRECT,IND-001008,1.0
IND-001006,Simdega,Jharkhand,1951,3550.178144,LINEAGE_BACKFILL,IND-000235|IND-000615|IND-000625|IND-000849,0.595
IND-001006,Simdega,Jharkhand,1961,3550.178144,LINEAGE_BACKFILL,IND-000235|IND-000615|IND-000625|IND-000849,0.595
IND-001006,Simdega,Jharkhand,1971,3550.178144,LINEAGE_BACKFILL,IND-000235|IND-000615|IND-000625|IND-000849,0.595
IND-001006,Simdega,Jharkhand,1981,3550.177303,LINEAGE_BACKFILL,IND-000235|IND-000615|IND-000625|IND-000849,0.595
IND-001006,Simdega,Jharkhand,1991,3550.290283,LINEAGE_BACKFILL,IND-000235|IND-000615|IND-000625|IND-000849,0.665
IND-001006,Simdega,Jharkhand,2001,3776.889886,LINEAGE_BACKFILL,IND-000235|IND-000615|IND-000625|IND-000849,0.7
IND-001006,Simdega,Jharkhand,2011,3776.8880391396497,DIRECT,IND-001006,1.0
IND-001006,Simdega,Jharkhand,2021,3768.1210414458474,DIRECT,IND-001006,1.0
IND-001006,Simdega,Jharkhand,2025,3778.104521214029,DIRECT,IND-001006,1.0
IND-000907,Bagalkot,Karnataka,1951,6584.985756,LINEAGE_BACKFILL,IND-000168,0.95
IND-000907,Bagalkot,Karnataka,1961,6584.985756,LINEAGE_BACKFILL,IND-000168,0.95
IND-000907,Bagalkot,Karnataka,1971,6584.985756,LINEAGE_BACKFILL,IND-000168,0.95
IND-000907,Bagalkot,Karnataka,1981,6585.011448,LINEAGE_BACKFILL,IND-000168,0.95
IND-000907,Bagalkot,Karnataka,1991,6585.005786,LINEAGE_BACKFILL,IND-000168,0.95
IND-000907,Bagalkot,Karnataka,2001,6585.251999009194,DIRECT,IND-000907,1.0
IND-000907,Bagalkot,Karnataka,2011,6524.225454417778,DIRECT,IND-000907,1.0
IND-000907,Bagalkot,Karnataka,2021,6552.003034804976,DIRECT,IND-000907,1.0
IND-000907,Bagalkot,Karnataka,2025,6553.000800904185,DIRECT,IND-000907,1.0
IND-000655,Bangalore,Karnataka,1951,2172.347386,LINEAGE_BACKFILL,IND-000050,0.95
IND-000655,Bangalore,Karnataka,1961,2172.347386,LINEAGE_BACKFILL,IND-000050,0.95
IND-000655,Bangalore,Karnataka,1971,2172.347386,LINEAGE_BACKFILL,IND-000050,0.95
IND-000655,Bangalore,Karnataka,1981,2172.348016,LINEAGE_BACKFILL,IND-000050,0.95
IND-000655,Bangalore,Karnataka,1991,2172.38608700789,DIRECT,IND-000655,1.0
IND-000655,Bangalore,Karnataka,2001,2172.38608700789,DIRECT,IND-000655,1.0
IND-000655,Bangalore,Karnataka,2011,2191.41697262067,DIRECT,IND-000655,1.0
IND-000655,Bangalore,Karnataka,2021,2196.125213305392,DIRECT,IND-000655,1.0
IND-000655,Bangalore,Karnataka,2025,2196.1895782923384,DIRECT,IND-000655,1.0
IND-001083,Bangalore Rural,Karnataka,1951,2271.336893,LINEAGE_BACKFILL,IND-000058|IND-000334|IND-000655|IND-000656,0.49
IND-001083,Bangalore Rural,Karnataka,1961,2271.33715,LINEAGE_BACKFILL,IND-000058|IND-000334|IND-000655|IND-000656,0.49
IND-001083,Bangalore Rural,Karnataka,1971,2271.33715,LINEAGE_BACKFILL,IND-000058|IND-000334|IND-000655|IND-000656,0.49
IND-001083,Bangalore Rural,Karnataka,1981,2271.337798,LINEAGE_BACKFILL,IND-000058|IND-000334|IND-000655|IND-000656,0.49
IND-001083,Bangalore Rural,Karnataka,1991,2271.373491,LINEAGE_BACKFILL,IND-000058|IND-000334|IND-000655|IND-000656,0.7
IND-001083,Bangalore Rural,Karnataka,2001,2271.373491,LINEAGE_BACKFILL,IND-000058|IND-000334|IND-000655|IND-000656,0.7
IND-001083,Bangalore Rural,Karnataka,2011,2271.340791225243,DIRECT,IND-001083,1.0
IND-001083,Bangalore Rural,Karnataka,2021,2298.2394483835797,DIRECT,IND-001083,1.0
IND-001083,Bangalore Rural,Karnataka,2025,2298.2352967017127,DIRECT,IND-001083,1.0
IND-000914,Bellary,Karnataka,1951,8472.173793,LINEAGE_BACKFILL,IND-000336,0.49
IND-000914,Bellary,Karnataka,1961,8472.268011,LINEAGE_BACKFILL,IND-000336,0.7
IND-000914,Bellary,Karnataka,1971,8472.268011,LINEAGE_BACKFILL,IND-000336,0.7
IND-000914,Bellary,Karnataka,1981,8472.261428,LINEAGE_BACKFILL,IND-000336,0.7
IND-000914,Bellary,Karnataka,1991,8472.260467,LINEAGE_BACKFILL,IND-000336,0.7
IND-000914,Bellary,Karnataka,2001,8472.32191022951,DIRECT,IND-000914,1.0
IND-000914,Bellary,Karnataka,2011,8451.82554986986,DIRECT,IND-000914,1.0
IND-000914,Bellary,Karnataka,2021,8462.681141099141,DIRECT,IND-000914,1.0
IND-000914,Bellary,Karnataka,2025,8462.942104383696,DIRECT,IND-000914,1.0
IND-000340,Bidar,Karnataka,1951,5452.685218,LINEAGE_BACKFILL,IND-000005,0.7
IND-000340,Bidar,Karnataka,1961,5452.793421384329,DIRECT,IND-000340,1.0
IND-000340,Bidar,Karnataka,1971,5452.793421384329,DIRECT,IND-000340,1.0
IND-000340,Bidar,Karnataka,1981,5452.793637959377,DIRECT,IND-000340,1.0
IND-000340,Bidar,Karnataka,1991,5452.789957231174,DIRECT,IND-000340,1.0
IND-000340,Bidar,Karnataka,2001,5452.789957231174,DIRECT,IND-000340,1.0
IND-000340,Bidar,Karnataka,2011,5436.559789741733,DIRECT,IND-000340,1.0
IND-000340,Bidar,Karnataka,2021,5444.172688649741,DIRECT,IND-000340,1.0
IND-000340,Bidar,Karnataka,2025,5448.652929494092,DIRECT,IND-000340,1.0
IND-000908,Bijapur,Karnataka,1951,10495.688983,LINEAGE_BACKFILL,IND-000168,0.95
IND-000908,Bijapur,Karnataka,1961,10495.688983,LINEAGE_BACKFILL,IND-000168,0.95
IND-000908,Bijapur,Karnataka,1971,10495.688983,LINEAGE_BACKFILL,IND-000168,0.95
IND-000908,Bijapur,Karnataka,1981,10495.729933,LINEAGE_BACKFILL,IND-000168,0.95
IND-000908,Bijapur,Karnataka,1991,10495.720908,LINEAGE_BACKFILL,IND-000168,0.95
IND-000908,Bijapur,Karnataka,2001,10495.741529199904,DIRECT,IND-000908,1.0
IND-000908,Bijapur,Karnataka,2011,10510.567014936143,DIRECT,IND-000908,1.0
IND-000908,Bijapur,Karnataka,2021,10494.98186022052,DIRECT,IND-000908,1.0
IND-000908,Bijapur,Karnataka,2025,10495.28430843539,DIRECT,IND-000908,1.0
IND-000921,Chamarajanagar,Karnataka,1951,5662.780342,LINEAGE_BACKFILL,IND-000337,0.665
IND-000921,Chamarajanagar,Karnataka,1961,5662.858169,LINEAGE_BACKFILL,IND-000337,0.95
IND-000921,Chamarajanagar,Karnataka,1971,5662.858169,LINEAGE_BACKFILL,IND-000337,0.95
IND-000921,Chamarajanagar,Karnataka,1981,5662.858636,LINEAGE_BACKFILL,IND-000337,0.95
IND-000921,Chamarajanagar,Karnataka,1991,5662.837885,LINEAGE_BACKFILL,IND-000337,0.95
IND-000921,Chamarajanagar,Karnataka,2001,5662.850825170579,DIRECT,IND-000921,1.0
IND-000921,Chamarajanagar,Karnataka,2011,5648.397877402765,DIRECT,IND-000921,1.0
IND-000921,Chamarajanagar,Karnataka,2021,5647.1118003681795,DIRECT,IND-000921,1.0
IND-000921,Chamarajanagar,Karnataka,2025,5647.727690183602,DIRECT,IND-000921,1.0
IND-000054,Chickmaglur,Karnataka,1951,7156.72490359251,DIRECT,IND-000054,1.0
IND-000054,Chickmaglur,Karnataka,1961,7156.72490359251,DIRECT,IND-000054,1.0
IND-000054,Chickmaglur,Karnataka,1971,7156.72490359251,DIRECT,IND-000054,1.0
IND-000054,Chickmaglur,Karnataka,1981,7156.724993388994,DIRECT,IND-000054,1.0
IND-000054,Chickmaglur,Karnataka,1991,7156.772530158427,DIRECT,IND-000054,1.0
IND-000054,Chickmaglur,Karnataka,2001,7156.772530158427,DIRECT,IND-000054,1.0
IND-000054,Chickmaglur,Karnataka,2011,7191.568244723901,DIRECT,IND-000054,1.0
IND-000054,Chickmaglur,Karnataka,2021,7203.228049155422,DIRECT,IND-000054,1.0
IND-000054,Chickmaglur,Karnataka,2025,7203.007107366046,DIRECT,IND-000054,1.0
IND-001082,Chikkaballapura,Karnataka,1951,4354.844283,LINEAGE_BACKFILL,IND-000058|IND-000203|IND-000322|IND-000334|IND-000656,0.49
IND-001082,Chikkaballapura,Karnataka,1961,4354.478191,LINEAGE_BACKFILL,IND-000058|IND-000203|IND-000322|IND-000334|IND-000656,0.49
IND-001082,Chikkaballapura,Karnataka,1971,4354.478191,LINEAGE_BACKFILL,IND-000058|IND-000203|IND-000322|IND-000334|IND-000656,0.49
IND-001082,Chikkaballapura,Karnataka,1981,4354.478234,LINEAGE_BACKFILL,IND-000058|IND-000203|IND-000322|IND-000334|IND-000656,0.49
IND-001082,Chikkaballapura,Karnataka,1991,4354.495198,LINEAGE_BACKFILL,IND-000058|IND-000203|IND-000322|IND-000334|IND-000656,0.7
IND-001082,Chikkaballapura,Karnataka,2001,4354.495198,LINEAGE_BACKFILL,IND-000058|IND-000203|IND-000322|IND-000334|IND-000656,0.7
IND-001082,Chikkaballapura,Karnataka,2011,4354.469074294818,DIRECT,IND-001082,1.0
IND-001082,Chikkaballapura,Karnataka,2021,4242.751830148454,DIRECT,IND-001082,1.0
IND-001082,Chikkaballapura,Karnataka,2025,4243.184526938496,DIRECT,IND-001082,1.0
IND-000915,Chitradurga,Karnataka,1951,8433.806735,LINEAGE_BACKFILL,IND-000335,0.665
IND-000915,Chitradurga,Karnataka,1961,8433.950891,LINEAGE_BACKFILL,IND-000335,0.95
IND-000915,Chitradurga,Karnataka,1971,8433.950891,LINEAGE_BACKFILL,IND-000335,0.95
IND-000915,Chitradurga,Karnataka,1981,8433.984974,LINEAGE_BACKFILL,IND-000335,0.95
IND-000915,Chitradurga,Karnataka,1991,8433.962304,LINEAGE_BACKFILL,IND-000335,0.95
IND-000915,Chitradurga,Karnataka,2001,8433.987372996748,DIRECT,IND-000915,1.0
IND-000915,Chitradurga,Karnataka,2011,8478.348531423304,DIRECT,IND-000915,1.0
IND-000915,Chitradurga,Karnataka,2021,8436.222799056135,DIRECT,IND-000915,1.0
IND-000915,Chitradurga,Karnataka,2025,8436.074571538482,DIRECT,IND-000915,1.0
IND-000919,Dakshina Kannada,Karnataka,1951,4776.372289,LINEAGE_BACKFILL,IND-000338,0.49
IND-000919,Dakshina Kannada,Karnataka,1961,4776.49663,LINEAGE_BACKFILL,IND-000338,0.7
IND-000919,Dakshina Kannada,Karnataka,1971,4776.49663,LINEAGE_BACKFILL,IND-000338,0.7
IND-000919,Dakshina Kannada,Karnataka,1981,4776.494527,LINEAGE_BACKFILL,IND-000338,0.7
IND-000919,Dakshina Kannada,Karnataka,1991,4776.46762,LINEAGE_BACKFILL,IND-000338,0.7
IND-000919,Dakshina Kannada,Karnataka,2001,4776.6930917658365,DIRECT,IND-000919,1.0
IND-000919,Dakshina Kannada,Karnataka,2011,4843.879872318903,DIRECT,IND-000919,1.0
IND-000919,Dakshina Kannada,Karnataka,2021,4864.461511703089,DIRECT,IND-000919,1.0
IND-000919,Dakshina Kannada,Karnataka,2025,4858.452008937279,DIRECT,IND-000919,1.0
IND-000916,Davanagere,Karnataka,1951,6014.917775,LINEAGE_BACKFILL,IND-000055|IND-000335|IND-000336,0.49
IND-000916,Davanagere,Karnataka,1961,6014.975762,LINEAGE_BACKFILL,IND-000055|IND-000335|IND-000336,0.7
IND-000916,Davanagere,Karnataka,1971,6014.975762,LINEAGE_BACKFILL,IND-000055|IND-000335|IND-000336,0.7
IND-000916,Davanagere,Karnataka,1981,6014.978554,LINEAGE_BACKFILL,IND-000055|IND-000335|IND-000336,0.7
IND-000916,Davanagere,Karnataka,1991,6014.977183,LINEAGE_BACKFILL,IND-000055|IND-000335|IND-000336,0.7
IND-000916,Davanagere,Karnataka,2001,6015.117095848846,DIRECT,IND-000916,1.0
IND-000916,Davanagere,Karnataka,2011,5905.438031893141,DIRECT,IND-000916,1.0
IND-000916,Davanagere,Karnataka,2021,5923.6939798972835,DIRECT,IND-000916,1.0
IND-000916,Davanagere,Karnataka,2025,5923.6281591854195,DIRECT,IND-000916,1.0
IND-000912,Dharwad,Karnataka,1951,4262.340713,LINEAGE_BACKFILL,IND-000169,0.7
IND-000912,Dharwad,Karnataka,1961,4262.340713,LINEAGE_BACKFILL,IND-000169,0.7
IND-000912,Dharwad,Karnataka,1971,4262.340713,LINEAGE_BACKFILL,IND-000169,0.7
IND-000912,Dharwad,Karnataka,1981,4262.326262,LINEAGE_BACKFILL,IND-000169,0.7
IND-000912,Dharwad,Karnataka,1991,4262.3401,LINEAGE_BACKFILL,IND-000169,0.7
IND-000912,Dharwad,Karnataka,2001,4262.43986019723,DIRECT,IND-000912,1.0
IND-000912,Dharwad,Karnataka,2011,4218.71532492786,DIRECT,IND-000912,1.0
IND-000912,Dharwad,Karnataka,2021,4258.754451003127,DIRECT,IND-000912,1.0
IND-000912,Dharwad,Karnataka,2025,4258.65056633204,DIRECT,IND-000912,1.0
IND-000911,Gadag,Karnataka,1951,4647.075817,LINEAGE_BACKFILL,IND-000169,0.7
IND-000911,Gadag,Karnataka,1961,4647.075817,LINEAGE_BACKFILL,IND-000169,0.7
IND-000911,Gadag,Karnataka,1971,4647.075817,LINEAGE_BACKFILL,IND-000169,0.7
IND-000911,Gadag,Karnataka,1981,4647.060062,LINEAGE_BACKFILL,IND-000169,0.7
IND-000911,Gadag,Karnataka,1991,4647.075149,LINEAGE_BACKFILL,IND-000169,0.7
IND-000911,Gadag,Karnataka,2001,4647.244596649061,DIRECT,IND-000911,1.0
IND-000911,Gadag,Karnataka,2011,4635.446438858574,DIRECT,IND-000911,1.0
IND-000911,Gadag,Karnataka,2021,4657.1718125659045,DIRECT,IND-000911,1.0
IND-000911,Gadag,Karnataka,2025,4657.512298611514,DIRECT,IND-000911,1.0
IND-001079,Gulbarga,Karnataka,1951,11091.168771,LINEAGE_BACKFILL,IND-000164|IND-000327|IND-000328|IND-000329|IND-000339|IND-000340|IND-000652|IND-000908,0.4655
IND-001079,Gulbarga,Karnataka,1961,11091.262303,LINEAGE_BACKFILL,IND-000164|IND-000327|IND-000328|IND-000329|IND-000339|IND-000340|IND-000652|IND-000908,0.665
IND-001079,Gulbarga,Karnataka,1971,11091.262303,LINEAGE_BACKFILL,IND-000164|IND-000327|IND-000328|IND-000329|IND-000339|IND-000340|IND-000652|IND-000908,0.665
IND-001079,Gulbarga,Karnataka,1981,11090.564814,LINEAGE_BACKFILL,IND-000164|IND-000327|IND-000328|IND-000329|IND-000339|IND-000340|IND-000652|IND-000908,0.665
IND-001079,Gulbarga,Karnataka,1991,11090.553992,LINEAGE_BACKFILL,IND-000164|IND-000327|IND-000328|IND-000329|IND-000339|IND-000340|IND-000652|IND-000908,0.665
IND-001079,Gulbarga,Karnataka,2001,11089.597486,LINEAGE_BACKFILL,IND-000164|IND-000327|IND-000328|IND-000329|IND-000339|IND-000340|IND-000652|IND-000908,0.7
IND-001079,Gulbarga,Karnataka,2011,11089.60456855162,DIRECT,IND-001079,1.0
IND-001079,Gulbarga,Karnataka,2021,10953.014759120304,DIRECT,IND-001079,1.0
IND-001079,Gulbarga,Karnataka,2025,10955.987022857908,DIRECT,IND-001079,1.0
IND-000053,Hassan,Karnataka,1951,6781.235660291838,DIRECT,IND-000053,1.0
IND-000053,Hassan,Karnataka,1961,6781.235660291838,DIRECT,IND-000053,1.0
IND-000053,Hassan,Karnataka,1971,6781.235660291838,DIRECT,IND-000053,1.0
IND-000053,Hassan,Karnataka,1981,6781.23821046704,DIRECT,IND-000053,1.0
IND-000053,Hassan,Karnataka,1991,6781.261033803268,DIRECT,IND-000053,1.0
IND-000053,Hassan,Karnataka,2001,6781.261033803268,DIRECT,IND-000053,1.0
IND-000053,Hassan,Karnataka,2011,6844.567310435964,DIRECT,IND-000053,1.0
IND-000053,Hassan,Karnataka,2021,6813.447237827808,DIRECT,IND-000053,1.0
IND-000053,Hassan,Karnataka,2025,6813.601017632333,DIRECT,IND-000053,1.0
IND-000913,Haveri,Karnataka,1951,4812.066576,LINEAGE_BACKFILL,IND-000169,0.7
IND-000913,Haveri,Karnataka,1961,4812.066576,LINEAGE_BACKFILL,IND-000169,0.7
IND-000913,Haveri,Karnataka,1971,4812.066576,LINEAGE_BACKFILL,IND-000169,0.7
IND-000913,Haveri,Karnataka,1981,4812.050261,LINEAGE_BACKFILL,IND-000169,0.7
IND-000913,Haveri,Karnataka,1991,4812.065883,LINEAGE_BACKFILL,IND-000169,0.7
IND-000913,Haveri,Karnataka,2001,4812.279323328407,DIRECT,IND-000913,1.0
IND-000913,Haveri,Karnataka,2011,4859.21060848306,DIRECT,IND-000913,1.0
IND-000913,Haveri,Karnataka,2021,4823.235838069241,DIRECT,IND-000913,1.0
IND-000913,Haveri,Karnataka,2025,4823.086939248265,DIRECT,IND-000913,1.0
IND-001081,Kolar,Karnataka,1951,3901.419495,LINEAGE_BACKFILL,IND-000058|IND-000203|IND-000417|IND-000656,0.49
IND-001081,Kolar,Karnataka,1961,3900.113739,LINEAGE_BACKFILL,IND-000058|IND-000203|IND-000417|IND-000656,0.49
IND-001081,Kolar,Karnataka,1971,3900.113902,LINEAGE_BACKFILL,IND-000058|IND-000203|IND-000417|IND-000656,0.49
IND-001081,Kolar,Karnataka,1981,3900.113937,LINEAGE_BACKFILL,IND-000058|IND-000203|IND-000417|IND-000656,0.49
IND-001081,Kolar,Karnataka,1991,3900.128939,LINEAGE_BACKFILL,IND-000058|IND-000203|IND-000417|IND-000656,0.7
IND-001081,Kolar,Karnataka,2001,3900.128939,LINEAGE_BACKFILL,IND-000058|IND-000203|IND-000417|IND-000656,0.7
IND-001081,Kolar,Karnataka,2011,3900.110410173862,DIRECT,IND-001081,1.0
IND-001081,Kolar,Karnataka,2021,3978.685062996211,DIRECT,IND-001081,1.0
IND-001081,Kolar,Karnataka,2025,3979.110150681284,DIRECT,IND-001081,1.0
IND-000910,Koppal,Karnataka,1951,5571.57407,LINEAGE_BACKFILL,IND-000341,0.665
IND-000910,Koppal,Karnataka,1961,5571.614489,LINEAGE_BACKFILL,IND-000341,0.95
IND-000910,Koppal,Karnataka,1971,5571.614489,LINEAGE_BACKFILL,IND-000341,0.95
IND-000910,Koppal,Karnataka,1981,5571.614337,LINEAGE_BACKFILL,IND-000341,0.95
IND-000910,Koppal,Karnataka,1991,5571.617206,LINEAGE_BACKFILL,IND-000341,0.95
IND-000910,Koppal,Karnataka,2001,5571.663346105022,DIRECT,IND-000910,1.0
IND-000910,Koppal,Karnataka,2011,5575.024223484533,DIRECT,IND-000910,1.0
IND-000910,Koppal,Karnataka,2021,5570.149746804712,DIRECT,IND-000910,1.0
IND-000910,Koppal,Karnataka,2025,5569.676949982396,DIRECT,IND-000910,1.0
IND-000052,Mandya,Karnataka,1951,4939.688842382431,DIRECT,IND-000052,1.0
IND-000052,Mandya,Karnataka,1961,4939.688842382431,DIRECT,IND-000052,1.0
IND-000052,Mandya,Karnataka,1971,4939.688842382431,DIRECT,IND-000052,1.0
IND-000052,Mandya,Karnataka,1981,4939.690634693471,DIRECT,IND-000052,1.0
IND-000052,Mandya,Karnataka,1991,4939.6840406252295,DIRECT,IND-000052,1.0
IND-000052,Mandya,Karnataka,2001,4939.6840406252295,DIRECT,IND-000052,1.0
IND-000052,Mandya,Karnataka,2011,4946.515229171824,DIRECT,IND-000052,1.0
IND-000052,Mandya,Karnataka,2021,4962.766150332222,DIRECT,IND-000052,1.0
IND-000052,Mandya,Karnataka,2025,4962.629925729571,DIRECT,IND-000052,1.0
IND-000920,Mysore,Karnataka,1951,6291.252528,LINEAGE_BACKFILL,IND-000337,0.665
IND-000920,Mysore,Karnataka,1961,6291.338992,LINEAGE_BACKFILL,IND-000337,0.95
IND-000920,Mysore,Karnataka,1971,6291.338992,LINEAGE_BACKFILL,IND-000337,0.95
IND-000920,Mysore,Karnataka,1981,6291.339512,LINEAGE_BACKFILL,IND-000337,0.95
IND-000920,Mysore,Karnataka,1991,6291.316458,LINEAGE_BACKFILL,IND-000337,0.95
IND-000920,Mysore,Karnataka,2001,6291.4040680519565,DIRECT,IND-000920,1.0
IND-000920,Mysore,Karnataka,2011,6353.014164837073,DIRECT,IND-000920,1.0
IND-000920,Mysore,Karnataka,2021,6306.970140869426,DIRECT,IND-000920,1.0
IND-000920,Mysore,Karnataka,2025,6308.196666608118,DIRECT,IND-000920,1.0
IND-000909,Raichur,Karnataka,1951,8452.22595,LINEAGE_BACKFILL,IND-000341,0.665
IND-000909,Raichur,Karnataka,1961,8452.287265,LINEAGE_BACKFILL,IND-000341,0.95
IND-000909,Raichur,Karnataka,1971,8452.287265,LINEAGE_BACKFILL,IND-000341,0.95
IND-000909,Raichur,Karnataka,1981,8452.287035,LINEAGE_BACKFILL,IND-000341,0.95
IND-000909,Raichur,Karnataka,1991,8452.291387,LINEAGE_BACKFILL,IND-000341,0.95
IND-000909,Raichur,Karnataka,2001,8452.331918201526,DIRECT,IND-000909,1.0
IND-000909,Raichur,Karnataka,2011,8461.764480767957,DIRECT,IND-000909,1.0
IND-000909,Raichur,Karnataka,2021,8442.510701785246,DIRECT,IND-000909,1.0
IND-000909,Raichur,Karnataka,2025,8442.726386444347,DIRECT,IND-000909,1.0
IND-001084,Ramanagara,Karnataka,1951,3510.347782,LINEAGE_BACKFILL,IND-000052|IND-000334|IND-000417|IND-000655|IND-000656,0.49
IND-001084,Ramanagara,Karnataka,1961,3510.348198,LINEAGE_BACKFILL,IND-000052|IND-000334|IND-000417|IND-000655|IND-000656,0.49
IND-001084,Ramanagara,Karnataka,1971,3510.348602,LINEAGE_BACKFILL,IND-000052|IND-000334|IND-000417|IND-000655|IND-000656,0.49
IND-001084,Ramanagara,Karnataka,1981,3510.349606,LINEAGE_BACKFILL,IND-000052|IND-000334|IND-000417|IND-000655|IND-000656,0.49
IND-001084,Ramanagara,Karnataka,1991,3510.404444,LINEAGE_BACKFILL,IND-000052|IND-000334|IND-000417|IND-000655|IND-000656,0.7
IND-001084,Ramanagara,Karnataka,2001,3510.404444,LINEAGE_BACKFILL,IND-000052|IND-000334|IND-000417|IND-000655|IND-000656,0.7
IND-001084,Ramanagara,Karnataka,2011,3510.551090275548,DIRECT,IND-001084,1.0
IND-001084,Ramanagara,Karnataka,2021,3513.1341170771384,DIRECT,IND-001084,1.0
IND-001084,Ramanagara,Karnataka,2025,3513.0187751834856,DIRECT,IND-001084,1.0
IND-000917,Shimoga,Karnataka,1951,8502.902781,LINEAGE_BACKFILL,IND-000055,0.7
IND-000917,Shimoga,Karnataka,1961,8502.902781,LINEAGE_BACKFILL,IND-000055,0.7
IND-000917,Shimoga,Karnataka,1971,8502.902781,LINEAGE_BACKFILL,IND-000055,0.7
IND-000917,Shimoga,Karnataka,1981,8502.878611,LINEAGE_BACKFILL,IND-000055,0.7
IND-000917,Shimoga,Karnataka,1991,8502.900263,LINEAGE_BACKFILL,IND-000055,0.7
IND-000917,Shimoga,Karnataka,2001,8503.021895463544,DIRECT,IND-000917,1.0
IND-000917,Shimoga,Karnataka,2011,8491.482113348704,DIRECT,IND-000917,1.0
IND-000917,Shimoga,Karnataka,2021,8477.904076993256,DIRECT,IND-000917,1.0
IND-000917,Shimoga,Karnataka,2025,8477.914104574495,DIRECT,IND-000917,1.0
IND-000334,Tumkur,Karnataka,1951,10611.348587,LINEAGE_BACKFILL,IND-000056|IND-000057,0.7
IND-000334,Tumkur,Karnataka,1961,10611.686934179832,DIRECT,IND-000334,1.0
IND-000334,Tumkur,Karnataka,1971,10611.686934179832,DIRECT,IND-000334,1.0
IND-000334,Tumkur,Karnataka,1981,10611.682749148236,DIRECT,IND-000334,1.0
IND-000334,Tumkur,Karnataka,1991,10611.726179751096,DIRECT,IND-000334,1.0
IND-000334,Tumkur,Karnataka,2001,10611.726179751096,DIRECT,IND-000334,1.0
IND-000334,Tumkur,Karnataka,2011,10576.822445303456,DIRECT,IND-000334,1.0
IND-000334,Tumkur,Karnataka,2021,10597.829264591415,DIRECT,IND-000334,1.0
IND-000334,Tumkur,Karnataka,2025,10598.719035304051,DIRECT,IND-000334,1.0
IND-000918,Udupi,Karnataka,1951,3639.000452,LINEAGE_BACKFILL,IND-000338,0.49
IND-000918,Udupi,Karnataka,1961,3639.095184,LINEAGE_BACKFILL,IND-000338,0.7
IND-000918,Udupi,Karnataka,1971,3639.095184,LINEAGE_BACKFILL,IND-000338,0.7
IND-000918,Udupi,Karnataka,1981,3639.093582,LINEAGE_BACKFILL,IND-000338,0.7
IND-000918,Udupi,Karnataka,1991,3639.073083,LINEAGE_BACKFILL,IND-000338,0.7
IND-000918,Udupi,Karnataka,2001,3639.100223343075,DIRECT,IND-000918,1.0
IND-000918,Udupi,Karnataka,2011,3584.952117418074,DIRECT,IND-000918,1.0
IND-000918,Udupi,Karnataka,2021,3577.1298313441616,DIRECT,IND-000918,1.0
IND-000918,Udupi,Karnataka,2025,3582.2392256751787,DIRECT,IND-000918,1.0
IND-001080,Yadgir,Karnataka,1951,5334.927402,LINEAGE_BACKFILL,IND-000327|IND-000339|IND-000908|IND-000909,0.4655
IND-001080,Yadgir,Karnataka,1961,5334.972479,LINEAGE_BACKFILL,IND-000327|IND-000339|IND-000908|IND-000909,0.665
IND-001080,Yadgir,Karnataka,1971,5334.972479,LINEAGE_BACKFILL,IND-000327|IND-000339|IND-000908|IND-000909,0.665
IND-001080,Yadgir,Karnataka,1981,5334.975588,LINEAGE_BACKFILL,IND-000327|IND-000339|IND-000908|IND-000909,0.665
IND-001080,Yadgir,Karnataka,1991,5334.969721,LINEAGE_BACKFILL,IND-000327|IND-000339|IND-000908|IND-000909,0.665
IND-001080,Yadgir,Karnataka,2001,5334.969798,LINEAGE_BACKFILL,IND-000327|IND-000339|IND-000908|IND-000909,0.7
IND-001080,Yadgir,Karnataka,2011,5334.94789238664,DIRECT,IND-001080,1.0
IND-001080,Yadgir,Karnataka,2021,5274.0449949883005,DIRECT,IND-001080,1.0
IND-001080,Yadgir,Karnataka,2025,5273.916588006881,DIRECT,IND-001080,1.0
IND-000452,Alappuzha,Kerala,1951,1417.576161,LINEAGE_BACKFILL,IND-000393,0.49
IND-000452,Alappuzha,Kerala,1961,1417.711046,LINEAGE_BACKFILL,IND-000393,0.7
IND-000452,Alappuzha,Kerala,1971,1417.711046,LINEAGE_BACKFILL,IND-000393,0.7
IND-000452,Alappuzha,Kerala,1981,1417.8172970192677,DIRECT,IND-000452,1.0
IND-000452,Alappuzha,Kerala,1991,1417.812003447979,DIRECT,IND-000452,1.0
IND-000452,Alappuzha,Kerala,2001,1417.812003447979,DIRECT,IND-000452,1.0
IND-000452,Alappuzha,Kerala,2011,1418.2150466473825,DIRECT,IND-000452,1.0
IND-000452,Alappuzha,Kerala,2021,1417.312514313146,DIRECT,IND-000452,1.0
IND-000452,Alappuzha,Kerala,2025,1420.2366156042503,DIRECT,IND-000452,1.0
IND-000660,Ernakulam,Kerala,1951,3064.513488,LINEAGE_BACKFILL,IND-000448|IND-000449,0.343
IND-000660,Ernakulam,Kerala,1961,3064.512204,LINEAGE_BACKFILL,IND-000448|IND-000449,0.49
IND-000660,Ernakulam,Kerala,1971,3064.512204,LINEAGE_BACKFILL,IND-000448|IND-000449,0.49
IND-000660,Ernakulam,Kerala,1981,3064.562567,LINEAGE_BACKFILL,IND-000448|IND-000449,0.7
IND-000660,Ernakulam,Kerala,1991,3064.631085325466,DIRECT,IND-000660,1.0
IND-000660,Ernakulam,Kerala,2001,3064.631085325466,DIRECT,IND-000660,1.0
IND-000660,Ernakulam,Kerala,2011,3080.378770024391,DIRECT,IND-000660,1.0
IND-000660,Ernakulam,Kerala,2021,3054.153403162123,DIRECT,IND-000660,1.0
IND-000660,Ernakulam,Kerala,2025,3060.0098190130134,DIRECT,IND-000660,1.0
IND-000661,Idukki,Kerala,1951,4370.687553,LINEAGE_BACKFILL,IND-000449,0.4655
IND-000661,Idukki,Kerala,1961,4370.710446,LINEAGE_BACKFILL,IND-000449,0.665
IND-000661,Idukki,Kerala,1971,4370.710446,LINEAGE_BACKFILL,IND-000449,0.665
IND-000661,Idukki,Kerala,1981,4370.750143,LINEAGE_BACKFILL,IND-000449,0.95
IND-000661,Idukki,Kerala,1991,4370.805158757406,DIRECT,IND-000661,1.0
IND-000661,Idukki,Kerala,2001,4370.805158757406,DIRECT,IND-000661,1.0
IND-000661,Idukki,Kerala,2011,4339.730897714723,DIRECT,IND-000661,1.0
IND-000661,Idukki,Kerala,2021,4359.198145889204,DIRECT,IND-000661,1.0
IND-000661,Idukki,Kerala,2025,4357.177187684508,DIRECT,IND-000661,1.0
IND-000659,Kannur,Kerala,1951,2957.258159,LINEAGE_BACKFILL,IND-000445,0.6318
IND-000659,Kannur,Kerala,1961,2957.472133,LINEAGE_BACKFILL,IND-000445,0.9025
IND-000659,Kannur,Kerala,1971,2957.472133,LINEAGE_BACKFILL,IND-000445,0.9025
IND-000659,Kannur,Kerala,1981,2957.51985,LINEAGE_BACKFILL,IND-000445,0.95
IND-000659,Kannur,Kerala,1991,2957.5791954669608,DIRECT,IND-000659,1.0
IND-000659,Kannur,Kerala,2001,2956.213095009631,DIRECT,IND-000659,1.0
IND-000659,Kannur,Kerala,2011,2969.985058120822,DIRECT,IND-000659,1.0
IND-000659,Kannur,Kerala,2021,2955.8238511604677,DIRECT,IND-000659,1.0
IND-000659,Kannur,Kerala,2025,2967.054708757523,DIRECT,IND-000659,1.0
IND-000662,Kasaragod,Kerala,1951,2017.086374,LINEAGE_BACKFILL,IND-000445,0.6318
IND-000662,Kasaragod,Kerala,1961,2017.232321,LINEAGE_BACKFILL,IND-000445,0.9025
IND-000662,Kasaragod,Kerala,1971,2017.232321,LINEAGE_BACKFILL,IND-000445,0.9025
IND-000662,Kasaragod,Kerala,1981,2017.264868,LINEAGE_BACKFILL,IND-000445,0.95
IND-000662,Kasaragod,Kerala,1991,2017.453177101139,DIRECT,IND-000662,1.0
IND-000662,Kasaragod,Kerala,2001,2017.453177101139,DIRECT,IND-000662,1.0
IND-000662,Kasaragod,Kerala,2011,1986.7407112886085,DIRECT,IND-000662,1.0
IND-000662,Kasaragod,Kerala,2021,1969.475798713178,DIRECT,IND-000662,1.0
IND-000662,Kasaragod,Kerala,2025,1992.8412475878129,DIRECT,IND-000662,1.0
IND-000664,Kollam,Kerala,1951,2347.406463,LINEAGE_BACKFILL,IND-000394,0.665
IND-000664,Kollam,Kerala,1961,2347.531568,LINEAGE_BACKFILL,IND-000394,0.95
IND-000664,Kollam,Kerala,1971,2347.531568,LINEAGE_BACKFILL,IND-000394,0.95
IND-000664,Kollam,Kerala,1981,2502.951567,LINEAGE_BACKFILL,IND-000394,0.95
IND-000664,Kollam,Kerala,1991,2503.0618201112943,DIRECT,IND-000664,1.0
IND-000664,Kollam,Kerala,2001,2503.0618201112943,DIRECT,IND-000664,1.0
IND-000664,Kollam,Kerala,2011,2484.0942901473995,DIRECT,IND-000664,1.0
IND-000664,Kollam,Kerala,2021,2486.527071798293,DIRECT,IND-000664,1.0
IND-000664,Kollam,Kerala,2025,2483.976361139696,DIRECT,IND-000664,1.0
IND-000451,Kottayam,Kerala,1951,2200.832301,LINEAGE_BACKFILL,IND-000392,0.665
IND-000451,Kottayam,Kerala,1961,2200.847063,LINEAGE_BACKFILL,IND-000392,0.95
IND-000451,Kottayam,Kerala,1971,2200.847063,LINEAGE_BACKFILL,IND-000392,0.95
IND-000451,Kottayam,Kerala,1981,2200.9305041164357,DIRECT,IND-000451,1.0
IND-000451,Kottayam,Kerala,1991,2200.9203836231254,DIRECT,IND-000451,1.0
IND-000451,Kottayam,Kerala,2001,2200.9203836231254,DIRECT,IND-000451,1.0
IND-000451,Kottayam,Kerala,2011,2219.606114185679,DIRECT,IND-000451,1.0
IND-000451,Kottayam,Kerala,2021,2204.506072879139,DIRECT,IND-000451,1.0
IND-000451,Kottayam,Kerala,2025,2205.7667163467886,DIRECT,IND-000451,1.0
IND-000447,Kozhikode,Kerala,1951,2358.350131,LINEAGE_BACKFILL,IND-000441,0.8574
IND-000447,Kozhikode,Kerala,1961,2358.45738,LINEAGE_BACKFILL,IND-000441,0.9025
IND-000447,Kozhikode,Kerala,1971,2358.481748,LINEAGE_BACKFILL,IND-000441,0.95
IND-000447,Kozhikode,Kerala,1981,2358.5685360291704,DIRECT,IND-000447,1.0
IND-000447,Kozhikode,Kerala,1991,2358.55001692113,DIRECT,IND-000447,1.0
IND-000447,Kozhikode,Kerala,2001,2358.55001692113,DIRECT,IND-000447,1.0
IND-000447,Kozhikode,Kerala,2011,2342.4291873671277,DIRECT,IND-000447,1.0
IND-000447,Kozhikode,Kerala,2021,2339.9154808996404,DIRECT,IND-000447,1.0
IND-000447,Kozhikode,Kerala,2025,2348.4302402948897,DIRECT,IND-000447,1.0
IND-000442,Malappuram,Kerala,1951,3546.10244,LINEAGE_BACKFILL,IND-000388|IND-000389,0.49
IND-000442,Malappuram,Kerala,1961,3546.29359,LINEAGE_BACKFILL,IND-000388|IND-000389,0.7
IND-000442,Malappuram,Kerala,1971,3546.7579108764435,DIRECT,IND-000442,1.0
IND-000442,Malappuram,Kerala,1981,3546.7579947839326,DIRECT,IND-000442,1.0
IND-000442,Malappuram,Kerala,1991,3546.7735883761925,DIRECT,IND-000442,1.0
IND-000442,Malappuram,Kerala,2001,3546.7735883761925,DIRECT,IND-000442,1.0
IND-000442,Malappuram,Kerala,2011,3528.8935300455246,DIRECT,IND-000442,1.0
IND-000442,Malappuram,Kerala,2021,3550.204405746293,DIRECT,IND-000442,1.0
IND-000442,Malappuram,Kerala,2025,3554.9070595062585,DIRECT,IND-000442,1.0
IND-000443,Palghat,Kerala,1951,4481.146933,LINEAGE_BACKFILL,IND-000389,0.49
IND-000443,Palghat,Kerala,1961,4481.538765,LINEAGE_BACKFILL,IND-000389,0.7
IND-000443,Palghat,Kerala,1971,4481.660270573924,DIRECT,IND-000443,1.0
IND-000443,Palghat,Kerala,1981,4481.660228875481,DIRECT,IND-000443,1.0
IND-000443,Palghat,Kerala,1991,4481.643479743263,DIRECT,IND-000443,1.0
IND-000443,Palghat,Kerala,2001,4481.643479743263,DIRECT,IND-000443,1.0
IND-000443,Palghat,Kerala,2011,4490.910242508628,DIRECT,IND-000443,1.0
IND-000443,Palghat,Kerala,2021,4479.374733265799,DIRECT,IND-000443,1.0
IND-000443,Palghat,Kerala,2025,4482.74236460885,DIRECT,IND-000443,1.0
IND-000663,Pathanamthitta,Kerala,1951,2476.115439,LINEAGE_BACKFILL,IND-000394,0.665
IND-000663,Pathanamthitta,Kerala,1961,2476.247403,LINEAGE_BACKFILL,IND-000394,0.95
IND-000663,Pathanamthitta,Kerala,1971,2476.247403,LINEAGE_BACKFILL,IND-000394,0.95
IND-000663,Pathanamthitta,Kerala,1981,2640.189126,LINEAGE_BACKFILL,IND-000394,0.95
IND-000663,Pathanamthitta,Kerala,1991,2640.3034789244102,DIRECT,IND-000663,1.0
IND-000663,Pathanamthitta,Kerala,2001,2640.3034789244102,DIRECT,IND-000663,1.0
IND-000663,Pathanamthitta,Kerala,2011,2607.9272362193046,DIRECT,IND-000663,1.0
IND-000663,Pathanamthitta,Kerala,2021,2650.186546745069,DIRECT,IND-000663,1.0
IND-000663,Pathanamthitta,Kerala,2025,2650.920542893687,DIRECT,IND-000663,1.0
IND-000395,Thiruvananthapuram,Kerala,1951,2195.050949,LINEAGE_BACKFILL,IND-000097,0.7
IND-000395,Thiruvananthapuram,Kerala,1961,2195.122435679532,DIRECT,IND-000395,1.0
IND-000395,Thiruvananthapuram,Kerala,1971,2195.122435679532,DIRECT,IND-000395,1.0
IND-000395,Thiruvananthapuram,Kerala,1981,2195.122435679532,DIRECT,IND-000395,1.0
IND-000395,Thiruvananthapuram,Kerala,1991,2195.113348249662,DIRECT,IND-000395,1.0
IND-000395,Thiruvananthapuram,Kerala,2001,2195.113348249662,DIRECT,IND-000395,1.0
IND-000395,Thiruvananthapuram,Kerala,2011,2204.408195732806,DIRECT,IND-000395,1.0
IND-000395,Thiruvananthapuram,Kerala,2021,2183.1319439985737,DIRECT,IND-000395,1.0
IND-000395,Thiruvananthapuram,Kerala,2025,2193.0702791997037,DIRECT,IND-000395,1.0
IND-000390,Thrisur,Kerala,1951,3046.665171,LINEAGE_BACKFILL,IND-000100,0.7
IND-000390,Thrisur,Kerala,1961,3046.881455255696,DIRECT,IND-000390,1.0
IND-000390,Thrisur,Kerala,1971,3046.881455255696,DIRECT,IND-000390,1.0
IND-000390,Thrisur,Kerala,1981,3046.88147278031,DIRECT,IND-000390,1.0
IND-000390,Thrisur,Kerala,1991,3046.870221932983,DIRECT,IND-000390,1.0
IND-000390,Thrisur,Kerala,2001,3046.870221932983,DIRECT,IND-000390,1.0
IND-000390,Thrisur,Kerala,2011,3014.5715007306644,DIRECT,IND-000390,1.0
IND-000390,Thrisur,Kerala,2021,3024.805902782743,DIRECT,IND-000390,1.0
IND-000390,Thrisur,Kerala,2025,3030.844534930014,DIRECT,IND-000390,1.0
IND-000446,Wayanad,Kerala,1951,2124.41402,LINEAGE_BACKFILL,IND-000387|IND-000441,0.49
IND-000446,Wayanad,Kerala,1961,2124.530607,LINEAGE_BACKFILL,IND-000387|IND-000441,0.7
IND-000446,Wayanad,Kerala,1971,2124.544879,LINEAGE_BACKFILL,IND-000387|IND-000441,0.7
IND-000446,Wayanad,Kerala,1981,2124.706066360751,DIRECT,IND-000446,1.0
IND-000446,Wayanad,Kerala,1991,2124.708878055346,DIRECT,IND-000446,1.0
IND-000446,Wayanad,Kerala,2001,2124.708878055346,DIRECT,IND-000446,1.0
IND-000446,Wayanad,Kerala,2011,2138.1644322551833,DIRECT,IND-000446,1.0
IND-000446,Wayanad,Kerala,2021,2135.8778709651187,DIRECT,IND-000446,1.0
IND-000446,Wayanad,Kerala,2025,2131.0596073178,DIRECT,IND-000446,1.0
IND-000129,Kutch,Kutch,1951,43443.49921306482,DIRECT,IND-000129,1.0
IND-000129,Kutch,Kutch,1961,43443.49921306482,DIRECT,IND-000129,1.0
IND-000129,Kutch,Kutch,1971,43443.49921306482,DIRECT,IND-000129,1.0
IND-000129,Kutch,Kutch,1981,43443.47300050626,DIRECT,IND-000129,1.0
IND-000129,Kutch,Kutch,1991,43172.97896751615,DIRECT,IND-000129,1.0
IND-000129,Kutch,Kutch,2001,43172.97896751615,DIRECT,IND-000129,1.0
IND-000129,Kutch,Kutch,2011,42765.69915644373,DIRECT,IND-000129,1.0
IND-000129,Kutch,Kutch,2021,41914.880211215626,DIRECT,IND-000129,1.0
IND-000129,Kutch,Kutch,2025,40697.42941467128,DIRECT,IND-000129,1.0
IND-001313,Leh,Ladakh,1951,76924.037679,LINEAGE_BACKFILL,IND-000578|IND-001011|IND-001012|IND-001016|IND-001097,0.2281
IND-001313,Leh,Ladakh,1961,76924.25076,LINEAGE_BACKFILL,IND-000578|IND-001011|IND-001012|IND-001016|IND-001097,0.3258
IND-001313,Leh,Ladakh,1971,76924.255072,LINEAGE_BACKFILL,IND-000578|IND-001011|IND-001012|IND-001016|IND-001097,0.343
IND-001313,Leh,Ladakh,1981,147270.594818,LINEAGE_BACKFILL,IND-000578|IND-001011|IND-001012|IND-001016|IND-001097,0.49
IND-001313,Leh,Ladakh,1991,147270.67974,LINEAGE_BACKFILL,IND-000578|IND-001011|IND-001012|IND-001016|IND-001097,0.49
IND-001313,Leh,Ladakh,2001,147270.67974,LINEAGE_BACKFILL,IND-000578|IND-001011|IND-001012|IND-001016|IND-001097,0.49
IND-001313,Leh,Ladakh,2011,152727.126579,LINEAGE_BACKFILL,IND-000578|IND-001011|IND-001012|IND-001016|IND-001097,0.7
IND-001313,Leh,Ladakh,2021,154887.8683911875,DIRECT,IND-001313,1.0
IND-001313,Leh,Ladakh,2025,154019.77933590504,DIRECT,IND-001313,1.0
IND-001334,Lakshadweep,Lakshadweep,1951,7.339428,LINEAGE_BACKFILL,IND-001264,0.343
IND-001334,Lakshadweep,Lakshadweep,1961,7.339428,LINEAGE_BACKFILL,IND-001264,0.343
IND-001334,Lakshadweep,Lakshadweep,1971,7.257746,LINEAGE_BACKFILL,IND-001264,0.343
IND-001334,Lakshadweep,Lakshadweep,1981,7.339463,LINEAGE_BACKFILL,IND-001264,0.343
IND-001334,Lakshadweep,Lakshadweep,1991,7.342,LINEAGE_BACKFILL,IND-001264,0.343
IND-001334,Lakshadweep,Lakshadweep,2001,7.342,LINEAGE_BACKFILL,IND-001264,0.343
IND-001334,Lakshadweep,Lakshadweep,2011,21.46898,LINEAGE_BACKFILL,IND-001264,0.49
IND-001334,Lakshadweep,Lakshadweep,2021,22.605016,LINEAGE_BACKFILL,IND-001264,0.7
IND-001334,Lakshadweep,Lakshadweep,2025,29.887820570903298,DIRECT,IND-001334,1.0
IND-000038,Bhilsa,Madhya Bharat,1951,7318.920739056682,DIRECT,IND-000038,1.0
IND-000038,Bhilsa,Madhya Bharat,1961,7318.920739056682,DIRECT,IND-000038,1.0
IND-000038,Bhilsa,Madhya Bharat,1971,7318.920739056682,DIRECT,IND-000038,1.0
IND-000038,Bhilsa,Madhya Bharat,1981,7318.93064496559,DIRECT,IND-000038,1.0
IND-000038,Bhilsa,Madhya Bharat,1991,7318.904047986636,DIRECT,IND-000038,1.0
IND-000038,Bhilsa,Madhya Bharat,2001,7318.904047986636,DIRECT,IND-000038,1.0
IND-000038,Bhilsa,Madhya Bharat,2011,7225.023711575492,DIRECT,IND-000038,1.0
IND-000038,Bhilsa,Madhya Bharat,2021,7301.565215589954,DIRECT,IND-000038,1.0
IND-000038,Bhilsa,Madhya Bharat,2025,7303.583794788982,DIRECT,IND-000038,1.0
IND-000040,Dewas,Madhya Bharat,1951,6985.7363933379265,DIRECT,IND-000040,1.0
IND-000040,Dewas,Madhya Bharat,1961,6985.7363933379265,DIRECT,IND-000040,1.0
IND-000040,Dewas,Madhya Bharat,1971,6985.7363933379265,DIRECT,IND-000040,1.0
IND-000040,Dewas,Madhya Bharat,1981,6985.711878457621,DIRECT,IND-000040,1.0
IND-000040,Dewas,Madhya Bharat,1991,6985.774873782735,DIRECT,IND-000040,1.0
IND-000040,Dewas,Madhya Bharat,2001,6985.774873782735,DIRECT,IND-000040,1.0
IND-000040,Dewas,Madhya Bharat,2011,7183.726220930608,DIRECT,IND-000040,1.0
IND-000040,Dewas,Madhya Bharat,2021,7011.641998137181,DIRECT,IND-000040,1.0
IND-000040,Dewas,Madhya Bharat,2025,7012.289198799514,DIRECT,IND-000040,1.0
IND-000041,Dhar,Madhya Bharat,1951,8164.311363995633,DIRECT,IND-000041,1.0
IND-000041,Dhar,Madhya Bharat,1961,8164.311363995633,DIRECT,IND-000041,1.0
IND-000041,Dhar,Madhya Bharat,1971,8164.311363995633,DIRECT,IND-000041,1.0
IND-000041,Dhar,Madhya Bharat,1981,8164.2972334135075,DIRECT,IND-000041,1.0
IND-000041,Dhar,Madhya Bharat,1991,8164.307955611711,DIRECT,IND-000041,1.0
IND-000041,Dhar,Madhya Bharat,2001,8164.307955611711,DIRECT,IND-000041,1.0
IND-000041,Dhar,Madhya Bharat,2011,8147.027390368798,DIRECT,IND-000041,1.0
IND-000041,Dhar,Madhya Bharat,2021,8157.173196666547,DIRECT,IND-000041,1.0
IND-000041,Dhar,Madhya Bharat,2025,8156.390396810103,DIRECT,IND-000041,1.0
IND-000039,Indore,Madhya Bharat,1951,3920.898545660701,DIRECT,IND-000039,1.0
IND-000039,Indore,Madhya Bharat,1961,3920.898545660701,DIRECT,IND-000039,1.0
IND-000039,Indore,Madhya Bharat,1971,3920.898545660701,DIRECT,IND-000039,1.0
IND-000039,Indore,Madhya Bharat,1981,3920.8963745654346,DIRECT,IND-000039,1.0
IND-000039,Indore,Madhya Bharat,1991,3920.856958778953,DIRECT,IND-000039,1.0
IND-000039,Indore,Madhya Bharat,2001,3920.856958778953,DIRECT,IND-000039,1.0
IND-000039,Indore,Madhya Bharat,2011,3793.013111600013,DIRECT,IND-000039,1.0
IND-000039,Indore,Madhya Bharat,2021,3910.05224198854,DIRECT,IND-000039,1.0
IND-000039,Indore,Madhya Bharat,2025,3908.170794695853,DIRECT,IND-000039,1.0
IND-000032,Rajgarh,Madhya Bharat,1951,6164.092774088413,DIRECT,IND-000032,1.0
IND-000032,Rajgarh,Madhya Bharat,1961,6164.092774088413,DIRECT,IND-000032,1.0
IND-000032,Rajgarh,Madhya Bharat,1971,6164.092774088413,DIRECT,IND-000032,1.0
IND-000032,Rajgarh,Madhya Bharat,1981,6164.105423235937,DIRECT,IND-000032,1.0
IND-000032,Rajgarh,Madhya Bharat,1991,6164.091353695983,DIRECT,IND-000032,1.0
IND-000032,Rajgarh,Madhya Bharat,2001,6164.091353695983,DIRECT,IND-000032,1.0
IND-000032,Rajgarh,Madhya Bharat,2011,6252.91936664789,DIRECT,IND-000032,1.0
IND-000032,Rajgarh,Madhya Bharat,2021,6167.846293636729,DIRECT,IND-000032,1.0
IND-000032,Rajgarh,Madhya Bharat,2025,6166.834441702459,DIRECT,IND-000032,1.0
IND-000035,Ratlam,Madhya Bharat,1951,4844.229094885325,DIRECT,IND-000035,1.0
IND-000035,Ratlam,Madhya Bharat,1961,4844.229094885325,DIRECT,IND-000035,1.0
IND-000035,Ratlam,Madhya Bharat,1971,4844.229094885325,DIRECT,IND-000035,1.0
IND-000035,Ratlam,Madhya Bharat,1981,4844.229728710105,DIRECT,IND-000035,1.0
IND-000035,Ratlam,Madhya Bharat,1991,4844.213797453364,DIRECT,IND-000035,1.0
IND-000035,Ratlam,Madhya Bharat,2001,4844.213797453364,DIRECT,IND-000035,1.0
IND-000035,Ratlam,Madhya Bharat,2011,4820.948626929655,DIRECT,IND-000035,1.0
IND-000035,Ratlam,Madhya Bharat,2021,4857.6119139428565,DIRECT,IND-000035,1.0
IND-000035,Ratlam,Madhya Bharat,2025,4855.410988117059,DIRECT,IND-000035,1.0
IND-000030,Shivpuri,Madhya Bharat,1951,10187.819938601207,DIRECT,IND-000030,1.0
IND-000030,Shivpuri,Madhya Bharat,1961,10187.819938601207,DIRECT,IND-000030,1.0
IND-000030,Shivpuri,Madhya Bharat,1971,10187.819938601207,DIRECT,IND-000030,1.0
IND-000030,Shivpuri,Madhya Bharat,1981,10187.81435554858,DIRECT,IND-000030,1.0
IND-000030,Shivpuri,Madhya Bharat,1991,10187.917798696291,DIRECT,IND-000030,1.0
IND-000030,Shivpuri,Madhya Bharat,2001,10187.917798696291,DIRECT,IND-000030,1.0
IND-000030,Shivpuri,Madhya Bharat,2011,10006.741578983438,DIRECT,IND-000030,1.0
IND-000030,Shivpuri,Madhya Bharat,2021,10291.266214357744,DIRECT,IND-000030,1.0
IND-000030,Shivpuri,Madhya Bharat,2025,10285.39415894416,DIRECT,IND-000030,1.0
IND-000034,Ujjain,Madhya Bharat,1951,6109.592053760282,DIRECT,IND-000034,1.0
IND-000034,Ujjain,Madhya Bharat,1961,6109.592053760282,DIRECT,IND-000034,1.0
IND-000034,Ujjain,Madhya Bharat,1971,6109.592053760282,DIRECT,IND-000034,1.0
IND-000034,Ujjain,Madhya Bharat,1981,6109.598851602749,DIRECT,IND-000034,1.0
IND-000034,Ujjain,Madhya Bharat,1991,6109.6128284141705,DIRECT,IND-000034,1.0
IND-000034,Ujjain,Madhya Bharat,2001,6109.6128284141705,DIRECT,IND-000034,1.0
IND-000034,Ujjain,Madhya Bharat,2011,6144.200814904863,DIRECT,IND-000034,1.0
IND-000034,Ujjain,Madhya Bharat,2021,6099.707400476569,DIRECT,IND-000034,1.0
IND-000034,Ujjain,Madhya Bharat,2025,6101.535376467216,DIRECT,IND-000034,1.0
IND-001234,Agar Malwa,Madhya Pradesh,1951,2939.600116,LINEAGE_BACKFILL,IND-000032|IND-000033|IND-000034|IND-000091,0.7
IND-001234,Agar Malwa,Madhya Pradesh,1961,2939.600116,LINEAGE_BACKFILL,IND-000032|IND-000033|IND-000034|IND-000091,0.7
IND-001234,Agar Malwa,Madhya Pradesh,1971,2939.600116,LINEAGE_BACKFILL,IND-000032|IND-000033|IND-000034|IND-000091,0.7
IND-001234,Agar Malwa,Madhya Pradesh,1981,2939.592918,LINEAGE_BACKFILL,IND-000032|IND-000033|IND-000034|IND-000091,0.7
IND-001234,Agar Malwa,Madhya Pradesh,1991,2939.581123,LINEAGE_BACKFILL,IND-000032|IND-000033|IND-000034|IND-000091,0.7
IND-001234,Agar Malwa,Madhya Pradesh,2001,2939.581123,LINEAGE_BACKFILL,IND-000032|IND-000033|IND-000034|IND-000091,0.7
IND-001234,Agar Malwa,Madhya Pradesh,2011,2946.069786,LINEAGE_BACKFILL,IND-000032|IND-000033|IND-000034|IND-000091,0.7
IND-001234,Agar Malwa,Madhya Pradesh,2021,2946.0786138211693,DIRECT,IND-001234,1.0
IND-001234,Agar Malwa,Madhya Pradesh,2025,2732.204872251412,DIRECT,IND-001234,1.0
IND-000951,Alirajpur,Madhya Pradesh,1951,3318.181773,LINEAGE_BACKFILL,IND-000041|IND-000042|IND-000149|IND-000889|IND-000894,0.49
IND-000951,Alirajpur,Madhya Pradesh,1961,3318.181773,LINEAGE_BACKFILL,IND-000041|IND-000042|IND-000149|IND-000889|IND-000894,0.49
IND-000951,Alirajpur,Madhya Pradesh,1971,3317.213923,LINEAGE_BACKFILL,IND-000041|IND-000042|IND-000149|IND-000889|IND-000894,0.49
IND-000951,Alirajpur,Madhya Pradesh,1981,3317.204406,LINEAGE_BACKFILL,IND-000041|IND-000042|IND-000149|IND-000889|IND-000894,0.49
IND-000951,Alirajpur,Madhya Pradesh,1991,3318.153815,LINEAGE_BACKFILL,IND-000041|IND-000042|IND-000149|IND-000889|IND-000894,0.49
IND-000951,Alirajpur,Madhya Pradesh,2001,3317.187346,LINEAGE_BACKFILL,IND-000041|IND-000042|IND-000149|IND-000889|IND-000894,0.7
IND-000951,Alirajpur,Madhya Pradesh,2011,3317.1906227037666,DIRECT,IND-000951,1.0
IND-000951,Alirajpur,Madhya Pradesh,2021,3335.690512048318,DIRECT,IND-000951,1.0
IND-000951,Alirajpur,Madhya Pradesh,2025,3332.515657070245,DIRECT,IND-000951,1.0
IND-000195,Amravati,Madhya Pradesh,1951,12187.40855166054,DIRECT,IND-000195,1.0
IND-000195,Amravati,Madhya Pradesh,1961,12187.40855166054,DIRECT,IND-000195,1.0
IND-000195,Amravati,Madhya Pradesh,1971,12187.40855166054,DIRECT,IND-000195,1.0
IND-000195,Amravati,Madhya Pradesh,1981,12187.44371261682,DIRECT,IND-000195,1.0
IND-000195,Amravati,Madhya Pradesh,1991,12187.3801428126,DIRECT,IND-000195,1.0
IND-000195,Amravati,Madhya Pradesh,2001,12187.3801428126,DIRECT,IND-000195,1.0
IND-000195,Amravati,Madhya Pradesh,2011,12228.520460462994,DIRECT,IND-000195,1.0
IND-000195,Amravati,Madhya Pradesh,2021,12211.88602184916,DIRECT,IND-000195,1.0
IND-000195,Amravati,Madhya Pradesh,2025,12204.768483761434,DIRECT,IND-000195,1.0
IND-000947,Anuppur,Madhya Pradesh,1951,3847.147146,LINEAGE_BACKFILL,IND-000847|IND-000853|IND-000866|IND-000867|IND-000876,0.49
IND-000947,Anuppur,Madhya Pradesh,1961,3847.147146,LINEAGE_BACKFILL,IND-000847|IND-000853|IND-000866|IND-000867|IND-000876,0.49
IND-000947,Anuppur,Madhya Pradesh,1971,3847.147146,LINEAGE_BACKFILL,IND-000847|IND-000853|IND-000866|IND-000867|IND-000876,0.49
IND-000947,Anuppur,Madhya Pradesh,1981,3846.31604,LINEAGE_BACKFILL,IND-000847|IND-000853|IND-000866|IND-000867|IND-000876,0.49
IND-000947,Anuppur,Madhya Pradesh,1991,3847.157057,LINEAGE_BACKFILL,IND-000847|IND-000853|IND-000866|IND-000867|IND-000876,0.49
IND-000947,Anuppur,Madhya Pradesh,2001,3847.170846,LINEAGE_BACKFILL,IND-000847|IND-000853|IND-000866|IND-000867|IND-000876,0.7
IND-000947,Anuppur,Madhya Pradesh,2011,3847.111522308599,DIRECT,IND-000947,1.0
IND-000947,Anuppur,Madhya Pradesh,2021,3767.559266129453,DIRECT,IND-000947,1.0
IND-000947,Anuppur,Madhya Pradesh,2025,3773.461813120752,DIRECT,IND-000947,1.0
IND-000945,Ashoknagar,Madhya Pradesh,1951,4825.954922,LINEAGE_BACKFILL,IND-000030|IND-000031|IND-000038|IND-000399|IND-000509,0.665
IND-000945,Ashoknagar,Madhya Pradesh,1961,4825.954952,LINEAGE_BACKFILL,IND-000030|IND-000031|IND-000038|IND-000399|IND-000509,0.665
IND-000945,Ashoknagar,Madhya Pradesh,1971,4825.954952,LINEAGE_BACKFILL,IND-000030|IND-000031|IND-000038|IND-000399|IND-000509,0.665
IND-000945,Ashoknagar,Madhya Pradesh,1981,4825.960983,LINEAGE_BACKFILL,IND-000030|IND-000031|IND-000038|IND-000399|IND-000509,0.7
IND-000945,Ashoknagar,Madhya Pradesh,1991,4825.939002,LINEAGE_BACKFILL,IND-000030|IND-000031|IND-000038|IND-000399|IND-000509,0.7
IND-000945,Ashoknagar,Madhya Pradesh,2001,4825.939002,LINEAGE_BACKFILL,IND-000030|IND-000031|IND-000038|IND-000399|IND-000509,0.7
IND-000945,Ashoknagar,Madhya Pradesh,2011,4825.877662007143,DIRECT,IND-000945,1.0
IND-000945,Ashoknagar,Madhya Pradesh,2021,4736.143856230707,DIRECT,IND-000945,1.0
IND-000945,Ashoknagar,Madhya Pradesh,2025,4736.424093085909,DIRECT,IND-000945,1.0
IND-000188,Balaghat,Madhya Pradesh,1951,9258.808140393465,DIRECT,IND-000188,1.0
IND-000188,Balaghat,Madhya Pradesh,1961,9258.808140393465,DIRECT,IND-000188,1.0
IND-000188,Balaghat,Madhya Pradesh,1971,9258.808140393465,DIRECT,IND-000188,1.0
IND-000188,Balaghat,Madhya Pradesh,1981,9258.818762628487,DIRECT,IND-000188,1.0
IND-000188,Balaghat,Madhya Pradesh,1991,9258.87247677948,DIRECT,IND-000188,1.0
IND-000188,Balaghat,Madhya Pradesh,2001,9258.87247677948,DIRECT,IND-000188,1.0
IND-000188,Balaghat,Madhya Pradesh,2011,9253.130131953896,DIRECT,IND-000188,1.0
IND-000188,Balaghat,Madhya Pradesh,2021,9244.427818171684,DIRECT,IND-000188,1.0
IND-000188,Balaghat,Madhya Pradesh,2025,9249.317553542778,DIRECT,IND-000188,1.0
IND-000871,Barwani,Madhya Pradesh,1951,5305.951883,LINEAGE_BACKFILL,IND-000043,0.7
IND-000871,Barwani,Madhya Pradesh,1961,5305.951883,LINEAGE_BACKFILL,IND-000043,0.7
IND-000871,Barwani,Madhya Pradesh,1971,5305.951883,LINEAGE_BACKFILL,IND-000043,0.7
IND-000871,Barwani,Madhya Pradesh,1981,5305.9524,LINEAGE_BACKFILL,IND-000043,0.7
IND-000871,Barwani,Madhya Pradesh,1991,5305.952424,LINEAGE_BACKFILL,IND-000043,0.7
IND-000871,Barwani,Madhya Pradesh,2001,5306.132931320291,DIRECT,IND-000871,1.0
IND-000871,Barwani,Madhya Pradesh,2011,5175.190449302407,DIRECT,IND-000871,1.0
IND-000871,Barwani,Madhya Pradesh,2021,5429.203819983515,DIRECT,IND-000871,1.0
IND-000871,Barwani,Madhya Pradesh,2025,5428.968604862619,DIRECT,IND-000871,1.0
IND-000181,Betul,Madhya Pradesh,1951,10062.435710282452,DIRECT,IND-000181,1.0
IND-000181,Betul,Madhya Pradesh,1961,10062.435710282452,DIRECT,IND-000181,1.0
IND-000181,Betul,Madhya Pradesh,1971,10062.435710282452,DIRECT,IND-000181,1.0
IND-000181,Betul,Madhya Pradesh,1981,10062.409934858611,DIRECT,IND-000181,1.0
IND-000181,Betul,Madhya Pradesh,1991,10062.448586972305,DIRECT,IND-000181,1.0
IND-000181,Betul,Madhya Pradesh,2001,10062.448586972305,DIRECT,IND-000181,1.0
IND-000181,Betul,Madhya Pradesh,2011,10149.826647521642,DIRECT,IND-000181,1.0
IND-000181,Betul,Madhya Pradesh,2021,10058.125813735478,DIRECT,IND-000181,1.0
IND-000181,Betul,Madhya Pradesh,2025,10053.459078757054,DIRECT,IND-000181,1.0
IND-000396,Bhind,Madhya Pradesh,1951,4454.17157,LINEAGE_BACKFILL,IND-000027,0.7
IND-000396,Bhind,Madhya Pradesh,1961,4454.305604688963,DIRECT,IND-000396,1.0
IND-000396,Bhind,Madhya Pradesh,1971,4454.305604688963,DIRECT,IND-000396,1.0
IND-000396,Bhind,Madhya Pradesh,1981,4454.345909387237,DIRECT,IND-000396,1.0
IND-000396,Bhind,Madhya Pradesh,1991,4454.311397931767,DIRECT,IND-000396,1.0
IND-000396,Bhind,Madhya Pradesh,2001,4454.311397931767,DIRECT,IND-000396,1.0
IND-000396,Bhind,Madhya Pradesh,2011,4536.63700181099,DIRECT,IND-000396,1.0
IND-000396,Bhind,Madhya Pradesh,2021,4463.94806160989,DIRECT,IND-000396,1.0
IND-000396,Bhind,Madhya Pradesh,2025,4462.794440332774,DIRECT,IND-000396,1.0
IND-000455,Bhopal,Madhya Pradesh,1951,2765.160042,LINEAGE_BACKFILL,IND-000103,0.95
IND-000455,Bhopal,Madhya Pradesh,1961,2765.160042,LINEAGE_BACKFILL,IND-000103,0.95
IND-000455,Bhopal,Madhya Pradesh,1971,2765.160042,LINEAGE_BACKFILL,IND-000103,0.95
IND-000455,Bhopal,Madhya Pradesh,1981,2765.2209933997824,DIRECT,IND-000455,1.0
IND-000455,Bhopal,Madhya Pradesh,1991,2765.244429837014,DIRECT,IND-000455,1.0
IND-000455,Bhopal,Madhya Pradesh,2001,2765.244429837014,DIRECT,IND-000455,1.0
IND-000455,Bhopal,Madhya Pradesh,2011,2715.106698202956,DIRECT,IND-000455,1.0
IND-000455,Bhopal,Madhya Pradesh,2021,2767.39630590647,DIRECT,IND-000455,1.0
IND-000455,Bhopal,Madhya Pradesh,2025,2767.3443383566605,DIRECT,IND-000455,1.0
IND-000198,Buldana,Madhya Pradesh,1951,9716.29473608005,DIRECT,IND-000198,1.0
IND-000198,Buldana,Madhya Pradesh,1961,9716.29473608005,DIRECT,IND-000198,1.0
IND-000198,Buldana,Madhya Pradesh,1971,9716.29473608005,DIRECT,IND-000198,1.0
IND-000198,Buldana,Madhya Pradesh,1981,9716.24556125635,DIRECT,IND-000198,1.0
IND-000198,Buldana,Madhya Pradesh,1991,9716.314946779696,DIRECT,IND-000198,1.0
IND-000198,Buldana,Madhya Pradesh,2001,9716.314946779696,DIRECT,IND-000198,1.0
IND-000198,Buldana,Madhya Pradesh,2011,9703.908226825482,DIRECT,IND-000198,1.0
IND-000198,Buldana,Madhya Pradesh,2021,9737.912601657596,DIRECT,IND-000198,1.0
IND-000198,Buldana,Madhya Pradesh,2025,9742.31801450488,DIRECT,IND-000198,1.0
IND-000953,Burhanpur,Madhya Pradesh,1951,3238.573046,LINEAGE_BACKFILL,IND-000158|IND-000187|IND-000195|IND-000870,0.49
IND-000953,Burhanpur,Madhya Pradesh,1961,3238.573046,LINEAGE_BACKFILL,IND-000158|IND-000187|IND-000195|IND-000870,0.49
IND-000953,Burhanpur,Madhya Pradesh,1971,3238.573046,LINEAGE_BACKFILL,IND-000158|IND-000187|IND-000195|IND-000870,0.49
IND-000953,Burhanpur,Madhya Pradesh,1981,3238.590972,LINEAGE_BACKFILL,IND-000158|IND-000187|IND-000195|IND-000870,0.49
IND-000953,Burhanpur,Madhya Pradesh,1991,3238.570077,LINEAGE_BACKFILL,IND-000158|IND-000187|IND-000195|IND-000870,0.49
IND-000953,Burhanpur,Madhya Pradesh,2001,3238.570509,LINEAGE_BACKFILL,IND-000158|IND-000187|IND-000195|IND-000870,0.7
IND-000953,Burhanpur,Madhya Pradesh,2011,3238.6663260244195,DIRECT,IND-000953,1.0
IND-000953,Burhanpur,Madhya Pradesh,2021,3231.296677685507,DIRECT,IND-000953,1.0
IND-000953,Burhanpur,Madhya Pradesh,2025,3225.1149683857248,DIRECT,IND-000953,1.0
IND-000402,Chhindwara,Madhya Pradesh,1951,11820.859435,LINEAGE_BACKFILL,IND-000180,0.95
IND-000402,Chhindwara,Madhya Pradesh,1961,11820.95042408776,DIRECT,IND-000402,1.0
IND-000402,Chhindwara,Madhya Pradesh,1971,11820.95042408776,DIRECT,IND-000402,1.0
IND-000402,Chhindwara,Madhya Pradesh,1981,11820.93352085883,DIRECT,IND-000402,1.0
IND-000402,Chhindwara,Madhya Pradesh,1991,11820.912792985864,DIRECT,IND-000402,1.0
IND-000402,Chhindwara,Madhya Pradesh,2001,11820.912792985864,DIRECT,IND-000402,1.0
IND-000402,Chhindwara,Madhya Pradesh,2011,11744.13548929724,DIRECT,IND-000402,1.0
IND-000402,Chhindwara,Madhya Pradesh,2021,11814.41986012059,DIRECT,IND-000402,1.0
IND-000402,Chhindwara,Madhya Pradesh,2025,11811.075331568773,DIRECT,IND-000402,1.0
IND-000400,Damoh,Madhya Pradesh,1951,7303.599075,LINEAGE_BACKFILL,IND-000184,0.95
IND-000400,Damoh,Madhya Pradesh,1961,7303.946422084578,DIRECT,IND-000400,1.0
IND-000400,Damoh,Madhya Pradesh,1971,7303.946422084578,DIRECT,IND-000400,1.0
IND-000400,Damoh,Madhya Pradesh,1981,7303.889755490439,DIRECT,IND-000400,1.0
IND-000400,Damoh,Madhya Pradesh,1991,7303.897494266375,DIRECT,IND-000400,1.0
IND-000400,Damoh,Madhya Pradesh,2001,7303.897494266375,DIRECT,IND-000400,1.0
IND-000400,Damoh,Madhya Pradesh,2011,7398.856045269153,DIRECT,IND-000400,1.0
IND-000400,Damoh,Madhya Pradesh,2021,7302.738087016533,DIRECT,IND-000400,1.0
IND-000400,Damoh,Madhya Pradesh,2025,7302.928487555357,DIRECT,IND-000400,1.0
IND-001235,Datia,Madhya Pradesh,1951,2595.184423,LINEAGE_BACKFILL,IND-000030|IND-000396|IND-000508|IND-000509|IND-000864|IND-000865,0.343
IND-001235,Datia,Madhya Pradesh,1961,2595.192826,LINEAGE_BACKFILL,IND-000030|IND-000396|IND-000508|IND-000509|IND-000864|IND-000865,0.49
IND-001235,Datia,Madhya Pradesh,1971,2595.192826,LINEAGE_BACKFILL,IND-000030|IND-000396|IND-000508|IND-000509|IND-000864|IND-000865,0.49
IND-001235,Datia,Madhya Pradesh,1981,2595.173106,LINEAGE_BACKFILL,IND-000030|IND-000396|IND-000508|IND-000509|IND-000864|IND-000865,0.49
IND-001235,Datia,Madhya Pradesh,1991,2595.141525,LINEAGE_BACKFILL,IND-000030|IND-000396|IND-000508|IND-000509|IND-000864|IND-000865,0.49
IND-001235,Datia,Madhya Pradesh,2001,2595.18519,LINEAGE_BACKFILL,IND-000030|IND-000396|IND-000508|IND-000509|IND-000864|IND-000865,0.7
IND-001235,Datia,Madhya Pradesh,2011,2677.286697,LINEAGE_BACKFILL,IND-000030|IND-000396|IND-000508|IND-000509|IND-000864|IND-000865,0.7
IND-001235,Datia,Madhya Pradesh,2021,2677.1755328388203,DIRECT,IND-001235,1.0
IND-001235,Datia,Madhya Pradesh,2025,2686.603570317186,DIRECT,IND-001235,1.0
IND-000876,Dindori,Madhya Pradesh,1951,5799.473852,LINEAGE_BACKFILL,IND-000185,0.7
IND-000876,Dindori,Madhya Pradesh,1961,5799.473852,LINEAGE_BACKFILL,IND-000185,0.7
IND-000876,Dindori,Madhya Pradesh,1971,5799.473852,LINEAGE_BACKFILL,IND-000185,0.7
IND-000876,Dindori,Madhya Pradesh,1981,5799.474055,LINEAGE_BACKFILL,IND-000185,0.7
IND-000876,Dindori,Madhya Pradesh,1991,5799.4747,LINEAGE_BACKFILL,IND-000185,0.7
IND-000876,Dindori,Madhya Pradesh,2001,5799.616467677695,DIRECT,IND-000876,1.0
IND-000876,Dindori,Madhya Pradesh,2011,5666.556702518847,DIRECT,IND-000876,1.0
IND-000876,Dindori,Madhya Pradesh,2021,5750.492539530845,DIRECT,IND-000876,1.0
IND-000876,Dindori,Madhya Pradesh,2025,5745.922994980636,DIRECT,IND-000876,1.0
IND-001316,Disputed (Ratlam & Mandsaur),Madhya Pradesh,1951,1.245584,LINEAGE_BACKFILL,IND-000035,0.7
IND-001316,Disputed (Ratlam & Mandsaur),Madhya Pradesh,1961,1.245584,LINEAGE_BACKFILL,IND-000035,0.7
IND-001316,Disputed (Ratlam & Mandsaur),Madhya Pradesh,1971,1.245584,LINEAGE_BACKFILL,IND-000035,0.7
IND-001316,Disputed (Ratlam & Mandsaur),Madhya Pradesh,1981,1.245584,LINEAGE_BACKFILL,IND-000035,0.7
IND-001316,Disputed (Ratlam & Mandsaur),Madhya Pradesh,1991,1.24558,LINEAGE_BACKFILL,IND-000035,0.7
IND-001316,Disputed (Ratlam & Mandsaur),Madhya Pradesh,2001,1.24558,LINEAGE_BACKFILL,IND-000035,0.7
IND-001316,Disputed (Ratlam & Mandsaur),Madhya Pradesh,2011,1.239598,LINEAGE_BACKFILL,IND-000035,0.7
IND-001316,Disputed (Ratlam & Mandsaur),Madhya Pradesh,2021,1.249025,LINEAGE_BACKFILL,IND-000035,0.7
IND-001316,Disputed (Ratlam & Mandsaur),Madhya Pradesh,2025,1.314642477898673,DIRECT,IND-001316,1.0
IND-000944,Guna,Madhya Pradesh,1951,6434.89598,LINEAGE_BACKFILL,IND-000030|IND-000031|IND-000032|IND-000038|IND-000091|IND-000455|IND-000722,0.49
IND-000944,Guna,Madhya Pradesh,1961,6434.89598,LINEAGE_BACKFILL,IND-000030|IND-000031|IND-000032|IND-000038|IND-000091|IND-000455|IND-000722,0.49
IND-000944,Guna,Madhya Pradesh,1971,6434.89598,LINEAGE_BACKFILL,IND-000030|IND-000031|IND-000032|IND-000038|IND-000091|IND-000455|IND-000722,0.49
IND-000944,Guna,Madhya Pradesh,1981,6434.90256,LINEAGE_BACKFILL,IND-000030|IND-000031|IND-000032|IND-000038|IND-000091|IND-000455|IND-000722,0.49
IND-000944,Guna,Madhya Pradesh,1991,6434.871676,LINEAGE_BACKFILL,IND-000030|IND-000031|IND-000032|IND-000038|IND-000091|IND-000455|IND-000722,0.49
IND-000944,Guna,Madhya Pradesh,2001,6434.874089,LINEAGE_BACKFILL,IND-000030|IND-000031|IND-000032|IND-000038|IND-000091|IND-000455|IND-000722,0.7
IND-000944,Guna,Madhya Pradesh,2011,6434.706492910603,DIRECT,IND-000944,1.0
IND-000944,Guna,Madhya Pradesh,2021,6382.474312137556,DIRECT,IND-000944,1.0
IND-000944,Guna,Madhya Pradesh,2025,6380.537427990704,DIRECT,IND-000944,1.0
IND-000864,Gwalior,Madhya Pradesh,1951,4555.524526,LINEAGE_BACKFILL,IND-000397,0.49
IND-000864,Gwalior,Madhya Pradesh,1961,4555.586545,LINEAGE_BACKFILL,IND-000397,0.7
IND-000864,Gwalior,Madhya Pradesh,1971,4555.586545,LINEAGE_BACKFILL,IND-000397,0.7
IND-000864,Gwalior,Madhya Pradesh,1981,4555.538963,LINEAGE_BACKFILL,IND-000397,0.7
IND-000864,Gwalior,Madhya Pradesh,1991,4555.558736,LINEAGE_BACKFILL,IND-000397,0.7
IND-000864,Gwalior,Madhya Pradesh,2001,4555.558735711063,DIRECT,IND-000864,1.0
IND-000864,Gwalior,Madhya Pradesh,2011,4475.422393961517,DIRECT,IND-000864,1.0
IND-000864,Gwalior,Madhya Pradesh,2021,4562.962564009562,DIRECT,IND-000864,1.0
IND-000864,Gwalior,Madhya Pradesh,2025,4563.24984561717,DIRECT,IND-000864,1.0
IND-000872,Harda,Madhya Pradesh,1951,3326.352086,LINEAGE_BACKFILL,IND-000398,0.9025
IND-000872,Harda,Madhya Pradesh,1961,3326.421712,LINEAGE_BACKFILL,IND-000398,0.95
IND-000872,Harda,Madhya Pradesh,1971,3326.421712,LINEAGE_BACKFILL,IND-000398,0.95
IND-000872,Harda,Madhya Pradesh,1981,3326.421733,LINEAGE_BACKFILL,IND-000398,0.95
IND-000872,Harda,Madhya Pradesh,1991,3326.4049,LINEAGE_BACKFILL,IND-000398,0.95
IND-000872,Harda,Madhya Pradesh,2001,3326.5202816198303,DIRECT,IND-000872,1.0
IND-000872,Harda,Madhya Pradesh,2011,3316.4893838212784,DIRECT,IND-000872,1.0
IND-000872,Harda,Madhya Pradesh,2021,3336.0392059353917,DIRECT,IND-000872,1.0
IND-000872,Harda,Madhya Pradesh,2025,3341.4190897732674,DIRECT,IND-000872,1.0
IND-000873,Hoshangabad,Madhya Pradesh,1951,6679.524202,LINEAGE_BACKFILL,IND-000398,0.9025
IND-000873,Hoshangabad,Madhya Pradesh,1961,6679.664014,LINEAGE_BACKFILL,IND-000398,0.95
IND-000873,Hoshangabad,Madhya Pradesh,1971,6679.664014,LINEAGE_BACKFILL,IND-000398,0.95
IND-000873,Hoshangabad,Madhya Pradesh,1981,6679.664056,LINEAGE_BACKFILL,IND-000398,0.95
IND-000873,Hoshangabad,Madhya Pradesh,1991,6679.630256,LINEAGE_BACKFILL,IND-000398,0.95
IND-000873,Hoshangabad,Madhya Pradesh,2001,6679.663335112327,DIRECT,IND-000873,1.0
IND-000873,Hoshangabad,Madhya Pradesh,2011,6676.074393787995,DIRECT,IND-000873,1.0
IND-000873,Hoshangabad,Madhya Pradesh,2021,6685.662652106689,DIRECT,IND-000873,1.0
IND-000873,Hoshangabad,Madhya Pradesh,2025,6685.979999379384,DIRECT,IND-000873,1.0
IND-000875,Jabalpur,Madhya Pradesh,1951,5051.205571,LINEAGE_BACKFILL,IND-000183,0.95
IND-000875,Jabalpur,Madhya Pradesh,1961,5051.205571,LINEAGE_BACKFILL,IND-000183,0.95
IND-000875,Jabalpur,Madhya Pradesh,1971,5051.205571,LINEAGE_BACKFILL,IND-000183,0.95
IND-000875,Jabalpur,Madhya Pradesh,1981,5051.199524,LINEAGE_BACKFILL,IND-000183,0.95
IND-000875,Jabalpur,Madhya Pradesh,1991,5051.209231,LINEAGE_BACKFILL,IND-000183,0.95
IND-000875,Jabalpur,Madhya Pradesh,2001,5051.448567290632,DIRECT,IND-000875,1.0
IND-000875,Jabalpur,Madhya Pradesh,2011,4923.378117526713,DIRECT,IND-000875,1.0
IND-000875,Jabalpur,Madhya Pradesh,2021,5096.585157389489,DIRECT,IND-000875,1.0
IND-000875,Jabalpur,Madhya Pradesh,2025,5093.884671394242,DIRECT,IND-000875,1.0
IND-000950,Jhabua,Madhya Pradesh,1951,3508.63576,LINEAGE_BACKFILL,IND-000035|IND-000041|IND-000042|IND-000086|IND-000889,0.49
IND-000950,Jhabua,Madhya Pradesh,1961,3508.63576,LINEAGE_BACKFILL,IND-000035|IND-000041|IND-000042|IND-000086|IND-000889,0.49
IND-000950,Jhabua,Madhya Pradesh,1971,3508.63576,LINEAGE_BACKFILL,IND-000035|IND-000041|IND-000042|IND-000086|IND-000889,0.49
IND-000950,Jhabua,Madhya Pradesh,1981,3508.625639,LINEAGE_BACKFILL,IND-000035|IND-000041|IND-000042|IND-000086|IND-000889,0.49
IND-000950,Jhabua,Madhya Pradesh,1991,3508.606181,LINEAGE_BACKFILL,IND-000035|IND-000041|IND-000042|IND-000086|IND-000889,0.49
IND-000950,Jhabua,Madhya Pradesh,2001,3508.606558,LINEAGE_BACKFILL,IND-000035|IND-000041|IND-000042|IND-000086|IND-000889,0.7
IND-000950,Jhabua,Madhya Pradesh,2011,3508.6469606735172,DIRECT,IND-000950,1.0
IND-000950,Jhabua,Madhya Pradesh,2021,3443.582793077392,DIRECT,IND-000950,1.0
IND-000950,Jhabua,Madhya Pradesh,2025,3443.3353031231304,DIRECT,IND-000950,1.0
IND-000874,Katni,Madhya Pradesh,1951,5116.228881,LINEAGE_BACKFILL,IND-000183,0.95
IND-000874,Katni,Madhya Pradesh,1961,5116.228881,LINEAGE_BACKFILL,IND-000183,0.95
IND-000874,Katni,Madhya Pradesh,1971,5116.228881,LINEAGE_BACKFILL,IND-000183,0.95
IND-000874,Katni,Madhya Pradesh,1981,5116.222756,LINEAGE_BACKFILL,IND-000183,0.95
IND-000874,Katni,Madhya Pradesh,1991,5116.232587,LINEAGE_BACKFILL,IND-000183,0.95
IND-000874,Katni,Madhya Pradesh,2001,5116.479925799009,DIRECT,IND-000874,1.0
IND-000874,Katni,Madhya Pradesh,2011,5126.323515990445,DIRECT,IND-000874,1.0
IND-000874,Katni,Madhya Pradesh,2021,5070.431556521383,DIRECT,IND-000874,1.0
IND-000874,Katni,Madhya Pradesh,2025,5054.501419954366,DIRECT,IND-000874,1.0
IND-000952,Khandwa (East Nimar),Madhya Pradesh,1951,7297.411917,LINEAGE_BACKFILL,IND-000040|IND-000181|IND-000187|IND-000870|IND-000872,0.49
IND-000952,Khandwa (East Nimar),Madhya Pradesh,1961,7297.412094,LINEAGE_BACKFILL,IND-000040|IND-000181|IND-000187|IND-000870|IND-000872,0.49
IND-000952,Khandwa (East Nimar),Madhya Pradesh,1971,7297.412094,LINEAGE_BACKFILL,IND-000040|IND-000181|IND-000187|IND-000870|IND-000872,0.49
IND-000952,Khandwa (East Nimar),Madhya Pradesh,1981,7297.452344,LINEAGE_BACKFILL,IND-000040|IND-000181|IND-000187|IND-000870|IND-000872,0.49
IND-000952,Khandwa (East Nimar),Madhya Pradesh,1991,7297.405444,LINEAGE_BACKFILL,IND-000040|IND-000181|IND-000187|IND-000870|IND-000872,0.49
IND-000952,Khandwa (East Nimar),Madhya Pradesh,2001,7297.407459,LINEAGE_BACKFILL,IND-000040|IND-000181|IND-000187|IND-000870|IND-000872,0.7
IND-000952,Khandwa (East Nimar),Madhya Pradesh,2011,7297.395396154263,DIRECT,IND-000952,1.0
IND-000952,Khandwa (East Nimar),Madhya Pradesh,2021,7476.703051516955,DIRECT,IND-000952,1.0
IND-000952,Khandwa (East Nimar),Madhya Pradesh,2025,7469.6143426314065,DIRECT,IND-000952,1.0
IND-000877,Mandla,Madhya Pradesh,1951,7443.83839,LINEAGE_BACKFILL,IND-000185,0.7
IND-000877,Mandla,Madhya Pradesh,1961,7443.83839,LINEAGE_BACKFILL,IND-000185,0.7
IND-000877,Mandla,Madhya Pradesh,1971,7443.83839,LINEAGE_BACKFILL,IND-000185,0.7
IND-000877,Mandla,Madhya Pradesh,1981,7443.838651,LINEAGE_BACKFILL,IND-000185,0.7
IND-000877,Mandla,Madhya Pradesh,1991,7443.839478,LINEAGE_BACKFILL,IND-000185,0.7
IND-000877,Mandla,Madhya Pradesh,2001,7444.157508831531,DIRECT,IND-000877,1.0
IND-000877,Mandla,Madhya Pradesh,2011,7605.645887552692,DIRECT,IND-000877,1.0
IND-000877,Mandla,Madhya Pradesh,2021,7510.45206801784,DIRECT,IND-000877,1.0
IND-000877,Mandla,Madhya Pradesh,2025,7512.049722525504,DIRECT,IND-000877,1.0
IND-000869,Mandsaur,Madhya Pradesh,1951,5545.292486,LINEAGE_BACKFILL,IND-000037,0.95
IND-000869,Mandsaur,Madhya Pradesh,1961,5545.292486,LINEAGE_BACKFILL,IND-000037,0.95
IND-000869,Mandsaur,Madhya Pradesh,1971,5545.292486,LINEAGE_BACKFILL,IND-000037,0.95
IND-000869,Mandsaur,Madhya Pradesh,1981,5545.255384,LINEAGE_BACKFILL,IND-000037,0.95
IND-000869,Mandsaur,Madhya Pradesh,1991,5545.282648,LINEAGE_BACKFILL,IND-000037,0.95
IND-000869,Mandsaur,Madhya Pradesh,2001,5545.560699696023,DIRECT,IND-000869,1.0
IND-000869,Mandsaur,Madhya Pradesh,2011,5336.670116429052,DIRECT,IND-000869,1.0
IND-000869,Mandsaur,Madhya Pradesh,2021,5552.8737338709625,DIRECT,IND-000869,1.0
IND-000869,Mandsaur,Madhya Pradesh,2025,5548.476243455746,DIRECT,IND-000869,1.0
IND-000863,Morena,Madhya Pradesh,1951,5014.930498,LINEAGE_BACKFILL,IND-000029,0.7
IND-000863,Morena,Madhya Pradesh,1961,5014.930498,LINEAGE_BACKFILL,IND-000029,0.7
IND-000863,Morena,Madhya Pradesh,1971,5014.930498,LINEAGE_BACKFILL,IND-000029,0.7
IND-000863,Morena,Madhya Pradesh,1981,5014.940953,LINEAGE_BACKFILL,IND-000029,0.7
IND-000863,Morena,Madhya Pradesh,1991,5014.948923,LINEAGE_BACKFILL,IND-000029,0.7
IND-000863,Morena,Madhya Pradesh,2001,5015.033241651767,DIRECT,IND-000863,1.0
IND-000863,Morena,Madhya Pradesh,2011,5129.4332700009945,DIRECT,IND-000863,1.0
IND-000863,Morena,Madhya Pradesh,2021,4986.93645380804,DIRECT,IND-000863,1.0
IND-000863,Morena,Madhya Pradesh,2025,4986.3848040403545,DIRECT,IND-000863,1.0
IND-000177,Nagpur,Madhya Pradesh,1951,9849.46898793966,DIRECT,IND-000177,1.0
IND-000177,Nagpur,Madhya Pradesh,1961,9849.46898793966,DIRECT,IND-000177,1.0
IND-000177,Nagpur,Madhya Pradesh,1971,9849.46898793966,DIRECT,IND-000177,1.0
IND-000177,Nagpur,Madhya Pradesh,1981,9849.474161133096,DIRECT,IND-000177,1.0
IND-000177,Nagpur,Madhya Pradesh,1991,9849.473162470009,DIRECT,IND-000177,1.0
IND-000177,Nagpur,Madhya Pradesh,2001,9849.473162470009,DIRECT,IND-000177,1.0
IND-000177,Nagpur,Madhya Pradesh,2011,9894.698219055072,DIRECT,IND-000177,1.0
IND-000177,Nagpur,Madhya Pradesh,2021,9892.34797594062,DIRECT,IND-000177,1.0
IND-000177,Nagpur,Madhya Pradesh,2025,9897.314600153508,DIRECT,IND-000177,1.0
IND-000401,Narsinghpur,Madhya Pradesh,1951,5139.118618,LINEAGE_BACKFILL,IND-000186,0.7
IND-000401,Narsinghpur,Madhya Pradesh,1961,5139.28899604669,DIRECT,IND-000401,1.0
IND-000401,Narsinghpur,Madhya Pradesh,1971,5139.28899604669,DIRECT,IND-000401,1.0
IND-000401,Narsinghpur,Madhya Pradesh,1981,5139.258864012129,DIRECT,IND-000401,1.0
IND-000401,Narsinghpur,Madhya Pradesh,1991,5139.289448195583,DIRECT,IND-000401,1.0
IND-000401,Narsinghpur,Madhya Pradesh,2001,5139.289448195583,DIRECT,IND-000401,1.0
IND-000401,Narsinghpur,Madhya Pradesh,2011,5134.187242029476,DIRECT,IND-000401,1.0
IND-000401,Narsinghpur,Madhya Pradesh,2021,5135.525711642579,DIRECT,IND-000401,1.0
IND-000401,Narsinghpur,Madhya Pradesh,2025,5135.578263519757,DIRECT,IND-000401,1.0
IND-000868,Neemuch,Madhya Pradesh,1951,4304.235572,LINEAGE_BACKFILL,IND-000037,0.95
IND-000868,Neemuch,Madhya Pradesh,1961,4304.235572,LINEAGE_BACKFILL,IND-000037,0.95
IND-000868,Neemuch,Madhya Pradesh,1971,4304.235572,LINEAGE_BACKFILL,IND-000037,0.95
IND-000868,Neemuch,Madhya Pradesh,1981,4304.206774,LINEAGE_BACKFILL,IND-000037,0.95
IND-000868,Neemuch,Madhya Pradesh,1991,4304.227936,LINEAGE_BACKFILL,IND-000037,0.95
IND-000868,Neemuch,Madhya Pradesh,2001,4304.4250501525985,DIRECT,IND-000868,1.0
IND-000868,Neemuch,Madhya Pradesh,2011,4450.862841579465,DIRECT,IND-000868,1.0
IND-000868,Neemuch,Madhya Pradesh,2021,4308.738241393163,DIRECT,IND-000868,1.0
IND-000868,Neemuch,Madhya Pradesh,2025,4287.262010203269,DIRECT,IND-000868,1.0
IND-001236,Niwari,Madhya Pradesh,1951,1322.747697,LINEAGE_BACKFILL,IND-000133|IND-000508|IND-000509,0.665
IND-001236,Niwari,Madhya Pradesh,1961,1322.747697,LINEAGE_BACKFILL,IND-000133|IND-000508|IND-000509,0.665
IND-001236,Niwari,Madhya Pradesh,1971,1322.747697,LINEAGE_BACKFILL,IND-000133|IND-000508|IND-000509,0.665
IND-001236,Niwari,Madhya Pradesh,1981,1322.752833,LINEAGE_BACKFILL,IND-000133|IND-000508|IND-000509,0.7
IND-001236,Niwari,Madhya Pradesh,1991,1322.745645,LINEAGE_BACKFILL,IND-000133|IND-000508|IND-000509,0.7
IND-001236,Niwari,Madhya Pradesh,2001,1322.745645,LINEAGE_BACKFILL,IND-000133|IND-000508|IND-000509,0.7
IND-001236,Niwari,Madhya Pradesh,2011,1317.321347,LINEAGE_BACKFILL,IND-000133|IND-000508|IND-000509,0.7
IND-001236,Niwari,Madhya Pradesh,2021,1317.31913627127,DIRECT,IND-001236,1.0
IND-001236,Niwari,Madhya Pradesh,2025,1322.2826867049891,DIRECT,IND-001236,1.0
IND-000399,Sagar,Madhya Pradesh,1951,10257.920309,LINEAGE_BACKFILL,IND-000184,0.95
IND-000399,Sagar,Madhya Pradesh,1961,10258.350575793407,DIRECT,IND-000399,1.0
IND-000399,Sagar,Madhya Pradesh,1971,10258.350575793407,DIRECT,IND-000399,1.0
IND-000399,Sagar,Madhya Pradesh,1981,10258.359296847648,DIRECT,IND-000399,1.0
IND-000399,Sagar,Madhya Pradesh,1991,10258.327858630071,DIRECT,IND-000399,1.0
IND-000399,Sagar,Madhya Pradesh,2001,10258.327858630071,DIRECT,IND-000399,1.0
IND-000399,Sagar,Madhya Pradesh,2011,10467.138563542068,DIRECT,IND-000399,1.0
IND-000399,Sagar,Madhya Pradesh,2021,10269.0690252758,DIRECT,IND-000399,1.0
IND-000399,Sagar,Madhya Pradesh,2025,10267.716059582415,DIRECT,IND-000399,1.0
IND-000456,Sehore,Madhya Pradesh,1951,6560.800227,LINEAGE_BACKFILL,IND-000103,0.95
IND-000456,Sehore,Madhya Pradesh,1961,6560.800227,LINEAGE_BACKFILL,IND-000103,0.95
IND-000456,Sehore,Madhya Pradesh,1971,6560.800227,LINEAGE_BACKFILL,IND-000103,0.95
IND-000456,Sehore,Madhya Pradesh,1981,6561.038182609467,DIRECT,IND-000456,1.0
IND-000456,Sehore,Madhya Pradesh,1991,6560.99324736183,DIRECT,IND-000456,1.0
IND-000456,Sehore,Madhya Pradesh,2001,6560.99324736183,DIRECT,IND-000456,1.0
IND-000456,Sehore,Madhya Pradesh,2011,6544.133849900645,DIRECT,IND-000456,1.0
IND-000456,Sehore,Madhya Pradesh,2021,6568.849926531826,DIRECT,IND-000456,1.0
IND-000456,Sehore,Madhya Pradesh,2025,6568.5525168235945,DIRECT,IND-000456,1.0
IND-000403,Seoni,Madhya Pradesh,1951,8745.4667,LINEAGE_BACKFILL,IND-000180,0.95
IND-000403,Seoni,Madhya Pradesh,1961,8745.525497420696,DIRECT,IND-000403,1.0
IND-000403,Seoni,Madhya Pradesh,1971,8745.525497420696,DIRECT,IND-000403,1.0
IND-000403,Seoni,Madhya Pradesh,1981,8745.524076067013,DIRECT,IND-000403,1.0
IND-000403,Seoni,Madhya Pradesh,1991,8745.564343868233,DIRECT,IND-000403,1.0
IND-000403,Seoni,Madhya Pradesh,2001,8745.564343868233,DIRECT,IND-000403,1.0
IND-000403,Seoni,Madhya Pradesh,2011,8774.940894073872,DIRECT,IND-000403,1.0
IND-000403,Seoni,Madhya Pradesh,2021,8761.08066276987,DIRECT,IND-000403,1.0
IND-000403,Seoni,Madhya Pradesh,2025,8760.596505605916,DIRECT,IND-000403,1.0
IND-000946,Shahdol,Madhya Pradesh,1951,5693.07813,LINEAGE_BACKFILL,IND-000136|IND-000138|IND-000847|IND-000866|IND-000867,0.665
IND-000946,Shahdol,Madhya Pradesh,1961,5693.07813,LINEAGE_BACKFILL,IND-000136|IND-000138|IND-000847|IND-000866|IND-000867,0.665
IND-000946,Shahdol,Madhya Pradesh,1971,5693.07813,LINEAGE_BACKFILL,IND-000136|IND-000138|IND-000847|IND-000866|IND-000867,0.665
IND-000946,Shahdol,Madhya Pradesh,1981,5693.081978,LINEAGE_BACKFILL,IND-000136|IND-000138|IND-000847|IND-000866|IND-000867,0.665
IND-000946,Shahdol,Madhya Pradesh,1991,5693.092658,LINEAGE_BACKFILL,IND-000136|IND-000138|IND-000847|IND-000866|IND-000867,0.665
IND-000946,Shahdol,Madhya Pradesh,2001,5693.112476,LINEAGE_BACKFILL,IND-000136|IND-000138|IND-000847|IND-000866|IND-000867,0.7
IND-000946,Shahdol,Madhya Pradesh,2011,5693.088350809086,DIRECT,IND-000946,1.0
IND-000946,Shahdol,Madhya Pradesh,2021,5679.187027791719,DIRECT,IND-000946,1.0
IND-000946,Shahdol,Madhya Pradesh,2025,5680.676184632204,DIRECT,IND-000946,1.0
IND-001233,Shajapur,Madhya Pradesh,1951,3243.071238,LINEAGE_BACKFILL,IND-000032|IND-000033|IND-000034|IND-000040|IND-000456,0.665
IND-001233,Shajapur,Madhya Pradesh,1961,3243.071238,LINEAGE_BACKFILL,IND-000032|IND-000033|IND-000034|IND-000040|IND-000456,0.665
IND-001233,Shajapur,Madhya Pradesh,1971,3243.071238,LINEAGE_BACKFILL,IND-000032|IND-000033|IND-000034|IND-000040|IND-000456,0.665
IND-001233,Shajapur,Madhya Pradesh,1981,3243.064325,LINEAGE_BACKFILL,IND-000032|IND-000033|IND-000034|IND-000040|IND-000456,0.7
IND-001233,Shajapur,Madhya Pradesh,1991,3243.051353,LINEAGE_BACKFILL,IND-000032|IND-000033|IND-000034|IND-000040|IND-000456,0.7
IND-001233,Shajapur,Madhya Pradesh,2001,3243.051353,LINEAGE_BACKFILL,IND-000032|IND-000033|IND-000034|IND-000040|IND-000456,0.7
IND-001233,Shajapur,Madhya Pradesh,2011,3250.731848,LINEAGE_BACKFILL,IND-000032|IND-000033|IND-000034|IND-000040|IND-000456,0.7
IND-001233,Shajapur,Madhya Pradesh,2021,3250.6465486747643,DIRECT,IND-001233,1.0
IND-001233,Shajapur,Madhya Pradesh,2025,3462.098310935541,DIRECT,IND-001233,1.0
IND-000862,Sheopur,Madhya Pradesh,1951,6616.536452,LINEAGE_BACKFILL,IND-000029,0.7
IND-000862,Sheopur,Madhya Pradesh,1961,6616.536452,LINEAGE_BACKFILL,IND-000029,0.7
IND-000862,Sheopur,Madhya Pradesh,1971,6616.536452,LINEAGE_BACKFILL,IND-000029,0.7
IND-000862,Sheopur,Madhya Pradesh,1981,6616.550246,LINEAGE_BACKFILL,IND-000029,0.7
IND-000862,Sheopur,Madhya Pradesh,1991,6616.560761,LINEAGE_BACKFILL,IND-000029,0.7
IND-000862,Sheopur,Madhya Pradesh,2001,6616.825656285473,DIRECT,IND-000862,1.0
IND-000862,Sheopur,Madhya Pradesh,2011,6663.473386999135,DIRECT,IND-000862,1.0
IND-000862,Sheopur,Madhya Pradesh,2021,6607.215942635953,DIRECT,IND-000862,1.0
IND-000862,Sheopur,Madhya Pradesh,2025,6607.369310643662,DIRECT,IND-000862,1.0
IND-000948,Sidhi,Madhya Pradesh,1951,4674.607262,LINEAGE_BACKFILL,IND-000137|IND-000138|IND-000847|IND-000867,0.665
IND-000948,Sidhi,Madhya Pradesh,1961,4674.607262,LINEAGE_BACKFILL,IND-000137|IND-000138|IND-000847|IND-000867,0.665
IND-000948,Sidhi,Madhya Pradesh,1971,4674.607262,LINEAGE_BACKFILL,IND-000137|IND-000138|IND-000847|IND-000867,0.665
IND-000948,Sidhi,Madhya Pradesh,1981,4674.607677,LINEAGE_BACKFILL,IND-000137|IND-000138|IND-000847|IND-000867,0.665
IND-000948,Sidhi,Madhya Pradesh,1991,4674.588342,LINEAGE_BACKFILL,IND-000137|IND-000138|IND-000847|IND-000867,0.665
IND-000948,Sidhi,Madhya Pradesh,2001,4674.588421,LINEAGE_BACKFILL,IND-000137|IND-000138|IND-000847|IND-000867,0.7
IND-000948,Sidhi,Madhya Pradesh,2011,4674.851609319472,DIRECT,IND-000948,1.0
IND-000948,Sidhi,Madhya Pradesh,2021,4775.395592428433,DIRECT,IND-000948,1.0
IND-000948,Sidhi,Madhya Pradesh,2025,4775.730353926129,DIRECT,IND-000948,1.0
IND-000949,Singrauli,Madhya Pradesh,1951,5769.833951,LINEAGE_BACKFILL,IND-000138|IND-000607|IND-000610|IND-000847|IND-000848,0.595
IND-000949,Singrauli,Madhya Pradesh,1961,5764.684419,LINEAGE_BACKFILL,IND-000138|IND-000607|IND-000610|IND-000847|IND-000848,0.595
IND-000949,Singrauli,Madhya Pradesh,1971,5764.684419,LINEAGE_BACKFILL,IND-000138|IND-000607|IND-000610|IND-000847|IND-000848,0.595
IND-000949,Singrauli,Madhya Pradesh,1981,5764.684936,LINEAGE_BACKFILL,IND-000138|IND-000607|IND-000610|IND-000847|IND-000848,0.595
IND-000949,Singrauli,Madhya Pradesh,1991,5764.66311,LINEAGE_BACKFILL,IND-000138|IND-000607|IND-000610|IND-000847|IND-000848,0.665
IND-000949,Singrauli,Madhya Pradesh,2001,5764.663328,LINEAGE_BACKFILL,IND-000138|IND-000607|IND-000610|IND-000847|IND-000848,0.7
IND-000949,Singrauli,Madhya Pradesh,2011,5764.657793425316,DIRECT,IND-000949,1.0
IND-000949,Singrauli,Madhya Pradesh,2021,5744.255747819059,DIRECT,IND-000949,1.0
IND-000949,Singrauli,Madhya Pradesh,2025,5766.051679097957,DIRECT,IND-000949,1.0
IND-001232,Tikamgarh,Madhya Pradesh,1951,3730.717024,LINEAGE_BACKFILL,IND-000133|IND-000134|IND-000508|IND-000509,0.665
IND-001232,Tikamgarh,Madhya Pradesh,1961,3730.717024,LINEAGE_BACKFILL,IND-000133|IND-000134|IND-000508|IND-000509,0.665
IND-001232,Tikamgarh,Madhya Pradesh,1971,3730.717024,LINEAGE_BACKFILL,IND-000133|IND-000134|IND-000508|IND-000509,0.665
IND-001232,Tikamgarh,Madhya Pradesh,1981,3730.720467,LINEAGE_BACKFILL,IND-000133|IND-000134|IND-000508|IND-000509,0.7
IND-001232,Tikamgarh,Madhya Pradesh,1991,3730.700128,LINEAGE_BACKFILL,IND-000133|IND-000134|IND-000508|IND-000509,0.7
IND-001232,Tikamgarh,Madhya Pradesh,2001,3730.700128,LINEAGE_BACKFILL,IND-000133|IND-000134|IND-000508|IND-000509,0.7
IND-001232,Tikamgarh,Madhya Pradesh,2011,3716.987157,LINEAGE_BACKFILL,IND-000133|IND-000134|IND-000508|IND-000509,0.7
IND-001232,Tikamgarh,Madhya Pradesh,2021,3717.3485244091794,DIRECT,IND-001232,1.0
IND-001232,Tikamgarh,Madhya Pradesh,2025,3723.091905520577,DIRECT,IND-001232,1.0
IND-000866,Umaria,Madhya Pradesh,1951,4583.943236,LINEAGE_BACKFILL,IND-000139,0.95
IND-000866,Umaria,Madhya Pradesh,1961,4583.943236,LINEAGE_BACKFILL,IND-000139,0.95
IND-000866,Umaria,Madhya Pradesh,1971,4583.943236,LINEAGE_BACKFILL,IND-000139,0.95
IND-000866,Umaria,Madhya Pradesh,1981,4583.946351,LINEAGE_BACKFILL,IND-000139,0.95
IND-000866,Umaria,Madhya Pradesh,1991,4583.955227,LINEAGE_BACKFILL,IND-000139,0.95
IND-000866,Umaria,Madhya Pradesh,2001,4584.062914005914,DIRECT,IND-000866,1.0
IND-000866,Umaria,Madhya Pradesh,2011,4699.692990984592,DIRECT,IND-000866,1.0
IND-000866,Umaria,Madhya Pradesh,2021,4566.571076236668,DIRECT,IND-000866,1.0
IND-000866,Umaria,Madhya Pradesh,2025,4578.329716804657,DIRECT,IND-000866,1.0
IND-000178,Wardha,Madhya Pradesh,1951,6311.503203095217,DIRECT,IND-000178,1.0
IND-000178,Wardha,Madhya Pradesh,1961,6311.503203095217,DIRECT,IND-000178,1.0
IND-000178,Wardha,Madhya Pradesh,1971,6311.503203095217,DIRECT,IND-000178,1.0
IND-000178,Wardha,Madhya Pradesh,1981,6311.488080496239,DIRECT,IND-000178,1.0
IND-000178,Wardha,Madhya Pradesh,1991,6311.499315661637,DIRECT,IND-000178,1.0
IND-000178,Wardha,Madhya Pradesh,2001,6311.499315661637,DIRECT,IND-000178,1.0
IND-000178,Wardha,Madhya Pradesh,2011,6307.742746548214,DIRECT,IND-000178,1.0
IND-000178,Wardha,Madhya Pradesh,2021,6308.767842087773,DIRECT,IND-000178,1.0
IND-000178,Wardha,Madhya Pradesh,2025,6307.571095611186,DIRECT,IND-000178,1.0
IND-000870,West Nimar,Madhya Pradesh,1951,8130.757491,LINEAGE_BACKFILL,IND-000043,0.7
IND-000870,West Nimar,Madhya Pradesh,1961,8130.757491,LINEAGE_BACKFILL,IND-000043,0.7
IND-000870,West Nimar,Madhya Pradesh,1971,8130.757491,LINEAGE_BACKFILL,IND-000043,0.7
IND-000870,West Nimar,Madhya Pradesh,1981,8130.758283,LINEAGE_BACKFILL,IND-000043,0.7
IND-000870,West Nimar,Madhya Pradesh,1991,8130.758319,LINEAGE_BACKFILL,IND-000043,0.7
IND-000870,West Nimar,Madhya Pradesh,2001,8131.195343771079,DIRECT,IND-000870,1.0
IND-000870,West Nimar,Madhya Pradesh,2011,8243.706275409639,DIRECT,IND-000870,1.0
IND-000870,West Nimar,Madhya Pradesh,2021,8021.037657527452,DIRECT,IND-000870,1.0
IND-000870,West Nimar,Madhya Pradesh,2025,8026.519961026939,DIRECT,IND-000870,1.0
IND-000196,Yeotmal,Madhya Pradesh,1951,13585.447565151691,DIRECT,IND-000196,1.0
IND-000196,Yeotmal,Madhya Pradesh,1961,13585.447565151691,DIRECT,IND-000196,1.0
IND-000196,Yeotmal,Madhya Pradesh,1971,13585.447565151691,DIRECT,IND-000196,1.0
IND-000196,Yeotmal,Madhya Pradesh,1981,13585.25403024448,DIRECT,IND-000196,1.0
IND-000196,Yeotmal,Madhya Pradesh,1991,13585.3808862822,DIRECT,IND-000196,1.0
IND-000196,Yeotmal,Madhya Pradesh,2001,13585.3808862822,DIRECT,IND-000196,1.0
IND-000196,Yeotmal,Madhya Pradesh,2011,13595.05692596493,DIRECT,IND-000196,1.0
IND-000196,Yeotmal,Madhya Pradesh,2021,13584.149315274715,DIRECT,IND-000196,1.0
IND-000196,Yeotmal,Madhya Pradesh,2025,13584.98196688944,DIRECT,IND-000196,1.0
IND-000896,Akola,Maharashtra,1951,5557.895507,LINEAGE_BACKFILL,IND-000197,0.95
IND-000896,Akola,Maharashtra,1961,5557.895507,LINEAGE_BACKFILL,IND-000197,0.95
IND-000896,Akola,Maharashtra,1971,5557.895507,LINEAGE_BACKFILL,IND-000197,0.95
IND-000896,Akola,Maharashtra,1981,5557.889189,LINEAGE_BACKFILL,IND-000197,0.95
IND-000896,Akola,Maharashtra,1991,5557.908603,LINEAGE_BACKFILL,IND-000197,0.95
IND-000896,Akola,Maharashtra,2001,5557.947124413568,DIRECT,IND-000896,1.0
IND-000896,Akola,Maharashtra,2011,5444.895159892811,DIRECT,IND-000896,1.0
IND-000896,Akola,Maharashtra,2021,5429.008842722086,DIRECT,IND-000896,1.0
IND-000896,Akola,Maharashtra,2025,5440.137867109612,DIRECT,IND-000896,1.0
IND-000646,Aurangabad,Maharashtra,1951,9236.155727,LINEAGE_BACKFILL,IND-000008,0.95
IND-000646,Aurangabad,Maharashtra,1961,9236.155727,LINEAGE_BACKFILL,IND-000008,0.95
IND-000646,Aurangabad,Maharashtra,1971,9236.155727,LINEAGE_BACKFILL,IND-000008,0.95
IND-000646,Aurangabad,Maharashtra,1981,10062.477654,LINEAGE_BACKFILL,IND-000008,0.95
IND-000646,Aurangabad,Maharashtra,1991,10062.67143043661,DIRECT,IND-000646,1.0
IND-000646,Aurangabad,Maharashtra,2001,10062.67143043661,DIRECT,IND-000646,1.0
IND-000646,Aurangabad,Maharashtra,2011,10173.050542240597,DIRECT,IND-000646,1.0
IND-000646,Aurangabad,Maharashtra,2021,10167.288328357452,DIRECT,IND-000646,1.0
IND-000646,Aurangabad,Maharashtra,2025,10122.191950484052,DIRECT,IND-000646,1.0
IND-000898,Bhandara,Maharashtra,1951,4154.318422,LINEAGE_BACKFILL,IND-000182,0.95
IND-000898,Bhandara,Maharashtra,1961,4154.318422,LINEAGE_BACKFILL,IND-000182,0.95
IND-000898,Bhandara,Maharashtra,1971,4154.318422,LINEAGE_BACKFILL,IND-000182,0.95
IND-000898,Bhandara,Maharashtra,1981,4154.316257,LINEAGE_BACKFILL,IND-000182,0.95
IND-000898,Bhandara,Maharashtra,1991,4154.319721,LINEAGE_BACKFILL,IND-000182,0.95
IND-000898,Bhandara,Maharashtra,2001,4154.405991664697,DIRECT,IND-000898,1.0
IND-000898,Bhandara,Maharashtra,2011,4079.681935442344,DIRECT,IND-000898,1.0
IND-000898,Bhandara,Maharashtra,2021,4023.677451997338,DIRECT,IND-000898,1.0
IND-000898,Bhandara,Maharashtra,2025,4137.3779161443435,DIRECT,IND-000898,1.0
IND-000905,Bid,Maharashtra,1951,10241.28997,LINEAGE_BACKFILL,IND-000647,0.49
IND-000905,Bid,Maharashtra,1961,10241.28997,LINEAGE_BACKFILL,IND-000647,0.49
IND-000905,Bid,Maharashtra,1971,10241.28997,LINEAGE_BACKFILL,IND-000647,0.49
IND-000905,Bid,Maharashtra,1981,10420.707883,LINEAGE_BACKFILL,IND-000647,0.49
IND-000905,Bid,Maharashtra,1991,10420.917172,LINEAGE_BACKFILL,IND-000647,0.7
IND-000905,Bid,Maharashtra,2001,10421.376533166633,DIRECT,IND-000905,1.0
IND-000905,Bid,Maharashtra,2011,10641.279192550825,DIRECT,IND-000905,1.0
IND-000905,Bid,Maharashtra,2021,10603.947580828304,DIRECT,IND-000905,1.0
IND-000905,Bid,Maharashtra,2025,10607.299018328113,DIRECT,IND-000905,1.0
IND-000648,Chandrapur,Maharashtra,1951,10181.03111,LINEAGE_BACKFILL,IND-000179,0.7
IND-000648,Chandrapur,Maharashtra,1961,10759.967837,LINEAGE_BACKFILL,IND-000179,0.7
IND-000648,Chandrapur,Maharashtra,1971,10759.967837,LINEAGE_BACKFILL,IND-000179,0.7
IND-000648,Chandrapur,Maharashtra,1981,10759.997397,LINEAGE_BACKFILL,IND-000179,0.7
IND-000648,Chandrapur,Maharashtra,1991,10760.140039041546,DIRECT,IND-000648,1.0
IND-000648,Chandrapur,Maharashtra,2001,11317.53201967198,DIRECT,IND-000648,1.0
IND-000648,Chandrapur,Maharashtra,2011,11341.804656418126,DIRECT,IND-000648,1.0
IND-000648,Chandrapur,Maharashtra,2021,11355.185616017794,DIRECT,IND-000648,1.0
IND-000648,Chandrapur,Maharashtra,2025,11364.408022145277,DIRECT,IND-000648,1.0
IND-000895,Dhule,Maharashtra,1951,7136.907038,LINEAGE_BACKFILL,IND-000159,0.7
IND-000895,Dhule,Maharashtra,1961,7136.907038,LINEAGE_BACKFILL,IND-000159,0.7
IND-000895,Dhule,Maharashtra,1971,7136.907038,LINEAGE_BACKFILL,IND-000159,0.7
IND-000895,Dhule,Maharashtra,1981,7136.912524,LINEAGE_BACKFILL,IND-000159,0.7
IND-000895,Dhule,Maharashtra,1991,7136.910846,LINEAGE_BACKFILL,IND-000159,0.7
IND-000895,Dhule,Maharashtra,2001,7137.225840588018,DIRECT,IND-000895,1.0
IND-000895,Dhule,Maharashtra,2011,7143.079845999151,DIRECT,IND-000895,1.0
IND-000895,Dhule,Maharashtra,2021,7188.477495986507,DIRECT,IND-000895,1.0
IND-000895,Dhule,Maharashtra,2025,7188.686324441857,DIRECT,IND-000895,1.0
IND-000649,Gadchiroli,Maharashtra,1951,13753.437553,LINEAGE_BACKFILL,IND-000179,0.7
IND-000649,Gadchiroli,Maharashtra,1961,14535.516502,LINEAGE_BACKFILL,IND-000179,0.7
IND-000649,Gadchiroli,Maharashtra,1971,14535.516502,LINEAGE_BACKFILL,IND-000179,0.7
IND-000649,Gadchiroli,Maharashtra,1981,14535.556434,LINEAGE_BACKFILL,IND-000179,0.7
IND-000649,Gadchiroli,Maharashtra,1991,14535.808890913504,DIRECT,IND-000649,1.0
IND-000649,Gadchiroli,Maharashtra,2001,14535.808890913504,DIRECT,IND-000649,1.0
IND-000649,Gadchiroli,Maharashtra,2011,14309.71800068748,DIRECT,IND-000649,1.0
IND-000649,Gadchiroli,Maharashtra,2021,14526.962083896378,DIRECT,IND-000649,1.0
IND-000649,Gadchiroli,Maharashtra,2025,14506.22458944124,DIRECT,IND-000649,1.0
IND-000899,Gondiya,Maharashtra,1951,5210.430238,LINEAGE_BACKFILL,IND-000182,0.95
IND-000899,Gondiya,Maharashtra,1961,5210.430238,LINEAGE_BACKFILL,IND-000182,0.95
IND-000899,Gondiya,Maharashtra,1971,5210.430238,LINEAGE_BACKFILL,IND-000182,0.95
IND-000899,Gondiya,Maharashtra,1981,5210.427523,LINEAGE_BACKFILL,IND-000182,0.95
IND-000899,Gondiya,Maharashtra,1991,5210.431868,LINEAGE_BACKFILL,IND-000182,0.95
IND-000899,Gondiya,Maharashtra,2001,5210.464201778636,DIRECT,IND-000899,1.0
IND-000899,Gondiya,Maharashtra,2011,5200.810464306253,DIRECT,IND-000899,1.0
IND-000899,Gondiya,Maharashtra,2021,5297.147121404072,DIRECT,IND-000899,1.0
IND-000899,Gondiya,Maharashtra,2025,5183.037384902718,DIRECT,IND-000899,1.0
IND-000900,Hingoli,Maharashtra,1951,4619.162297,LINEAGE_BACKFILL,IND-000460,0.665
IND-000900,Hingoli,Maharashtra,1961,4619.162297,LINEAGE_BACKFILL,IND-000460,0.665
IND-000900,Hingoli,Maharashtra,1971,4619.162297,LINEAGE_BACKFILL,IND-000460,0.665
IND-000900,Hingoli,Maharashtra,1981,4619.229516,LINEAGE_BACKFILL,IND-000460,0.95
IND-000900,Hingoli,Maharashtra,1991,4619.224044,LINEAGE_BACKFILL,IND-000460,0.95
IND-000900,Hingoli,Maharashtra,2001,4619.302082499568,DIRECT,IND-000900,1.0
IND-000900,Hingoli,Maharashtra,2011,4710.434586521334,DIRECT,IND-000900,1.0
IND-000900,Hingoli,Maharashtra,2021,4891.058230942961,DIRECT,IND-000900,1.0
IND-000900,Hingoli,Maharashtra,2025,4711.258708103556,DIRECT,IND-000900,1.0
IND-000902,Jalna,Maharashtra,1951,7022.202468,LINEAGE_BACKFILL,IND-000647|IND-000650,0.49
IND-000902,Jalna,Maharashtra,1961,7022.202468,LINEAGE_BACKFILL,IND-000647|IND-000650,0.49
IND-000902,Jalna,Maharashtra,1971,7022.202468,LINEAGE_BACKFILL,IND-000647|IND-000650,0.49
IND-000902,Jalna,Maharashtra,1981,7570.54466,LINEAGE_BACKFILL,IND-000647|IND-000650,0.49
IND-000902,Jalna,Maharashtra,1991,7570.768102,LINEAGE_BACKFILL,IND-000647|IND-000650,0.7
IND-000902,Jalna,Maharashtra,2001,7570.7739662734,DIRECT,IND-000902,1.0
IND-000902,Jalna,Maharashtra,2011,7636.174291032582,DIRECT,IND-000902,1.0
IND-000902,Jalna,Maharashtra,2021,7676.012806930058,DIRECT,IND-000902,1.0
IND-000902,Jalna,Maharashtra,2025,7676.809165651773,DIRECT,IND-000902,1.0
IND-000324,Kolhapur,Maharashtra,1951,8237.206384,LINEAGE_BACKFILL,IND-000167|IND-000173,0.7
IND-000324,Kolhapur,Maharashtra,1961,8237.178615313303,DIRECT,IND-000324,1.0
IND-000324,Kolhapur,Maharashtra,1971,8237.178615313303,DIRECT,IND-000324,1.0
IND-000324,Kolhapur,Maharashtra,1981,7819.626688034162,DIRECT,IND-000324,1.0
IND-000324,Kolhapur,Maharashtra,1991,7819.553571791387,DIRECT,IND-000324,1.0
IND-000324,Kolhapur,Maharashtra,2001,7819.553571791387,DIRECT,IND-000324,1.0
IND-000324,Kolhapur,Maharashtra,2011,7755.4120394548045,DIRECT,IND-000324,1.0
IND-000324,Kolhapur,Maharashtra,2021,7695.332416919136,DIRECT,IND-000324,1.0
IND-000324,Kolhapur,Maharashtra,2025,7676.351564811293,DIRECT,IND-000324,1.0
IND-000651,Latur,Maharashtra,1951,6670.97796,LINEAGE_BACKFILL,IND-000326,0.665
IND-000651,Latur,Maharashtra,1961,6671.041333,LINEAGE_BACKFILL,IND-000326,0.95
IND-000651,Latur,Maharashtra,1971,6671.041333,LINEAGE_BACKFILL,IND-000326,0.95
IND-000651,Latur,Maharashtra,1981,6671.058202,LINEAGE_BACKFILL,IND-000326,0.95
IND-000651,Latur,Maharashtra,1991,6671.299823554572,DIRECT,IND-000651,1.0
IND-000651,Latur,Maharashtra,2001,7298.659642278549,DIRECT,IND-000651,1.0
IND-000651,Latur,Maharashtra,2011,7131.298855674192,DIRECT,IND-000651,1.0
IND-000651,Latur,Maharashtra,2021,7197.352221877749,DIRECT,IND-000651,1.0
IND-000651,Latur,Maharashtra,2025,7203.762709250013,DIRECT,IND-000651,1.0
IND-001356,Mumbai City,Maharashtra,1951,27.503348,LINEAGE_BACKFILL,IND-001257,0.2401
IND-001356,Mumbai City,Maharashtra,1961,27.503348,LINEAGE_BACKFILL,IND-001257,0.2401
IND-001356,Mumbai City,Maharashtra,1971,27.503348,LINEAGE_BACKFILL,IND-001257,0.2401
IND-001356,Mumbai City,Maharashtra,1981,27.503351,LINEAGE_BACKFILL,IND-001257,0.2401
IND-001356,Mumbai City,Maharashtra,1991,27.504926,LINEAGE_BACKFILL,IND-001257,0.2401
IND-001356,Mumbai City,Maharashtra,2001,27.532995,LINEAGE_BACKFILL,IND-001257,0.343
IND-001356,Mumbai City,Maharashtra,2011,32.001069,LINEAGE_BACKFILL,IND-001257,0.49
IND-001356,Mumbai City,Maharashtra,2021,63.640053,LINEAGE_BACKFILL,IND-001257,0.7
IND-001356,Mumbai City,Maharashtra,2025,64.03909920319622,DIRECT,IND-001356,1.0
IND-001260,Mumbai Suburban,Maharashtra,1951,352.632359,LINEAGE_BACKFILL,IND-001076|IND-001077,0.343
IND-001260,Mumbai Suburban,Maharashtra,1961,352.632359,LINEAGE_BACKFILL,IND-001076|IND-001077,0.343
IND-001260,Mumbai Suburban,Maharashtra,1971,352.632359,LINEAGE_BACKFILL,IND-001076|IND-001077,0.343
IND-001260,Mumbai Suburban,Maharashtra,1981,352.632512,LINEAGE_BACKFILL,IND-001076|IND-001077,0.343
IND-001260,Mumbai Suburban,Maharashtra,1991,352.650249,LINEAGE_BACKFILL,IND-001076|IND-001077,0.343
IND-001260,Mumbai Suburban,Maharashtra,2001,352.698043,LINEAGE_BACKFILL,IND-001076|IND-001077,0.49
IND-001260,Mumbai Suburban,Maharashtra,2011,391.781102,LINEAGE_BACKFILL,IND-001076|IND-001077,0.7
IND-001260,Mumbai Suburban,Maharashtra,2021,435.9039521187654,DIRECT,IND-001260,1.0
IND-001260,Mumbai Suburban,Maharashtra,2025,431.7461208898917,DIRECT,IND-001260,1.0
IND-000325,Nanded,Maharashtra,1951,10612.117944,LINEAGE_BACKFILL,IND-000011|IND-000012,0.7
IND-000325,Nanded,Maharashtra,1961,10612.77090610512,DIRECT,IND-000325,1.0
IND-000325,Nanded,Maharashtra,1971,10612.77090610512,DIRECT,IND-000325,1.0
IND-000325,Nanded,Maharashtra,1981,10612.771673345584,DIRECT,IND-000325,1.0
IND-000325,Nanded,Maharashtra,1991,10612.8484760572,DIRECT,IND-000325,1.0
IND-000325,Nanded,Maharashtra,2001,10612.8484760572,DIRECT,IND-000325,1.0
IND-000325,Nanded,Maharashtra,2011,10598.864508146522,DIRECT,IND-000325,1.0
IND-000325,Nanded,Maharashtra,2021,10535.7965618153,DIRECT,IND-000325,1.0
IND-000325,Nanded,Maharashtra,2025,10532.34722107543,DIRECT,IND-000325,1.0
IND-000894,Nandurbar,Maharashtra,1951,6054.70606,LINEAGE_BACKFILL,IND-000159,0.7
IND-000894,Nandurbar,Maharashtra,1961,6054.70606,LINEAGE_BACKFILL,IND-000159,0.7
IND-000894,Nandurbar,Maharashtra,1971,6054.70606,LINEAGE_BACKFILL,IND-000159,0.7
IND-000894,Nandurbar,Maharashtra,1981,6054.710714,LINEAGE_BACKFILL,IND-000159,0.7
IND-000894,Nandurbar,Maharashtra,1991,6054.709291,LINEAGE_BACKFILL,IND-000159,0.7
IND-000894,Nandurbar,Maharashtra,2001,6054.796827098722,DIRECT,IND-000894,1.0
IND-000894,Nandurbar,Maharashtra,2011,5906.227601798413,DIRECT,IND-000894,1.0
IND-000894,Nandurbar,Maharashtra,2021,5963.637697741283,DIRECT,IND-000894,1.0
IND-000894,Nandurbar,Maharashtra,2025,5955.59833076714,DIRECT,IND-000894,1.0
IND-000652,Osmanabad,Maharashtra,1951,7687.101966,LINEAGE_BACKFILL,IND-000326,0.665
IND-000652,Osmanabad,Maharashtra,1961,7687.174992,LINEAGE_BACKFILL,IND-000326,0.95
IND-000652,Osmanabad,Maharashtra,1971,7687.174992,LINEAGE_BACKFILL,IND-000326,0.95
IND-000652,Osmanabad,Maharashtra,1981,7687.19443,LINEAGE_BACKFILL,IND-000326,0.95
IND-000652,Osmanabad,Maharashtra,1991,7687.532133853205,DIRECT,IND-000652,1.0
IND-000652,Osmanabad,Maharashtra,2001,7687.532133853205,DIRECT,IND-000652,1.0
IND-000652,Osmanabad,Maharashtra,2011,7613.681121249248,DIRECT,IND-000652,1.0
IND-000652,Osmanabad,Maharashtra,2021,7575.396262288486,DIRECT,IND-000652,1.0
IND-000652,Osmanabad,Maharashtra,2025,7576.702422488509,DIRECT,IND-000652,1.0
IND-001259,Palghar,Maharashtra,1951,5076.184316,LINEAGE_BACKFILL,IND-000156|IND-000160|IND-000893|IND-001075,0.2401
IND-001259,Palghar,Maharashtra,1961,5076.184316,LINEAGE_BACKFILL,IND-000156|IND-000160|IND-000893|IND-001075,0.2401
IND-001259,Palghar,Maharashtra,1971,5076.184844,LINEAGE_BACKFILL,IND-000156|IND-000160|IND-000893|IND-001075,0.343
IND-001259,Palghar,Maharashtra,1981,5076.199217,LINEAGE_BACKFILL,IND-000156|IND-000160|IND-000893|IND-001075,0.343
IND-001259,Palghar,Maharashtra,1991,5076.202046,LINEAGE_BACKFILL,IND-000156|IND-000160|IND-000893|IND-001075,0.343
IND-001259,Palghar,Maharashtra,2001,5076.20281,LINEAGE_BACKFILL,IND-000156|IND-000160|IND-000893|IND-001075,0.49
IND-001259,Palghar,Maharashtra,2011,5166.513585,LINEAGE_BACKFILL,IND-000156|IND-000160|IND-000893|IND-001075,0.7
IND-001259,Palghar,Maharashtra,2021,5169.629163909381,DIRECT,IND-001259,1.0
IND-001259,Palghar,Maharashtra,2025,5270.816372010988,DIRECT,IND-001259,1.0
IND-000901,Parbhani,Maharashtra,1951,6293.821688,LINEAGE_BACKFILL,IND-000460,0.665
IND-000901,Parbhani,Maharashtra,1961,6293.821688,LINEAGE_BACKFILL,IND-000460,0.665
IND-000901,Parbhani,Maharashtra,1971,6293.821688,LINEAGE_BACKFILL,IND-000460,0.665
IND-000901,Parbhani,Maharashtra,1981,6293.913277,LINEAGE_BACKFILL,IND-000460,0.95
IND-000901,Parbhani,Maharashtra,1991,6293.905821,LINEAGE_BACKFILL,IND-000460,0.95
IND-000901,Parbhani,Maharashtra,2001,6294.014167959786,DIRECT,IND-000901,1.0
IND-000901,Parbhani,Maharashtra,2011,6348.787045505832,DIRECT,IND-000901,1.0
IND-000901,Parbhani,Maharashtra,2021,6128.18160913852,DIRECT,IND-000901,1.0
IND-000901,Parbhani,Maharashtra,2025,6307.544203073068,DIRECT,IND-000901,1.0
IND-000653,Ratnagiri,Maharashtra,1951,8031.784436,LINEAGE_BACKFILL,IND-000171,0.95
IND-000653,Ratnagiri,Maharashtra,1961,8031.784436,LINEAGE_BACKFILL,IND-000171,0.95
IND-000653,Ratnagiri,Maharashtra,1971,8031.784436,LINEAGE_BACKFILL,IND-000171,0.95
IND-000653,Ratnagiri,Maharashtra,1981,8290.654593,LINEAGE_BACKFILL,IND-000171,0.95
IND-000653,Ratnagiri,Maharashtra,1991,8291.044321322439,DIRECT,IND-000653,1.0
IND-000653,Ratnagiri,Maharashtra,2001,8291.044321322439,DIRECT,IND-000653,1.0
IND-000653,Ratnagiri,Maharashtra,2011,8280.67655417974,DIRECT,IND-000653,1.0
IND-000653,Ratnagiri,Maharashtra,2021,8280.898391131916,DIRECT,IND-000653,1.0
IND-000653,Ratnagiri,Maharashtra,2025,8292.850892163644,DIRECT,IND-000653,1.0
IND-000654,Sindhudurg,Maharashtra,1951,4928.346875,LINEAGE_BACKFILL,IND-000171,0.95
IND-000654,Sindhudurg,Maharashtra,1961,4928.346875,LINEAGE_BACKFILL,IND-000171,0.95
IND-000654,Sindhudurg,Maharashtra,1971,4928.346875,LINEAGE_BACKFILL,IND-000171,0.95
IND-000654,Sindhudurg,Maharashtra,1981,5087.19102,LINEAGE_BACKFILL,IND-000171,0.95
IND-000654,Sindhudurg,Maharashtra,1991,5087.485402885069,DIRECT,IND-000654,1.0
IND-000654,Sindhudurg,Maharashtra,2001,5087.485402885069,DIRECT,IND-000654,1.0
IND-000654,Sindhudurg,Maharashtra,2011,5070.277116852596,DIRECT,IND-000654,1.0
IND-000654,Sindhudurg,Maharashtra,2021,5083.38694560703,DIRECT,IND-000654,1.0
IND-000654,Sindhudurg,Maharashtra,2025,5106.475553968324,DIRECT,IND-000654,1.0
IND-001258,Thane,Maharashtra,1951,4185.378119,LINEAGE_BACKFILL,IND-000156|IND-000157|IND-000162|IND-000166|IND-001076,0.343
IND-001258,Thane,Maharashtra,1961,4185.378119,LINEAGE_BACKFILL,IND-000156|IND-000157|IND-000162|IND-000166|IND-001076,0.343
IND-001258,Thane,Maharashtra,1971,4185.378119,LINEAGE_BACKFILL,IND-000156|IND-000157|IND-000162|IND-000166|IND-001076,0.343
IND-001258,Thane,Maharashtra,1981,4185.389905,LINEAGE_BACKFILL,IND-000156|IND-000157|IND-000162|IND-000166|IND-001076,0.343
IND-001258,Thane,Maharashtra,1991,4185.392566,LINEAGE_BACKFILL,IND-000156|IND-000157|IND-000162|IND-000166|IND-001076,0.343
IND-001258,Thane,Maharashtra,2001,4185.392962,LINEAGE_BACKFILL,IND-000156|IND-000157|IND-000162|IND-000166|IND-001076,0.49
IND-001258,Thane,Maharashtra,2011,4260.107402,LINEAGE_BACKFILL,IND-000156|IND-000157|IND-000162|IND-000166|IND-001076,0.7
IND-001258,Thane,Maharashtra,2021,4264.018141566036,DIRECT,IND-001258,1.0
IND-001258,Thane,Maharashtra,2025,4274.33522120568,DIRECT,IND-001258,1.0
IND-000897,Washim,Maharashtra,1951,5068.46472,LINEAGE_BACKFILL,IND-000197,0.95
IND-000897,Washim,Maharashtra,1961,5068.46472,LINEAGE_BACKFILL,IND-000197,0.95
IND-000897,Washim,Maharashtra,1971,5068.46472,LINEAGE_BACKFILL,IND-000197,0.95
IND-000897,Washim,Maharashtra,1981,5068.458958,LINEAGE_BACKFILL,IND-000197,0.95
IND-000897,Washim,Maharashtra,1991,5068.476663,LINEAGE_BACKFILL,IND-000197,0.95
IND-000897,Washim,Maharashtra,2001,5068.70750192437,DIRECT,IND-000897,1.0
IND-000897,Washim,Maharashtra,2011,5131.117923471737,DIRECT,IND-000897,1.0
IND-000897,Washim,Maharashtra,2021,5139.62142675542,DIRECT,IND-000897,1.0
IND-000897,Washim,Maharashtra,2025,5132.64314033714,DIRECT,IND-000897,1.0
IND-001323,Bishnupur,Manipur,1951,480.227048,LINEAGE_BACKFILL,IND-001157|IND-001158|IND-001159|IND-001161|IND-001164,0.1177
IND-001323,Bishnupur,Manipur,1961,480.227048,LINEAGE_BACKFILL,IND-001157|IND-001158|IND-001159|IND-001161|IND-001164,0.1177
IND-001323,Bishnupur,Manipur,1971,480.234203,LINEAGE_BACKFILL,IND-001157|IND-001158|IND-001159|IND-001161|IND-001164,0.1597
IND-001323,Bishnupur,Manipur,1981,480.238779,LINEAGE_BACKFILL,IND-001157|IND-001158|IND-001159|IND-001161|IND-001164,0.1681
IND-001323,Bishnupur,Manipur,1991,480.250065,LINEAGE_BACKFILL,IND-001157|IND-001158|IND-001159|IND-001161|IND-001164,0.2401
IND-001323,Bishnupur,Manipur,2001,480.599264,LINEAGE_BACKFILL,IND-001157|IND-001158|IND-001159|IND-001161|IND-001164,0.343
IND-001323,Bishnupur,Manipur,2011,479.600669,LINEAGE_BACKFILL,IND-001157|IND-001158|IND-001159|IND-001161|IND-001164,0.49
IND-001323,Bishnupur,Manipur,2021,480.294355,LINEAGE_BACKFILL,IND-001157|IND-001158|IND-001159|IND-001161|IND-001164,0.7
IND-001323,Bishnupur,Manipur,2025,480.29508305045846,DIRECT,IND-001323,1.0
IND-001160,Chandel,Manipur,1951,2064.653274,LINEAGE_BACKFILL,IND-000409|IND-000461|IND-001048,0.2166
IND-001160,Chandel,Manipur,1961,2064.653274,LINEAGE_BACKFILL,IND-000409|IND-000461|IND-001048,0.2166
IND-001160,Chandel,Manipur,1971,2064.689102,LINEAGE_BACKFILL,IND-000409|IND-000461|IND-001048,0.2281
IND-001160,Chandel,Manipur,1981,2064.719554,LINEAGE_BACKFILL,IND-000409|IND-000461|IND-001048,0.2401
IND-001160,Chandel,Manipur,1991,2064.719295,LINEAGE_BACKFILL,IND-000409|IND-000461|IND-001048,0.343
IND-001160,Chandel,Manipur,2001,2064.724296,LINEAGE_BACKFILL,IND-000409|IND-000461|IND-001048,0.49
IND-001160,Chandel,Manipur,2011,2083.458473,LINEAGE_BACKFILL,IND-000409|IND-000461|IND-001048,0.7
IND-001160,Chandel,Manipur,2021,2119.3248730280034,DIRECT,IND-001160,1.0
IND-001160,Chandel,Manipur,2025,1972.5298796087664,DIRECT,IND-001160,1.0
IND-001161,Churachandpur,Manipur,1951,2464.817117,LINEAGE_BACKFILL,IND-000408|IND-000409|IND-000461|IND-001047,0.2166
IND-001161,Churachandpur,Manipur,1961,2464.817117,LINEAGE_BACKFILL,IND-000408|IND-000409|IND-000461|IND-001047,0.2166
IND-001161,Churachandpur,Manipur,1971,2464.817625,LINEAGE_BACKFILL,IND-000408|IND-000409|IND-000461|IND-001047,0.2281
IND-001161,Churachandpur,Manipur,1981,2464.817663,LINEAGE_BACKFILL,IND-000408|IND-000409|IND-000461|IND-001047,0.2401
IND-001161,Churachandpur,Manipur,1991,2464.822394,LINEAGE_BACKFILL,IND-000408|IND-000409|IND-000461|IND-001047,0.343
IND-001161,Churachandpur,Manipur,2001,2464.824352,LINEAGE_BACKFILL,IND-000408|IND-000409|IND-000461|IND-001047,0.49
IND-001161,Churachandpur,Manipur,2011,2429.274832,LINEAGE_BACKFILL,IND-000408|IND-000409|IND-000461|IND-001047,0.7
IND-001161,Churachandpur,Manipur,2021,2456.5378123464147,DIRECT,IND-001161,1.0
IND-001161,Churachandpur,Manipur,2025,2435.6649304975745,DIRECT,IND-001161,1.0
IND-001350,Imphal East,Manipur,1951,431.227716,LINEAGE_BACKFILL,IND-001157|IND-001162|IND-001164|IND-001165,0.1177
IND-001350,Imphal East,Manipur,1961,431.227716,LINEAGE_BACKFILL,IND-001157|IND-001162|IND-001164|IND-001165,0.1177
IND-001350,Imphal East,Manipur,1971,431.234377,LINEAGE_BACKFILL,IND-001157|IND-001162|IND-001164|IND-001165,0.1597
IND-001350,Imphal East,Manipur,1981,431.237199,LINEAGE_BACKFILL,IND-001157|IND-001162|IND-001164|IND-001165,0.1681
IND-001350,Imphal East,Manipur,1991,431.24637,LINEAGE_BACKFILL,IND-001157|IND-001162|IND-001164|IND-001165,0.2401
IND-001350,Imphal East,Manipur,2001,435.023949,LINEAGE_BACKFILL,IND-001157|IND-001162|IND-001164|IND-001165,0.343
IND-001350,Imphal East,Manipur,2011,432.857398,LINEAGE_BACKFILL,IND-001157|IND-001162|IND-001164|IND-001165,0.49
IND-001350,Imphal East,Manipur,2021,432.867542,LINEAGE_BACKFILL,IND-001157|IND-001162|IND-001164|IND-001165,0.7
IND-001350,Imphal East,Manipur,2025,432.8577832388972,DIRECT,IND-001350,1.0
IND-001330,Imphal West,Manipur,1951,486.512488,LINEAGE_BACKFILL,IND-001157|IND-001159|IND-001162|IND-001164|IND-001165,0.1177
IND-001330,Imphal West,Manipur,1961,486.512488,LINEAGE_BACKFILL,IND-001157|IND-001159|IND-001162|IND-001164|IND-001165,0.1177
IND-001330,Imphal West,Manipur,1971,486.52059,LINEAGE_BACKFILL,IND-001157|IND-001159|IND-001162|IND-001164|IND-001165,0.1597
IND-001330,Imphal West,Manipur,1981,486.525079,LINEAGE_BACKFILL,IND-001157|IND-001159|IND-001162|IND-001164|IND-001165,0.1681
IND-001330,Imphal West,Manipur,1991,486.539014,LINEAGE_BACKFILL,IND-001157|IND-001159|IND-001162|IND-001164|IND-001165,0.2401
IND-001330,Imphal West,Manipur,2001,488.341014,LINEAGE_BACKFILL,IND-001157|IND-001159|IND-001162|IND-001164|IND-001165,0.343
IND-001330,Imphal West,Manipur,2011,487.40209,LINEAGE_BACKFILL,IND-001157|IND-001159|IND-001162|IND-001164|IND-001165,0.49
IND-001330,Imphal West,Manipur,2021,487.411801,LINEAGE_BACKFILL,IND-001157|IND-001159|IND-001162|IND-001164|IND-001165,0.7
IND-001330,Imphal West,Manipur,2025,487.51684494822183,DIRECT,IND-001330,1.0
IND-001351,Jiribam,Manipur,1951,295.467616,LINEAGE_BACKFILL,IND-001156|IND-001163|IND-001168,0.1177
IND-001351,Jiribam,Manipur,1961,295.467617,LINEAGE_BACKFILL,IND-001156|IND-001163|IND-001168,0.1177
IND-001351,Jiribam,Manipur,1971,295.469912,LINEAGE_BACKFILL,IND-001156|IND-001163|IND-001168,0.1597
IND-001351,Jiribam,Manipur,1981,295.47122,LINEAGE_BACKFILL,IND-001156|IND-001163|IND-001168,0.1681
IND-001351,Jiribam,Manipur,1991,295.475497,LINEAGE_BACKFILL,IND-001156|IND-001163|IND-001168,0.2401
IND-001351,Jiribam,Manipur,2001,296.047112,LINEAGE_BACKFILL,IND-001156|IND-001163|IND-001168,0.343
IND-001351,Jiribam,Manipur,2011,294.584517,LINEAGE_BACKFILL,IND-001156|IND-001163|IND-001168,0.49
IND-001351,Jiribam,Manipur,2021,294.591866,LINEAGE_BACKFILL,IND-001156|IND-001163|IND-001168,0.7
IND-001351,Jiribam,Manipur,2025,294.89841126883795,DIRECT,IND-001351,1.0
IND-001362,Kakching,Manipur,1951,317.622017,LINEAGE_BACKFILL,IND-001157|IND-001158|IND-001159|IND-001160|IND-001166,0.1177
IND-001362,Kakching,Manipur,1961,317.622017,LINEAGE_BACKFILL,IND-001157|IND-001158|IND-001159|IND-001160|IND-001166,0.1177
IND-001362,Kakching,Manipur,1971,317.627491,LINEAGE_BACKFILL,IND-001157|IND-001158|IND-001159|IND-001160|IND-001166,0.1597
IND-001362,Kakching,Manipur,1981,317.6314,LINEAGE_BACKFILL,IND-001157|IND-001158|IND-001159|IND-001160|IND-001166,0.1681
IND-001362,Kakching,Manipur,1991,317.639686,LINEAGE_BACKFILL,IND-001157|IND-001158|IND-001159|IND-001160|IND-001166,0.2401
IND-001362,Kakching,Manipur,2001,317.730663,LINEAGE_BACKFILL,IND-001157|IND-001158|IND-001159|IND-001160|IND-001166,0.343
IND-001362,Kakching,Manipur,2011,318.573678,LINEAGE_BACKFILL,IND-001157|IND-001158|IND-001159|IND-001160|IND-001166,0.49
IND-001362,Kakching,Manipur,2021,320.013703,LINEAGE_BACKFILL,IND-001157|IND-001158|IND-001159|IND-001160|IND-001166,0.7
IND-001362,Kakching,Manipur,2025,320.0573067291498,DIRECT,IND-001362,1.0
IND-001154,Kamjong,Manipur,1951,2327.064815,LINEAGE_BACKFILL,IND-000407|IND-000411|IND-000461,0.4655
IND-001154,Kamjong,Manipur,1961,2327.064815,LINEAGE_BACKFILL,IND-000407|IND-000411|IND-000461,0.4655
IND-001154,Kamjong,Manipur,1971,2327.099986,LINEAGE_BACKFILL,IND-000407|IND-000411|IND-000461,0.49
IND-001154,Kamjong,Manipur,1981,2327.100042,LINEAGE_BACKFILL,IND-000407|IND-000411|IND-000461,0.7
IND-001154,Kamjong,Manipur,1991,2327.091541,LINEAGE_BACKFILL,IND-000407|IND-000411|IND-000461,0.7
IND-001154,Kamjong,Manipur,2001,2327.247544,LINEAGE_BACKFILL,IND-000407|IND-000411|IND-000461,0.7
IND-001154,Kamjong,Manipur,2011,2303.941166,LINEAGE_BACKFILL,IND-000407|IND-000411|IND-000461,0.7
IND-001154,Kamjong,Manipur,2021,2314.207463754554,DIRECT,IND-001154,1.0
IND-001154,Kamjong,Manipur,2025,2382.4036460154,DIRECT,IND-001154,1.0
IND-001361,Kangpokpi,Manipur,1951,1727.08464,LINEAGE_BACKFILL,IND-001154|IND-001155|IND-001156|IND-001157|IND-001161|IND-001162|IND-001164|IND-001165|IND-001167|IND-001168,0.1177
IND-001361,Kangpokpi,Manipur,1961,1727.084647,LINEAGE_BACKFILL,IND-001154|IND-001155|IND-001156|IND-001157|IND-001161|IND-001162|IND-001164|IND-001165|IND-001167|IND-001168,0.1177
IND-001361,Kangpokpi,Manipur,1971,1727.107445,LINEAGE_BACKFILL,IND-001154|IND-001155|IND-001156|IND-001157|IND-001161|IND-001162|IND-001164|IND-001165|IND-001167|IND-001168,0.1597
IND-001361,Kangpokpi,Manipur,1981,1727.109103,LINEAGE_BACKFILL,IND-001154|IND-001155|IND-001156|IND-001157|IND-001161|IND-001162|IND-001164|IND-001165|IND-001167|IND-001168,0.1681
IND-001361,Kangpokpi,Manipur,1991,1727.112643,LINEAGE_BACKFILL,IND-001154|IND-001155|IND-001156|IND-001157|IND-001161|IND-001162|IND-001164|IND-001165|IND-001167|IND-001168,0.2401
IND-001361,Kangpokpi,Manipur,2001,1752.688018,LINEAGE_BACKFILL,IND-001154|IND-001155|IND-001156|IND-001157|IND-001161|IND-001162|IND-001164|IND-001165|IND-001167|IND-001168,0.343
IND-001361,Kangpokpi,Manipur,2011,1731.422343,LINEAGE_BACKFILL,IND-001154|IND-001155|IND-001156|IND-001157|IND-001161|IND-001162|IND-001164|IND-001165|IND-001167|IND-001168,0.49
IND-001361,Kangpokpi,Manipur,2021,1731.731781,LINEAGE_BACKFILL,IND-001154|IND-001155|IND-001156|IND-001157|IND-001161|IND-001162|IND-001164|IND-001165|IND-001167|IND-001168,0.7
IND-001361,Kangpokpi,Manipur,2025,1732.1235635815435,DIRECT,IND-001361,1.0
IND-001168,Noney,Manipur,1951,1217.997265,LINEAGE_BACKFILL,IND-000407|IND-000408|IND-000409,0.665
IND-001168,Noney,Manipur,1961,1217.997265,LINEAGE_BACKFILL,IND-000407|IND-000408|IND-000409,0.665
IND-001168,Noney,Manipur,1971,1218.001548,LINEAGE_BACKFILL,IND-000407|IND-000408|IND-000409,0.7
IND-001168,Noney,Manipur,1981,1218.001475,LINEAGE_BACKFILL,IND-000407|IND-000408|IND-000409,0.7
IND-001168,Noney,Manipur,1991,1218.000972,LINEAGE_BACKFILL,IND-000407|IND-000408|IND-000409,0.7
IND-001168,Noney,Manipur,2001,1219.073236,LINEAGE_BACKFILL,IND-000407|IND-000408|IND-000409,0.7
IND-001168,Noney,Manipur,2011,1217.048087,LINEAGE_BACKFILL,IND-000407|IND-000408|IND-000409,0.7
IND-001168,Noney,Manipur,2021,1217.0130097569463,DIRECT,IND-001168,1.0
IND-001168,Noney,Manipur,2025,1178.9419778647907,DIRECT,IND-001168,1.0
IND-001169,Pherzawl,Manipur,1951,2148.580299,LINEAGE_BACKFILL,IND-000408|IND-000409|IND-000807|IND-001051|IND-001052,0.2401
IND-001169,Pherzawl,Manipur,1961,2148.580299,LINEAGE_BACKFILL,IND-000408|IND-000409|IND-000807|IND-001051|IND-001052,0.2401
IND-001169,Pherzawl,Manipur,1971,2148.580411,LINEAGE_BACKFILL,IND-000408|IND-000409|IND-000807|IND-001051|IND-001052,0.3258
IND-001169,Pherzawl,Manipur,1981,2148.580351,LINEAGE_BACKFILL,IND-000408|IND-000409|IND-000807|IND-001051|IND-001052,0.343
IND-001169,Pherzawl,Manipur,1991,2148.584558,LINEAGE_BACKFILL,IND-000408|IND-000409|IND-000807|IND-001051|IND-001052,0.4655
IND-001169,Pherzawl,Manipur,2001,2148.585003,LINEAGE_BACKFILL,IND-000408|IND-000409|IND-000807|IND-001051|IND-001052,0.49
IND-001169,Pherzawl,Manipur,2011,2117.704538,LINEAGE_BACKFILL,IND-000408|IND-000409|IND-000807|IND-001051|IND-001052,0.7
IND-001169,Pherzawl,Manipur,2021,2121.610102299944,DIRECT,IND-001169,1.0
IND-001169,Pherzawl,Manipur,2025,2145.347314007402,DIRECT,IND-001169,1.0
IND-001155,Senapati,Manipur,1951,1747.68448,LINEAGE_BACKFILL,IND-000407|IND-000408|IND-000411|IND-000472|IND-001045|IND-001046,0.1681
IND-001155,Senapati,Manipur,1961,1747.684717,LINEAGE_BACKFILL,IND-000407|IND-000408|IND-000411|IND-000472|IND-001045|IND-001046,0.1681
IND-001155,Senapati,Manipur,1971,1747.709658,LINEAGE_BACKFILL,IND-000407|IND-000408|IND-000411|IND-000472|IND-001045|IND-001046,0.2401
IND-001155,Senapati,Manipur,1981,1747.710014,LINEAGE_BACKFILL,IND-000407|IND-000408|IND-000411|IND-000472|IND-001045|IND-001046,0.2401
IND-001155,Senapati,Manipur,1991,1747.704265,LINEAGE_BACKFILL,IND-000407|IND-000408|IND-000411|IND-000472|IND-001045|IND-001046,0.343
IND-001155,Senapati,Manipur,2001,1780.82612,LINEAGE_BACKFILL,IND-000407|IND-000408|IND-000411|IND-000472|IND-001045|IND-001046,0.49
IND-001155,Senapati,Manipur,2011,1753.395407,LINEAGE_BACKFILL,IND-000407|IND-000408|IND-000411|IND-000472|IND-001045|IND-001046,0.7
IND-001155,Senapati,Manipur,2021,1753.370638038676,DIRECT,IND-001155,1.0
IND-001155,Senapati,Manipur,2025,1749.815677709446,DIRECT,IND-001155,1.0
IND-001156,Tamenglong,Manipur,1951,3147.80255,LINEAGE_BACKFILL,IND-000407|IND-000408|IND-000409|IND-000806|IND-000807|IND-001046|IND-001050,0.1681
IND-001156,Tamenglong,Manipur,1961,3147.802663,LINEAGE_BACKFILL,IND-000407|IND-000408|IND-000409|IND-000806|IND-000807|IND-001046|IND-001050,0.1681
IND-001156,Tamenglong,Manipur,1971,3147.81571,LINEAGE_BACKFILL,IND-000407|IND-000408|IND-000409|IND-000806|IND-000807|IND-001046|IND-001050,0.2281
IND-001156,Tamenglong,Manipur,1981,3147.816236,LINEAGE_BACKFILL,IND-000407|IND-000408|IND-000409|IND-000806|IND-000807|IND-001046|IND-001050,0.2401
IND-001156,Tamenglong,Manipur,1991,3147.816482,LINEAGE_BACKFILL,IND-000407|IND-000408|IND-000409|IND-000806|IND-000807|IND-001046|IND-001050,0.343
IND-001156,Tamenglong,Manipur,2001,3150.286597,LINEAGE_BACKFILL,IND-000407|IND-000408|IND-000409|IND-000806|IND-000807|IND-001046|IND-001050,0.49
IND-001156,Tamenglong,Manipur,2011,3150.85091,LINEAGE_BACKFILL,IND-000407|IND-000408|IND-000409|IND-000806|IND-000807|IND-001046|IND-001050,0.7
IND-001156,Tamenglong,Manipur,2021,3150.8760670180172,DIRECT,IND-001156,1.0
IND-001156,Tamenglong,Manipur,2025,3017.137566103293,DIRECT,IND-001156,1.0
IND-001360,Tengnoupal,Manipur,1951,1202.716268,LINEAGE_BACKFILL,IND-001154|IND-001158|IND-001160|IND-001164|IND-001165|IND-001166,0.1177
IND-001360,Tengnoupal,Manipur,1961,1202.716268,LINEAGE_BACKFILL,IND-001154|IND-001158|IND-001160|IND-001164|IND-001165|IND-001166,0.1177
IND-001360,Tengnoupal,Manipur,1971,1202.737111,LINEAGE_BACKFILL,IND-001154|IND-001158|IND-001160|IND-001164|IND-001165|IND-001166,0.1597
IND-001360,Tengnoupal,Manipur,1981,1202.754581,LINEAGE_BACKFILL,IND-001154|IND-001158|IND-001160|IND-001164|IND-001165|IND-001166,0.1681
IND-001360,Tengnoupal,Manipur,1991,1202.754913,LINEAGE_BACKFILL,IND-001154|IND-001158|IND-001160|IND-001164|IND-001165|IND-001166,0.2401
IND-001360,Tengnoupal,Manipur,2001,1202.807479,LINEAGE_BACKFILL,IND-001154|IND-001158|IND-001160|IND-001164|IND-001165|IND-001166,0.343
IND-001360,Tengnoupal,Manipur,2011,1213.295455,LINEAGE_BACKFILL,IND-001154|IND-001158|IND-001160|IND-001164|IND-001165|IND-001166,0.49
IND-001360,Tengnoupal,Manipur,2021,1220.59625,LINEAGE_BACKFILL,IND-001154|IND-001158|IND-001160|IND-001164|IND-001165|IND-001166,0.7
IND-001360,Tengnoupal,Manipur,2025,1230.1438524066398,DIRECT,IND-001360,1.0
IND-001357,Thoubal,Manipur,1951,392.470283,LINEAGE_BACKFILL,IND-001157|IND-001158|IND-001162|IND-001164|IND-001165|IND-001166,0.1177
IND-001357,Thoubal,Manipur,1961,392.470283,LINEAGE_BACKFILL,IND-001157|IND-001158|IND-001162|IND-001164|IND-001165|IND-001166,0.1177
IND-001357,Thoubal,Manipur,1971,392.476968,LINEAGE_BACKFILL,IND-001157|IND-001158|IND-001162|IND-001164|IND-001165|IND-001166,0.1597
IND-001357,Thoubal,Manipur,1981,392.481319,LINEAGE_BACKFILL,IND-001157|IND-001158|IND-001162|IND-001164|IND-001165|IND-001166,0.1681
IND-001357,Thoubal,Manipur,1991,392.493702,LINEAGE_BACKFILL,IND-001157|IND-001158|IND-001162|IND-001164|IND-001165|IND-001166,0.2401
IND-001357,Thoubal,Manipur,2001,393.018089,LINEAGE_BACKFILL,IND-001157|IND-001158|IND-001162|IND-001164|IND-001165|IND-001166,0.343
IND-001357,Thoubal,Manipur,2011,393.124318,LINEAGE_BACKFILL,IND-001157|IND-001158|IND-001162|IND-001164|IND-001165|IND-001166,0.49
IND-001357,Thoubal,Manipur,2021,393.276195,LINEAGE_BACKFILL,IND-001157|IND-001158|IND-001162|IND-001164|IND-001165|IND-001166,0.7
IND-001357,Thoubal,Manipur,2025,393.2698875116585,DIRECT,IND-001357,1.0
IND-001167,Ukhrul,Manipur,1951,2166.124116,LINEAGE_BACKFILL,IND-000407|IND-000411|IND-000472,0.6317
IND-001167,Ukhrul,Manipur,1961,2166.1243,LINEAGE_BACKFILL,IND-000407|IND-000411|IND-000472,0.665
IND-001167,Ukhrul,Manipur,1971,2166.156908,LINEAGE_BACKFILL,IND-000407|IND-000411|IND-000472,0.665
IND-001167,Ukhrul,Manipur,1981,2166.157186,LINEAGE_BACKFILL,IND-000407|IND-000411|IND-000472,0.7
IND-001167,Ukhrul,Manipur,1991,2166.149598,LINEAGE_BACKFILL,IND-000407|IND-000411|IND-000472,0.7
IND-001167,Ukhrul,Manipur,2001,2167.565473,LINEAGE_BACKFILL,IND-000407|IND-000411|IND-000472,0.7
IND-001167,Ukhrul,Manipur,2011,2145.483105,LINEAGE_BACKFILL,IND-000407|IND-000411|IND-000472,0.7
IND-001167,Ukhrul,Manipur,2021,2148.3692871462595,DIRECT,IND-001167,1.0
IND-001167,Ukhrul,Manipur,2025,2091.130371115936,DIRECT,IND-001167,1.0
IND-001187,East Garo Hills,Meghalaya,1951,1637.223188,LINEAGE_BACKFILL,IND-000465|IND-001056|IND-001057|IND-001058,0.3258
IND-001187,East Garo Hills,Meghalaya,1961,1637.223188,LINEAGE_BACKFILL,IND-000465|IND-001056|IND-001057|IND-001058,0.3258
IND-001187,East Garo Hills,Meghalaya,1971,1637.223188,LINEAGE_BACKFILL,IND-000465|IND-001056|IND-001057|IND-001058,0.3258
IND-001187,East Garo Hills,Meghalaya,1981,1637.242665,LINEAGE_BACKFILL,IND-000465|IND-001056|IND-001057|IND-001058,0.343
IND-001187,East Garo Hills,Meghalaya,1991,1637.239522,LINEAGE_BACKFILL,IND-000465|IND-001056|IND-001057|IND-001058,0.343
IND-001187,East Garo Hills,Meghalaya,2001,1637.269826,LINEAGE_BACKFILL,IND-000465|IND-001056|IND-001057|IND-001058,0.49
IND-001187,East Garo Hills,Meghalaya,2011,1641.845524,LINEAGE_BACKFILL,IND-000465|IND-001056|IND-001057|IND-001058,0.7
IND-001187,East Garo Hills,Meghalaya,2021,1641.803574234738,DIRECT,IND-001187,1.0
IND-001187,East Garo Hills,Meghalaya,2025,1581.527720663636,DIRECT,IND-001187,1.0
IND-001185,East Jaintia Hills,Meghalaya,1951,1944.811493,LINEAGE_BACKFILL,IND-000463|IND-000806|IND-000807,0.2401
IND-001185,East Jaintia Hills,Meghalaya,1961,1944.811493,LINEAGE_BACKFILL,IND-000463|IND-000806|IND-000807,0.2401
IND-001185,East Jaintia Hills,Meghalaya,1971,1944.812073,LINEAGE_BACKFILL,IND-000463|IND-000806|IND-000807,0.343
IND-001185,East Jaintia Hills,Meghalaya,1981,1944.825983,LINEAGE_BACKFILL,IND-000463|IND-000806|IND-000807,0.343
IND-001185,East Jaintia Hills,Meghalaya,1991,1944.814846,LINEAGE_BACKFILL,IND-000463|IND-000806|IND-000807,0.49
IND-001185,East Jaintia Hills,Meghalaya,2001,1944.81561,LINEAGE_BACKFILL,IND-000463|IND-000806|IND-000807,0.7
IND-001185,East Jaintia Hills,Meghalaya,2011,1911.141414,LINEAGE_BACKFILL,IND-000463|IND-000806|IND-000807,0.7
IND-001185,East Jaintia Hills,Meghalaya,2021,1917.579681369268,DIRECT,IND-001185,1.0
IND-001185,East Jaintia Hills,Meghalaya,2025,2013.9828428897408,DIRECT,IND-001185,1.0
IND-000800,East Khasi Hills,Meghalaya,1951,2746.98853,LINEAGE_BACKFILL,IND-000464,0.665
IND-000800,East Khasi Hills,Meghalaya,1961,2746.98853,LINEAGE_BACKFILL,IND-000464,0.665
IND-000800,East Khasi Hills,Meghalaya,1971,2746.98853,LINEAGE_BACKFILL,IND-000464,0.665
IND-000800,East Khasi Hills,Meghalaya,1981,2747.00846,LINEAGE_BACKFILL,IND-000464,0.95
IND-000800,East Khasi Hills,Meghalaya,1991,2747.008965,LINEAGE_BACKFILL,IND-000464,0.95
IND-000800,East Khasi Hills,Meghalaya,2001,2747.2073435134844,DIRECT,IND-000800,1.0
IND-000800,East Khasi Hills,Meghalaya,2011,2838.034252732093,DIRECT,IND-000800,1.0
IND-000800,East Khasi Hills,Meghalaya,2021,2805.7061882752064,DIRECT,IND-000800,1.0
IND-000800,East Khasi Hills,Meghalaya,2025,2844.0071385301944,DIRECT,IND-000800,1.0
IND-001190,North Garo Hills,Meghalaya,1951,1179.025602,LINEAGE_BACKFILL,IND-000465|IND-000515|IND-001056|IND-001057,0.3258
IND-001190,North Garo Hills,Meghalaya,1961,1179.025602,LINEAGE_BACKFILL,IND-000465|IND-000515|IND-001056|IND-001057,0.3258
IND-001190,North Garo Hills,Meghalaya,1971,1179.025602,LINEAGE_BACKFILL,IND-000465|IND-000515|IND-001056|IND-001057,0.3258
IND-001190,North Garo Hills,Meghalaya,1981,1179.039256,LINEAGE_BACKFILL,IND-000465|IND-000515|IND-001056|IND-001057,0.343
IND-001190,North Garo Hills,Meghalaya,1991,1179.037011,LINEAGE_BACKFILL,IND-000465|IND-000515|IND-001056|IND-001057,0.343
IND-001190,North Garo Hills,Meghalaya,2001,1179.058097,LINEAGE_BACKFILL,IND-000465|IND-000515|IND-001056|IND-001057,0.49
IND-001190,North Garo Hills,Meghalaya,2011,1180.588022,LINEAGE_BACKFILL,IND-000465|IND-000515|IND-001056|IND-001057,0.7
IND-001190,North Garo Hills,Meghalaya,2021,1181.0953982494816,DIRECT,IND-001190,1.0
IND-001190,North Garo Hills,Meghalaya,2025,1248.030062931864,DIRECT,IND-001190,1.0
IND-001059,Ribhoi,Meghalaya,1951,2434.320166,LINEAGE_BACKFILL,IND-000424|IND-000465|IND-000518|IND-000523|IND-000799|IND-000800,0.4655
IND-001059,Ribhoi,Meghalaya,1961,2434.320166,LINEAGE_BACKFILL,IND-000424|IND-000465|IND-000518|IND-000523|IND-000799|IND-000800,0.4655
IND-001059,Ribhoi,Meghalaya,1971,2434.320169,LINEAGE_BACKFILL,IND-000424|IND-000465|IND-000518|IND-000523|IND-000799|IND-000800,0.4655
IND-001059,Ribhoi,Meghalaya,1981,2434.340527,LINEAGE_BACKFILL,IND-000424|IND-000465|IND-000518|IND-000523|IND-000799|IND-000800,0.665
IND-001059,Ribhoi,Meghalaya,1991,2434.340057,LINEAGE_BACKFILL,IND-000424|IND-000465|IND-000518|IND-000523|IND-000799|IND-000800,0.665
IND-001059,Ribhoi,Meghalaya,2001,2434.445075,LINEAGE_BACKFILL,IND-000424|IND-000465|IND-000518|IND-000523|IND-000799|IND-000800,0.7
IND-001059,Ribhoi,Meghalaya,2011,2434.411052014911,DIRECT,IND-001059,1.0
IND-001059,Ribhoi,Meghalaya,2021,2397.0512579487136,DIRECT,IND-001059,1.0
IND-001059,Ribhoi,Meghalaya,2025,2371.3155915101097,DIRECT,IND-001059,1.0
IND-001058,South Garo Hills,Meghalaya,1951,1862.414652,LINEAGE_BACKFILL,IND-000796|IND-000797|IND-000798,0.4655
IND-001058,South Garo Hills,Meghalaya,1961,1862.414652,LINEAGE_BACKFILL,IND-000796|IND-000797|IND-000798,0.4655
IND-001058,South Garo Hills,Meghalaya,1971,1862.414652,LINEAGE_BACKFILL,IND-000796|IND-000797|IND-000798,0.4655
IND-001058,South Garo Hills,Meghalaya,1981,1862.457607,LINEAGE_BACKFILL,IND-000796|IND-000797|IND-000798,0.49
IND-001058,South Garo Hills,Meghalaya,1991,1862.453521,LINEAGE_BACKFILL,IND-000796|IND-000797|IND-000798,0.49
IND-001058,South Garo Hills,Meghalaya,2001,1862.529383,LINEAGE_BACKFILL,IND-000796|IND-000797|IND-000798,0.7
IND-001058,South Garo Hills,Meghalaya,2011,1971.3766325188055,DIRECT,IND-001058,1.0
IND-001058,South Garo Hills,Meghalaya,2021,1923.0368372058513,DIRECT,IND-001058,1.0
IND-001058,South Garo Hills,Meghalaya,2025,1834.846881466692,DIRECT,IND-001058,1.0
IND-001191,South West Garo Hills,Meghalaya,1951,814.777421,LINEAGE_BACKFILL,IND-001056|IND-001061,0.1681
IND-001191,South West Garo Hills,Meghalaya,1961,814.777421,LINEAGE_BACKFILL,IND-001056|IND-001061,0.1681
IND-001191,South West Garo Hills,Meghalaya,1971,814.777421,LINEAGE_BACKFILL,IND-001056|IND-001061,0.1681
IND-001191,South West Garo Hills,Meghalaya,1981,814.795397,LINEAGE_BACKFILL,IND-001056|IND-001061,0.2401
IND-001191,South West Garo Hills,Meghalaya,1991,814.788289,LINEAGE_BACKFILL,IND-001056|IND-001061,0.343
IND-001191,South West Garo Hills,Meghalaya,2001,814.816197,LINEAGE_BACKFILL,IND-001056|IND-001061,0.49
IND-001191,South West Garo Hills,Meghalaya,2011,863.782277,LINEAGE_BACKFILL,IND-001056|IND-001061,0.7
IND-001191,South West Garo Hills,Meghalaya,2021,873.6823167577585,DIRECT,IND-001191,1.0
IND-001191,South West Garo Hills,Meghalaya,2025,837.1333914959913,DIRECT,IND-001191,1.0
IND-001189,South West Khasi Hills,Meghalaya,1951,1408.317144,LINEAGE_BACKFILL,IND-000465|IND-000800|IND-001058,0.3258
IND-001189,South West Khasi Hills,Meghalaya,1961,1408.317144,LINEAGE_BACKFILL,IND-000465|IND-000800|IND-001058,0.3258
IND-001189,South West Khasi Hills,Meghalaya,1971,1408.317144,LINEAGE_BACKFILL,IND-000465|IND-000800|IND-001058,0.3258
IND-001189,South West Khasi Hills,Meghalaya,1981,1408.347726,LINEAGE_BACKFILL,IND-000465|IND-000800|IND-001058,0.343
IND-001189,South West Khasi Hills,Meghalaya,1991,1408.339768,LINEAGE_BACKFILL,IND-000465|IND-000800|IND-001058,0.343
IND-001189,South West Khasi Hills,Meghalaya,2001,1408.340997,LINEAGE_BACKFILL,IND-000465|IND-000800|IND-001058,0.49
IND-001189,South West Khasi Hills,Meghalaya,2011,1432.415626,LINEAGE_BACKFILL,IND-000465|IND-000800|IND-001058,0.7
IND-001189,South West Khasi Hills,Meghalaya,2021,1436.3775682060225,DIRECT,IND-001189,1.0
IND-001189,South West Khasi Hills,Meghalaya,2025,1306.3529331534864,DIRECT,IND-001189,1.0
IND-001186,West Garo Hills,Meghalaya,1951,2399.495422,LINEAGE_BACKFILL,IND-000515|IND-001056|IND-001057|IND-001058|IND-001061,0.1681
IND-001186,West Garo Hills,Meghalaya,1961,2399.495422,LINEAGE_BACKFILL,IND-000515|IND-001056|IND-001057|IND-001058|IND-001061,0.1681
IND-001186,West Garo Hills,Meghalaya,1971,2399.495422,LINEAGE_BACKFILL,IND-000515|IND-001056|IND-001057|IND-001058|IND-001061,0.1681
IND-001186,West Garo Hills,Meghalaya,1981,2399.548235,LINEAGE_BACKFILL,IND-000515|IND-001056|IND-001057|IND-001058|IND-001061,0.2401
IND-001186,West Garo Hills,Meghalaya,1991,2399.534454,LINEAGE_BACKFILL,IND-000515|IND-001056|IND-001057|IND-001058|IND-001061,0.343
IND-001186,West Garo Hills,Meghalaya,2001,2399.617063,LINEAGE_BACKFILL,IND-000515|IND-001056|IND-001057|IND-001058|IND-001061,0.49
IND-001186,West Garo Hills,Meghalaya,2011,2543.362133,LINEAGE_BACKFILL,IND-000515|IND-001056|IND-001057|IND-001058|IND-001061,0.7
IND-001186,West Garo Hills,Meghalaya,2021,2551.9772897091652,DIRECT,IND-001186,1.0
IND-001186,West Garo Hills,Meghalaya,2025,2659.573937893958,DIRECT,IND-001186,1.0
IND-001188,West Jaintia Hills,Meghalaya,1951,1921.109897,LINEAGE_BACKFILL,IND-000424|IND-000463|IND-000800|IND-000806,0.2401
IND-001188,West Jaintia Hills,Meghalaya,1961,1921.109897,LINEAGE_BACKFILL,IND-000424|IND-000463|IND-000800|IND-000806,0.2401
IND-001188,West Jaintia Hills,Meghalaya,1971,1921.110074,LINEAGE_BACKFILL,IND-000424|IND-000463|IND-000800|IND-000806,0.343
IND-001188,West Jaintia Hills,Meghalaya,1981,1921.123706,LINEAGE_BACKFILL,IND-000424|IND-000463|IND-000800|IND-000806,0.343
IND-001188,West Jaintia Hills,Meghalaya,1991,1921.112006,LINEAGE_BACKFILL,IND-000424|IND-000463|IND-000800|IND-000806,0.49
IND-001188,West Jaintia Hills,Meghalaya,2001,1921.113006,LINEAGE_BACKFILL,IND-000424|IND-000463|IND-000800|IND-000806,0.7
IND-001188,West Jaintia Hills,Meghalaya,2011,1888.529055,LINEAGE_BACKFILL,IND-000424|IND-000463|IND-000800|IND-000806,0.7
IND-001188,West Jaintia Hills,Meghalaya,2021,1892.5440674297884,DIRECT,IND-001188,1.0
IND-001188,West Jaintia Hills,Meghalaya,2025,1798.4484610208149,DIRECT,IND-001188,1.0
IND-001184,West Khasi Hills,Meghalaya,1951,3731.11028,LINEAGE_BACKFILL,IND-000465|IND-000800|IND-001057|IND-001058|IND-001059|IND-001067,0.1681
IND-001184,West Khasi Hills,Meghalaya,1961,3731.11028,LINEAGE_BACKFILL,IND-000465|IND-000800|IND-001057|IND-001058|IND-001059|IND-001067,0.1681
IND-001184,West Khasi Hills,Meghalaya,1971,3731.11028,LINEAGE_BACKFILL,IND-000465|IND-000800|IND-001057|IND-001058|IND-001059|IND-001067,0.1681
IND-001184,West Khasi Hills,Meghalaya,1981,3731.189875,LINEAGE_BACKFILL,IND-000465|IND-000800|IND-001057|IND-001058|IND-001059|IND-001067,0.2401
IND-001184,West Khasi Hills,Meghalaya,1991,3731.169325,LINEAGE_BACKFILL,IND-000465|IND-000800|IND-001057|IND-001058|IND-001059|IND-001067,0.343
IND-001184,West Khasi Hills,Meghalaya,2001,3731.176787,LINEAGE_BACKFILL,IND-000465|IND-000800|IND-001057|IND-001058|IND-001059|IND-001067,0.49
IND-001184,West Khasi Hills,Meghalaya,2011,3793.320468,LINEAGE_BACKFILL,IND-000465|IND-000800|IND-001057|IND-001058|IND-001059|IND-001067,0.7
IND-001184,West Khasi Hills,Meghalaya,2021,3793.405502198225,DIRECT,IND-001184,1.0
IND-001184,West Khasi Hills,Meghalaya,2025,3920.8414827199567,DIRECT,IND-001184,1.0
IND-001344,Aizawl,Mizoram,1951,3173.267578,LINEAGE_BACKFILL,IND-000786|IND-000787|IND-001169|IND-001170|IND-001171|IND-001173|IND-001174|IND-001176,0.1681
IND-001344,Aizawl,Mizoram,1961,3173.267578,LINEAGE_BACKFILL,IND-000786|IND-000787|IND-001169|IND-001170|IND-001171|IND-001173|IND-001174|IND-001176,0.1681
IND-001344,Aizawl,Mizoram,1971,3173.267592,LINEAGE_BACKFILL,IND-000786|IND-000787|IND-001169|IND-001170|IND-001171|IND-001173|IND-001174|IND-001176,0.2281
IND-001344,Aizawl,Mizoram,1981,3173.281302,LINEAGE_BACKFILL,IND-000786|IND-000787|IND-001169|IND-001170|IND-001171|IND-001173|IND-001174|IND-001176,0.2401
IND-001344,Aizawl,Mizoram,1991,3173.311113,LINEAGE_BACKFILL,IND-000786|IND-000787|IND-001169|IND-001170|IND-001171|IND-001173|IND-001174|IND-001176,0.3258
IND-001344,Aizawl,Mizoram,2001,3173.357616,LINEAGE_BACKFILL,IND-000786|IND-000787|IND-001169|IND-001170|IND-001171|IND-001173|IND-001174|IND-001176,0.343
IND-001344,Aizawl,Mizoram,2011,3186.535547,LINEAGE_BACKFILL,IND-000786|IND-000787|IND-001169|IND-001170|IND-001171|IND-001173|IND-001174|IND-001176,0.49
IND-001344,Aizawl,Mizoram,2021,3186.142585,LINEAGE_BACKFILL,IND-000786|IND-000787|IND-001169|IND-001170|IND-001171|IND-001173|IND-001174|IND-001176,0.7
IND-001344,Aizawl,Mizoram,2025,3186.3836766994377,DIRECT,IND-001344,1.0
IND-001325,Champhai,Mizoram,1951,3306.367883,LINEAGE_BACKFILL,IND-001169|IND-001170|IND-001173|IND-001175|IND-001176,0.1681
IND-001325,Champhai,Mizoram,1961,3306.367883,LINEAGE_BACKFILL,IND-001169|IND-001170|IND-001173|IND-001175|IND-001176,0.1681
IND-001325,Champhai,Mizoram,1971,3306.367883,LINEAGE_BACKFILL,IND-001169|IND-001170|IND-001173|IND-001175|IND-001176,0.2281
IND-001325,Champhai,Mizoram,1981,3306.382175,LINEAGE_BACKFILL,IND-001169|IND-001170|IND-001173|IND-001175|IND-001176,0.2401
IND-001325,Champhai,Mizoram,1991,3306.413316,LINEAGE_BACKFILL,IND-001169|IND-001170|IND-001173|IND-001175|IND-001176,0.3258
IND-001325,Champhai,Mizoram,2001,3306.483692,LINEAGE_BACKFILL,IND-001169|IND-001170|IND-001173|IND-001175|IND-001176,0.343
IND-001325,Champhai,Mizoram,2011,3366.765073,LINEAGE_BACKFILL,IND-001169|IND-001170|IND-001173|IND-001175|IND-001176,0.49
IND-001325,Champhai,Mizoram,2021,3396.22399,LINEAGE_BACKFILL,IND-001169|IND-001170|IND-001173|IND-001175|IND-001176,0.7
IND-001325,Champhai,Mizoram,2025,3400.683696564497,DIRECT,IND-001325,1.0
IND-000787,Kolasib,Mizoram,1951,1533.452073,LINEAGE_BACKFILL,IND-000468,0.665
IND-000787,Kolasib,Mizoram,1961,1533.452073,LINEAGE_BACKFILL,IND-000468,0.665
IND-000787,Kolasib,Mizoram,1971,1533.452073,LINEAGE_BACKFILL,IND-000468,0.665
IND-000787,Kolasib,Mizoram,1981,1533.458735,LINEAGE_BACKFILL,IND-000468,0.95
IND-000787,Kolasib,Mizoram,1991,1533.473242,LINEAGE_BACKFILL,IND-000468,0.95
IND-000787,Kolasib,Mizoram,2001,1533.488346546004,DIRECT,IND-000787,1.0
IND-000787,Kolasib,Mizoram,2011,1585.9461287062984,DIRECT,IND-000787,1.0
IND-000787,Kolasib,Mizoram,2021,1566.1741759455892,DIRECT,IND-000787,1.0
IND-000787,Kolasib,Mizoram,2025,1491.0114835261838,DIRECT,IND-000787,1.0
IND-001054,Lawngtlai,Mizoram,1951,2298.606571,LINEAGE_BACKFILL,IND-000469|IND-000791|IND-000792,0.4655
IND-001054,Lawngtlai,Mizoram,1961,2298.606571,LINEAGE_BACKFILL,IND-000469|IND-000791|IND-000792,0.4655
IND-001054,Lawngtlai,Mizoram,1971,2298.606571,LINEAGE_BACKFILL,IND-000469|IND-000791|IND-000792,0.4655
IND-001054,Lawngtlai,Mizoram,1981,2298.732898,LINEAGE_BACKFILL,IND-000469|IND-000791|IND-000792,0.665
IND-001054,Lawngtlai,Mizoram,1991,2298.72707,LINEAGE_BACKFILL,IND-000469|IND-000791|IND-000792,0.665
IND-001054,Lawngtlai,Mizoram,2001,2298.739745,LINEAGE_BACKFILL,IND-000469|IND-000791|IND-000792,0.7
IND-001054,Lawngtlai,Mizoram,2011,2350.4177885231115,DIRECT,IND-001054,1.0
IND-001054,Lawngtlai,Mizoram,2021,2453.6494529941756,DIRECT,IND-001054,1.0
IND-001054,Lawngtlai,Mizoram,2025,2425.6587072508537,DIRECT,IND-001054,1.0
IND-001343,Lunglei,Mizoram,1951,4419.183922,LINEAGE_BACKFILL,IND-000786|IND-001054|IND-001170|IND-001171|IND-001172,0.2281
IND-001343,Lunglei,Mizoram,1961,4419.183922,LINEAGE_BACKFILL,IND-000786|IND-001054|IND-001170|IND-001171|IND-001172,0.2281
IND-001343,Lunglei,Mizoram,1971,4419.183922,LINEAGE_BACKFILL,IND-000786|IND-001054|IND-001170|IND-001171|IND-001172,0.2281
IND-001343,Lunglei,Mizoram,1981,4419.193069,LINEAGE_BACKFILL,IND-000786|IND-001054|IND-001170|IND-001171|IND-001172,0.3258
IND-001343,Lunglei,Mizoram,1991,4419.13668,LINEAGE_BACKFILL,IND-000786|IND-001054|IND-001170|IND-001171|IND-001172,0.3258
IND-001343,Lunglei,Mizoram,2001,4419.138271,LINEAGE_BACKFILL,IND-000786|IND-001054|IND-001170|IND-001171|IND-001172,0.343
IND-001343,Lunglei,Mizoram,2011,4477.407313,LINEAGE_BACKFILL,IND-000786|IND-001054|IND-001170|IND-001171|IND-001172,0.49
IND-001343,Lunglei,Mizoram,2021,4533.316331,LINEAGE_BACKFILL,IND-000786|IND-001054|IND-001170|IND-001171|IND-001172,0.7
IND-001343,Lunglei,Mizoram,2025,4536.698706848958,DIRECT,IND-001343,1.0
IND-000786,Mamit,Mizoram,1951,3000.883757,LINEAGE_BACKFILL,IND-000468,0.665
IND-000786,Mamit,Mizoram,1961,3000.883757,LINEAGE_BACKFILL,IND-000468,0.665
IND-000786,Mamit,Mizoram,1971,3000.883757,LINEAGE_BACKFILL,IND-000468,0.665
IND-000786,Mamit,Mizoram,1981,3000.896793,LINEAGE_BACKFILL,IND-000468,0.95
IND-000786,Mamit,Mizoram,1991,3000.925183,LINEAGE_BACKFILL,IND-000468,0.95
IND-000786,Mamit,Mizoram,2001,3001.0028967521644,DIRECT,IND-000786,1.0
IND-000786,Mamit,Mizoram,2011,2962.696667511631,DIRECT,IND-000786,1.0
IND-000786,Mamit,Mizoram,2021,3016.675285245076,DIRECT,IND-000786,1.0
IND-000786,Mamit,Mizoram,2025,3066.8806823877244,DIRECT,IND-000786,1.0
IND-001055,Saiha,Mizoram,1951,1403.155007,LINEAGE_BACKFILL,IND-000791|IND-000792,0.4655
IND-001055,Saiha,Mizoram,1961,1403.155007,LINEAGE_BACKFILL,IND-000791|IND-000792,0.4655
IND-001055,Saiha,Mizoram,1971,1403.155007,LINEAGE_BACKFILL,IND-000791|IND-000792,0.4655
IND-001055,Saiha,Mizoram,1981,1403.232921,LINEAGE_BACKFILL,IND-000791|IND-000792,0.665
IND-001055,Saiha,Mizoram,1991,1403.229526,LINEAGE_BACKFILL,IND-000791|IND-000792,0.665
IND-001055,Saiha,Mizoram,2001,1403.265732,LINEAGE_BACKFILL,IND-000791|IND-000792,0.7
IND-001055,Saiha,Mizoram,2011,1476.4718160995276,DIRECT,IND-001055,1.0
IND-001055,Saiha,Mizoram,2021,1517.102622250885,DIRECT,IND-001055,1.0
IND-001055,Saiha,Mizoram,2025,1530.506606152104,DIRECT,IND-001055,1.0
IND-001170,Serchhip,Mizoram,1951,1452.342281,LINEAGE_BACKFILL,IND-000469|IND-001051|IND-001052|IND-001053,0.3258
IND-001170,Serchhip,Mizoram,1961,1452.342281,LINEAGE_BACKFILL,IND-000469|IND-001051|IND-001052|IND-001053,0.3258
IND-001170,Serchhip,Mizoram,1971,1452.342281,LINEAGE_BACKFILL,IND-000469|IND-001051|IND-001052|IND-001053,0.3258
IND-001170,Serchhip,Mizoram,1981,1452.348297,LINEAGE_BACKFILL,IND-000469|IND-001051|IND-001052|IND-001053,0.4655
IND-001170,Serchhip,Mizoram,1991,1452.359899,LINEAGE_BACKFILL,IND-000469|IND-001051|IND-001052|IND-001053,0.4655
IND-001170,Serchhip,Mizoram,2001,1452.37299,LINEAGE_BACKFILL,IND-000469|IND-001051|IND-001052|IND-001053,0.49
IND-001170,Serchhip,Mizoram,2011,1457.949748,LINEAGE_BACKFILL,IND-000469|IND-001051|IND-001052|IND-001053,0.7
IND-001170,Serchhip,Mizoram,2021,1462.0128060227453,DIRECT,IND-001170,1.0
IND-001170,Serchhip,Mizoram,2025,1445.2548348590262,DIRECT,IND-001170,1.0
IND-001358,Dimapur,Nagaland,1951,761.577631,LINEAGE_BACKFILL,IND-001046|IND-001152|IND-001153,0.1597
IND-001358,Dimapur,Nagaland,1961,761.600135,LINEAGE_BACKFILL,IND-001046|IND-001152|IND-001153,0.1597
IND-001358,Dimapur,Nagaland,1971,761.60023,LINEAGE_BACKFILL,IND-001046|IND-001152|IND-001153,0.2281
IND-001358,Dimapur,Nagaland,1981,761.619983,LINEAGE_BACKFILL,IND-001046|IND-001152|IND-001153,0.2281
IND-001358,Dimapur,Nagaland,1991,760.984036,LINEAGE_BACKFILL,IND-001046|IND-001152|IND-001153,0.3258
IND-001358,Dimapur,Nagaland,2001,761.671263,LINEAGE_BACKFILL,IND-001046|IND-001152|IND-001153,0.343
IND-001358,Dimapur,Nagaland,2011,762.101906,LINEAGE_BACKFILL,IND-001046|IND-001152|IND-001153,0.49
IND-001358,Dimapur,Nagaland,2021,762.241754,LINEAGE_BACKFILL,IND-001046|IND-001152|IND-001153,0.7
IND-001358,Dimapur,Nagaland,2025,762.7994451087335,DIRECT,IND-001358,1.0
IND-001044,Kiphire,Nagaland,1951,1092.104339,LINEAGE_BACKFILL,IND-000472|IND-000473|IND-000476,0.4655
IND-001044,Kiphire,Nagaland,1961,1092.104794,LINEAGE_BACKFILL,IND-000472|IND-000473|IND-000476,0.49
IND-001044,Kiphire,Nagaland,1971,1092.104794,LINEAGE_BACKFILL,IND-000472|IND-000473|IND-000476,0.49
IND-001044,Kiphire,Nagaland,1981,1092.139295,LINEAGE_BACKFILL,IND-000472|IND-000473|IND-000476,0.7
IND-001044,Kiphire,Nagaland,1991,1092.13929,LINEAGE_BACKFILL,IND-000472|IND-000473|IND-000476,0.7
IND-001044,Kiphire,Nagaland,2001,1092.048587,LINEAGE_BACKFILL,IND-000472|IND-000473|IND-000476,0.7
IND-001044,Kiphire,Nagaland,2011,1106.7607919617608,DIRECT,IND-001044,1.0
IND-001044,Kiphire,Nagaland,2021,1164.5698395025452,DIRECT,IND-001044,1.0
IND-001044,Kiphire,Nagaland,2025,1129.7393303062463,DIRECT,IND-001044,1.0
IND-001152,Kohima,Nagaland,1951,1287.693892,LINEAGE_BACKFILL,IND-000407|IND-000472|IND-000473|IND-000474|IND-001041|IND-001045,0.3258
IND-001152,Kohima,Nagaland,1961,1287.732521,LINEAGE_BACKFILL,IND-000407|IND-000472|IND-000473|IND-000474|IND-001041|IND-001045,0.343
IND-001152,Kohima,Nagaland,1971,1287.732757,LINEAGE_BACKFILL,IND-000407|IND-000472|IND-000473|IND-000474|IND-001041|IND-001045,0.343
IND-001152,Kohima,Nagaland,1981,1287.7688,LINEAGE_BACKFILL,IND-000407|IND-000472|IND-000473|IND-000474|IND-001041|IND-001045,0.4655
IND-001152,Kohima,Nagaland,1991,1285.348264,LINEAGE_BACKFILL,IND-000407|IND-000472|IND-000473|IND-000474|IND-001041|IND-001045,0.4655
IND-001152,Kohima,Nagaland,2001,1288.566789,LINEAGE_BACKFILL,IND-000407|IND-000472|IND-000473|IND-000474|IND-001041|IND-001045,0.49
IND-001152,Kohima,Nagaland,2011,1287.513927,LINEAGE_BACKFILL,IND-000407|IND-000472|IND-000473|IND-000474|IND-001041|IND-001045,0.7
IND-001152,Kohima,Nagaland,2021,1287.5100004763344,DIRECT,IND-001152,1.0
IND-001152,Kohima,Nagaland,2025,1314.1944479243791,DIRECT,IND-001152,1.0
IND-001043,Longleng,Nagaland,1951,565.257047,LINEAGE_BACKFILL,IND-000475|IND-000476|IND-000477|IND-000527,0.4655
IND-001043,Longleng,Nagaland,1961,565.257293,LINEAGE_BACKFILL,IND-000475|IND-000476|IND-000477|IND-000527,0.49
IND-001043,Longleng,Nagaland,1971,565.257293,LINEAGE_BACKFILL,IND-000475|IND-000476|IND-000477|IND-000527,0.49
IND-001043,Longleng,Nagaland,1981,565.275765,LINEAGE_BACKFILL,IND-000475|IND-000476|IND-000477|IND-000527,0.7
IND-001043,Longleng,Nagaland,1991,565.275421,LINEAGE_BACKFILL,IND-000475|IND-000476|IND-000477|IND-000527,0.7
IND-001043,Longleng,Nagaland,2001,565.275421,LINEAGE_BACKFILL,IND-000475|IND-000476|IND-000477|IND-000527,0.7
IND-001043,Longleng,Nagaland,2011,565.2438020335437,DIRECT,IND-001043,1.0
IND-001043,Longleng,Nagaland,2021,553.8179333947226,DIRECT,IND-001043,1.0
IND-001043,Longleng,Nagaland,2025,585.6694653823541,DIRECT,IND-001043,1.0
IND-000475,Mokokchung,Nagaland,1951,1603.196112,LINEAGE_BACKFILL,IND-000372,0.665
IND-000475,Mokokchung,Nagaland,1961,1603.225108,LINEAGE_BACKFILL,IND-000372,0.95
IND-000475,Mokokchung,Nagaland,1971,1603.225108,LINEAGE_BACKFILL,IND-000372,0.95
IND-000475,Mokokchung,Nagaland,1981,1603.3612857716737,DIRECT,IND-000475,1.0
IND-000475,Mokokchung,Nagaland,1991,1603.3361920881268,DIRECT,IND-000475,1.0
IND-000475,Mokokchung,Nagaland,2001,1603.3361920881268,DIRECT,IND-000475,1.0
IND-000475,Mokokchung,Nagaland,2011,1606.9268749667426,DIRECT,IND-000475,1.0
IND-000475,Mokokchung,Nagaland,2021,1606.0709955228058,DIRECT,IND-000475,1.0
IND-000475,Mokokchung,Nagaland,2025,1604.1594000813018,DIRECT,IND-000475,1.0
IND-000477,Mon,Nagaland,1951,2222.96906,LINEAGE_BACKFILL,IND-000049,0.7
IND-000477,Mon,Nagaland,1961,2222.96906,LINEAGE_BACKFILL,IND-000049,0.7
IND-000477,Mon,Nagaland,1971,2222.96906,LINEAGE_BACKFILL,IND-000049,0.7
IND-000477,Mon,Nagaland,1981,2223.058517373301,DIRECT,IND-000477,1.0
IND-000477,Mon,Nagaland,1991,2223.0850046320193,DIRECT,IND-000477,1.0
IND-000477,Mon,Nagaland,2001,2223.0850046320193,DIRECT,IND-000477,1.0
IND-000477,Mon,Nagaland,2011,2195.3564325207526,DIRECT,IND-000477,1.0
IND-000477,Mon,Nagaland,2021,2139.9671231460693,DIRECT,IND-000477,1.0
IND-000477,Mon,Nagaland,2025,2177.232359783596,DIRECT,IND-000477,1.0
IND-001353,Paren,Nagaland,1951,1812.739395,LINEAGE_BACKFILL,IND-001046|IND-001152|IND-001153|IND-001155|IND-001156,0.1177
IND-001353,Paren,Nagaland,1961,1812.79408,LINEAGE_BACKFILL,IND-001046|IND-001152|IND-001153|IND-001155|IND-001156,0.1177
IND-001353,Paren,Nagaland,1971,1812.794877,LINEAGE_BACKFILL,IND-001046|IND-001152|IND-001153|IND-001155|IND-001156,0.1597
IND-001353,Paren,Nagaland,1981,1812.83855,LINEAGE_BACKFILL,IND-001046|IND-001152|IND-001153|IND-001155|IND-001156,0.1681
IND-001353,Paren,Nagaland,1991,1812.680502,LINEAGE_BACKFILL,IND-001046|IND-001152|IND-001153|IND-001155|IND-001156,0.2401
IND-001353,Paren,Nagaland,2001,1812.957646,LINEAGE_BACKFILL,IND-001046|IND-001152|IND-001153|IND-001155|IND-001156,0.343
IND-001353,Paren,Nagaland,2011,1813.026896,LINEAGE_BACKFILL,IND-001046|IND-001152|IND-001153|IND-001155|IND-001156,0.49
IND-001353,Paren,Nagaland,2021,1827.1339,LINEAGE_BACKFILL,IND-001046|IND-001152|IND-001153|IND-001155|IND-001156,0.7
IND-001353,Paren,Nagaland,2025,1827.6264403181667,DIRECT,IND-001353,1.0
IND-000472,Phek,Nagaland,1951,1781.278006,LINEAGE_BACKFILL,IND-000371,0.9025
IND-000472,Phek,Nagaland,1961,1781.33324,LINEAGE_BACKFILL,IND-000371,0.95
IND-000472,Phek,Nagaland,1971,1781.33324,LINEAGE_BACKFILL,IND-000371,0.95
IND-000472,Phek,Nagaland,1981,1781.4159542930972,DIRECT,IND-000472,1.0
IND-000472,Phek,Nagaland,1991,1781.4700359712526,DIRECT,IND-000472,1.0
IND-000472,Phek,Nagaland,2001,1892.9210200737875,DIRECT,IND-000472,1.0
IND-000472,Phek,Nagaland,2011,1860.9163856315563,DIRECT,IND-000472,1.0
IND-000472,Phek,Nagaland,2021,1888.1242263482588,DIRECT,IND-000472,1.0
IND-000472,Phek,Nagaland,2025,1872.264789086596,DIRECT,IND-000472,1.0
IND-001042,Tuensang,Nagaland,1951,2225.866652,LINEAGE_BACKFILL,IND-000473|IND-000475|IND-000476|IND-000477,0.4655
IND-001042,Tuensang,Nagaland,1961,2225.867928,LINEAGE_BACKFILL,IND-000473|IND-000475|IND-000476|IND-000477,0.49
IND-001042,Tuensang,Nagaland,1971,2225.867928,LINEAGE_BACKFILL,IND-000473|IND-000475|IND-000476|IND-000477,0.49
IND-001042,Tuensang,Nagaland,1981,2225.939585,LINEAGE_BACKFILL,IND-000473|IND-000475|IND-000476|IND-000477,0.7
IND-001042,Tuensang,Nagaland,1991,2225.939835,LINEAGE_BACKFILL,IND-000473|IND-000475|IND-000476|IND-000477,0.7
IND-001042,Tuensang,Nagaland,2001,2223.035358,LINEAGE_BACKFILL,IND-000473|IND-000475|IND-000476|IND-000477,0.7
IND-001042,Tuensang,Nagaland,2011,2234.2964866728844,DIRECT,IND-001042,1.0
IND-001042,Tuensang,Nagaland,2021,2161.4422192548286,DIRECT,IND-001042,1.0
IND-001042,Tuensang,Nagaland,2025,2132.792292993113,DIRECT,IND-001042,1.0
IND-000474,Wokha,Nagaland,1951,1632.300965,LINEAGE_BACKFILL,IND-000372,0.665
IND-000474,Wokha,Nagaland,1961,1632.330487,LINEAGE_BACKFILL,IND-000372,0.95
IND-000474,Wokha,Nagaland,1971,1632.330487,LINEAGE_BACKFILL,IND-000372,0.95
IND-000474,Wokha,Nagaland,1981,1632.4986454638074,DIRECT,IND-000474,1.0
IND-000474,Wokha,Nagaland,1991,1560.529112541908,DIRECT,IND-000474,1.0
IND-000474,Wokha,Nagaland,2001,1632.4965076560052,DIRECT,IND-000474,1.0
IND-000474,Wokha,Nagaland,2011,1570.2571496260634,DIRECT,IND-000474,1.0
IND-000474,Wokha,Nagaland,2021,1553.1624636615131,DIRECT,IND-000474,1.0
IND-000474,Wokha,Nagaland,2025,1607.813948477897,DIRECT,IND-000474,1.0
IND-000473,Zunheboto,Nagaland,1951,1643.570504,LINEAGE_BACKFILL,IND-000371|IND-000372,0.665
IND-000473,Zunheboto,Nagaland,1961,1643.609491,LINEAGE_BACKFILL,IND-000371|IND-000372,0.7
IND-000473,Zunheboto,Nagaland,1971,1643.609491,LINEAGE_BACKFILL,IND-000371|IND-000372,0.7
IND-000473,Zunheboto,Nagaland,1981,1643.6841609009043,DIRECT,IND-000473,1.0
IND-000473,Zunheboto,Nagaland,1991,1643.7065384462337,DIRECT,IND-000473,1.0
IND-000473,Zunheboto,Nagaland,2001,1532.237765492254,DIRECT,IND-000473,1.0
IND-000473,Zunheboto,Nagaland,2011,1537.3848574662345,DIRECT,IND-000473,1.0
IND-000473,Zunheboto,Nagaland,2021,1567.9021429306224,DIRECT,IND-000473,1.0
IND-000473,Zunheboto,Nagaland,2025,1575.199013826486,DIRECT,IND-000473,1.0
IND-000831,Anugul,Odisha,1951,6401.449021,LINEAGE_BACKFILL,IND-000233,0.95
IND-000831,Anugul,Odisha,1961,6401.449021,LINEAGE_BACKFILL,IND-000233,0.95
IND-000831,Anugul,Odisha,1971,6401.449021,LINEAGE_BACKFILL,IND-000233,0.95
IND-000831,Anugul,Odisha,1981,6401.473461,LINEAGE_BACKFILL,IND-000233,0.95
IND-000831,Anugul,Odisha,1991,6401.458084,LINEAGE_BACKFILL,IND-000233,0.95
IND-000831,Anugul,Odisha,2001,6401.512945175618,DIRECT,IND-000831,1.0
IND-000831,Anugul,Odisha,2011,6319.653721472248,DIRECT,IND-000831,1.0
IND-000831,Anugul,Odisha,2021,6381.640719643575,DIRECT,IND-000831,1.0
IND-000831,Anugul,Odisha,2025,6373.240092090707,DIRECT,IND-000831,1.0
IND-000840,Balangir,Odisha,1951,6426.46459,LINEAGE_BACKFILL,IND-000236,0.7
IND-000840,Balangir,Odisha,1961,6426.46459,LINEAGE_BACKFILL,IND-000236,0.7
IND-000840,Balangir,Odisha,1971,6426.46459,LINEAGE_BACKFILL,IND-000236,0.7
IND-000840,Balangir,Odisha,1981,6426.468064,LINEAGE_BACKFILL,IND-000236,0.7
IND-000840,Balangir,Odisha,1991,6426.486264,LINEAGE_BACKFILL,IND-000236,0.7
IND-000840,Balangir,Odisha,2001,6426.6042483740275,DIRECT,IND-000840,1.0
IND-000840,Balangir,Odisha,2011,6399.302582273374,DIRECT,IND-000840,1.0
IND-000840,Balangir,Odisha,2021,6533.699071200918,DIRECT,IND-000840,1.0
IND-000840,Balangir,Odisha,2025,6548.781443304178,DIRECT,IND-000840,1.0
IND-000824,Baleshwar,Odisha,1951,3813.859669,LINEAGE_BACKFILL,IND-000226,0.7
IND-000824,Baleshwar,Odisha,1961,3813.859669,LINEAGE_BACKFILL,IND-000226,0.7
IND-000824,Baleshwar,Odisha,1971,3813.859669,LINEAGE_BACKFILL,IND-000226,0.7
IND-000824,Baleshwar,Odisha,1981,3813.840635,LINEAGE_BACKFILL,IND-000226,0.7
IND-000824,Baleshwar,Odisha,1991,3813.855699,LINEAGE_BACKFILL,IND-000226,0.7
IND-000824,Baleshwar,Odisha,2001,3814.095490324312,DIRECT,IND-000824,1.0
IND-000824,Baleshwar,Odisha,2011,3675.61635589345,DIRECT,IND-000824,1.0
IND-000824,Baleshwar,Odisha,2021,3879.301240138494,DIRECT,IND-000824,1.0
IND-000824,Baleshwar,Odisha,2025,3717.9112747346826,DIRECT,IND-000824,1.0
IND-000820,Bargarh,Odisha,1951,5720.215308,LINEAGE_BACKFILL,IND-000228,0.95
IND-000820,Bargarh,Odisha,1961,5720.215308,LINEAGE_BACKFILL,IND-000228,0.95
IND-000820,Bargarh,Odisha,1971,5720.215308,LINEAGE_BACKFILL,IND-000228,0.95
IND-000820,Bargarh,Odisha,1981,5720.214029,LINEAGE_BACKFILL,IND-000228,0.95
IND-000820,Bargarh,Odisha,1991,5720.188643,LINEAGE_BACKFILL,IND-000228,0.95
IND-000820,Bargarh,Odisha,2001,5720.333415050813,DIRECT,IND-000820,1.0
IND-000820,Bargarh,Odisha,2011,5878.436513335159,DIRECT,IND-000820,1.0
IND-000820,Bargarh,Odisha,2021,5845.690651400295,DIRECT,IND-000820,1.0
IND-000820,Bargarh,Odisha,2025,5836.588111630013,DIRECT,IND-000820,1.0
IND-000838,Baudh,Odisha,1951,3106.599238,LINEAGE_BACKFILL,IND-000231,0.7
IND-000838,Baudh,Odisha,1961,3106.599238,LINEAGE_BACKFILL,IND-000231,0.7
IND-000838,Baudh,Odisha,1971,3106.599238,LINEAGE_BACKFILL,IND-000231,0.7
IND-000838,Baudh,Odisha,1981,3106.585465,LINEAGE_BACKFILL,IND-000231,0.7
IND-000838,Baudh,Odisha,1991,3106.607871,LINEAGE_BACKFILL,IND-000231,0.7
IND-000838,Baudh,Odisha,2001,3106.691806661081,DIRECT,IND-000838,1.0
IND-000838,Baudh,Odisha,2011,3065.843771958843,DIRECT,IND-000838,1.0
IND-000838,Baudh,Odisha,2021,3103.595529006586,DIRECT,IND-000838,1.0
IND-000838,Baudh,Odisha,2025,3102.4332253244306,DIRECT,IND-000838,1.0
IND-000825,Bhadrak,Odisha,1951,2488.30173,LINEAGE_BACKFILL,IND-000226,0.7
IND-000825,Bhadrak,Odisha,1961,2488.30173,LINEAGE_BACKFILL,IND-000226,0.7
IND-000825,Bhadrak,Odisha,1971,2488.30173,LINEAGE_BACKFILL,IND-000226,0.7
IND-000825,Bhadrak,Odisha,1981,2488.289311,LINEAGE_BACKFILL,IND-000226,0.7
IND-000825,Bhadrak,Odisha,1991,2488.299139,LINEAGE_BACKFILL,IND-000226,0.7
IND-000825,Bhadrak,Odisha,2001,2488.3224426277584,DIRECT,IND-000825,1.0
IND-000825,Bhadrak,Odisha,2011,2531.072438655257,DIRECT,IND-000825,1.0
IND-000825,Bhadrak,Odisha,2021,2494.504810133009,DIRECT,IND-000825,1.0
IND-000825,Bhadrak,Odisha,2025,2505.847250078918,DIRECT,IND-000825,1.0
IND-000828,Cuttack,Odisha,1951,3686.059122,LINEAGE_BACKFILL,IND-000225,0.95
IND-000828,Cuttack,Odisha,1961,3686.059122,LINEAGE_BACKFILL,IND-000225,0.95
IND-000828,Cuttack,Odisha,1971,3686.059122,LINEAGE_BACKFILL,IND-000225,0.95
IND-000828,Cuttack,Odisha,1981,3686.035021,LINEAGE_BACKFILL,IND-000225,0.95
IND-000828,Cuttack,Odisha,1991,3686.05568,LINEAGE_BACKFILL,IND-000225,0.95
IND-000828,Cuttack,Odisha,2001,3686.1137559949193,DIRECT,IND-000828,1.0
IND-000828,Cuttack,Odisha,2011,3822.455260014259,DIRECT,IND-000828,1.0
IND-000828,Cuttack,Odisha,2021,3857.128621177115,DIRECT,IND-000828,1.0
IND-000828,Cuttack,Odisha,2025,3854.655980104249,DIRECT,IND-000828,1.0
IND-000823,Debagarh,Odisha,1951,2915.312205,LINEAGE_BACKFILL,IND-000228,0.95
IND-000823,Debagarh,Odisha,1961,2915.312205,LINEAGE_BACKFILL,IND-000228,0.95
IND-000823,Debagarh,Odisha,1971,2915.312205,LINEAGE_BACKFILL,IND-000228,0.95
IND-000823,Debagarh,Odisha,1981,2915.311553,LINEAGE_BACKFILL,IND-000228,0.95
IND-000823,Debagarh,Odisha,1991,2915.298615,LINEAGE_BACKFILL,IND-000228,0.95
IND-000823,Debagarh,Odisha,2001,2915.3629961180895,DIRECT,IND-000823,1.0
IND-000823,Debagarh,Odisha,2011,3011.859947816487,DIRECT,IND-000823,1.0
IND-000823,Debagarh,Odisha,2021,2942.27663858483,DIRECT,IND-000823,1.0
IND-000823,Debagarh,Odisha,2025,2955.905585292941,DIRECT,IND-000823,1.0
IND-000830,Dhenkanal,Odisha,1951,4479.333212,LINEAGE_BACKFILL,IND-000233,0.95
IND-000830,Dhenkanal,Odisha,1961,4479.333212,LINEAGE_BACKFILL,IND-000233,0.95
IND-000830,Dhenkanal,Odisha,1971,4479.333212,LINEAGE_BACKFILL,IND-000233,0.95
IND-000830,Dhenkanal,Odisha,1981,4479.350313,LINEAGE_BACKFILL,IND-000233,0.95
IND-000830,Dhenkanal,Odisha,1991,4479.339553,LINEAGE_BACKFILL,IND-000233,0.95
IND-000830,Dhenkanal,Odisha,2001,4479.405711399476,DIRECT,IND-000830,1.0
IND-000830,Dhenkanal,Odisha,2011,4412.692383467665,DIRECT,IND-000830,1.0
IND-000830,Dhenkanal,Odisha,2021,4456.756599854396,DIRECT,IND-000830,1.0
IND-000830,Dhenkanal,Odisha,2025,4458.891673989588,DIRECT,IND-000830,1.0
IND-000836,Gajapati,Odisha,1951,4157.597566,LINEAGE_BACKFILL,IND-000229,0.7
IND-000836,Gajapati,Odisha,1961,4157.597566,LINEAGE_BACKFILL,IND-000229,0.7
IND-000836,Gajapati,Odisha,1971,4207.207912,LINEAGE_BACKFILL,IND-000229,0.7
IND-000836,Gajapati,Odisha,1981,4207.208922,LINEAGE_BACKFILL,IND-000229,0.7
IND-000836,Gajapati,Odisha,1991,4157.613901,LINEAGE_BACKFILL,IND-000229,0.7
IND-000836,Gajapati,Odisha,2001,4157.723098336836,DIRECT,IND-000836,1.0
IND-000836,Gajapati,Odisha,2011,4234.764030742187,DIRECT,IND-000836,1.0
IND-000836,Gajapati,Odisha,2021,4124.090276544752,DIRECT,IND-000836,1.0
IND-000836,Gajapati,Odisha,2025,4133.039516915303,DIRECT,IND-000836,1.0
IND-000835,Ganjam,Odisha,1951,8280.701849,LINEAGE_BACKFILL,IND-000229,0.7
IND-000835,Ganjam,Odisha,1961,8280.701849,LINEAGE_BACKFILL,IND-000229,0.7
IND-000835,Ganjam,Odisha,1971,8379.51095,LINEAGE_BACKFILL,IND-000229,0.7
IND-000835,Ganjam,Odisha,1981,8379.512962,LINEAGE_BACKFILL,IND-000229,0.7
IND-000835,Ganjam,Odisha,1991,8280.734383,LINEAGE_BACKFILL,IND-000229,0.7
IND-000835,Ganjam,Odisha,2001,8280.833885718985,DIRECT,IND-000835,1.0
IND-000835,Ganjam,Odisha,2011,8484.150643561574,DIRECT,IND-000835,1.0
IND-000835,Ganjam,Odisha,2021,8382.156058166871,DIRECT,IND-000835,1.0
IND-000835,Ganjam,Odisha,2025,8392.395658600368,DIRECT,IND-000835,1.0
IND-000827,Jagatsinghapur,Odisha,1951,1749.627906,LINEAGE_BACKFILL,IND-000225,0.95
IND-000827,Jagatsinghapur,Odisha,1961,1749.627906,LINEAGE_BACKFILL,IND-000225,0.95
IND-000827,Jagatsinghapur,Odisha,1971,1749.627906,LINEAGE_BACKFILL,IND-000225,0.95
IND-000827,Jagatsinghapur,Odisha,1981,1749.616466,LINEAGE_BACKFILL,IND-000225,0.95
IND-000827,Jagatsinghapur,Odisha,1991,1749.626272,LINEAGE_BACKFILL,IND-000225,0.95
IND-000827,Jagatsinghapur,Odisha,2001,1749.6375723775918,DIRECT,IND-000827,1.0
IND-000827,Jagatsinghapur,Odisha,2011,1739.5712098372787,DIRECT,IND-000827,1.0
IND-000827,Jagatsinghapur,Odisha,2021,1733.7453556618611,DIRECT,IND-000827,1.0
IND-000827,Jagatsinghapur,Odisha,2025,1733.7837639562986,DIRECT,IND-000827,1.0
IND-000829,Jajapur,Odisha,1951,2972.514416,LINEAGE_BACKFILL,IND-000225,0.95
IND-000829,Jajapur,Odisha,1961,2972.514416,LINEAGE_BACKFILL,IND-000225,0.95
IND-000829,Jajapur,Odisha,1971,2972.514416,LINEAGE_BACKFILL,IND-000225,0.95
IND-000829,Jajapur,Odisha,1981,2972.49498,LINEAGE_BACKFILL,IND-000225,0.95
IND-000829,Jajapur,Odisha,1991,2972.51164,LINEAGE_BACKFILL,IND-000225,0.95
IND-000829,Jajapur,Odisha,2001,2972.5682839907204,DIRECT,IND-000829,1.0
IND-000829,Jajapur,Odisha,2011,2882.5391884912883,DIRECT,IND-000829,1.0
IND-000829,Jajapur,Odisha,2021,2896.456249793281,DIRECT,IND-000829,1.0
IND-000829,Jajapur,Odisha,2025,2897.926000628399,DIRECT,IND-000829,1.0
IND-000821,Jharsuguda,Odisha,1951,2151.230213,LINEAGE_BACKFILL,IND-000228,0.95
IND-000821,Jharsuguda,Odisha,1961,2151.230213,LINEAGE_BACKFILL,IND-000228,0.95
IND-000821,Jharsuguda,Odisha,1971,2151.230213,LINEAGE_BACKFILL,IND-000228,0.95
IND-000821,Jharsuguda,Odisha,1981,2151.229733,LINEAGE_BACKFILL,IND-000228,0.95
IND-000821,Jharsuguda,Odisha,1991,2151.220186,LINEAGE_BACKFILL,IND-000228,0.95
IND-000821,Jharsuguda,Odisha,2001,2151.2705300220196,DIRECT,IND-000821,1.0
IND-000821,Jharsuguda,Odisha,2011,2163.8265507611623,DIRECT,IND-000821,1.0
IND-000821,Jharsuguda,Odisha,2021,2078.9659217131443,DIRECT,IND-000821,1.0
IND-000821,Jharsuguda,Odisha,2025,2072.427079825781,DIRECT,IND-000821,1.0
IND-000842,Kalahandi,Odisha,1951,7919.37626,LINEAGE_BACKFILL,IND-000237,0.95
IND-000842,Kalahandi,Odisha,1961,7919.37626,LINEAGE_BACKFILL,IND-000237,0.95
IND-000842,Kalahandi,Odisha,1971,7919.37626,LINEAGE_BACKFILL,IND-000237,0.95
IND-000842,Kalahandi,Odisha,1981,7919.434141,LINEAGE_BACKFILL,IND-000237,0.95
IND-000842,Kalahandi,Odisha,1991,7919.380147,LINEAGE_BACKFILL,IND-000237,0.95
IND-000842,Kalahandi,Odisha,2001,7919.439893272086,DIRECT,IND-000842,1.0
IND-000842,Kalahandi,Odisha,2011,7900.218628944173,DIRECT,IND-000842,1.0
IND-000842,Kalahandi,Odisha,2021,7901.658860161621,DIRECT,IND-000842,1.0
IND-000842,Kalahandi,Odisha,2025,7898.158459575387,DIRECT,IND-000842,1.0
IND-000837,Kandhamal,Odisha,1951,8093.259828,LINEAGE_BACKFILL,IND-000231,0.7
IND-000837,Kandhamal,Odisha,1961,8093.259828,LINEAGE_BACKFILL,IND-000231,0.7
IND-000837,Kandhamal,Odisha,1971,8093.259828,LINEAGE_BACKFILL,IND-000231,0.7
IND-000837,Kandhamal,Odisha,1981,8093.223947,LINEAGE_BACKFILL,IND-000231,0.7
IND-000837,Kandhamal,Odisha,1991,8093.282318,LINEAGE_BACKFILL,IND-000231,0.7
IND-000837,Kandhamal,Odisha,2001,8093.316748345512,DIRECT,IND-000837,1.0
IND-000837,Kandhamal,Odisha,2011,7942.877336425637,DIRECT,IND-000837,1.0
IND-000837,Kandhamal,Odisha,2021,8019.954456481672,DIRECT,IND-000837,1.0
IND-000837,Kandhamal,Odisha,2025,8020.039559590469,DIRECT,IND-000837,1.0
IND-000826,Kendrapara,Odisha,1951,2489.785585,LINEAGE_BACKFILL,IND-000225,0.95
IND-000826,Kendrapara,Odisha,1961,2489.785585,LINEAGE_BACKFILL,IND-000225,0.95
IND-000826,Kendrapara,Odisha,1971,2489.785585,LINEAGE_BACKFILL,IND-000225,0.95
IND-000826,Kendrapara,Odisha,1981,2489.769306,LINEAGE_BACKFILL,IND-000225,0.95
IND-000826,Kendrapara,Odisha,1991,2489.78326,LINEAGE_BACKFILL,IND-000225,0.95
IND-000826,Kendrapara,Odisha,2001,2489.891040735567,DIRECT,IND-000826,1.0
IND-000826,Kendrapara,Odisha,2011,2566.456376251632,DIRECT,IND-000826,1.0
IND-000826,Kendrapara,Odisha,2021,2532.0443110329206,DIRECT,IND-000826,1.0
IND-000826,Kendrapara,Odisha,2025,2533.243119915564,DIRECT,IND-000826,1.0
IND-000234,Keonjhar,Odisha,1951,8377.00210093849,DIRECT,IND-000234,1.0
IND-000234,Keonjhar,Odisha,1961,8377.00210093849,DIRECT,IND-000234,1.0
IND-000234,Keonjhar,Odisha,1971,8377.00210093849,DIRECT,IND-000234,1.0
IND-000234,Keonjhar,Odisha,1981,8376.93650508646,DIRECT,IND-000234,1.0
IND-000234,Keonjhar,Odisha,1991,8377.00766311272,DIRECT,IND-000234,1.0
IND-000234,Keonjhar,Odisha,2001,8377.00766311272,DIRECT,IND-000234,1.0
IND-000234,Keonjhar,Odisha,2011,8375.964375519345,DIRECT,IND-000234,1.0
IND-000234,Keonjhar,Odisha,2021,8313.059104561127,DIRECT,IND-000234,1.0
IND-000234,Keonjhar,Odisha,2025,8302.146642032343,DIRECT,IND-000234,1.0
IND-000833,Khordha,Odisha,1951,2906.080356,LINEAGE_BACKFILL,IND-000227,0.95
IND-000833,Khordha,Odisha,1961,2906.080356,LINEAGE_BACKFILL,IND-000227,0.95
IND-000833,Khordha,Odisha,1971,2906.080356,LINEAGE_BACKFILL,IND-000227,0.95
IND-000833,Khordha,Odisha,1981,2906.088415,LINEAGE_BACKFILL,IND-000227,0.95
IND-000833,Khordha,Odisha,1991,2906.079554,LINEAGE_BACKFILL,IND-000227,0.95
IND-000833,Khordha,Odisha,2001,2906.1005250847243,DIRECT,IND-000833,1.0
IND-000833,Khordha,Odisha,2011,2812.812164557788,DIRECT,IND-000833,1.0
IND-000833,Khordha,Odisha,2021,2889.453157077278,DIRECT,IND-000833,1.0
IND-000833,Khordha,Odisha,2025,2880.1232944984126,DIRECT,IND-000833,1.0
IND-000845,Koraput,Odisha,1951,8437.005416,LINEAGE_BACKFILL,IND-000230,0.95
IND-000845,Koraput,Odisha,1961,8437.005416,LINEAGE_BACKFILL,IND-000230,0.95
IND-000845,Koraput,Odisha,1971,8437.005416,LINEAGE_BACKFILL,IND-000230,0.95
IND-000845,Koraput,Odisha,1981,8436.986314,LINEAGE_BACKFILL,IND-000230,0.95
IND-000845,Koraput,Odisha,1991,8436.971408,LINEAGE_BACKFILL,IND-000230,0.95
IND-000845,Koraput,Odisha,2001,8437.244543159972,DIRECT,IND-000845,1.0
IND-000845,Koraput,Odisha,2011,8656.600921971414,DIRECT,IND-000845,1.0
IND-000845,Koraput,Odisha,2021,8357.116198407703,DIRECT,IND-000845,1.0
IND-000845,Koraput,Odisha,2025,8389.764715644245,DIRECT,IND-000845,1.0
IND-000846,Malkangiri,Odisha,1951,5659.292691,LINEAGE_BACKFILL,IND-000230,0.95
IND-000846,Malkangiri,Odisha,1961,5659.292691,LINEAGE_BACKFILL,IND-000230,0.95
IND-000846,Malkangiri,Odisha,1971,5659.292691,LINEAGE_BACKFILL,IND-000230,0.95
IND-000846,Malkangiri,Odisha,1981,5659.279879,LINEAGE_BACKFILL,IND-000230,0.95
IND-000846,Malkangiri,Odisha,1991,5659.26988,LINEAGE_BACKFILL,IND-000230,0.95
IND-000846,Malkangiri,Odisha,2001,5659.534368239674,DIRECT,IND-000846,1.0
IND-000846,Malkangiri,Odisha,2011,5831.4269505721295,DIRECT,IND-000846,1.0
IND-000846,Malkangiri,Odisha,2021,5751.704260364811,DIRECT,IND-000846,1.0
IND-000846,Malkangiri,Odisha,2025,5782.326550039894,DIRECT,IND-000846,1.0
IND-000232,Mayurbhanj,Odisha,1951,10250.30962067306,DIRECT,IND-000232,1.0
IND-000232,Mayurbhanj,Odisha,1961,10250.30962067306,DIRECT,IND-000232,1.0
IND-000232,Mayurbhanj,Odisha,1971,10250.30962067306,DIRECT,IND-000232,1.0
IND-000232,Mayurbhanj,Odisha,1981,10250.384301513226,DIRECT,IND-000232,1.0
IND-000232,Mayurbhanj,Odisha,1991,10250.319441985635,DIRECT,IND-000232,1.0
IND-000232,Mayurbhanj,Odisha,2001,10250.319441985635,DIRECT,IND-000232,1.0
IND-000232,Mayurbhanj,Odisha,2011,10450.715262971402,DIRECT,IND-000232,1.0
IND-000232,Mayurbhanj,Odisha,2021,10400.916976223654,DIRECT,IND-000232,1.0
IND-000232,Mayurbhanj,Odisha,2025,10410.333600926717,DIRECT,IND-000232,1.0
IND-000844,Nabarangapur,Odisha,1951,5378.66242,LINEAGE_BACKFILL,IND-000230,0.7
IND-000844,Nabarangapur,Odisha,1961,5378.66242,LINEAGE_BACKFILL,IND-000230,0.7
IND-000844,Nabarangapur,Odisha,1971,5378.66242,LINEAGE_BACKFILL,IND-000230,0.7
IND-000844,Nabarangapur,Odisha,1981,5378.650243,LINEAGE_BACKFILL,IND-000230,0.7
IND-000844,Nabarangapur,Odisha,1991,5378.64074,LINEAGE_BACKFILL,IND-000230,0.7
IND-000844,Nabarangapur,Odisha,2001,5378.67570943855,DIRECT,IND-000844,1.0
IND-000844,Nabarangapur,Odisha,2011,5404.69786634863,DIRECT,IND-000844,1.0
IND-000844,Nabarangapur,Odisha,2021,5456.022847916688,DIRECT,IND-000844,1.0
IND-000844,Nabarangapur,Odisha,2025,5454.584233945874,DIRECT,IND-000844,1.0
IND-000832,Nayagarh,Odisha,1951,4046.05446,LINEAGE_BACKFILL,IND-000227,0.95
IND-000832,Nayagarh,Odisha,1961,4046.05446,LINEAGE_BACKFILL,IND-000227,0.95
IND-000832,Nayagarh,Odisha,1971,4046.05446,LINEAGE_BACKFILL,IND-000227,0.95
IND-000832,Nayagarh,Odisha,1981,4046.065681,LINEAGE_BACKFILL,IND-000227,0.95
IND-000832,Nayagarh,Odisha,1991,4046.053343,LINEAGE_BACKFILL,IND-000227,0.95
IND-000832,Nayagarh,Odisha,2001,4046.0811398703527,DIRECT,IND-000832,1.0
IND-000832,Nayagarh,Odisha,2011,3877.2137470135926,DIRECT,IND-000832,1.0
IND-000832,Nayagarh,Odisha,2021,3894.527613800072,DIRECT,IND-000832,1.0
IND-000832,Nayagarh,Odisha,2025,3897.395892028523,DIRECT,IND-000832,1.0
IND-000841,Nuapada,Odisha,1951,3788.075444,LINEAGE_BACKFILL,IND-000237,0.95
IND-000841,Nuapada,Odisha,1961,3788.075444,LINEAGE_BACKFILL,IND-000237,0.95
IND-000841,Nuapada,Odisha,1971,3788.075444,LINEAGE_BACKFILL,IND-000237,0.95
IND-000841,Nuapada,Odisha,1981,3788.10313,LINEAGE_BACKFILL,IND-000237,0.95
IND-000841,Nuapada,Odisha,1991,3788.077303,LINEAGE_BACKFILL,IND-000237,0.95
IND-000841,Nuapada,Odisha,2001,3788.1932841099047,DIRECT,IND-000841,1.0
IND-000841,Nuapada,Odisha,2011,3927.478416194789,DIRECT,IND-000841,1.0
IND-000841,Nuapada,Odisha,2021,3852.417571961475,DIRECT,IND-000841,1.0
IND-000841,Nuapada,Odisha,2025,3846.195550283722,DIRECT,IND-000841,1.0
IND-000834,Puri,Odisha,1951,3485.920259,LINEAGE_BACKFILL,IND-000227,0.95
IND-000834,Puri,Odisha,1961,3485.920259,LINEAGE_BACKFILL,IND-000227,0.95
IND-000834,Puri,Odisha,1971,3485.920259,LINEAGE_BACKFILL,IND-000227,0.95
IND-000834,Puri,Odisha,1981,3485.929927,LINEAGE_BACKFILL,IND-000227,0.95
IND-000834,Puri,Odisha,1991,3485.919297,LINEAGE_BACKFILL,IND-000227,0.95
IND-000834,Puri,Odisha,2001,3486.017890156245,DIRECT,IND-000834,1.0
IND-000834,Puri,Odisha,2011,3528.7035737884603,DIRECT,IND-000834,1.0
IND-000834,Puri,Odisha,2021,3449.043802464018,DIRECT,IND-000834,1.0
IND-000834,Puri,Odisha,2025,3471.7577815592904,DIRECT,IND-000834,1.0
IND-000843,Rayagada,Odisha,1951,7382.940651,LINEAGE_BACKFILL,IND-000230,0.95
IND-000843,Rayagada,Odisha,1961,7382.940651,LINEAGE_BACKFILL,IND-000230,0.95
IND-000843,Rayagada,Odisha,1971,7382.940651,LINEAGE_BACKFILL,IND-000230,0.95
IND-000843,Rayagada,Odisha,1981,7382.923936,LINEAGE_BACKFILL,IND-000230,0.95
IND-000843,Rayagada,Odisha,1991,7382.910892,LINEAGE_BACKFILL,IND-000230,0.95
IND-000843,Rayagada,Odisha,2001,7383.273359721714,DIRECT,IND-000843,1.0
IND-000843,Rayagada,Odisha,2011,7383.423958104536,DIRECT,IND-000843,1.0
IND-000843,Rayagada,Odisha,2021,7329.348447469068,DIRECT,IND-000843,1.0
IND-000843,Rayagada,Odisha,2025,7342.073996229939,DIRECT,IND-000843,1.0
IND-000822,Sambalpur,Odisha,1951,6591.056634,LINEAGE_BACKFILL,IND-000228,0.95
IND-000822,Sambalpur,Odisha,1961,6591.056634,LINEAGE_BACKFILL,IND-000228,0.95
IND-000822,Sambalpur,Odisha,1971,6591.056634,LINEAGE_BACKFILL,IND-000228,0.95
IND-000822,Sambalpur,Odisha,1981,6591.05516,LINEAGE_BACKFILL,IND-000228,0.95
IND-000822,Sambalpur,Odisha,1991,6591.02591,LINEAGE_BACKFILL,IND-000228,0.95
IND-000822,Sambalpur,Odisha,2001,6591.1851632141925,DIRECT,IND-000822,1.0
IND-000822,Sambalpur,Odisha,2011,6588.329666596689,DIRECT,IND-000822,1.0
IND-000822,Sambalpur,Odisha,2021,6644.072525660285,DIRECT,IND-000822,1.0
IND-000822,Sambalpur,Odisha,2025,6649.921019720584,DIRECT,IND-000822,1.0
IND-000839,Sonapur,Odisha,1951,2316.141637,LINEAGE_BACKFILL,IND-000236,0.7
IND-000839,Sonapur,Odisha,1961,2316.141637,LINEAGE_BACKFILL,IND-000236,0.7
IND-000839,Sonapur,Odisha,1971,2316.141637,LINEAGE_BACKFILL,IND-000236,0.7
IND-000839,Sonapur,Odisha,1981,2316.142889,LINEAGE_BACKFILL,IND-000236,0.7
IND-000839,Sonapur,Odisha,1991,2316.149448,LINEAGE_BACKFILL,IND-000236,0.7
IND-000839,Sonapur,Odisha,2001,2316.256529827146,DIRECT,IND-000839,1.0
IND-000839,Sonapur,Odisha,2011,2347.6620764785976,DIRECT,IND-000839,1.0
IND-000839,Sonapur,Odisha,2021,2363.786238654349,DIRECT,IND-000839,1.0
IND-000839,Sonapur,Odisha,2025,2362.4129463267736,DIRECT,IND-000839,1.0
IND-000235,Sundargarh,Odisha,1951,9460.10062839866,DIRECT,IND-000235,1.0
IND-000235,Sundargarh,Odisha,1961,9460.10062839866,DIRECT,IND-000235,1.0
IND-000235,Sundargarh,Odisha,1971,9460.10062839866,DIRECT,IND-000235,1.0
IND-000235,Sundargarh,Odisha,1981,9460.089177450922,DIRECT,IND-000235,1.0
IND-000235,Sundargarh,Odisha,1991,9460.127601206172,DIRECT,IND-000235,1.0
IND-000235,Sundargarh,Odisha,2001,9460.127601206172,DIRECT,IND-000235,1.0
IND-000235,Sundargarh,Odisha,2011,9691.071084485156,DIRECT,IND-000235,1.0
IND-000235,Sundargarh,Odisha,2021,9742.210322518233,DIRECT,IND-000235,1.0
IND-000235,Sundargarh,Odisha,2025,9724.384380896336,DIRECT,IND-000235,1.0
IND-000063,Kapurthala,Patiala And East Punjab States Union,1951,1641.3452941325086,DIRECT,IND-000063,1.0
IND-000063,Kapurthala,Patiala And East Punjab States Union,1961,1641.3452941325086,DIRECT,IND-000063,1.0
IND-000063,Kapurthala,Patiala And East Punjab States Union,1971,1641.3452941325086,DIRECT,IND-000063,1.0
IND-000063,Kapurthala,Patiala And East Punjab States Union,1981,1641.3452941325086,DIRECT,IND-000063,1.0
IND-000063,Kapurthala,Patiala And East Punjab States Union,1991,1641.3445989556017,DIRECT,IND-000063,1.0
IND-000063,Kapurthala,Patiala And East Punjab States Union,2001,1641.3445989556017,DIRECT,IND-000063,1.0
IND-000063,Kapurthala,Patiala And East Punjab States Union,2011,1568.9884696901754,DIRECT,IND-000063,1.0
IND-000063,Kapurthala,Patiala And East Punjab States Union,2021,1631.1903662608158,DIRECT,IND-000063,1.0
IND-000063,Kapurthala,Patiala And East Punjab States Union,2025,1631.8035728112864,DIRECT,IND-000063,1.0
IND-000175,Karaikal,Puducherry,1951,157.87992063017265,DIRECT,IND-000175,1.0
IND-000175,Karaikal,Puducherry,1961,157.87992063017265,DIRECT,IND-000175,1.0
IND-000175,Karaikal,Puducherry,1971,157.87992063017265,DIRECT,IND-000175,1.0
IND-000175,Karaikal,Puducherry,1981,157.87994645255534,DIRECT,IND-000175,1.0
IND-000175,Karaikal,Puducherry,1991,157.85315651036643,DIRECT,IND-000175,1.0
IND-000175,Karaikal,Puducherry,2001,161.8195821234268,DIRECT,IND-000175,1.0
IND-000175,Karaikal,Puducherry,2011,161.5496466960069,DIRECT,IND-000175,1.0
IND-000175,Karaikal,Puducherry,2021,161.24927538369707,DIRECT,IND-000175,1.0
IND-000175,Karaikal,Puducherry,2025,158.7643162837952,DIRECT,IND-000175,1.0
IND-001276,Mahe,Puducherry,1951,8.426737,LINEAGE_BACKFILL,IND-000659|IND-001093,0.3096
IND-001276,Mahe,Puducherry,1961,8.426892,LINEAGE_BACKFILL,IND-000659|IND-001093,0.343
IND-001276,Mahe,Puducherry,1971,8.405698,LINEAGE_BACKFILL,IND-000659|IND-001093,0.343
IND-001276,Mahe,Puducherry,1981,8.426927,LINEAGE_BACKFILL,IND-000659|IND-001093,0.343
IND-001276,Mahe,Puducherry,1991,8.426392,LINEAGE_BACKFILL,IND-000659|IND-001093,0.49
IND-001276,Mahe,Puducherry,2001,8.402761,LINEAGE_BACKFILL,IND-000659|IND-001093,0.49
IND-001276,Mahe,Puducherry,2011,8.6534,LINEAGE_BACKFILL,IND-000659|IND-001093,0.7
IND-001276,Mahe,Puducherry,2021,8.811246865727858,DIRECT,IND-001276,1.0
IND-001276,Mahe,Puducherry,2025,8.973293332076244,DIRECT,IND-001276,1.0
IND-001092,Puducherry,Puducherry,1951,304.13271,LINEAGE_BACKFILL,IND-000674|IND-000924|IND-000931,0.343
IND-001092,Puducherry,Puducherry,1961,304.13271,LINEAGE_BACKFILL,IND-000674|IND-000924|IND-000931,0.343
IND-001092,Puducherry,Puducherry,1971,298.549873,LINEAGE_BACKFILL,IND-000674|IND-000924|IND-000931,0.343
IND-001092,Puducherry,Puducherry,1981,304.132748,LINEAGE_BACKFILL,IND-000674|IND-000924|IND-000931,0.343
IND-001092,Puducherry,Puducherry,1991,303.816145,LINEAGE_BACKFILL,IND-000674|IND-000924|IND-000931,0.49
IND-001092,Puducherry,Puducherry,2001,297.82951,LINEAGE_BACKFILL,IND-000674|IND-000924|IND-000931,0.7
IND-001092,Puducherry,Puducherry,2011,297.81108575549604,DIRECT,IND-001092,1.0
IND-001092,Puducherry,Puducherry,2021,298.54757826290916,DIRECT,IND-001092,1.0
IND-001092,Puducherry,Puducherry,2025,298.5406900753917,DIRECT,IND-001092,1.0
IND-001342,Yanam,Puducherry,1951,38.010902,LINEAGE_BACKFILL,IND-001261|IND-001277,0.1681
IND-001342,Yanam,Puducherry,1961,38.01189,LINEAGE_BACKFILL,IND-001261|IND-001277,0.2401
IND-001342,Yanam,Puducherry,1971,37.971741,LINEAGE_BACKFILL,IND-001261|IND-001277,0.3258
IND-001342,Yanam,Puducherry,1981,37.971749,LINEAGE_BACKFILL,IND-001261|IND-001277,0.3258
IND-001342,Yanam,Puducherry,1991,37.973219,LINEAGE_BACKFILL,IND-001261|IND-001277,0.3258
IND-001342,Yanam,Puducherry,2001,37.973222,LINEAGE_BACKFILL,IND-001261|IND-001277,0.343
IND-001342,Yanam,Puducherry,2011,37.837298,LINEAGE_BACKFILL,IND-001261|IND-001277,0.49
IND-001342,Yanam,Puducherry,2021,37.832931,LINEAGE_BACKFILL,IND-001261|IND-001277,0.7
IND-001342,Yanam,Puducherry,2025,37.81308847301766,DIRECT,IND-001342,1.0
IND-000958,Amritsar,Punjab,1951,2612.378976,LINEAGE_BACKFILL,IND-000063|IND-000249|IND-000250,0.7
IND-000958,Amritsar,Punjab,1961,2612.378976,LINEAGE_BACKFILL,IND-000063|IND-000249|IND-000250,0.7
IND-000958,Amritsar,Punjab,1971,2612.378976,LINEAGE_BACKFILL,IND-000063|IND-000249|IND-000250,0.7
IND-000958,Amritsar,Punjab,1981,2612.378976,LINEAGE_BACKFILL,IND-000063|IND-000249|IND-000250,0.7
IND-000958,Amritsar,Punjab,1991,2612.366503,LINEAGE_BACKFILL,IND-000063|IND-000249|IND-000250,0.7
IND-000958,Amritsar,Punjab,2001,2612.366503,LINEAGE_BACKFILL,IND-000063|IND-000249|IND-000250,0.7
IND-000958,Amritsar,Punjab,2011,2615.0313306498983,DIRECT,IND-000958,1.0
IND-000958,Amritsar,Punjab,2021,2676.277802443004,DIRECT,IND-000958,1.0
IND-000958,Amritsar,Punjab,2025,2678.3946584618575,DIRECT,IND-000958,1.0
IND-000963,Barnala,Punjab,1951,1368.072225,LINEAGE_BACKFILL,IND-000345|IND-000415|IND-000679|IND-000683|IND-000684,0.343
IND-000963,Barnala,Punjab,1961,1368.116739,LINEAGE_BACKFILL,IND-000345|IND-000415|IND-000679|IND-000683|IND-000684,0.343
IND-000963,Barnala,Punjab,1971,1368.156507,LINEAGE_BACKFILL,IND-000345|IND-000415|IND-000679|IND-000683|IND-000684,0.343
IND-000963,Barnala,Punjab,1981,1368.157085,LINEAGE_BACKFILL,IND-000345|IND-000415|IND-000679|IND-000683|IND-000684,0.49
IND-000963,Barnala,Punjab,1991,1368.165318,LINEAGE_BACKFILL,IND-000345|IND-000415|IND-000679|IND-000683|IND-000684,0.49
IND-000963,Barnala,Punjab,2001,1366.452055,LINEAGE_BACKFILL,IND-000345|IND-000415|IND-000679|IND-000683|IND-000684,0.7
IND-000963,Barnala,Punjab,2011,1366.352248056348,DIRECT,IND-000963,1.0
IND-000963,Barnala,Punjab,2021,1424.9145245100249,DIRECT,IND-000963,1.0
IND-000963,Barnala,Punjab,2025,1424.3021256036252,DIRECT,IND-000963,1.0
IND-000683,Bathinda,Punjab,1951,3374.239656,LINEAGE_BACKFILL,IND-000481,0.6318
IND-000683,Bathinda,Punjab,1961,3374.265611,LINEAGE_BACKFILL,IND-000481,0.9025
IND-000683,Bathinda,Punjab,1971,3374.265611,LINEAGE_BACKFILL,IND-000481,0.9025
IND-000683,Bathinda,Punjab,1981,3374.345247,LINEAGE_BACKFILL,IND-000481,0.95
IND-000683,Bathinda,Punjab,1991,3374.35075,LINEAGE_BACKFILL,IND-000481,0.95
IND-000683,Bathinda,Punjab,2001,3374.445879357384,DIRECT,IND-000683,1.0
IND-000683,Bathinda,Punjab,2011,3336.5542320684685,DIRECT,IND-000683,1.0
IND-000683,Bathinda,Punjab,2021,3355.540861370552,DIRECT,IND-000683,1.0
IND-000683,Bathinda,Punjab,2025,3378.3256401584836,DIRECT,IND-000683,1.0
IND-000682,Faridkot,Punjab,1951,1474.911239,LINEAGE_BACKFILL,IND-000482,0.6318
IND-000682,Faridkot,Punjab,1961,1474.914493,LINEAGE_BACKFILL,IND-000482,0.665
IND-000682,Faridkot,Punjab,1971,1474.914493,LINEAGE_BACKFILL,IND-000482,0.665
IND-000682,Faridkot,Punjab,1981,1474.891989,LINEAGE_BACKFILL,IND-000482,0.95
IND-000682,Faridkot,Punjab,1991,1474.889385,LINEAGE_BACKFILL,IND-000482,0.95
IND-000682,Faridkot,Punjab,2001,1475.078366882366,DIRECT,IND-000682,1.0
IND-000682,Faridkot,Punjab,2011,1486.4815913555185,DIRECT,IND-000682,1.0
IND-000682,Faridkot,Punjab,2021,1475.990521183194,DIRECT,IND-000682,1.0
IND-000682,Faridkot,Punjab,2025,1460.9419785439554,DIRECT,IND-000682,1.0
IND-000678,Fatehgarh Sahib,Punjab,1951,1165.420716,LINEAGE_BACKFILL,IND-000345|IND-000348,0.49
IND-000678,Fatehgarh Sahib,Punjab,1961,1165.45609,LINEAGE_BACKFILL,IND-000345|IND-000348,0.7
IND-000678,Fatehgarh Sahib,Punjab,1971,1165.45609,LINEAGE_BACKFILL,IND-000345|IND-000348,0.7
IND-000678,Fatehgarh Sahib,Punjab,1981,1165.456099,LINEAGE_BACKFILL,IND-000345|IND-000348,0.7
IND-000678,Fatehgarh Sahib,Punjab,1991,1165.462276,LINEAGE_BACKFILL,IND-000345|IND-000348,0.7
IND-000678,Fatehgarh Sahib,Punjab,2001,1165.552090142092,DIRECT,IND-000678,1.0
IND-000678,Fatehgarh Sahib,Punjab,2011,1140.4412796734264,DIRECT,IND-000678,1.0
IND-000678,Fatehgarh Sahib,Punjab,2021,1156.8516196212508,DIRECT,IND-000678,1.0
IND-000678,Fatehgarh Sahib,Punjab,2025,1151.2057892807072,DIRECT,IND-000678,1.0
IND-001106,Fazilka,Punjab,1951,2869.999196,LINEAGE_BACKFILL,IND-000680|IND-000681|IND-000713,0.4423
IND-001106,Fazilka,Punjab,1961,2869.999217,LINEAGE_BACKFILL,IND-000680|IND-000681|IND-000713,0.4655
IND-001106,Fazilka,Punjab,1971,2869.999217,LINEAGE_BACKFILL,IND-000680|IND-000681|IND-000713,0.4655
IND-001106,Fazilka,Punjab,1981,2870.009381,LINEAGE_BACKFILL,IND-000680|IND-000681|IND-000713,0.665
IND-001106,Fazilka,Punjab,1991,2870.028399,LINEAGE_BACKFILL,IND-000680|IND-000681|IND-000713,0.665
IND-001106,Fazilka,Punjab,2001,2870.029737,LINEAGE_BACKFILL,IND-000680|IND-000681|IND-000713,0.7
IND-001106,Fazilka,Punjab,2011,2878.168295,LINEAGE_BACKFILL,IND-000680|IND-000681|IND-000713,0.7
IND-001106,Fazilka,Punjab,2021,2884.0338114463357,DIRECT,IND-001106,1.0
IND-001106,Fazilka,Punjab,2025,2875.768616726607,DIRECT,IND-001106,1.0
IND-001108,Firozpur,Punjab,1951,2343.903492,LINEAGE_BACKFILL,IND-000675|IND-000679|IND-000680|IND-000681|IND-000682|IND-000959,0.2281
IND-001108,Firozpur,Punjab,1961,2343.903543,LINEAGE_BACKFILL,IND-000675|IND-000679|IND-000680|IND-000681|IND-000682|IND-000959,0.2281
IND-001108,Firozpur,Punjab,1971,2343.903548,LINEAGE_BACKFILL,IND-000675|IND-000679|IND-000680|IND-000681|IND-000682|IND-000959,0.2401
IND-001108,Firozpur,Punjab,1981,2343.91155,LINEAGE_BACKFILL,IND-000675|IND-000679|IND-000680|IND-000681|IND-000682|IND-000959,0.343
IND-001108,Firozpur,Punjab,1991,2343.927092,LINEAGE_BACKFILL,IND-000675|IND-000679|IND-000680|IND-000681|IND-000682|IND-000959,0.343
IND-001108,Firozpur,Punjab,2001,2343.929978,LINEAGE_BACKFILL,IND-000675|IND-000679|IND-000680|IND-000681|IND-000682|IND-000959,0.49
IND-001108,Firozpur,Punjab,2011,2349.560015,LINEAGE_BACKFILL,IND-000675|IND-000679|IND-000680|IND-000681|IND-000682|IND-000959,0.7
IND-001108,Firozpur,Punjab,2021,2363.6677511170938,DIRECT,IND-001108,1.0
IND-001108,Firozpur,Punjab,2025,2371.447502248724,DIRECT,IND-001108,1.0
IND-001105,Gurdaspur,Punjab,1951,2560.709388,LINEAGE_BACKFILL,IND-000063|IND-000250|IND-000676|IND-000958,0.2281
IND-001105,Gurdaspur,Punjab,1961,2560.709388,LINEAGE_BACKFILL,IND-000063|IND-000250|IND-000676|IND-000958,0.2281
IND-001105,Gurdaspur,Punjab,1971,2560.709461,LINEAGE_BACKFILL,IND-000063|IND-000250|IND-000676|IND-000958,0.3258
IND-001105,Gurdaspur,Punjab,1981,2560.709677,LINEAGE_BACKFILL,IND-000063|IND-000250|IND-000676|IND-000958,0.4655
IND-001105,Gurdaspur,Punjab,1991,2560.746979,LINEAGE_BACKFILL,IND-000063|IND-000250|IND-000676|IND-000958,0.49
IND-001105,Gurdaspur,Punjab,2001,2560.747229,LINEAGE_BACKFILL,IND-000063|IND-000250|IND-000676|IND-000958,0.49
IND-001105,Gurdaspur,Punjab,2011,2598.002062,LINEAGE_BACKFILL,IND-000063|IND-000250|IND-000676|IND-000958,0.7
IND-001105,Gurdaspur,Punjab,2021,2604.779330924461,DIRECT,IND-001105,1.0
IND-001105,Gurdaspur,Punjab,2025,2603.719712042827,DIRECT,IND-001105,1.0
IND-000676,Hoshiarpur,Punjab,1951,3347.917032,LINEAGE_BACKFILL,IND-000583,0.3259
IND-000676,Hoshiarpur,Punjab,1961,3347.917032,LINEAGE_BACKFILL,IND-000583,0.3259
IND-000676,Hoshiarpur,Punjab,1971,3347.936993,LINEAGE_BACKFILL,IND-000583,0.4655
IND-000676,Hoshiarpur,Punjab,1981,3347.996305,LINEAGE_BACKFILL,IND-000583,0.665
IND-000676,Hoshiarpur,Punjab,1991,3348.053516,LINEAGE_BACKFILL,IND-000583,0.95
IND-000676,Hoshiarpur,Punjab,2001,3348.122190350368,DIRECT,IND-000676,1.0
IND-000676,Hoshiarpur,Punjab,2011,3390.7437724041465,DIRECT,IND-000676,1.0
IND-000676,Hoshiarpur,Punjab,2021,3381.620143547405,DIRECT,IND-000676,1.0
IND-000676,Hoshiarpur,Punjab,2025,3382.4659260185554,DIRECT,IND-000676,1.0
IND-000675,Jalandhar,Punjab,1951,2658.746711,LINEAGE_BACKFILL,IND-000584,0.3259
IND-000675,Jalandhar,Punjab,1961,2658.746711,LINEAGE_BACKFILL,IND-000584,0.3259
IND-000675,Jalandhar,Punjab,1971,2658.748941,LINEAGE_BACKFILL,IND-000584,0.4655
IND-000675,Jalandhar,Punjab,1981,2658.766592,LINEAGE_BACKFILL,IND-000584,0.665
IND-000675,Jalandhar,Punjab,1991,2658.889243,LINEAGE_BACKFILL,IND-000584,0.95
IND-000675,Jalandhar,Punjab,2001,2659.065753984103,DIRECT,IND-000675,1.0
IND-000675,Jalandhar,Punjab,2011,2631.180403021709,DIRECT,IND-000675,1.0
IND-000675,Jalandhar,Punjab,2021,2640.35581833142,DIRECT,IND-000675,1.0
IND-000675,Jalandhar,Punjab,2025,2639.226698206897,DIRECT,IND-000675,1.0
IND-000345,Ludhiana,Punjab,1951,3893.210631,LINEAGE_BACKFILL,IND-000060|IND-000247,0.7
IND-000345,Ludhiana,Punjab,1961,3893.222937130293,DIRECT,IND-000345,1.0
IND-000345,Ludhiana,Punjab,1971,3893.222937130293,DIRECT,IND-000345,1.0
IND-000345,Ludhiana,Punjab,1981,3893.222937130293,DIRECT,IND-000345,1.0
IND-000345,Ludhiana,Punjab,1991,3893.255868596501,DIRECT,IND-000345,1.0
IND-000345,Ludhiana,Punjab,2001,3708.68104918213,DIRECT,IND-000345,1.0
IND-000345,Ludhiana,Punjab,2011,3742.909249762555,DIRECT,IND-000345,1.0
IND-000345,Ludhiana,Punjab,2021,3691.1623081742346,DIRECT,IND-000345,1.0
IND-000345,Ludhiana,Punjab,2025,3690.106305809317,DIRECT,IND-000345,1.0
IND-000956,Mansa,Punjab,1951,2192.229477,LINEAGE_BACKFILL,IND-000415|IND-000573|IND-000683|IND-000684|IND-000700,0.343
IND-000956,Mansa,Punjab,1961,2192.246904,LINEAGE_BACKFILL,IND-000415|IND-000573|IND-000683|IND-000684|IND-000700,0.343
IND-000956,Mansa,Punjab,1971,2192.24766,LINEAGE_BACKFILL,IND-000415|IND-000573|IND-000683|IND-000684|IND-000700,0.343
IND-000956,Mansa,Punjab,1981,2192.298697,LINEAGE_BACKFILL,IND-000415|IND-000573|IND-000683|IND-000684|IND-000700,0.49
IND-000956,Mansa,Punjab,1991,2192.30247,LINEAGE_BACKFILL,IND-000415|IND-000573|IND-000683|IND-000684|IND-000700,0.49
IND-000956,Mansa,Punjab,2001,2192.460537,LINEAGE_BACKFILL,IND-000415|IND-000573|IND-000683|IND-000684|IND-000700,0.7
IND-000956,Mansa,Punjab,2011,2192.376890200854,DIRECT,IND-000956,1.0
IND-000956,Mansa,Punjab,2021,2194.53051353725,DIRECT,IND-000956,1.0
IND-000956,Mansa,Punjab,2025,2171.4112619012312,DIRECT,IND-000956,1.0
IND-000679,Moga,Punjab,1951,2203.032492,LINEAGE_BACKFILL,IND-000478|IND-000482,0.49
IND-000679,Moga,Punjab,1961,2203.034757,LINEAGE_BACKFILL,IND-000478|IND-000482,0.49
IND-000679,Moga,Punjab,1971,2203.034757,LINEAGE_BACKFILL,IND-000478|IND-000482,0.49
IND-000679,Moga,Punjab,1981,2203.023339,LINEAGE_BACKFILL,IND-000478|IND-000482,0.7
IND-000679,Moga,Punjab,1991,2203.029375,LINEAGE_BACKFILL,IND-000478|IND-000482,0.7
IND-000679,Moga,Punjab,2001,2203.078675439314,DIRECT,IND-000679,1.0
IND-000679,Moga,Punjab,2011,2104.89166162349,DIRECT,IND-000679,1.0
IND-000679,Moga,Punjab,2021,2234.730344565835,DIRECT,IND-000679,1.0
IND-000679,Moga,Punjab,2025,2250.778556153201,DIRECT,IND-000679,1.0
IND-000681,Muktsar,Punjab,1951,2641.218455,LINEAGE_BACKFILL,IND-000482,0.6318
IND-000681,Muktsar,Punjab,1961,2641.224282,LINEAGE_BACKFILL,IND-000482,0.665
IND-000681,Muktsar,Punjab,1971,2641.224282,LINEAGE_BACKFILL,IND-000482,0.665
IND-000681,Muktsar,Punjab,1981,2641.183982,LINEAGE_BACKFILL,IND-000482,0.95
IND-000681,Muktsar,Punjab,1991,2641.17932,LINEAGE_BACKFILL,IND-000482,0.95
IND-000681,Muktsar,Punjab,2001,2641.210721265118,DIRECT,IND-000681,1.0
IND-000681,Muktsar,Punjab,2011,2560.519199940337,DIRECT,IND-000681,1.0
IND-000681,Muktsar,Punjab,2021,2641.7050626829177,DIRECT,IND-000681,1.0
IND-000681,Muktsar,Punjab,2025,2640.9551335296464,DIRECT,IND-000681,1.0
IND-000677,Nawanshahr,Punjab,1951,1256.885221,LINEAGE_BACKFILL,IND-000583|IND-000584,0.3259
IND-000677,Nawanshahr,Punjab,1961,1256.885221,LINEAGE_BACKFILL,IND-000583|IND-000584,0.3259
IND-000677,Nawanshahr,Punjab,1971,1256.888782,LINEAGE_BACKFILL,IND-000583|IND-000584,0.4655
IND-000677,Nawanshahr,Punjab,1981,1256.902546,LINEAGE_BACKFILL,IND-000583|IND-000584,0.665
IND-000677,Nawanshahr,Punjab,1991,1256.946318,LINEAGE_BACKFILL,IND-000583|IND-000584,0.95
IND-000677,Nawanshahr,Punjab,2001,1256.9869206107337,DIRECT,IND-000677,1.0
IND-000677,Nawanshahr,Punjab,2011,1265.004246018731,DIRECT,IND-000677,1.0
IND-000677,Nawanshahr,Punjab,2021,1264.7484291587937,DIRECT,IND-000677,1.0
IND-000677,Nawanshahr,Punjab,2025,1263.817765883903,DIRECT,IND-000677,1.0
IND-001109,Pathankot,Punjab,1951,934.586641,LINEAGE_BACKFILL,IND-000250|IND-000385|IND-000954,0.1597
IND-001109,Pathankot,Punjab,1961,934.58745,LINEAGE_BACKFILL,IND-000250|IND-000385|IND-000954,0.1597
IND-001109,Pathankot,Punjab,1971,934.58744,LINEAGE_BACKFILL,IND-000250|IND-000385|IND-000954,0.2281
IND-001109,Pathankot,Punjab,1981,934.587553,LINEAGE_BACKFILL,IND-000250|IND-000385|IND-000954,0.3258
IND-001109,Pathankot,Punjab,1991,934.601193,LINEAGE_BACKFILL,IND-000250|IND-000385|IND-000954,0.4655
IND-001109,Pathankot,Punjab,2001,934.601193,LINEAGE_BACKFILL,IND-000250|IND-000385|IND-000954,0.49
IND-001109,Pathankot,Punjab,2011,948.392443,LINEAGE_BACKFILL,IND-000250|IND-000385|IND-000954,0.7
IND-001109,Pathankot,Punjab,2021,951.3756982348064,DIRECT,IND-001109,1.0
IND-001109,Pathankot,Punjab,2025,949.8516835741848,DIRECT,IND-001109,1.0
IND-000957,Patiala,Punjab,1951,3217.715883,LINEAGE_BACKFILL,IND-000415|IND-000433|IND-000586|IND-000588|IND-000678|IND-000685|IND-000696,0.343
IND-000957,Patiala,Punjab,1961,3217.827772,LINEAGE_BACKFILL,IND-000415|IND-000433|IND-000586|IND-000588|IND-000678|IND-000685|IND-000696,0.49
IND-000957,Patiala,Punjab,1971,3217.838534,LINEAGE_BACKFILL,IND-000415|IND-000433|IND-000586|IND-000588|IND-000678|IND-000685|IND-000696,0.49
IND-000957,Patiala,Punjab,1981,3217.838864,LINEAGE_BACKFILL,IND-000415|IND-000433|IND-000586|IND-000588|IND-000678|IND-000685|IND-000696,0.49
IND-000957,Patiala,Punjab,1991,3217.851089,LINEAGE_BACKFILL,IND-000415|IND-000433|IND-000586|IND-000588|IND-000678|IND-000685|IND-000696,0.49
IND-000957,Patiala,Punjab,2001,3218.023016,LINEAGE_BACKFILL,IND-000415|IND-000433|IND-000586|IND-000588|IND-000678|IND-000685|IND-000696,0.7
IND-000957,Patiala,Punjab,2011,3218.0346020065053,DIRECT,IND-000957,1.0
IND-000957,Patiala,Punjab,2021,3283.853768009576,DIRECT,IND-000957,1.0
IND-000957,Patiala,Punjab,2025,3315.9552137400774,DIRECT,IND-000957,1.0
IND-000960,Rupnagar,Punjab,1951,1370.037761,LINEAGE_BACKFILL,IND-000104|IND-000345|IND-000414|IND-000436|IND-000582|IND-000676|IND-000677|IND-000678,0.2281
IND-000960,Rupnagar,Punjab,1961,1370.127583,LINEAGE_BACKFILL,IND-000104|IND-000345|IND-000414|IND-000436|IND-000582|IND-000676|IND-000677|IND-000678,0.2281
IND-000960,Rupnagar,Punjab,1971,1370.238433,LINEAGE_BACKFILL,IND-000104|IND-000345|IND-000414|IND-000436|IND-000582|IND-000676|IND-000677|IND-000678,0.3258
IND-000960,Rupnagar,Punjab,1981,1370.239118,LINEAGE_BACKFILL,IND-000104|IND-000345|IND-000414|IND-000436|IND-000582|IND-000676|IND-000677|IND-000678,0.4655
IND-000960,Rupnagar,Punjab,1991,1370.215252,LINEAGE_BACKFILL,IND-000104|IND-000345|IND-000414|IND-000436|IND-000582|IND-000676|IND-000677|IND-000678,0.49
IND-000960,Rupnagar,Punjab,2001,1369.260346,LINEAGE_BACKFILL,IND-000104|IND-000345|IND-000414|IND-000436|IND-000582|IND-000676|IND-000677|IND-000678,0.7
IND-000960,Rupnagar,Punjab,2011,1369.2371135563285,DIRECT,IND-000960,1.0
IND-000960,Rupnagar,Punjab,2021,1374.270455108348,DIRECT,IND-000960,1.0
IND-000960,Rupnagar,Punjab,2025,1374.9655673498046,DIRECT,IND-000960,1.0
IND-001107,Sahibzada Ajit Singh Nag*,Punjab,1951,1089.270052,LINEAGE_BACKFILL,IND-000428|IND-000678|IND-000695|IND-000696|IND-000960|IND-000961,0.1597
IND-001107,Sahibzada Ajit Singh Nag*,Punjab,1961,1089.328545,LINEAGE_BACKFILL,IND-000428|IND-000678|IND-000695|IND-000696|IND-000960|IND-000961,0.1597
IND-001107,Sahibzada Ajit Singh Nag*,Punjab,1971,1089.383182,LINEAGE_BACKFILL,IND-000428|IND-000678|IND-000695|IND-000696|IND-000960|IND-000961,0.2281
IND-001107,Sahibzada Ajit Singh Nag*,Punjab,1981,1089.383266,LINEAGE_BACKFILL,IND-000428|IND-000678|IND-000695|IND-000696|IND-000960|IND-000961,0.3258
IND-001107,Sahibzada Ajit Singh Nag*,Punjab,1991,1089.376805,LINEAGE_BACKFILL,IND-000428|IND-000678|IND-000695|IND-000696|IND-000960|IND-000961,0.343
IND-001107,Sahibzada Ajit Singh Nag*,Punjab,2001,1089.405607,LINEAGE_BACKFILL,IND-000428|IND-000678|IND-000695|IND-000696|IND-000960|IND-000961,0.49
IND-001107,Sahibzada Ajit Singh Nag*,Punjab,2011,1089.076933,LINEAGE_BACKFILL,IND-000428|IND-000678|IND-000695|IND-000696|IND-000960|IND-000961,0.7
IND-001107,Sahibzada Ajit Singh Nag*,Punjab,2021,1089.4222466930644,DIRECT,IND-001107,1.0
IND-001107,Sahibzada Ajit Singh Nag*,Punjab,2025,1092.8501422786285,DIRECT,IND-001107,1.0
IND-000962,Sangrur,Punjab,1951,3738.256259,LINEAGE_BACKFILL,IND-000345|IND-000415|IND-000433|IND-000684|IND-000685|IND-000700,0.343
IND-000962,Sangrur,Punjab,1961,3738.372453,LINEAGE_BACKFILL,IND-000345|IND-000415|IND-000433|IND-000684|IND-000685|IND-000700,0.343
IND-000962,Sangrur,Punjab,1971,3738.473282,LINEAGE_BACKFILL,IND-000345|IND-000415|IND-000433|IND-000684|IND-000685|IND-000700,0.343
IND-000962,Sangrur,Punjab,1981,3738.483265,LINEAGE_BACKFILL,IND-000345|IND-000415|IND-000433|IND-000684|IND-000685|IND-000700,0.49
IND-000962,Sangrur,Punjab,1991,3738.503626,LINEAGE_BACKFILL,IND-000345|IND-000415|IND-000433|IND-000684|IND-000685|IND-000700,0.49
IND-000962,Sangrur,Punjab,2001,3737.012834,LINEAGE_BACKFILL,IND-000345|IND-000415|IND-000433|IND-000684|IND-000685|IND-000700,0.7
IND-000962,Sangrur,Punjab,2011,3736.9724531693614,DIRECT,IND-000962,1.0
IND-000962,Sangrur,Punjab,2021,3615.658769623551,DIRECT,IND-000962,1.0
IND-000962,Sangrur,Punjab,2025,3608.001623531632,DIRECT,IND-000962,1.0
IND-000959,Tarn Taran,Punjab,1951,2378.781904,LINEAGE_BACKFILL,IND-000063|IND-000249|IND-000680,0.343
IND-000959,Tarn Taran,Punjab,1961,2378.781904,LINEAGE_BACKFILL,IND-000063|IND-000249|IND-000680,0.343
IND-000959,Tarn Taran,Punjab,1971,2378.781904,LINEAGE_BACKFILL,IND-000063|IND-000249|IND-000680,0.343
IND-000959,Tarn Taran,Punjab,1981,2378.782,LINEAGE_BACKFILL,IND-000063|IND-000249|IND-000680,0.49
IND-000959,Tarn Taran,Punjab,1991,2378.770909,LINEAGE_BACKFILL,IND-000063|IND-000249|IND-000680,0.49
IND-000959,Tarn Taran,Punjab,2001,2378.77092,LINEAGE_BACKFILL,IND-000063|IND-000249|IND-000680,0.7
IND-000959,Tarn Taran,Punjab,2011,2380.3904003896455,DIRECT,IND-000959,1.0
IND-000959,Tarn Taran,Punjab,2021,2416.61256909574,DIRECT,IND-000959,1.0
IND-000959,Tarn Taran,Punjab,2025,2415.0706101905776,DIRECT,IND-000959,1.0
IND-000593,Ajmer,Rajasthan,1951,7778.15075,LINEAGE_BACKFILL,IND-000483,0.2401
IND-000593,Ajmer,Rajasthan,1961,7690.989499,LINEAGE_BACKFILL,IND-000483,0.343
IND-000593,Ajmer,Rajasthan,1971,7778.371996,LINEAGE_BACKFILL,IND-000483,0.49
IND-000593,Ajmer,Rajasthan,1981,7778.652531,LINEAGE_BACKFILL,IND-000483,0.7
IND-000593,Ajmer,Rajasthan,1991,7778.874980462053,DIRECT,IND-000593,1.0
IND-000593,Ajmer,Rajasthan,2001,8380.607597819628,DIRECT,IND-000593,1.0
IND-000593,Ajmer,Rajasthan,2011,8539.177574437912,DIRECT,IND-000593,1.0
IND-000593,Ajmer,Rajasthan,2021,8492.008838216661,DIRECT,IND-000593,1.0
IND-000593,Ajmer,Rajasthan,2025,8474.366297624332,DIRECT,IND-000593,1.0
IND-000071,Alwar,Rajasthan,1951,8405.994133663697,DIRECT,IND-000071,1.0
IND-000071,Alwar,Rajasthan,1961,8405.994133663697,DIRECT,IND-000071,1.0
IND-000071,Alwar,Rajasthan,1971,8405.994133663697,DIRECT,IND-000071,1.0
IND-000071,Alwar,Rajasthan,1981,8405.970046053699,DIRECT,IND-000071,1.0
IND-000071,Alwar,Rajasthan,1991,8405.971105158564,DIRECT,IND-000071,1.0
IND-000071,Alwar,Rajasthan,2001,8405.971105158564,DIRECT,IND-000071,1.0
IND-000071,Alwar,Rajasthan,2011,8261.688360755617,DIRECT,IND-000071,1.0
IND-000071,Alwar,Rajasthan,2021,8399.047873581334,DIRECT,IND-000071,1.0
IND-000071,Alwar,Rajasthan,2025,8382.212322379968,DIRECT,IND-000071,1.0
IND-000980,Banswara,Rajasthan,1951,4433.095535,LINEAGE_BACKFILL,IND-000035|IND-000085|IND-000086|IND-000354|IND-000720|IND-000889,0.49
IND-000980,Banswara,Rajasthan,1961,4433.025783,LINEAGE_BACKFILL,IND-000035|IND-000085|IND-000086|IND-000354|IND-000720|IND-000889,0.49
IND-000980,Banswara,Rajasthan,1971,4433.095538,LINEAGE_BACKFILL,IND-000035|IND-000085|IND-000086|IND-000354|IND-000720|IND-000889,0.49
IND-000980,Banswara,Rajasthan,1981,4433.024311,LINEAGE_BACKFILL,IND-000035|IND-000085|IND-000086|IND-000354|IND-000720|IND-000889,0.49
IND-000980,Banswara,Rajasthan,1991,4433.101001,LINEAGE_BACKFILL,IND-000035|IND-000085|IND-000086|IND-000354|IND-000720|IND-000889,0.49
IND-000980,Banswara,Rajasthan,2001,4433.101403,LINEAGE_BACKFILL,IND-000035|IND-000085|IND-000086|IND-000354|IND-000720|IND-000889,0.7
IND-000980,Banswara,Rajasthan,2011,4433.64484732376,DIRECT,IND-000980,1.0
IND-000980,Banswara,Rajasthan,2021,4484.6350416128225,DIRECT,IND-000980,1.0
IND-000980,Banswara,Rajasthan,2025,4509.763628040281,DIRECT,IND-000980,1.0
IND-000722,Baran,Rajasthan,1951,6992.903303,LINEAGE_BACKFILL,IND-000089,0.7
IND-000722,Baran,Rajasthan,1961,6992.903303,LINEAGE_BACKFILL,IND-000089,0.7
IND-000722,Baran,Rajasthan,1971,6992.903303,LINEAGE_BACKFILL,IND-000089,0.7
IND-000722,Baran,Rajasthan,1981,6992.995454,LINEAGE_BACKFILL,IND-000089,0.7
IND-000722,Baran,Rajasthan,1991,6992.899741,LINEAGE_BACKFILL,IND-000089,0.7
IND-000722,Baran,Rajasthan,2001,6993.184686081395,DIRECT,IND-000722,1.0
IND-000722,Baran,Rajasthan,2011,6845.627860342626,DIRECT,IND-000722,1.0
IND-000722,Baran,Rajasthan,2021,6989.624690348903,DIRECT,IND-000722,1.0
IND-000722,Baran,Rajasthan,2025,6994.294494659824,DIRECT,IND-000722,1.0
IND-000078,Barmer,Rajasthan,1951,28496.020315431975,DIRECT,IND-000078,1.0
IND-000078,Barmer,Rajasthan,1961,28496.020315431975,DIRECT,IND-000078,1.0
IND-000078,Barmer,Rajasthan,1971,28496.020315431975,DIRECT,IND-000078,1.0
IND-000078,Barmer,Rajasthan,1981,28495.97231010045,DIRECT,IND-000078,1.0
IND-000078,Barmer,Rajasthan,1991,28496.02597372005,DIRECT,IND-000078,1.0
IND-000078,Barmer,Rajasthan,2001,28496.02597372005,DIRECT,IND-000078,1.0
IND-000078,Barmer,Rajasthan,2011,28529.475903373477,DIRECT,IND-000078,1.0
IND-000078,Barmer,Rajasthan,2021,28391.14595348537,DIRECT,IND-000078,1.0
IND-000078,Barmer,Rajasthan,2025,28387.295093434815,DIRECT,IND-000078,1.0
IND-000594,Bharatpur,Rajasthan,1951,5067.872547,LINEAGE_BACKFILL,IND-000070,0.95
IND-000594,Bharatpur,Rajasthan,1961,5067.872547,LINEAGE_BACKFILL,IND-000070,0.95
IND-000594,Bharatpur,Rajasthan,1971,5067.872547,LINEAGE_BACKFILL,IND-000070,0.95
IND-000594,Bharatpur,Rajasthan,1981,5067.825481,LINEAGE_BACKFILL,IND-000070,0.95
IND-000594,Bharatpur,Rajasthan,1991,5067.944095142819,DIRECT,IND-000594,1.0
IND-000594,Bharatpur,Rajasthan,2001,5067.944095142819,DIRECT,IND-000594,1.0
IND-000594,Bharatpur,Rajasthan,2011,5104.550132990128,DIRECT,IND-000594,1.0
IND-000594,Bharatpur,Rajasthan,2021,5062.51764910897,DIRECT,IND-000594,1.0
IND-000594,Bharatpur,Rajasthan,2025,5060.391044326552,DIRECT,IND-000594,1.0
IND-000088,Bhilwara,Rajasthan,1951,10488.314587991255,DIRECT,IND-000088,1.0
IND-000088,Bhilwara,Rajasthan,1961,10488.314587991255,DIRECT,IND-000088,1.0
IND-000088,Bhilwara,Rajasthan,1971,10488.314587991255,DIRECT,IND-000088,1.0
IND-000088,Bhilwara,Rajasthan,1981,10488.309123900612,DIRECT,IND-000088,1.0
IND-000088,Bhilwara,Rajasthan,1991,10488.281715280664,DIRECT,IND-000088,1.0
IND-000088,Bhilwara,Rajasthan,2001,10488.281715280664,DIRECT,IND-000088,1.0
IND-000088,Bhilwara,Rajasthan,2011,10337.075783529188,DIRECT,IND-000088,1.0
IND-000088,Bhilwara,Rajasthan,2021,10482.0477827477,DIRECT,IND-000088,1.0
IND-000088,Bhilwara,Rajasthan,2025,10487.343484682637,DIRECT,IND-000088,1.0
IND-000978,Bikaner,Rajasthan,1951,30684.46098,LINEAGE_BACKFILL,IND-000075|IND-000077|IND-000349|IND-000351|IND-000352|IND-000713|IND-000714,0.49
IND-000978,Bikaner,Rajasthan,1961,30684.736512,LINEAGE_BACKFILL,IND-000075|IND-000077|IND-000349|IND-000351|IND-000352|IND-000713|IND-000714,0.665
IND-000978,Bikaner,Rajasthan,1971,30684.736512,LINEAGE_BACKFILL,IND-000075|IND-000077|IND-000349|IND-000351|IND-000352|IND-000713|IND-000714,0.665
IND-000978,Bikaner,Rajasthan,1981,30684.74791,LINEAGE_BACKFILL,IND-000075|IND-000077|IND-000349|IND-000351|IND-000352|IND-000713|IND-000714,0.665
IND-000978,Bikaner,Rajasthan,1991,30684.695344,LINEAGE_BACKFILL,IND-000075|IND-000077|IND-000349|IND-000351|IND-000352|IND-000713|IND-000714,0.665
IND-000978,Bikaner,Rajasthan,2001,30684.702525,LINEAGE_BACKFILL,IND-000075|IND-000077|IND-000349|IND-000351|IND-000352|IND-000713|IND-000714,0.7
IND-000978,Bikaner,Rajasthan,2011,30684.72172442678,DIRECT,IND-000978,1.0
IND-000978,Bikaner,Rajasthan,2021,30261.554370742215,DIRECT,IND-000978,1.0
IND-000978,Bikaner,Rajasthan,2025,30251.287669449994,DIRECT,IND-000978,1.0
IND-000355,Bundi,Rajasthan,1951,5770.189142,LINEAGE_BACKFILL,IND-000090,0.7
IND-000355,Bundi,Rajasthan,1961,5770.315705489966,DIRECT,IND-000355,1.0
IND-000355,Bundi,Rajasthan,1971,5770.315705489966,DIRECT,IND-000355,1.0
IND-000355,Bundi,Rajasthan,1981,5770.317956497943,DIRECT,IND-000355,1.0
IND-000355,Bundi,Rajasthan,1991,5770.332135065479,DIRECT,IND-000355,1.0
IND-000355,Bundi,Rajasthan,2001,5770.332135065479,DIRECT,IND-000355,1.0
IND-000355,Bundi,Rajasthan,2011,5832.107768436898,DIRECT,IND-000355,1.0
IND-000355,Bundi,Rajasthan,2021,5752.790098674813,DIRECT,IND-000355,1.0
IND-000355,Bundi,Rajasthan,2025,5776.717451323523,DIRECT,IND-000355,1.0
IND-000981,Chittaurgarh,Rajasthan,1951,7744.489428,LINEAGE_BACKFILL,IND-000088|IND-000354|IND-000719|IND-000720|IND-000721|IND-000868|IND-000869,0.49
IND-000981,Chittaurgarh,Rajasthan,1961,7739.499569,LINEAGE_BACKFILL,IND-000088|IND-000354|IND-000719|IND-000720|IND-000721|IND-000868|IND-000869,0.49
IND-000981,Chittaurgarh,Rajasthan,1971,7744.520299,LINEAGE_BACKFILL,IND-000088|IND-000354|IND-000719|IND-000720|IND-000721|IND-000868|IND-000869,0.49
IND-000981,Chittaurgarh,Rajasthan,1981,7739.516076,LINEAGE_BACKFILL,IND-000088|IND-000354|IND-000719|IND-000720|IND-000721|IND-000868|IND-000869,0.49
IND-000981,Chittaurgarh,Rajasthan,1991,7744.500552,LINEAGE_BACKFILL,IND-000088|IND-000354|IND-000719|IND-000720|IND-000721|IND-000868|IND-000869,0.49
IND-000981,Chittaurgarh,Rajasthan,2001,7744.508187,LINEAGE_BACKFILL,IND-000088|IND-000354|IND-000719|IND-000720|IND-000721|IND-000868|IND-000869,0.7
IND-000981,Chittaurgarh,Rajasthan,2011,7744.686481040005,DIRECT,IND-000981,1.0
IND-000981,Chittaurgarh,Rajasthan,2021,7797.462410531868,DIRECT,IND-000981,1.0
IND-000981,Chittaurgarh,Rajasthan,2025,7814.952418092836,DIRECT,IND-000981,1.0
IND-000979,Churu,Rajasthan,1951,13614.1698,LINEAGE_BACKFILL,IND-000072|IND-000073|IND-000075|IND-000349|IND-000352|IND-000571|IND-000714,0.49
IND-000979,Churu,Rajasthan,1961,13614.170145,LINEAGE_BACKFILL,IND-000072|IND-000073|IND-000075|IND-000349|IND-000352|IND-000571|IND-000714,0.49
IND-000979,Churu,Rajasthan,1971,13614.170145,LINEAGE_BACKFILL,IND-000072|IND-000073|IND-000075|IND-000349|IND-000352|IND-000571|IND-000714,0.49
IND-000979,Churu,Rajasthan,1981,13614.15098,LINEAGE_BACKFILL,IND-000072|IND-000073|IND-000075|IND-000349|IND-000352|IND-000571|IND-000714,0.665
IND-000979,Churu,Rajasthan,1991,13614.173032,LINEAGE_BACKFILL,IND-000072|IND-000073|IND-000075|IND-000349|IND-000352|IND-000571|IND-000714,0.665
IND-000979,Churu,Rajasthan,2001,13614.17315,LINEAGE_BACKFILL,IND-000072|IND-000073|IND-000075|IND-000349|IND-000352|IND-000571|IND-000714,0.7
IND-000979,Churu,Rajasthan,2011,13614.150436344264,DIRECT,IND-000979,1.0
IND-000979,Churu,Rajasthan,2021,13878.163740508606,DIRECT,IND-000979,1.0
IND-000979,Churu,Rajasthan,2025,13849.414686227665,DIRECT,IND-000979,1.0
IND-000717,Dausa,Rajasthan,1951,3416.966261,LINEAGE_BACKFILL,IND-000067|IND-000069,0.7
IND-000717,Dausa,Rajasthan,1961,3416.966261,LINEAGE_BACKFILL,IND-000067|IND-000069,0.7
IND-000717,Dausa,Rajasthan,1971,3416.966261,LINEAGE_BACKFILL,IND-000067|IND-000069,0.7
IND-000717,Dausa,Rajasthan,1981,3416.958923,LINEAGE_BACKFILL,IND-000067|IND-000069,0.7
IND-000717,Dausa,Rajasthan,1991,3416.9632,LINEAGE_BACKFILL,IND-000067|IND-000069,0.7
IND-000717,Dausa,Rajasthan,2001,3417.026884228206,DIRECT,IND-000717,1.0
IND-000717,Dausa,Rajasthan,2011,3514.2345486101904,DIRECT,IND-000717,1.0
IND-000717,Dausa,Rajasthan,2021,3417.020905003148,DIRECT,IND-000717,1.0
IND-000717,Dausa,Rajasthan,2025,3416.1593946043363,DIRECT,IND-000717,1.0
IND-000595,Dholpur,Rajasthan,1951,3046.731424,LINEAGE_BACKFILL,IND-000070,0.7
IND-000595,Dholpur,Rajasthan,1961,3046.731424,LINEAGE_BACKFILL,IND-000070,0.7
IND-000595,Dholpur,Rajasthan,1971,3046.731424,LINEAGE_BACKFILL,IND-000070,0.7
IND-000595,Dholpur,Rajasthan,1981,3046.703129,LINEAGE_BACKFILL,IND-000070,0.7
IND-000595,Dholpur,Rajasthan,1991,3047.055700460901,DIRECT,IND-000595,1.0
IND-000595,Dholpur,Rajasthan,2001,3047.055700460901,DIRECT,IND-000595,1.0
IND-000595,Dholpur,Rajasthan,2011,2989.151170318747,DIRECT,IND-000595,1.0
IND-000595,Dholpur,Rajasthan,2021,3032.5292137817287,DIRECT,IND-000595,1.0
IND-000595,Dholpur,Rajasthan,2025,3034.4154920636925,DIRECT,IND-000595,1.0
IND-000085,Dungarpur,Rajasthan,1951,3746.7748157124706,DIRECT,IND-000085,1.0
IND-000085,Dungarpur,Rajasthan,1961,3746.7748157124706,DIRECT,IND-000085,1.0
IND-000085,Dungarpur,Rajasthan,1971,3746.7748157124706,DIRECT,IND-000085,1.0
IND-000085,Dungarpur,Rajasthan,1981,3746.744384492608,DIRECT,IND-000085,1.0
IND-000085,Dungarpur,Rajasthan,1991,3746.7765640493026,DIRECT,IND-000085,1.0
IND-000085,Dungarpur,Rajasthan,2001,3746.7765640493026,DIRECT,IND-000085,1.0
IND-000085,Dungarpur,Rajasthan,2011,3738.261306684836,DIRECT,IND-000085,1.0
IND-000085,Dungarpur,Rajasthan,2021,3790.730427413344,DIRECT,IND-000085,1.0
IND-000085,Dungarpur,Rajasthan,2025,3770.2836451714984,DIRECT,IND-000085,1.0
IND-000713,Ganganagar,Rajasthan,1951,11009.619333,LINEAGE_BACKFILL,IND-000076,0.95
IND-000713,Ganganagar,Rajasthan,1961,11009.619333,LINEAGE_BACKFILL,IND-000076,0.95
IND-000713,Ganganagar,Rajasthan,1971,11009.619333,LINEAGE_BACKFILL,IND-000076,0.95
IND-000713,Ganganagar,Rajasthan,1981,11009.622697,LINEAGE_BACKFILL,IND-000076,0.95
IND-000713,Ganganagar,Rajasthan,1991,11009.558603,LINEAGE_BACKFILL,IND-000076,0.95
IND-000713,Ganganagar,Rajasthan,2001,11009.937053560148,DIRECT,IND-000713,1.0
IND-000713,Ganganagar,Rajasthan,2011,10443.985992916489,DIRECT,IND-000713,1.0
IND-000713,Ganganagar,Rajasthan,2021,10909.714343249369,DIRECT,IND-000713,1.0
IND-000713,Ganganagar,Rajasthan,2025,10930.93655812119,DIRECT,IND-000713,1.0
IND-000714,Hanumangarh,Rajasthan,1951,9597.037453,LINEAGE_BACKFILL,IND-000076,0.95
IND-000714,Hanumangarh,Rajasthan,1961,9597.037453,LINEAGE_BACKFILL,IND-000076,0.95
IND-000714,Hanumangarh,Rajasthan,1971,9597.037453,LINEAGE_BACKFILL,IND-000076,0.95
IND-000714,Hanumangarh,Rajasthan,1981,9597.040386,LINEAGE_BACKFILL,IND-000076,0.95
IND-000714,Hanumangarh,Rajasthan,1991,9596.984515,LINEAGE_BACKFILL,IND-000076,0.95
IND-000714,Hanumangarh,Rajasthan,2001,9597.034169048084,DIRECT,IND-000714,1.0
IND-000714,Hanumangarh,Rajasthan,2011,10088.589774711409,DIRECT,IND-000714,1.0
IND-000714,Hanumangarh,Rajasthan,2021,9704.436701778315,DIRECT,IND-000714,1.0
IND-000714,Hanumangarh,Rajasthan,2025,9709.798616495036,DIRECT,IND-000714,1.0
IND-000718,Jaipur,Rajasthan,1951,11167.867857,LINEAGE_BACKFILL,IND-000067,0.95
IND-000718,Jaipur,Rajasthan,1961,11167.867857,LINEAGE_BACKFILL,IND-000067,0.95
IND-000718,Jaipur,Rajasthan,1971,11167.867857,LINEAGE_BACKFILL,IND-000067,0.95
IND-000718,Jaipur,Rajasthan,1981,11167.842447,LINEAGE_BACKFILL,IND-000067,0.95
IND-000718,Jaipur,Rajasthan,1991,11167.859067,LINEAGE_BACKFILL,IND-000067,0.95
IND-000718,Jaipur,Rajasthan,2001,11167.989824317954,DIRECT,IND-000718,1.0
IND-000718,Jaipur,Rajasthan,2011,11275.111065656009,DIRECT,IND-000718,1.0
IND-000718,Jaipur,Rajasthan,2021,11139.573893926208,DIRECT,IND-000718,1.0
IND-000718,Jaipur,Rajasthan,2025,11138.083689254823,DIRECT,IND-000718,1.0
IND-000351,Jaisalmer,Rajasthan,1951,38369.676384,LINEAGE_BACKFILL,IND-000082,0.7
IND-000351,Jaisalmer,Rajasthan,1961,38369.71425399321,DIRECT,IND-000351,1.0
IND-000351,Jaisalmer,Rajasthan,1971,38369.71425399321,DIRECT,IND-000351,1.0
IND-000351,Jaisalmer,Rajasthan,1981,38369.849610936755,DIRECT,IND-000351,1.0
IND-000351,Jaisalmer,Rajasthan,1991,38369.740593865165,DIRECT,IND-000351,1.0
IND-000351,Jaisalmer,Rajasthan,2001,38369.740593865165,DIRECT,IND-000351,1.0
IND-000351,Jaisalmer,Rajasthan,2011,38139.530320949256,DIRECT,IND-000351,1.0
IND-000351,Jaisalmer,Rajasthan,2021,38439.3205592935,DIRECT,IND-000351,1.0
IND-000351,Jaisalmer,Rajasthan,2025,38449.5866883608,DIRECT,IND-000351,1.0
IND-000079,Jalore,Rajasthan,1951,10624.144212109222,DIRECT,IND-000079,1.0
IND-000079,Jalore,Rajasthan,1961,10624.144212109222,DIRECT,IND-000079,1.0
IND-000079,Jalore,Rajasthan,1971,10624.144212109222,DIRECT,IND-000079,1.0
IND-000079,Jalore,Rajasthan,1981,10624.11681418868,DIRECT,IND-000079,1.0
IND-000079,Jalore,Rajasthan,1991,10624.18958313546,DIRECT,IND-000079,1.0
IND-000079,Jalore,Rajasthan,2001,10624.18958313546,DIRECT,IND-000079,1.0
IND-000079,Jalore,Rajasthan,2011,10681.626648967584,DIRECT,IND-000079,1.0
IND-000079,Jalore,Rajasthan,2021,10650.552139825268,DIRECT,IND-000079,1.0
IND-000079,Jalore,Rajasthan,2025,10643.311635541477,DIRECT,IND-000079,1.0
IND-000091,Jhalawar,Rajasthan,1951,6325.331625734606,DIRECT,IND-000091,1.0
IND-000091,Jhalawar,Rajasthan,1961,6325.331625734606,DIRECT,IND-000091,1.0
IND-000091,Jhalawar,Rajasthan,1971,6325.331625734606,DIRECT,IND-000091,1.0
IND-000091,Jhalawar,Rajasthan,1981,6325.404577487331,DIRECT,IND-000091,1.0
IND-000091,Jhalawar,Rajasthan,1991,6325.424217902766,DIRECT,IND-000091,1.0
IND-000091,Jhalawar,Rajasthan,2001,6325.424217902766,DIRECT,IND-000091,1.0
IND-000091,Jhalawar,Rajasthan,2011,6347.625385097911,DIRECT,IND-000091,1.0
IND-000091,Jhalawar,Rajasthan,2021,6340.715654701438,DIRECT,IND-000091,1.0
IND-000091,Jhalawar,Rajasthan,2025,6343.068840264523,DIRECT,IND-000091,1.0
IND-000072,Jhunjhunun,Rajasthan,1951,5931.049005095314,DIRECT,IND-000072,1.0
IND-000072,Jhunjhunun,Rajasthan,1961,5931.049005095314,DIRECT,IND-000072,1.0
IND-000072,Jhunjhunun,Rajasthan,1971,5931.049005095314,DIRECT,IND-000072,1.0
IND-000072,Jhunjhunun,Rajasthan,1981,5931.0611082738,DIRECT,IND-000072,1.0
IND-000072,Jhunjhunun,Rajasthan,1991,5931.041633856336,DIRECT,IND-000072,1.0
IND-000072,Jhunjhunun,Rajasthan,2001,5931.041633856336,DIRECT,IND-000072,1.0
IND-000072,Jhunjhunun,Rajasthan,2011,5834.580599126818,DIRECT,IND-000072,1.0
IND-000072,Jhunjhunun,Rajasthan,2021,5916.907809129531,DIRECT,IND-000072,1.0
IND-000072,Jhunjhunun,Rajasthan,2025,5924.167829125703,DIRECT,IND-000072,1.0
IND-000077,Jodhpur,Rajasthan,1951,22759.73076470137,DIRECT,IND-000077,1.0
IND-000077,Jodhpur,Rajasthan,1961,22759.73076470137,DIRECT,IND-000077,1.0
IND-000077,Jodhpur,Rajasthan,1971,22759.73076470137,DIRECT,IND-000077,1.0
IND-000077,Jodhpur,Rajasthan,1981,22759.69744650933,DIRECT,IND-000077,1.0
IND-000077,Jodhpur,Rajasthan,1991,22759.732878937397,DIRECT,IND-000077,1.0
IND-000077,Jodhpur,Rajasthan,2001,22759.732878937397,DIRECT,IND-000077,1.0
IND-000077,Jodhpur,Rajasthan,2011,22695.69232083475,DIRECT,IND-000077,1.0
IND-000077,Jodhpur,Rajasthan,2021,22679.977032836545,DIRECT,IND-000077,1.0
IND-000077,Jodhpur,Rajasthan,2025,22679.75838286698,DIRECT,IND-000077,1.0
IND-000715,Karauli,Rajasthan,1951,5006.524983,LINEAGE_BACKFILL,IND-000069,0.95
IND-000715,Karauli,Rajasthan,1961,5006.524983,LINEAGE_BACKFILL,IND-000069,0.95
IND-000715,Karauli,Rajasthan,1971,5006.524983,LINEAGE_BACKFILL,IND-000069,0.95
IND-000715,Karauli,Rajasthan,1981,5006.517933,LINEAGE_BACKFILL,IND-000069,0.95
IND-000715,Karauli,Rajasthan,1991,5006.517365,LINEAGE_BACKFILL,IND-000069,0.95
IND-000715,Karauli,Rajasthan,2001,5006.646616228917,DIRECT,IND-000715,1.0
IND-000715,Karauli,Rajasthan,2011,5023.733586159107,DIRECT,IND-000715,1.0
IND-000715,Karauli,Rajasthan,2021,5020.619197426867,DIRECT,IND-000715,1.0
IND-000715,Karauli,Rajasthan,2025,5016.917283602904,DIRECT,IND-000715,1.0
IND-000721,Kota,Rajasthan,1951,5125.802818,LINEAGE_BACKFILL,IND-000089,0.7
IND-000721,Kota,Rajasthan,1961,5125.802818,LINEAGE_BACKFILL,IND-000089,0.7
IND-000721,Kota,Rajasthan,1971,5125.802818,LINEAGE_BACKFILL,IND-000089,0.7
IND-000721,Kota,Rajasthan,1981,5125.870365,LINEAGE_BACKFILL,IND-000089,0.7
IND-000721,Kota,Rajasthan,1991,5125.800207,LINEAGE_BACKFILL,IND-000089,0.7
IND-000721,Kota,Rajasthan,2001,5125.886162943467,DIRECT,IND-000721,1.0
IND-000721,Kota,Rajasthan,2011,5101.122422979155,DIRECT,IND-000721,1.0
IND-000721,Kota,Rajasthan,2021,5117.459717804828,DIRECT,IND-000721,1.0
IND-000721,Kota,Rajasthan,2025,5089.694434887009,DIRECT,IND-000721,1.0
IND-000352,Nagaur,Rajasthan,1951,17799.241199,LINEAGE_BACKFILL,IND-000081,0.7
IND-000352,Nagaur,Rajasthan,1961,17799.302479816422,DIRECT,IND-000352,1.0
IND-000352,Nagaur,Rajasthan,1971,17799.302479816422,DIRECT,IND-000352,1.0
IND-000352,Nagaur,Rajasthan,1981,17799.304583328216,DIRECT,IND-000352,1.0
IND-000352,Nagaur,Rajasthan,1991,17799.21583697157,DIRECT,IND-000352,1.0
IND-000352,Nagaur,Rajasthan,2001,17799.21583697157,DIRECT,IND-000352,1.0
IND-000352,Nagaur,Rajasthan,2011,17520.282704173154,DIRECT,IND-000352,1.0
IND-000352,Nagaur,Rajasthan,2021,17798.656750114842,DIRECT,IND-000352,1.0
IND-000352,Nagaur,Rajasthan,2025,17809.689649807242,DIRECT,IND-000352,1.0
IND-000080,Pali,Rajasthan,1951,12392.397814712034,DIRECT,IND-000080,1.0
IND-000080,Pali,Rajasthan,1961,12392.397814712034,DIRECT,IND-000080,1.0
IND-000080,Pali,Rajasthan,1971,12392.397814712034,DIRECT,IND-000080,1.0
IND-000080,Pali,Rajasthan,1981,12392.404553594435,DIRECT,IND-000080,1.0
IND-000080,Pali,Rajasthan,1991,12392.418512638034,DIRECT,IND-000080,1.0
IND-000080,Pali,Rajasthan,2001,12392.418512638034,DIRECT,IND-000080,1.0
IND-000080,Pali,Rajasthan,2011,12457.401169054505,DIRECT,IND-000080,1.0
IND-000080,Pali,Rajasthan,2021,12382.678841088731,DIRECT,IND-000080,1.0
IND-000080,Pali,Rajasthan,2025,12386.352251652055,DIRECT,IND-000080,1.0
IND-000982,Pratapgarh,Rajasthan,1951,4475.283475,LINEAGE_BACKFILL,IND-000035|IND-000085|IND-000086|IND-000354|IND-000720|IND-000868|IND-000869,0.49
IND-000982,Pratapgarh,Rajasthan,1961,4411.104666,LINEAGE_BACKFILL,IND-000035|IND-000085|IND-000086|IND-000354|IND-000720|IND-000868|IND-000869,0.665
IND-000982,Pratapgarh,Rajasthan,1971,4475.294323,LINEAGE_BACKFILL,IND-000035|IND-000085|IND-000086|IND-000354|IND-000720|IND-000868|IND-000869,0.665
IND-000982,Pratapgarh,Rajasthan,1981,4411.105602,LINEAGE_BACKFILL,IND-000035|IND-000085|IND-000086|IND-000354|IND-000720|IND-000868|IND-000869,0.665
IND-000982,Pratapgarh,Rajasthan,1991,4475.286565,LINEAGE_BACKFILL,IND-000035|IND-000085|IND-000086|IND-000354|IND-000720|IND-000868|IND-000869,0.665
IND-000982,Pratapgarh,Rajasthan,2001,4475.294808,LINEAGE_BACKFILL,IND-000035|IND-000085|IND-000086|IND-000354|IND-000720|IND-000868|IND-000869,0.7
IND-000982,Pratapgarh,Rajasthan,2011,4475.346175629415,DIRECT,IND-000982,1.0
IND-000982,Pratapgarh,Rajasthan,2021,4421.24423206669,DIRECT,IND-000982,1.0
IND-000982,Pratapgarh,Rajasthan,2025,4439.177023251383,DIRECT,IND-000982,1.0
IND-000719,Rajsamand,Rajasthan,1951,4702.406427,LINEAGE_BACKFILL,IND-000084,0.95
IND-000719,Rajsamand,Rajasthan,1961,4346.475719,LINEAGE_BACKFILL,IND-000084,0.95
IND-000719,Rajsamand,Rajasthan,1971,4702.406427,LINEAGE_BACKFILL,IND-000084,0.95
IND-000719,Rajsamand,Rajasthan,1981,4346.452068,LINEAGE_BACKFILL,IND-000084,0.95
IND-000719,Rajsamand,Rajasthan,1991,4702.395813,LINEAGE_BACKFILL,IND-000084,0.95
IND-000719,Rajsamand,Rajasthan,2001,4702.702472492059,DIRECT,IND-000719,1.0
IND-000719,Rajsamand,Rajasthan,2011,4524.266101984171,DIRECT,IND-000719,1.0
IND-000719,Rajsamand,Rajasthan,2021,4638.581147103654,DIRECT,IND-000719,1.0
IND-000719,Rajsamand,Rajasthan,2025,4628.921090580626,DIRECT,IND-000719,1.0
IND-000716,Sawai Madhopur,Rajasthan,1951,5015.727671,LINEAGE_BACKFILL,IND-000069,0.95
IND-000716,Sawai Madhopur,Rajasthan,1961,5015.727671,LINEAGE_BACKFILL,IND-000069,0.95
IND-000716,Sawai Madhopur,Rajasthan,1971,5015.727671,LINEAGE_BACKFILL,IND-000069,0.95
IND-000716,Sawai Madhopur,Rajasthan,1981,5015.720608,LINEAGE_BACKFILL,IND-000069,0.95
IND-000716,Sawai Madhopur,Rajasthan,1991,5015.720039,LINEAGE_BACKFILL,IND-000069,0.95
IND-000716,Sawai Madhopur,Rajasthan,2001,5015.742288213449,DIRECT,IND-000716,1.0
IND-000716,Sawai Madhopur,Rajasthan,2011,5044.99419125485,DIRECT,IND-000716,1.0
IND-000716,Sawai Madhopur,Rajasthan,2021,5021.191360091105,DIRECT,IND-000716,1.0
IND-000716,Sawai Madhopur,Rajasthan,2025,5025.7674800118875,DIRECT,IND-000716,1.0
IND-000073,Sikar,Rajasthan,1951,7731.25633623195,DIRECT,IND-000073,1.0
IND-000073,Sikar,Rajasthan,1961,7731.25633623195,DIRECT,IND-000073,1.0
IND-000073,Sikar,Rajasthan,1971,7731.25633623195,DIRECT,IND-000073,1.0
IND-000073,Sikar,Rajasthan,1981,7731.255674326966,DIRECT,IND-000073,1.0
IND-000073,Sikar,Rajasthan,1991,7731.222321002225,DIRECT,IND-000073,1.0
IND-000073,Sikar,Rajasthan,2001,7731.222321002225,DIRECT,IND-000073,1.0
IND-000073,Sikar,Rajasthan,2011,7756.767810642652,DIRECT,IND-000073,1.0
IND-000073,Sikar,Rajasthan,2021,7716.047316170024,DIRECT,IND-000073,1.0
IND-000073,Sikar,Rajasthan,2025,7730.498640141877,DIRECT,IND-000073,1.0
IND-000353,Sirohi,Rajasthan,1951,5134.314155,LINEAGE_BACKFILL,IND-000083|IND-000145,0.7
IND-000353,Sirohi,Rajasthan,1961,5134.2983699053575,DIRECT,IND-000353,1.0
IND-000353,Sirohi,Rajasthan,1971,5134.2983699053575,DIRECT,IND-000353,1.0
IND-000353,Sirohi,Rajasthan,1981,5134.34754623281,DIRECT,IND-000353,1.0
IND-000353,Sirohi,Rajasthan,1991,5134.299895143557,DIRECT,IND-000353,1.0
IND-000353,Sirohi,Rajasthan,2001,5134.299895143557,DIRECT,IND-000353,1.0
IND-000353,Sirohi,Rajasthan,2011,5079.294700180946,DIRECT,IND-000353,1.0
IND-000353,Sirohi,Rajasthan,2021,5130.383848824836,DIRECT,IND-000353,1.0
IND-000353,Sirohi,Rajasthan,2025,5136.350438195447,DIRECT,IND-000353,1.0
IND-000068,Tonk,Rajasthan,1951,7201.364195857911,DIRECT,IND-000068,1.0
IND-000068,Tonk,Rajasthan,1961,7201.364195857911,DIRECT,IND-000068,1.0
IND-000068,Tonk,Rajasthan,1971,7201.364195857911,DIRECT,IND-000068,1.0
IND-000068,Tonk,Rajasthan,1981,7201.423692021361,DIRECT,IND-000068,1.0
IND-000068,Tonk,Rajasthan,1991,7201.407522413005,DIRECT,IND-000068,1.0
IND-000068,Tonk,Rajasthan,2001,7201.407522413005,DIRECT,IND-000068,1.0
IND-000068,Tonk,Rajasthan,2011,7117.8005154551065,DIRECT,IND-000068,1.0
IND-000068,Tonk,Rajasthan,2021,7203.399825826928,DIRECT,IND-000068,1.0
IND-000068,Tonk,Rajasthan,2025,7197.273800941128,DIRECT,IND-000068,1.0
IND-000720,Udaipur,Rajasthan,1951,12578.803279,LINEAGE_BACKFILL,IND-000084,0.95
IND-000720,Udaipur,Rajasthan,1961,11626.698771,LINEAGE_BACKFILL,IND-000084,0.95
IND-000720,Udaipur,Rajasthan,1971,12578.803279,LINEAGE_BACKFILL,IND-000084,0.95
IND-000720,Udaipur,Rajasthan,1981,11626.635505,LINEAGE_BACKFILL,IND-000084,0.95
IND-000720,Udaipur,Rajasthan,1991,12578.774886,LINEAGE_BACKFILL,IND-000084,0.95
IND-000720,Udaipur,Rajasthan,2001,12578.82437619202,DIRECT,IND-000720,1.0
IND-000720,Udaipur,Rajasthan,2011,11683.733784751455,DIRECT,IND-000720,1.0
IND-000720,Udaipur,Rajasthan,2021,11708.953217176962,DIRECT,IND-000720,1.0
IND-000720,Udaipur,Rajasthan,2025,11712.240377935152,DIRECT,IND-000720,1.0
IND-000485,East Sikkim,Sikkim,1951,927.203354,LINEAGE_BACKFILL,IND-000141,0.7
IND-000485,East Sikkim,Sikkim,1961,927.203354,LINEAGE_BACKFILL,IND-000141,0.7
IND-000485,East Sikkim,Sikkim,1971,927.203354,LINEAGE_BACKFILL,IND-000141,0.7
IND-000485,East Sikkim,Sikkim,1981,927.323063973233,DIRECT,IND-000485,1.0
IND-000485,East Sikkim,Sikkim,1991,927.341743659977,DIRECT,IND-000485,1.0
IND-000485,East Sikkim,Sikkim,2001,927.341743659977,DIRECT,IND-000485,1.0
IND-000485,East Sikkim,Sikkim,2011,954.1557954837032,DIRECT,IND-000485,1.0
IND-000485,East Sikkim,Sikkim,2021,958.4201529856568,DIRECT,IND-000485,1.0
IND-000485,East Sikkim,Sikkim,2025,938.4456942841854,DIRECT,IND-000485,1.0
IND-000484,North Sikkim,Sikkim,1951,4283.462031,LINEAGE_BACKFILL,IND-000141,0.7
IND-000484,North Sikkim,Sikkim,1961,4283.462031,LINEAGE_BACKFILL,IND-000141,0.7
IND-000484,North Sikkim,Sikkim,1971,4283.462031,LINEAGE_BACKFILL,IND-000141,0.7
IND-000484,North Sikkim,Sikkim,1981,4283.538365505321,DIRECT,IND-000484,1.0
IND-000484,North Sikkim,Sikkim,1991,4283.592764609291,DIRECT,IND-000484,1.0
IND-000484,North Sikkim,Sikkim,2001,4283.592764609291,DIRECT,IND-000484,1.0
IND-000484,North Sikkim,Sikkim,2011,4211.78123411149,DIRECT,IND-000484,1.0
IND-000484,North Sikkim,Sikkim,2021,4223.690100267339,DIRECT,IND-000484,1.0
IND-000484,North Sikkim,Sikkim,2025,4227.794988079269,DIRECT,IND-000484,1.0
IND-001030,South District,Sikkim,1951,708.953375,LINEAGE_BACKFILL,IND-000363|IND-000484|IND-000485|IND-000486|IND-000487,0.49
IND-001030,South District,Sikkim,1961,708.953422,LINEAGE_BACKFILL,IND-000363|IND-000484|IND-000485|IND-000486|IND-000487,0.49
IND-001030,South District,Sikkim,1971,708.953422,LINEAGE_BACKFILL,IND-000363|IND-000484|IND-000485|IND-000486|IND-000487,0.49
IND-001030,South District,Sikkim,1981,708.994287,LINEAGE_BACKFILL,IND-000363|IND-000484|IND-000485|IND-000486|IND-000487,0.7
IND-001030,South District,Sikkim,1991,708.997018,LINEAGE_BACKFILL,IND-000363|IND-000484|IND-000485|IND-000486|IND-000487,0.7
IND-001030,South District,Sikkim,2001,708.990746,LINEAGE_BACKFILL,IND-000363|IND-000484|IND-000485|IND-000486|IND-000487,0.7
IND-001030,South District,Sikkim,2011,708.9850692614582,DIRECT,IND-001030,1.0
IND-001030,South District,Sikkim,2021,735.0135587731846,DIRECT,IND-001030,1.0
IND-001030,South District,Sikkim,2025,732.5547525478542,DIRECT,IND-001030,1.0
IND-000487,West Sikkim,Sikkim,1951,1252.349431,LINEAGE_BACKFILL,IND-000141,0.7
IND-000487,West Sikkim,Sikkim,1961,1252.349431,LINEAGE_BACKFILL,IND-000141,0.7
IND-000487,West Sikkim,Sikkim,1971,1252.349431,LINEAGE_BACKFILL,IND-000141,0.7
IND-000487,West Sikkim,Sikkim,1981,1252.3625365878086,DIRECT,IND-000487,1.0
IND-000487,West Sikkim,Sikkim,1991,1252.3769355417658,DIRECT,IND-000487,1.0
IND-000487,West Sikkim,Sikkim,2001,1252.3769355417658,DIRECT,IND-000487,1.0
IND-000487,West Sikkim,Sikkim,2011,1173.7069954160215,DIRECT,IND-000487,1.0
IND-000487,West Sikkim,Sikkim,2021,1188.8088940376551,DIRECT,IND-000487,1.0
IND-000487,West Sikkim,Sikkim,2025,1201.4658587271515,DIRECT,IND-000487,1.0
IND-000930,Ariyalur,Tamil Nadu,1951,1941.774527,LINEAGE_BACKFILL,IND-000497,0.665
IND-000930,Ariyalur,Tamil Nadu,1961,1941.774527,LINEAGE_BACKFILL,IND-000497,0.665
IND-000930,Ariyalur,Tamil Nadu,1971,1941.774527,LINEAGE_BACKFILL,IND-000497,0.665
IND-000930,Ariyalur,Tamil Nadu,1981,1941.792157,LINEAGE_BACKFILL,IND-000497,0.7
IND-000930,Ariyalur,Tamil Nadu,1991,1941.785325,LINEAGE_BACKFILL,IND-000497,0.7
IND-000930,Ariyalur,Tamil Nadu,2001,1941.882100153893,DIRECT,IND-000930,1.0
IND-000930,Ariyalur,Tamil Nadu,2011,1930.7599553271316,DIRECT,IND-000930,1.0
IND-000930,Ariyalur,Tamil Nadu,2021,1938.7859565754984,DIRECT,IND-000930,1.0
IND-000930,Ariyalur,Tamil Nadu,2025,1935.3166323424696,DIRECT,IND-000930,1.0
IND-001273,Chengalpattu,Tamil Nadu,1951,2643.623966,LINEAGE_BACKFILL,IND-000673|IND-000922|IND-000923|IND-000924,0.343
IND-001273,Chengalpattu,Tamil Nadu,1961,2643.637693,LINEAGE_BACKFILL,IND-000673|IND-000922|IND-000923|IND-000924,0.49
IND-001273,Chengalpattu,Tamil Nadu,1971,2643.641321,LINEAGE_BACKFILL,IND-000673|IND-000922|IND-000923|IND-000924,0.49
IND-001273,Chengalpattu,Tamil Nadu,1981,2643.637716,LINEAGE_BACKFILL,IND-000673|IND-000922|IND-000923|IND-000924,0.49
IND-001273,Chengalpattu,Tamil Nadu,1991,2643.652126,LINEAGE_BACKFILL,IND-000673|IND-000922|IND-000923|IND-000924,0.49
IND-001273,Chengalpattu,Tamil Nadu,2001,2643.865689,LINEAGE_BACKFILL,IND-000673|IND-000922|IND-000923|IND-000924,0.7
IND-001273,Chengalpattu,Tamil Nadu,2011,2711.531105,LINEAGE_BACKFILL,IND-000673|IND-000922|IND-000923|IND-000924,0.7
IND-001273,Chengalpattu,Tamil Nadu,2021,2737.6868594718308,DIRECT,IND-001273,1.0
IND-001273,Chengalpattu,Tamil Nadu,2025,2722.853143536332,DIRECT,IND-001273,1.0
IND-001366,Chennai,Tamil Nadu,1951,329.789998,LINEAGE_BACKFILL,IND-001274|IND-001275,0.1681
IND-001366,Chennai,Tamil Nadu,1961,329.779547,LINEAGE_BACKFILL,IND-001274|IND-001275,0.2401
IND-001366,Chennai,Tamil Nadu,1971,329.779547,LINEAGE_BACKFILL,IND-001274|IND-001275,0.2401
IND-001366,Chennai,Tamil Nadu,1981,329.779549,LINEAGE_BACKFILL,IND-001274|IND-001275,0.2401
IND-001366,Chennai,Tamil Nadu,1991,329.778606,LINEAGE_BACKFILL,IND-001274|IND-001275,0.2401
IND-001366,Chennai,Tamil Nadu,2001,329.799857,LINEAGE_BACKFILL,IND-001274|IND-001275,0.343
IND-001366,Chennai,Tamil Nadu,2011,330.461744,LINEAGE_BACKFILL,IND-001274|IND-001275,0.49
IND-001366,Chennai,Tamil Nadu,2021,333.925585,LINEAGE_BACKFILL,IND-001274|IND-001275,0.7
IND-001366,Chennai,Tamil Nadu,2025,334.3749906091764,DIRECT,IND-001366,1.0
IND-000203,Chittoor,Tamil Nadu,1951,15982.383459342827,DIRECT,IND-000203,1.0
IND-000203,Chittoor,Tamil Nadu,1961,14973.157744964386,DIRECT,IND-000203,1.0
IND-000203,Chittoor,Tamil Nadu,1971,14973.157744964386,DIRECT,IND-000203,1.0
IND-000203,Chittoor,Tamil Nadu,1981,14973.158020571254,DIRECT,IND-000203,1.0
IND-000203,Chittoor,Tamil Nadu,1991,14973.062645692533,DIRECT,IND-000203,1.0
IND-000203,Chittoor,Tamil Nadu,2001,14973.062645692533,DIRECT,IND-000203,1.0
IND-000203,Chittoor,Tamil Nadu,2011,15060.945301247291,DIRECT,IND-000203,1.0
IND-000203,Chittoor,Tamil Nadu,2021,15003.719880045484,DIRECT,IND-000203,1.0
IND-000203,Chittoor,Tamil Nadu,2025,15003.360167107125,DIRECT,IND-000203,1.0
IND-001089,Coimbatore,Tamil Nadu,1951,4735.051968,LINEAGE_BACKFILL,IND-000216|IND-000390|IND-000443|IND-000495|IND-000496|IND-000660,0.2401
IND-001089,Coimbatore,Tamil Nadu,1961,4735.150857,LINEAGE_BACKFILL,IND-000216|IND-000390|IND-000443|IND-000495|IND-000496|IND-000660,0.343
IND-001089,Coimbatore,Tamil Nadu,1971,4735.151475,LINEAGE_BACKFILL,IND-000216|IND-000390|IND-000443|IND-000495|IND-000496|IND-000660,0.343
IND-001089,Coimbatore,Tamil Nadu,1981,4735.309399,LINEAGE_BACKFILL,IND-000216|IND-000390|IND-000443|IND-000495|IND-000496|IND-000660,0.49
IND-001089,Coimbatore,Tamil Nadu,1991,4735.286996,LINEAGE_BACKFILL,IND-000216|IND-000390|IND-000443|IND-000495|IND-000496|IND-000660,0.7
IND-001089,Coimbatore,Tamil Nadu,2001,4735.286996,LINEAGE_BACKFILL,IND-000216|IND-000390|IND-000443|IND-000495|IND-000496|IND-000660,0.7
IND-001089,Coimbatore,Tamil Nadu,2011,4735.282155245408,DIRECT,IND-001089,1.0
IND-001089,Coimbatore,Tamil Nadu,2021,4704.135716708956,DIRECT,IND-001089,1.0
IND-001089,Coimbatore,Tamil Nadu,2025,4720.0654670226895,DIRECT,IND-001089,1.0
IND-000931,Cuddalore,Tamil Nadu,1951,3663.618449,LINEAGE_BACKFILL,IND-000201|IND-000674,0.49
IND-000931,Cuddalore,Tamil Nadu,1961,3663.618449,LINEAGE_BACKFILL,IND-000201|IND-000674,0.49
IND-000931,Cuddalore,Tamil Nadu,1971,3665.517679,LINEAGE_BACKFILL,IND-000201|IND-000674,0.49
IND-000931,Cuddalore,Tamil Nadu,1981,3663.618438,LINEAGE_BACKFILL,IND-000201|IND-000674,0.49
IND-000931,Cuddalore,Tamil Nadu,1991,3650.714719,LINEAGE_BACKFILL,IND-000201|IND-000674,0.7
IND-000931,Cuddalore,Tamil Nadu,2001,3650.7368249795168,DIRECT,IND-000931,1.0
IND-000931,Cuddalore,Tamil Nadu,2011,3730.983377477666,DIRECT,IND-000931,1.0
IND-000931,Cuddalore,Tamil Nadu,2021,3716.639028340433,DIRECT,IND-000931,1.0
IND-000931,Cuddalore,Tamil Nadu,2025,3701.7363769303624,DIRECT,IND-000931,1.0
IND-000206,Cuddapah,Tamil Nadu,1951,15360.61643670532,DIRECT,IND-000206,1.0
IND-000206,Cuddapah,Tamil Nadu,1961,14998.99682721652,DIRECT,IND-000206,1.0
IND-000206,Cuddapah,Tamil Nadu,1971,15360.61643670532,DIRECT,IND-000206,1.0
IND-000206,Cuddapah,Tamil Nadu,1981,15360.616597419785,DIRECT,IND-000206,1.0
IND-000206,Cuddapah,Tamil Nadu,1991,15360.643023397795,DIRECT,IND-000206,1.0
IND-000206,Cuddapah,Tamil Nadu,2001,15360.643023397795,DIRECT,IND-000206,1.0
IND-000206,Cuddapah,Tamil Nadu,2011,15445.39778795872,DIRECT,IND-000206,1.0
IND-000206,Cuddapah,Tamil Nadu,2021,15343.171653198737,DIRECT,IND-000206,1.0
IND-000206,Cuddapah,Tamil Nadu,2025,15342.794596524764,DIRECT,IND-000206,1.0
IND-001087,Dharmapuri,Tamil Nadu,1951,4500.389942,LINEAGE_BACKFILL,IND-000417|IND-000673|IND-000921|IND-000924|IND-000925,0.4655
IND-001087,Dharmapuri,Tamil Nadu,1961,4500.389967,LINEAGE_BACKFILL,IND-000417|IND-000673|IND-000921|IND-000924|IND-000925,0.49
IND-001087,Dharmapuri,Tamil Nadu,1971,4500.483495,LINEAGE_BACKFILL,IND-000417|IND-000673|IND-000921|IND-000924|IND-000925,0.49
IND-001087,Dharmapuri,Tamil Nadu,1981,4500.483072,LINEAGE_BACKFILL,IND-000417|IND-000673|IND-000921|IND-000924|IND-000925,0.49
IND-001087,Dharmapuri,Tamil Nadu,1991,4500.45984,LINEAGE_BACKFILL,IND-000417|IND-000673|IND-000921|IND-000924|IND-000925,0.665
IND-001087,Dharmapuri,Tamil Nadu,2001,4500.460076,LINEAGE_BACKFILL,IND-000417|IND-000673|IND-000921|IND-000924|IND-000925,0.7
IND-001087,Dharmapuri,Tamil Nadu,2011,4500.469883477443,DIRECT,IND-001087,1.0
IND-001087,Dharmapuri,Tamil Nadu,2021,4494.212671178237,DIRECT,IND-001087,1.0
IND-001087,Dharmapuri,Tamil Nadu,2025,4496.092061085648,DIRECT,IND-001087,1.0
IND-001367,Erode,Tamil Nadu,1951,5117.739957,LINEAGE_BACKFILL,IND-000216|IND-001086|IND-001090,0.2281
IND-001367,Erode,Tamil Nadu,1961,5117.842275,LINEAGE_BACKFILL,IND-000216|IND-001086|IND-001090,0.3258
IND-001367,Erode,Tamil Nadu,1971,5117.842423,LINEAGE_BACKFILL,IND-000216|IND-001086|IND-001090,0.3258
IND-001367,Erode,Tamil Nadu,1981,5117.920945,LINEAGE_BACKFILL,IND-000216|IND-001086|IND-001090,0.343
IND-001367,Erode,Tamil Nadu,1991,5118.026981,LINEAGE_BACKFILL,IND-000216|IND-001086|IND-001090,0.4655
IND-001367,Erode,Tamil Nadu,2001,5118.027685,LINEAGE_BACKFILL,IND-000216|IND-001086|IND-001090,0.49
IND-001367,Erode,Tamil Nadu,2011,5117.186172,LINEAGE_BACKFILL,IND-000216|IND-001086|IND-001090,0.7
IND-001367,Erode,Tamil Nadu,2021,5107.595129,LINEAGE_BACKFILL,IND-000216|IND-001086|IND-001090,0.7
IND-001367,Erode,Tamil Nadu,2025,5109.38656282276,DIRECT,IND-001367,1.0
IND-001266,Kallakurichi,Tamil Nadu,1951,3290.054324,LINEAGE_BACKFILL,IND-000673|IND-000924|IND-000925|IND-000931|IND-001087,0.3258
IND-001266,Kallakurichi,Tamil Nadu,1961,3290.054324,LINEAGE_BACKFILL,IND-000673|IND-000924|IND-000925|IND-000931|IND-001087,0.343
IND-001266,Kallakurichi,Tamil Nadu,1971,3291.910273,LINEAGE_BACKFILL,IND-000673|IND-000924|IND-000925|IND-000931|IND-001087,0.343
IND-001266,Kallakurichi,Tamil Nadu,1981,3290.05437,LINEAGE_BACKFILL,IND-000673|IND-000924|IND-000925|IND-000931|IND-001087,0.343
IND-001266,Kallakurichi,Tamil Nadu,1991,3278.486313,LINEAGE_BACKFILL,IND-000673|IND-000924|IND-000925|IND-000931|IND-001087,0.4655
IND-001266,Kallakurichi,Tamil Nadu,2001,3278.59608,LINEAGE_BACKFILL,IND-000673|IND-000924|IND-000925|IND-000931|IND-001087,0.49
IND-001266,Kallakurichi,Tamil Nadu,2011,3275.659857,LINEAGE_BACKFILL,IND-000673|IND-000924|IND-000925|IND-000931|IND-001087,0.7
IND-001266,Kallakurichi,Tamil Nadu,2021,3275.7790130662725,DIRECT,IND-001266,1.0
IND-001266,Kallakurichi,Tamil Nadu,2025,3531.2460975696804,DIRECT,IND-001266,1.0
IND-001272,Kancheepuram,Tamil Nadu,1951,1600.943876,LINEAGE_BACKFILL,IND-000669|IND-000673|IND-000922|IND-000923,0.343
IND-001272,Kancheepuram,Tamil Nadu,1961,1600.952206,LINEAGE_BACKFILL,IND-000669|IND-000673|IND-000922|IND-000923,0.49
IND-001272,Kancheepuram,Tamil Nadu,1971,1600.952206,LINEAGE_BACKFILL,IND-000669|IND-000673|IND-000922|IND-000923,0.49
IND-001272,Kancheepuram,Tamil Nadu,1981,1600.952219,LINEAGE_BACKFILL,IND-000669|IND-000673|IND-000922|IND-000923,0.49
IND-001272,Kancheepuram,Tamil Nadu,1991,1600.974716,LINEAGE_BACKFILL,IND-000669|IND-000673|IND-000922|IND-000923,0.49
IND-001272,Kancheepuram,Tamil Nadu,2001,1601.104931,LINEAGE_BACKFILL,IND-000669|IND-000673|IND-000922|IND-000923,0.7
IND-001272,Kancheepuram,Tamil Nadu,2011,1641.318118,LINEAGE_BACKFILL,IND-000669|IND-000673|IND-000922|IND-000923,0.7
IND-001272,Kancheepuram,Tamil Nadu,2021,1641.2875816404085,DIRECT,IND-001272,1.0
IND-001272,Kancheepuram,Tamil Nadu,2025,1746.554274051659,DIRECT,IND-001272,1.0
IND-000319,Kanyakumari,Tamil Nadu,1951,1704.629407,LINEAGE_BACKFILL,IND-000097,0.95
IND-000319,Kanyakumari,Tamil Nadu,1961,1704.656042236707,DIRECT,IND-000319,1.0
IND-000319,Kanyakumari,Tamil Nadu,1971,1704.656042236707,DIRECT,IND-000319,1.0
IND-000319,Kanyakumari,Tamil Nadu,1981,1704.656042236707,DIRECT,IND-000319,1.0
IND-000319,Kanyakumari,Tamil Nadu,1991,1704.6409252265694,DIRECT,IND-000319,1.0
IND-000319,Kanyakumari,Tamil Nadu,2001,1704.6409252265694,DIRECT,IND-000319,1.0
IND-000319,Kanyakumari,Tamil Nadu,2011,1648.237724416131,DIRECT,IND-000319,1.0
IND-000319,Kanyakumari,Tamil Nadu,2021,1687.990772822135,DIRECT,IND-000319,1.0
IND-000319,Kanyakumari,Tamil Nadu,2025,1678.915491149946,DIRECT,IND-000319,1.0
IND-000927,Karur,Tamil Nadu,1951,2874.585862,LINEAGE_BACKFILL,IND-000497,0.9025
IND-000927,Karur,Tamil Nadu,1961,2874.585862,LINEAGE_BACKFILL,IND-000497,0.9025
IND-000927,Karur,Tamil Nadu,1971,2874.585862,LINEAGE_BACKFILL,IND-000497,0.9025
IND-000927,Karur,Tamil Nadu,1981,2874.611961,LINEAGE_BACKFILL,IND-000497,0.95
IND-000927,Karur,Tamil Nadu,1991,2874.601848,LINEAGE_BACKFILL,IND-000497,0.95
IND-000927,Karur,Tamil Nadu,2001,2874.884762692886,DIRECT,IND-000927,1.0
IND-000927,Karur,Tamil Nadu,2011,2920.362317600568,DIRECT,IND-000927,1.0
IND-000927,Karur,Tamil Nadu,2021,2902.641172561984,DIRECT,IND-000927,1.0
IND-000927,Karur,Tamil Nadu,2025,2903.366639255613,DIRECT,IND-000927,1.0
IND-000210,Krishna,Tamil Nadu,1951,8720.348303737663,DIRECT,IND-000210,1.0
IND-000210,Krishna,Tamil Nadu,1961,8720.348303737663,DIRECT,IND-000210,1.0
IND-000210,Krishna,Tamil Nadu,1971,8720.348303737663,DIRECT,IND-000210,1.0
IND-000210,Krishna,Tamil Nadu,1981,8720.348364968448,DIRECT,IND-000210,1.0
IND-000210,Krishna,Tamil Nadu,1991,8720.450862728718,DIRECT,IND-000210,1.0
IND-000210,Krishna,Tamil Nadu,2001,8720.450862728718,DIRECT,IND-000210,1.0
IND-000210,Krishna,Tamil Nadu,2011,8766.139010592035,DIRECT,IND-000210,1.0
IND-000210,Krishna,Tamil Nadu,2021,8749.198928463315,DIRECT,IND-000210,1.0
IND-000210,Krishna,Tamil Nadu,2025,8758.499124716025,DIRECT,IND-000210,1.0
IND-001088,Krishnagiri,Tamil Nadu,1951,5069.151488,LINEAGE_BACKFILL,IND-000058|IND-000203|IND-000417|IND-000655|IND-000656|IND-000669|IND-000921,0.4655
IND-001088,Krishnagiri,Tamil Nadu,1961,5068.880362,LINEAGE_BACKFILL,IND-000058|IND-000203|IND-000417|IND-000655|IND-000656|IND-000669|IND-000921,0.49
IND-001088,Krishnagiri,Tamil Nadu,1971,5068.98424,LINEAGE_BACKFILL,IND-000058|IND-000203|IND-000417|IND-000655|IND-000656|IND-000669|IND-000921,0.49
IND-001088,Krishnagiri,Tamil Nadu,1981,5068.984099,LINEAGE_BACKFILL,IND-000058|IND-000203|IND-000417|IND-000655|IND-000656|IND-000669|IND-000921,0.49
IND-001088,Krishnagiri,Tamil Nadu,1991,5068.961493,LINEAGE_BACKFILL,IND-000058|IND-000203|IND-000417|IND-000655|IND-000656|IND-000669|IND-000921,0.665
IND-001088,Krishnagiri,Tamil Nadu,2001,5068.961496,LINEAGE_BACKFILL,IND-000058|IND-000203|IND-000417|IND-000655|IND-000656|IND-000669|IND-000921,0.7
IND-001088,Krishnagiri,Tamil Nadu,2011,5068.851676878484,DIRECT,IND-001088,1.0
IND-001088,Krishnagiri,Tamil Nadu,2021,5127.465138322131,DIRECT,IND-001088,1.0
IND-001088,Krishnagiri,Tamil Nadu,2025,5135.279027019522,DIRECT,IND-001088,1.0
IND-000935,Madurai,Tamil Nadu,1951,3720.091825,LINEAGE_BACKFILL,IND-000668,0.8075
IND-000935,Madurai,Tamil Nadu,1961,3720.091825,LINEAGE_BACKFILL,IND-000668,0.8075
IND-000935,Madurai,Tamil Nadu,1971,3720.091825,LINEAGE_BACKFILL,IND-000668,0.8075
IND-000935,Madurai,Tamil Nadu,1981,3720.091832,LINEAGE_BACKFILL,IND-000668,0.8075
IND-000935,Madurai,Tamil Nadu,1991,3720.191061,LINEAGE_BACKFILL,IND-000668,0.95
IND-000935,Madurai,Tamil Nadu,2001,3720.2436991293775,DIRECT,IND-000935,1.0
IND-000935,Madurai,Tamil Nadu,2011,3660.2802035282743,DIRECT,IND-000935,1.0
IND-000935,Madurai,Tamil Nadu,2021,3708.950338063356,DIRECT,IND-000935,1.0
IND-000935,Madurai,Tamil Nadu,2025,3706.9249375672425,DIRECT,IND-000935,1.0
IND-000932,Nagapattinam,Tamil Nadu,1951,2547.884049,LINEAGE_BACKFILL,IND-000498,0.665
IND-000932,Nagapattinam,Tamil Nadu,1961,2547.884049,LINEAGE_BACKFILL,IND-000498,0.665
IND-000932,Nagapattinam,Tamil Nadu,1971,2547.884049,LINEAGE_BACKFILL,IND-000498,0.665
IND-000932,Nagapattinam,Tamil Nadu,1981,2547.942561,LINEAGE_BACKFILL,IND-000498,0.95
IND-000932,Nagapattinam,Tamil Nadu,1991,2547.934169,LINEAGE_BACKFILL,IND-000498,0.95
IND-000932,Nagapattinam,Tamil Nadu,2001,2548.2077350814984,DIRECT,IND-000932,1.0
IND-000932,Nagapattinam,Tamil Nadu,2011,2567.227273962483,DIRECT,IND-000932,1.0
IND-000932,Nagapattinam,Tamil Nadu,2021,2746.239415393788,DIRECT,IND-000932,1.0
IND-000932,Nagapattinam,Tamil Nadu,2025,2565.555748924915,DIRECT,IND-000932,1.0
IND-000926,Namakkal,Tamil Nadu,1951,3452.993727,LINEAGE_BACKFILL,IND-000418,0.9025
IND-000926,Namakkal,Tamil Nadu,1961,3452.993727,LINEAGE_BACKFILL,IND-000418,0.9025
IND-000926,Namakkal,Tamil Nadu,1971,3453.05285,LINEAGE_BACKFILL,IND-000418,0.95
IND-000926,Namakkal,Tamil Nadu,1981,3453.052906,LINEAGE_BACKFILL,IND-000418,0.95
IND-000926,Namakkal,Tamil Nadu,1991,3453.060769,LINEAGE_BACKFILL,IND-000418,0.95
IND-000926,Namakkal,Tamil Nadu,2001,3453.0861597488383,DIRECT,IND-000926,1.0
IND-000926,Namakkal,Tamil Nadu,2011,3388.4173830851187,DIRECT,IND-000926,1.0
IND-000926,Namakkal,Tamil Nadu,2021,3418.3722119128192,DIRECT,IND-000926,1.0
IND-000926,Namakkal,Tamil Nadu,2025,3418.9619144993553,DIRECT,IND-000926,1.0
IND-000216,Nilgiris,Tamil Nadu,1951,2567.697780708929,DIRECT,IND-000216,1.0
IND-000216,Nilgiris,Tamil Nadu,1961,2567.697780708929,DIRECT,IND-000216,1.0
IND-000216,Nilgiris,Tamil Nadu,1971,2567.697780708929,DIRECT,IND-000216,1.0
IND-000216,Nilgiris,Tamil Nadu,1981,2567.697772363416,DIRECT,IND-000216,1.0
IND-000216,Nilgiris,Tamil Nadu,1991,2567.6995089882507,DIRECT,IND-000216,1.0
IND-000216,Nilgiris,Tamil Nadu,2001,2567.6995089882507,DIRECT,IND-000216,1.0
IND-000216,Nilgiris,Tamil Nadu,2011,2550.237696119185,DIRECT,IND-000216,1.0
IND-000216,Nilgiris,Tamil Nadu,2021,2562.7927614206633,DIRECT,IND-000216,1.0
IND-000216,Nilgiris,Tamil Nadu,2025,2430.9667422797916,DIRECT,IND-000216,1.0
IND-000929,Perambalur,Tamil Nadu,1951,1730.175096,LINEAGE_BACKFILL,IND-000497,0.9025
IND-000929,Perambalur,Tamil Nadu,1961,1730.175096,LINEAGE_BACKFILL,IND-000497,0.9025
IND-000929,Perambalur,Tamil Nadu,1971,1730.175096,LINEAGE_BACKFILL,IND-000497,0.9025
IND-000929,Perambalur,Tamil Nadu,1981,1730.190805,LINEAGE_BACKFILL,IND-000497,0.95
IND-000929,Perambalur,Tamil Nadu,1991,1730.184718,LINEAGE_BACKFILL,IND-000497,0.95
IND-000929,Perambalur,Tamil Nadu,2001,1730.1905198110492,DIRECT,IND-000929,1.0
IND-000929,Perambalur,Tamil Nadu,2011,1755.1153528809432,DIRECT,IND-000929,1.0
IND-000929,Perambalur,Tamil Nadu,2021,1745.6898151164798,DIRECT,IND-000929,1.0
IND-000929,Perambalur,Tamil Nadu,2025,1756.1314477365345,DIRECT,IND-000929,1.0
IND-000499,Pudukkottai,Tamil Nadu,1951,4766.391109,LINEAGE_BACKFILL,IND-000221|IND-000222,0.7
IND-000499,Pudukkottai,Tamil Nadu,1961,4766.391109,LINEAGE_BACKFILL,IND-000221|IND-000222,0.7
IND-000499,Pudukkottai,Tamil Nadu,1971,4766.391109,LINEAGE_BACKFILL,IND-000221|IND-000222,0.7
IND-000499,Pudukkottai,Tamil Nadu,1981,4766.549459497346,DIRECT,IND-000499,1.0
IND-000499,Pudukkottai,Tamil Nadu,1991,4766.560237936155,DIRECT,IND-000499,1.0
IND-000499,Pudukkottai,Tamil Nadu,2001,4766.560237936155,DIRECT,IND-000499,1.0
IND-000499,Pudukkottai,Tamil Nadu,2011,4650.233574088682,DIRECT,IND-000499,1.0
IND-000499,Pudukkottai,Tamil Nadu,2021,4661.705739500634,DIRECT,IND-000499,1.0
IND-000499,Pudukkottai,Tamil Nadu,2025,4651.284339141859,DIRECT,IND-000499,1.0
IND-001270,Ranipet,Tamil Nadu,1951,1896.342051,LINEAGE_BACKFILL,IND-000203|IND-000669|IND-000673|IND-000922|IND-000923,0.343
IND-001270,Ranipet,Tamil Nadu,1961,1895.715161,LINEAGE_BACKFILL,IND-000203|IND-000669|IND-000673|IND-000922|IND-000923,0.49
IND-001270,Ranipet,Tamil Nadu,1971,1895.715161,LINEAGE_BACKFILL,IND-000203|IND-000669|IND-000673|IND-000922|IND-000923,0.49
IND-001270,Ranipet,Tamil Nadu,1981,1895.715136,LINEAGE_BACKFILL,IND-000203|IND-000669|IND-000673|IND-000922|IND-000923,0.49
IND-001270,Ranipet,Tamil Nadu,1991,1895.771763,LINEAGE_BACKFILL,IND-000203|IND-000669|IND-000673|IND-000922|IND-000923,0.49
IND-001270,Ranipet,Tamil Nadu,2001,1895.775573,LINEAGE_BACKFILL,IND-000203|IND-000669|IND-000673|IND-000922|IND-000923,0.7
IND-001270,Ranipet,Tamil Nadu,2011,1874.285938,LINEAGE_BACKFILL,IND-000203|IND-000669|IND-000673|IND-000922|IND-000923,0.7
IND-001270,Ranipet,Tamil Nadu,2021,1874.2895534747176,DIRECT,IND-001270,1.0
IND-001270,Ranipet,Tamil Nadu,2025,1849.9469481008307,DIRECT,IND-001270,1.0
IND-001368,Salem,Tamil Nadu,1951,6029.287631,LINEAGE_BACKFILL,IND-000925|IND-000926|IND-001086|IND-001087|IND-001266,0.2281
IND-001368,Salem,Tamil Nadu,1961,6029.303395,LINEAGE_BACKFILL,IND-000925|IND-000926|IND-001086|IND-001087|IND-001266,0.2401
IND-001368,Salem,Tamil Nadu,1971,6029.393793,LINEAGE_BACKFILL,IND-000925|IND-000926|IND-001086|IND-001087|IND-001266,0.2401
IND-001368,Salem,Tamil Nadu,1981,6029.405635,LINEAGE_BACKFILL,IND-000925|IND-000926|IND-001086|IND-001087|IND-001266,0.2401
IND-001368,Salem,Tamil Nadu,1991,6029.431849,LINEAGE_BACKFILL,IND-000925|IND-000926|IND-001086|IND-001087|IND-001266,0.3258
IND-001368,Salem,Tamil Nadu,2001,6029.487449,LINEAGE_BACKFILL,IND-000925|IND-000926|IND-001086|IND-001087|IND-001266,0.343
IND-001368,Salem,Tamil Nadu,2011,6031.916287,LINEAGE_BACKFILL,IND-000925|IND-000926|IND-001086|IND-001087|IND-001266,0.49
IND-001368,Salem,Tamil Nadu,2021,6003.017747,LINEAGE_BACKFILL,IND-000925|IND-000926|IND-001086|IND-001087|IND-001266,0.7
IND-001368,Salem,Tamil Nadu,2025,6004.002849743802,DIRECT,IND-001368,1.0
IND-001267,Tenkasi,Tamil Nadu,1951,2901.381115,LINEAGE_BACKFILL,IND-000661|IND-000664|IND-000665|IND-000667|IND-000672,0.3258
IND-001267,Tenkasi,Tamil Nadu,1961,2901.381494,LINEAGE_BACKFILL,IND-000661|IND-000664|IND-000665|IND-000667|IND-000672,0.4655
IND-001267,Tenkasi,Tamil Nadu,1971,2901.381494,LINEAGE_BACKFILL,IND-000661|IND-000664|IND-000665|IND-000667|IND-000672,0.4655
IND-001267,Tenkasi,Tamil Nadu,1981,2901.848565,LINEAGE_BACKFILL,IND-000661|IND-000664|IND-000665|IND-000667|IND-000672,0.49
IND-001267,Tenkasi,Tamil Nadu,1991,2901.883135,LINEAGE_BACKFILL,IND-000661|IND-000664|IND-000665|IND-000667|IND-000672,0.7
IND-001267,Tenkasi,Tamil Nadu,2001,2901.883135,LINEAGE_BACKFILL,IND-000661|IND-000664|IND-000665|IND-000667|IND-000672,0.7
IND-001267,Tenkasi,Tamil Nadu,2011,2933.690493,LINEAGE_BACKFILL,IND-000661|IND-000664|IND-000665|IND-000667|IND-000672,0.7
IND-001267,Tenkasi,Tamil Nadu,2021,2933.9785776380295,DIRECT,IND-001267,1.0
IND-001267,Tenkasi,Tamil Nadu,2025,2809.2608091363604,DIRECT,IND-001267,1.0
IND-000934,Thanjavur,Tamil Nadu,1951,3438.392636,LINEAGE_BACKFILL,IND-000498,0.665
IND-000934,Thanjavur,Tamil Nadu,1961,3438.392636,LINEAGE_BACKFILL,IND-000498,0.665
IND-000934,Thanjavur,Tamil Nadu,1971,3438.392636,LINEAGE_BACKFILL,IND-000498,0.665
IND-000934,Thanjavur,Tamil Nadu,1981,3438.471599,LINEAGE_BACKFILL,IND-000498,0.95
IND-000934,Thanjavur,Tamil Nadu,1991,3438.460274,LINEAGE_BACKFILL,IND-000498,0.95
IND-000934,Thanjavur,Tamil Nadu,2001,3438.578496702788,DIRECT,IND-000934,1.0
IND-000934,Thanjavur,Tamil Nadu,2011,3424.396298214602,DIRECT,IND-000934,1.0
IND-000934,Thanjavur,Tamil Nadu,2021,3417.4763394174174,DIRECT,IND-000934,1.0
IND-000934,Thanjavur,Tamil Nadu,2025,3425.7204338999986,DIRECT,IND-000934,1.0
IND-000936,Theni,Tamil Nadu,1951,2748.21495,LINEAGE_BACKFILL,IND-000668,0.8075
IND-000936,Theni,Tamil Nadu,1961,2748.21495,LINEAGE_BACKFILL,IND-000668,0.8075
IND-000936,Theni,Tamil Nadu,1971,2748.21495,LINEAGE_BACKFILL,IND-000668,0.8075
IND-000936,Theni,Tamil Nadu,1981,2748.214955,LINEAGE_BACKFILL,IND-000668,0.8075
IND-000936,Theni,Tamil Nadu,1991,2748.288261,LINEAGE_BACKFILL,IND-000668,0.95
IND-000936,Theni,Tamil Nadu,2001,2748.351401854618,DIRECT,IND-000936,1.0
IND-000936,Theni,Tamil Nadu,2011,2846.4813584243157,DIRECT,IND-000936,1.0
IND-000936,Theni,Tamil Nadu,2021,2865.718512637727,DIRECT,IND-000936,1.0
IND-000936,Theni,Tamil Nadu,2025,2867.2382284001465,DIRECT,IND-000936,1.0
IND-001275,Thiruvallur,Tamil Nadu,1951,3288.744473,LINEAGE_BACKFILL,IND-000203|IND-000406|IND-000669|IND-000922|IND-000923,0.343
IND-001275,Thiruvallur,Tamil Nadu,1961,3282.928426,LINEAGE_BACKFILL,IND-000203|IND-000406|IND-000669|IND-000922|IND-000923,0.49
IND-001275,Thiruvallur,Tamil Nadu,1971,3282.928432,LINEAGE_BACKFILL,IND-000203|IND-000406|IND-000669|IND-000922|IND-000923,0.49
IND-001275,Thiruvallur,Tamil Nadu,1981,3282.928461,LINEAGE_BACKFILL,IND-000203|IND-000406|IND-000669|IND-000922|IND-000923,0.49
IND-001275,Thiruvallur,Tamil Nadu,1991,3282.972566,LINEAGE_BACKFILL,IND-000203|IND-000406|IND-000669|IND-000922|IND-000923,0.49
IND-001275,Thiruvallur,Tamil Nadu,2001,3283.355333,LINEAGE_BACKFILL,IND-000203|IND-000406|IND-000669|IND-000922|IND-000923,0.7
IND-001275,Thiruvallur,Tamil Nadu,2011,3225.594471,LINEAGE_BACKFILL,IND-000203|IND-000406|IND-000669|IND-000922|IND-000923,0.7
IND-001275,Thiruvallur,Tamil Nadu,2021,3240.434400810389,DIRECT,IND-001275,1.0
IND-001275,Thiruvallur,Tamil Nadu,2025,3230.1165680294857,DIRECT,IND-001275,1.0
IND-000933,Thiruvarur,Tamil Nadu,1951,2256.814501,LINEAGE_BACKFILL,IND-000498,0.665
IND-000933,Thiruvarur,Tamil Nadu,1961,2256.814501,LINEAGE_BACKFILL,IND-000498,0.665
IND-000933,Thiruvarur,Tamil Nadu,1971,2256.814501,LINEAGE_BACKFILL,IND-000498,0.665
IND-000933,Thiruvarur,Tamil Nadu,1981,2256.866329,LINEAGE_BACKFILL,IND-000498,0.95
IND-000933,Thiruvarur,Tamil Nadu,1991,2256.858896,LINEAGE_BACKFILL,IND-000498,0.95
IND-000933,Thiruvarur,Tamil Nadu,2001,2256.9478841680248,DIRECT,IND-000933,1.0
IND-000933,Thiruvarur,Tamil Nadu,2011,2312.504758571686,DIRECT,IND-000933,1.0
IND-000933,Thiruvarur,Tamil Nadu,2021,2116.411405942071,DIRECT,IND-000933,1.0
IND-000933,Thiruvarur,Tamil Nadu,2025,2264.4103445565543,DIRECT,IND-000933,1.0
IND-000928,Tiruchirappalli,Tamil Nadu,1951,4380.280197,LINEAGE_BACKFILL,IND-000497,0.665
IND-000928,Tiruchirappalli,Tamil Nadu,1961,4380.280197,LINEAGE_BACKFILL,IND-000497,0.665
IND-000928,Tiruchirappalli,Tamil Nadu,1971,4380.280197,LINEAGE_BACKFILL,IND-000497,0.665
IND-000928,Tiruchirappalli,Tamil Nadu,1981,4380.319966,LINEAGE_BACKFILL,IND-000497,0.7
IND-000928,Tiruchirappalli,Tamil Nadu,1991,4380.304556,LINEAGE_BACKFILL,IND-000497,0.7
IND-000928,Tiruchirappalli,Tamil Nadu,2001,4380.368976744687,DIRECT,IND-000928,1.0
IND-000928,Tiruchirappalli,Tamil Nadu,2011,4461.8745168127525,DIRECT,IND-000928,1.0
IND-000928,Tiruchirappalli,Tamil Nadu,2021,4494.763641005682,DIRECT,IND-000928,1.0
IND-000928,Tiruchirappalli,Tamil Nadu,2025,4492.874351875595,DIRECT,IND-000928,1.0
IND-001268,Tirunelveli,Tamil Nadu,1951,3820.937058,LINEAGE_BACKFILL,IND-000319|IND-000395|IND-000665|IND-000672,0.49
IND-001268,Tirunelveli,Tamil Nadu,1961,3820.937131,LINEAGE_BACKFILL,IND-000319|IND-000395|IND-000665|IND-000672,0.49
IND-001268,Tirunelveli,Tamil Nadu,1971,3820.937131,LINEAGE_BACKFILL,IND-000319|IND-000395|IND-000665|IND-000672,0.49
IND-001268,Tirunelveli,Tamil Nadu,1981,3820.937131,LINEAGE_BACKFILL,IND-000319|IND-000395|IND-000665|IND-000672,0.49
IND-001268,Tirunelveli,Tamil Nadu,1991,3820.977339,LINEAGE_BACKFILL,IND-000319|IND-000395|IND-000665|IND-000672,0.7
IND-001268,Tirunelveli,Tamil Nadu,2001,3820.977339,LINEAGE_BACKFILL,IND-000319|IND-000395|IND-000665|IND-000672,0.7
IND-001268,Tirunelveli,Tamil Nadu,2011,3865.600111,LINEAGE_BACKFILL,IND-000319|IND-000395|IND-000665|IND-000672,0.7
IND-001268,Tirunelveli,Tamil Nadu,2021,3923.790909488011,DIRECT,IND-001268,1.0
IND-001268,Tirunelveli,Tamil Nadu,2025,3882.0088009011206,DIRECT,IND-001268,1.0
IND-001271,Tirupathur,Tamil Nadu,1951,2007.100515,LINEAGE_BACKFILL,IND-000203|IND-000669|IND-000673|IND-001088,0.3258
IND-001271,Tirupathur,Tamil Nadu,1961,2006.184404,LINEAGE_BACKFILL,IND-000203|IND-000669|IND-000673|IND-001088,0.343
IND-001271,Tirupathur,Tamil Nadu,1971,2006.184707,LINEAGE_BACKFILL,IND-000203|IND-000669|IND-000673|IND-001088,0.343
IND-001271,Tirupathur,Tamil Nadu,1981,2006.18468,LINEAGE_BACKFILL,IND-000203|IND-000669|IND-000673|IND-001088,0.343
IND-001271,Tirupathur,Tamil Nadu,1991,2006.244589,LINEAGE_BACKFILL,IND-000203|IND-000669|IND-000673|IND-001088,0.4655
IND-001271,Tirupathur,Tamil Nadu,2001,2006.244589,LINEAGE_BACKFILL,IND-000203|IND-000669|IND-000673|IND-001088,0.49
IND-001271,Tirupathur,Tamil Nadu,2011,1983.832755,LINEAGE_BACKFILL,IND-000203|IND-000669|IND-000673|IND-001088,0.7
IND-001271,Tirupathur,Tamil Nadu,2021,1983.8445298908644,DIRECT,IND-001271,1.0
IND-001271,Tirupathur,Tamil Nadu,2025,2116.0081161553044,DIRECT,IND-001271,1.0
IND-001090,Tiruppur,Tamil Nadu,1951,5189.634385,LINEAGE_BACKFILL,IND-000495|IND-000496|IND-000661|IND-000666|IND-000927,0.3258
IND-001090,Tiruppur,Tamil Nadu,1961,5189.740804,LINEAGE_BACKFILL,IND-000495|IND-000496|IND-000661|IND-000666|IND-000927,0.4655
IND-001090,Tiruppur,Tamil Nadu,1971,5189.740804,LINEAGE_BACKFILL,IND-000495|IND-000496|IND-000661|IND-000666|IND-000927,0.4655
IND-001090,Tiruppur,Tamil Nadu,1981,5189.875097,LINEAGE_BACKFILL,IND-000495|IND-000496|IND-000661|IND-000666|IND-000927,0.49
IND-001090,Tiruppur,Tamil Nadu,1991,5189.908831,LINEAGE_BACKFILL,IND-000495|IND-000496|IND-000661|IND-000666|IND-000927,0.665
IND-001090,Tiruppur,Tamil Nadu,2001,5189.909448,LINEAGE_BACKFILL,IND-000495|IND-000496|IND-000661|IND-000666|IND-000927,0.7
IND-001090,Tiruppur,Tamil Nadu,2011,5189.799318363895,DIRECT,IND-001090,1.0
IND-001090,Tiruppur,Tamil Nadu,2021,5206.930973314316,DIRECT,IND-001090,1.0
IND-001090,Tiruppur,Tamil Nadu,2025,5196.899684613196,DIRECT,IND-001090,1.0
IND-001269,Vellore,Tamil Nadu,1951,2242.737746,LINEAGE_BACKFILL,IND-000203|IND-000669|IND-000673,0.49
IND-001269,Vellore,Tamil Nadu,1961,2239.486212,LINEAGE_BACKFILL,IND-000203|IND-000669|IND-000673,0.49
IND-001269,Vellore,Tamil Nadu,1971,2239.486212,LINEAGE_BACKFILL,IND-000203|IND-000669|IND-000673,0.49
IND-001269,Vellore,Tamil Nadu,1981,2239.486183,LINEAGE_BACKFILL,IND-000203|IND-000669|IND-000673,0.49
IND-001269,Vellore,Tamil Nadu,1991,2239.552411,LINEAGE_BACKFILL,IND-000203|IND-000669|IND-000673,0.7
IND-001269,Vellore,Tamil Nadu,2001,2239.552411,LINEAGE_BACKFILL,IND-000203|IND-000669|IND-000673,0.7
IND-001269,Vellore,Tamil Nadu,2011,2214.925486,LINEAGE_BACKFILL,IND-000203|IND-000669|IND-000673,0.7
IND-001269,Vellore,Tamil Nadu,2021,2214.929123269975,DIRECT,IND-001269,1.0
IND-001269,Vellore,Tamil Nadu,2025,2107.6022402136523,DIRECT,IND-001269,1.0
IND-001265,Viluppuram,Tamil Nadu,1951,3933.832286,LINEAGE_BACKFILL,IND-000673|IND-000923|IND-000924|IND-000931|IND-001092,0.2401
IND-001265,Viluppuram,Tamil Nadu,1961,3933.83231,LINEAGE_BACKFILL,IND-000673|IND-000923|IND-000924|IND-000931|IND-001092,0.2401
IND-001265,Viluppuram,Tamil Nadu,1971,3935.886493,LINEAGE_BACKFILL,IND-000673|IND-000923|IND-000924|IND-000931|IND-001092,0.2401
IND-001265,Viluppuram,Tamil Nadu,1981,3933.832298,LINEAGE_BACKFILL,IND-000673|IND-000923|IND-000924|IND-000931|IND-001092,0.2401
IND-001265,Viluppuram,Tamil Nadu,1991,3920.037895,LINEAGE_BACKFILL,IND-000673|IND-000923|IND-000924|IND-000931|IND-001092,0.343
IND-001265,Viluppuram,Tamil Nadu,2001,3919.999836,LINEAGE_BACKFILL,IND-000673|IND-000923|IND-000924|IND-000931|IND-001092,0.49
IND-001265,Viluppuram,Tamil Nadu,2011,3916.273267,LINEAGE_BACKFILL,IND-000673|IND-000923|IND-000924|IND-000931|IND-001092,0.7
IND-001265,Viluppuram,Tamil Nadu,2021,3916.1790116396255,DIRECT,IND-001265,1.0
IND-001265,Viluppuram,Tamil Nadu,2025,3660.75317158809,DIRECT,IND-001265,1.0
IND-000665,Chidambaranar,Tamil_Nadu,1951,4705.005668,LINEAGE_BACKFILL,IND-000223,0.85
IND-000665,Chidambaranar,Tamil_Nadu,1961,4705.005668,LINEAGE_BACKFILL,IND-000223,0.85
IND-000665,Chidambaranar,Tamil_Nadu,1971,4705.005668,LINEAGE_BACKFILL,IND-000223,0.85
IND-000665,Chidambaranar,Tamil_Nadu,1981,4705.005668,LINEAGE_BACKFILL,IND-000223,0.85
IND-000665,Chidambaranar,Tamil_Nadu,1991,4705.2049335776555,DIRECT,IND-000665,1.0
IND-000665,Chidambaranar,Tamil_Nadu,2001,4705.2049335776555,DIRECT,IND-000665,1.0
IND-000665,Chidambaranar,Tamil_Nadu,2011,4701.334880443141,DIRECT,IND-000665,1.0
IND-000665,Chidambaranar,Tamil_Nadu,2021,4664.138649206624,DIRECT,IND-000665,1.0
IND-000665,Chidambaranar,Tamil_Nadu,2025,4739.677828028035,DIRECT,IND-000665,1.0
IND-000666,Dindigul_Anna,Tamil_Nadu,1951,6180.014021,LINEAGE_BACKFILL,IND-000214,0.7
IND-000666,Dindigul_Anna,Tamil_Nadu,1961,6180.014021,LINEAGE_BACKFILL,IND-000214,0.7
IND-000666,Dindigul_Anna,Tamil_Nadu,1971,6180.014021,LINEAGE_BACKFILL,IND-000214,0.7
IND-000666,Dindigul_Anna,Tamil_Nadu,1981,6180.014033,LINEAGE_BACKFILL,IND-000214,0.7
IND-000666,Dindigul_Anna,Tamil_Nadu,1991,6180.062731579798,DIRECT,IND-000666,1.0
IND-000666,Dindigul_Anna,Tamil_Nadu,2001,6180.062731579798,DIRECT,IND-000666,1.0
IND-000666,Dindigul_Anna,Tamil_Nadu,2011,6046.628438528269,DIRECT,IND-000666,1.0
IND-000666,Dindigul_Anna,Tamil_Nadu,2021,6048.197707787326,DIRECT,IND-000666,1.0
IND-000666,Dindigul_Anna,Tamil_Nadu,2025,6051.097059036152,DIRECT,IND-000666,1.0
IND-000667,Kamarajar,Tamil_Nadu,1951,4323.311977,LINEAGE_BACKFILL,IND-000217,0.85
IND-000667,Kamarajar,Tamil_Nadu,1961,4323.311977,LINEAGE_BACKFILL,IND-000217,0.85
IND-000667,Kamarajar,Tamil_Nadu,1971,4323.311977,LINEAGE_BACKFILL,IND-000217,0.85
IND-000667,Kamarajar,Tamil_Nadu,1981,4323.312019,LINEAGE_BACKFILL,IND-000217,0.85
IND-000667,Kamarajar,Tamil_Nadu,1991,4323.393603507275,DIRECT,IND-000667,1.0
IND-000667,Kamarajar,Tamil_Nadu,2001,4323.393603507275,DIRECT,IND-000667,1.0
IND-000667,Kamarajar,Tamil_Nadu,2011,4297.220934619733,DIRECT,IND-000667,1.0
IND-000667,Kamarajar,Tamil_Nadu,2021,4243.687679847153,DIRECT,IND-000667,1.0
IND-000667,Kamarajar,Tamil_Nadu,2025,4238.970502939052,DIRECT,IND-000667,1.0
IND-000670,Pasumpon-Thevar-Thir,Tamil_Nadu,1951,4221.871963,LINEAGE_BACKFILL,IND-000217,0.7
IND-000670,Pasumpon-Thevar-Thir,Tamil_Nadu,1961,4221.871963,LINEAGE_BACKFILL,IND-000217,0.7
IND-000670,Pasumpon-Thevar-Thir,Tamil_Nadu,1971,4221.871963,LINEAGE_BACKFILL,IND-000217,0.7
IND-000670,Pasumpon-Thevar-Thir,Tamil_Nadu,1981,4221.872003,LINEAGE_BACKFILL,IND-000217,0.7
IND-000670,Pasumpon-Thevar-Thir,Tamil_Nadu,1991,4222.002890073828,DIRECT,IND-000670,1.0
IND-000670,Pasumpon-Thevar-Thir,Tamil_Nadu,2001,4222.002890073828,DIRECT,IND-000670,1.0
IND-000670,Pasumpon-Thevar-Thir,Tamil_Nadu,2011,4315.297911345645,DIRECT,IND-000670,1.0
IND-000670,Pasumpon-Thevar-Thir,Tamil_Nadu,2021,4097.238050434529,DIRECT,IND-000670,1.0
IND-000670,Pasumpon-Thevar-Thir,Tamil_Nadu,2025,4241.711465710584,DIRECT,IND-000670,1.0
IND-000671,Ramanathapuram,Tamil_Nadu,1951,4106.597694,LINEAGE_BACKFILL,IND-000217,0.85
IND-000671,Ramanathapuram,Tamil_Nadu,1961,4106.597694,LINEAGE_BACKFILL,IND-000217,0.85
IND-000671,Ramanathapuram,Tamil_Nadu,1971,4106.597694,LINEAGE_BACKFILL,IND-000217,0.85
IND-000671,Ramanathapuram,Tamil_Nadu,1981,4106.597733,LINEAGE_BACKFILL,IND-000217,0.85
IND-000671,Ramanathapuram,Tamil_Nadu,1991,4106.92931396371,DIRECT,IND-000671,1.0
IND-000671,Ramanathapuram,Tamil_Nadu,2001,4106.92931396371,DIRECT,IND-000671,1.0
IND-000671,Ramanathapuram,Tamil_Nadu,2011,4076.94587512692,DIRECT,IND-000671,1.0
IND-000671,Ramanathapuram,Tamil_Nadu,2021,4272.212220627478,DIRECT,IND-000671,1.0
IND-000671,Ramanathapuram,Tamil_Nadu,2025,4109.34711759046,DIRECT,IND-000671,1.0
IND-000673,Tiruvannamalai_Sambu,Tamil_Nadu,1951,6182.032524,LINEAGE_BACKFILL,IND-000200,0.7
IND-000673,Tiruvannamalai_Sambu,Tamil_Nadu,1961,6182.032524,LINEAGE_BACKFILL,IND-000200,0.7
IND-000673,Tiruvannamalai_Sambu,Tamil_Nadu,1971,6182.032524,LINEAGE_BACKFILL,IND-000200,0.7
IND-000673,Tiruvannamalai_Sambu,Tamil_Nadu,1981,6182.03244,LINEAGE_BACKFILL,IND-000200,0.7
IND-000673,Tiruvannamalai_Sambu,Tamil_Nadu,1991,6182.13401183766,DIRECT,IND-000673,1.0
IND-000673,Tiruvannamalai_Sambu,Tamil_Nadu,2001,6182.13401183766,DIRECT,IND-000673,1.0
IND-000673,Tiruvannamalai_Sambu,Tamil_Nadu,2011,6194.981286604401,DIRECT,IND-000673,1.0
IND-000673,Tiruvannamalai_Sambu,Tamil_Nadu,2021,6189.467531656881,DIRECT,IND-000673,1.0
IND-000673,Tiruvannamalai_Sambu,Tamil_Nadu,2025,6178.4963947141105,DIRECT,IND-000673,1.0
IND-001280,Adilabad,Telangana,1951,4144.259663,LINEAGE_BACKFILL,IND-000196|IND-000325|IND-000330|IND-000648,0.49
IND-001280,Adilabad,Telangana,1961,4144.591745,LINEAGE_BACKFILL,IND-000196|IND-000325|IND-000330|IND-000648,0.49
IND-001280,Adilabad,Telangana,1971,4144.591745,LINEAGE_BACKFILL,IND-000196|IND-000325|IND-000330|IND-000648,0.49
IND-001280,Adilabad,Telangana,1981,4144.591698,LINEAGE_BACKFILL,IND-000196|IND-000325|IND-000330|IND-000648,0.49
IND-001280,Adilabad,Telangana,1991,4144.591117,LINEAGE_BACKFILL,IND-000196|IND-000325|IND-000330|IND-000648,0.7
IND-001280,Adilabad,Telangana,2001,4007.461041,LINEAGE_BACKFILL,IND-000196|IND-000325|IND-000330|IND-000648,0.7
IND-001280,Adilabad,Telangana,2011,3996.447873,LINEAGE_BACKFILL,IND-000196|IND-000325|IND-000330|IND-000648,0.7
IND-001280,Adilabad,Telangana,2021,3996.46639268975,DIRECT,IND-001280,1.0
IND-001280,Adilabad,Telangana,2025,3996.6895791258944,DIRECT,IND-001280,1.0
IND-001310,Bhadradri Kothagudem,Telangana,1951,7092.304501,LINEAGE_BACKFILL,IND-000321|IND-000331|IND-000332|IND-000942|IND-000943,0.343
IND-001310,Bhadradri Kothagudem,Telangana,1961,7092.343046,LINEAGE_BACKFILL,IND-000321|IND-000331|IND-000332|IND-000942|IND-000943,0.343
IND-001310,Bhadradri Kothagudem,Telangana,1971,7092.343046,LINEAGE_BACKFILL,IND-000321|IND-000331|IND-000332|IND-000942|IND-000943,0.343
IND-001310,Bhadradri Kothagudem,Telangana,1981,7092.343197,LINEAGE_BACKFILL,IND-000321|IND-000331|IND-000332|IND-000942|IND-000943,0.343
IND-001310,Bhadradri Kothagudem,Telangana,1991,7092.304749,LINEAGE_BACKFILL,IND-000321|IND-000331|IND-000332|IND-000942|IND-000943,0.4655
IND-001310,Bhadradri Kothagudem,Telangana,2001,7092.305658,LINEAGE_BACKFILL,IND-000321|IND-000331|IND-000332|IND-000942|IND-000943,0.49
IND-001310,Bhadradri Kothagudem,Telangana,2011,7025.882061,LINEAGE_BACKFILL,IND-000321|IND-000331|IND-000332|IND-000942|IND-000943,0.7
IND-001310,Bhadradri Kothagudem,Telangana,2021,7025.890852964756,DIRECT,IND-001310,1.0
IND-001310,Bhadradri Kothagudem,Telangana,2025,6906.853501746007,DIRECT,IND-001310,1.0
IND-001281,Hyderabad,Telangana,1951,193.523455,LINEAGE_BACKFILL,IND-000328|IND-001078,0.2281
IND-001281,Hyderabad,Telangana,1961,193.524371,LINEAGE_BACKFILL,IND-000328|IND-001078,0.3258
IND-001281,Hyderabad,Telangana,1971,193.524371,LINEAGE_BACKFILL,IND-000328|IND-001078,0.3258
IND-001281,Hyderabad,Telangana,1981,192.109302,LINEAGE_BACKFILL,IND-000328|IND-001078,0.343
IND-001281,Hyderabad,Telangana,1991,192.111744,LINEAGE_BACKFILL,IND-000328|IND-001078,0.343
IND-001281,Hyderabad,Telangana,2001,191.50722,LINEAGE_BACKFILL,IND-000328|IND-001078,0.49
IND-001281,Hyderabad,Telangana,2011,191.471502,LINEAGE_BACKFILL,IND-000328|IND-001078,0.7
IND-001281,Hyderabad,Telangana,2021,191.4791789305773,DIRECT,IND-001281,1.0
IND-001281,Hyderabad,Telangana,2025,191.42903071903697,DIRECT,IND-001281,1.0
IND-001282,Jagitial,Telangana,1951,2901.379547,LINEAGE_BACKFILL,IND-000013|IND-000015|IND-000330,0.49
IND-001282,Jagitial,Telangana,1961,2865.476522,LINEAGE_BACKFILL,IND-000013|IND-000015|IND-000330,0.7
IND-001282,Jagitial,Telangana,1971,2865.476522,LINEAGE_BACKFILL,IND-000013|IND-000015|IND-000330,0.7
IND-001282,Jagitial,Telangana,1981,2865.476522,LINEAGE_BACKFILL,IND-000013|IND-000015|IND-000330,0.7
IND-001282,Jagitial,Telangana,1991,2865.469084,LINEAGE_BACKFILL,IND-000013|IND-000015|IND-000330,0.7
IND-001282,Jagitial,Telangana,2001,2864.79429,LINEAGE_BACKFILL,IND-000013|IND-000015|IND-000330,0.7
IND-001282,Jagitial,Telangana,2011,2866.262972,LINEAGE_BACKFILL,IND-000013|IND-000015|IND-000330,0.7
IND-001282,Jagitial,Telangana,2021,2866.248706081469,DIRECT,IND-001282,1.0
IND-001282,Jagitial,Telangana,2025,2885.1344350079767,DIRECT,IND-001282,1.0
IND-001283,Jangoan,Telangana,1951,2309.949537,LINEAGE_BACKFILL,IND-000015|IND-000329|IND-000331|IND-000333,0.49
IND-001283,Jangoan,Telangana,1961,2309.888446,LINEAGE_BACKFILL,IND-000015|IND-000329|IND-000331|IND-000333,0.7
IND-001283,Jangoan,Telangana,1971,2309.888446,LINEAGE_BACKFILL,IND-000015|IND-000329|IND-000331|IND-000333,0.7
IND-001283,Jangoan,Telangana,1981,2309.888488,LINEAGE_BACKFILL,IND-000015|IND-000329|IND-000331|IND-000333,0.7
IND-001283,Jangoan,Telangana,1991,2309.889176,LINEAGE_BACKFILL,IND-000015|IND-000329|IND-000331|IND-000333,0.7
IND-001283,Jangoan,Telangana,2001,2309.889176,LINEAGE_BACKFILL,IND-000015|IND-000329|IND-000331|IND-000333,0.7
IND-001283,Jangoan,Telangana,2011,2291.004537,LINEAGE_BACKFILL,IND-000015|IND-000329|IND-000331|IND-000333,0.7
IND-001283,Jangoan,Telangana,2021,2291.0544055699793,DIRECT,IND-001283,1.0
IND-001283,Jangoan,Telangana,2025,2423.6911949334108,DIRECT,IND-001283,1.0
IND-001311,Jayashankar,Telangana,1951,2960.035726,LINEAGE_BACKFILL,IND-000015|IND-000330|IND-000331|IND-000649|IND-000943,0.343
IND-001311,Jayashankar,Telangana,1961,2938.518776,LINEAGE_BACKFILL,IND-000015|IND-000330|IND-000331|IND-000649|IND-000943,0.343
IND-001311,Jayashankar,Telangana,1971,2938.518776,LINEAGE_BACKFILL,IND-000015|IND-000330|IND-000331|IND-000649|IND-000943,0.343
IND-001311,Jayashankar,Telangana,1981,2938.518786,LINEAGE_BACKFILL,IND-000015|IND-000330|IND-000331|IND-000649|IND-000943,0.343
IND-001311,Jayashankar,Telangana,1991,2938.514978,LINEAGE_BACKFILL,IND-000015|IND-000330|IND-000331|IND-000649|IND-000943,0.4655
IND-001311,Jayashankar,Telangana,2001,2938.235679,LINEAGE_BACKFILL,IND-000015|IND-000330|IND-000331|IND-000649|IND-000943,0.49
IND-001311,Jayashankar,Telangana,2011,2927.435423,LINEAGE_BACKFILL,IND-000015|IND-000330|IND-000331|IND-000649|IND-000943,0.7
IND-001311,Jayashankar,Telangana,2021,2927.4524694021984,DIRECT,IND-001311,1.0
IND-001311,Jayashankar,Telangana,2025,2873.852253000106,DIRECT,IND-001311,1.0
IND-001285,Jogulamba Gadwal,Telangana,1951,2569.029122,LINEAGE_BACKFILL,IND-000327|IND-000412|IND-000909,0.343
IND-001285,Jogulamba Gadwal,Telangana,1961,2569.085174,LINEAGE_BACKFILL,IND-000327|IND-000412|IND-000909,0.49
IND-001285,Jogulamba Gadwal,Telangana,1971,2569.085234,LINEAGE_BACKFILL,IND-000327|IND-000412|IND-000909,0.665
IND-001285,Jogulamba Gadwal,Telangana,1981,2569.085234,LINEAGE_BACKFILL,IND-000327|IND-000412|IND-000909,0.665
IND-001285,Jogulamba Gadwal,Telangana,1991,2569.067479,LINEAGE_BACKFILL,IND-000327|IND-000412|IND-000909,0.665
IND-001285,Jogulamba Gadwal,Telangana,2001,2569.067547,LINEAGE_BACKFILL,IND-000327|IND-000412|IND-000909,0.7
IND-001285,Jogulamba Gadwal,Telangana,2011,2572.720665,LINEAGE_BACKFILL,IND-000327|IND-000412|IND-000909,0.7
IND-001285,Jogulamba Gadwal,Telangana,2021,2572.679770725188,DIRECT,IND-001285,1.0
IND-001285,Jogulamba Gadwal,Telangana,2025,2572.3243838050903,DIRECT,IND-001285,1.0
IND-001286,Kamareddy,Telangana,1951,3565.184843,LINEAGE_BACKFILL,IND-000013|IND-000015|IND-000325|IND-000329,0.49
IND-001286,Kamareddy,Telangana,1961,3702.149911,LINEAGE_BACKFILL,IND-000013|IND-000015|IND-000325|IND-000329,0.7
IND-001286,Kamareddy,Telangana,1971,3702.149911,LINEAGE_BACKFILL,IND-000013|IND-000015|IND-000325|IND-000329,0.7
IND-001286,Kamareddy,Telangana,1981,3702.149875,LINEAGE_BACKFILL,IND-000013|IND-000015|IND-000325|IND-000329,0.7
IND-001286,Kamareddy,Telangana,1991,3702.107721,LINEAGE_BACKFILL,IND-000013|IND-000015|IND-000325|IND-000329,0.7
IND-001286,Kamareddy,Telangana,2001,3702.107721,LINEAGE_BACKFILL,IND-000013|IND-000015|IND-000325|IND-000329,0.7
IND-001286,Kamareddy,Telangana,2011,3746.11086,LINEAGE_BACKFILL,IND-000013|IND-000015|IND-000325|IND-000329,0.7
IND-001286,Kamareddy,Telangana,2021,3746.142571171392,DIRECT,IND-001286,1.0
IND-001286,Kamareddy,Telangana,2025,3746.2783921549017,DIRECT,IND-001286,1.0
IND-001287,Karimnagar,Telangana,1951,2160.816078,LINEAGE_BACKFILL,IND-000015|IND-000331,0.49
IND-001287,Karimnagar,Telangana,1961,2133.10514,LINEAGE_BACKFILL,IND-000015|IND-000331,0.7
IND-001287,Karimnagar,Telangana,1971,2133.10514,LINEAGE_BACKFILL,IND-000015|IND-000331,0.7
IND-001287,Karimnagar,Telangana,1981,2133.10514,LINEAGE_BACKFILL,IND-000015|IND-000331,0.7
IND-001287,Karimnagar,Telangana,1991,2133.099713,LINEAGE_BACKFILL,IND-000015|IND-000331,0.7
IND-001287,Karimnagar,Telangana,2001,2133.099713,LINEAGE_BACKFILL,IND-000015|IND-000331,0.7
IND-001287,Karimnagar,Telangana,2011,2134.046053,LINEAGE_BACKFILL,IND-000015|IND-000331,0.7
IND-001287,Karimnagar,Telangana,2021,2134.046057157665,DIRECT,IND-001287,1.0
IND-001287,Karimnagar,Telangana,2025,2003.838138023872,DIRECT,IND-001287,1.0
IND-001288,Khammam,Telangana,1951,4587.734613,LINEAGE_BACKFILL,IND-000210|IND-000321|IND-000331|IND-000332|IND-000333,0.49
IND-001288,Khammam,Telangana,1961,4587.752698,LINEAGE_BACKFILL,IND-000210|IND-000321|IND-000331|IND-000332|IND-000333,0.7
IND-001288,Khammam,Telangana,1971,4587.752698,LINEAGE_BACKFILL,IND-000210|IND-000321|IND-000331|IND-000332|IND-000333,0.7
IND-001288,Khammam,Telangana,1981,4587.752852,LINEAGE_BACKFILL,IND-000210|IND-000321|IND-000331|IND-000332|IND-000333,0.7
IND-001288,Khammam,Telangana,1991,4587.728346,LINEAGE_BACKFILL,IND-000210|IND-000321|IND-000331|IND-000332|IND-000333,0.7
IND-001288,Khammam,Telangana,2001,4587.728346,LINEAGE_BACKFILL,IND-000210|IND-000321|IND-000331|IND-000332|IND-000333,0.7
IND-001288,Khammam,Telangana,2011,4545.496947,LINEAGE_BACKFILL,IND-000210|IND-000321|IND-000331|IND-000332|IND-000333,0.7
IND-001288,Khammam,Telangana,2021,4545.4944439008,DIRECT,IND-001288,1.0
IND-001288,Khammam,Telangana,2025,4678.151213392052,DIRECT,IND-001288,1.0
IND-001289,Kumuram Bheem Asifabad,Telangana,1951,4633.074614,LINEAGE_BACKFILL,IND-000330|IND-000648|IND-000649,0.49
IND-001289,Kumuram Bheem Asifabad,Telangana,1961,4634.209668,LINEAGE_BACKFILL,IND-000330|IND-000648|IND-000649,0.49
IND-001289,Kumuram Bheem Asifabad,Telangana,1971,4634.209668,LINEAGE_BACKFILL,IND-000330|IND-000648|IND-000649,0.49
IND-001289,Kumuram Bheem Asifabad,Telangana,1981,4634.209746,LINEAGE_BACKFILL,IND-000330|IND-000648|IND-000649,0.49
IND-001289,Kumuram Bheem Asifabad,Telangana,1991,4634.20911,LINEAGE_BACKFILL,IND-000330|IND-000648|IND-000649,0.7
IND-001289,Kumuram Bheem Asifabad,Telangana,2001,4481.24325,LINEAGE_BACKFILL,IND-000330|IND-000648|IND-000649,0.7
IND-001289,Kumuram Bheem Asifabad,Telangana,2011,4468.927047,LINEAGE_BACKFILL,IND-000330|IND-000648|IND-000649,0.7
IND-001289,Kumuram Bheem Asifabad,Telangana,2021,4468.927315651638,DIRECT,IND-001289,1.0
IND-001289,Kumuram Bheem Asifabad,Telangana,2025,4536.315773196092,DIRECT,IND-001289,1.0
IND-001290,Mahabubabad,Telangana,1951,3600.017046,LINEAGE_BACKFILL,IND-000331|IND-000332|IND-000333,0.49
IND-001290,Mahabubabad,Telangana,1961,3600.032143,LINEAGE_BACKFILL,IND-000331|IND-000332|IND-000333,0.7
IND-001290,Mahabubabad,Telangana,1971,3600.032143,LINEAGE_BACKFILL,IND-000331|IND-000332|IND-000333,0.7
IND-001290,Mahabubabad,Telangana,1981,3600.032221,LINEAGE_BACKFILL,IND-000331|IND-000332|IND-000333,0.7
IND-001290,Mahabubabad,Telangana,1991,3600.0302,LINEAGE_BACKFILL,IND-000331|IND-000332|IND-000333,0.7
IND-001290,Mahabubabad,Telangana,2001,3600.0302,LINEAGE_BACKFILL,IND-000331|IND-000332|IND-000333,0.7
IND-001290,Mahabubabad,Telangana,2011,3566.795937,LINEAGE_BACKFILL,IND-000331|IND-000332|IND-000333,0.7
IND-001290,Mahabubabad,Telangana,2021,3566.7800465627183,DIRECT,IND-001290,1.0
IND-001290,Mahabubabad,Telangana,2025,3541.7402643735204,DIRECT,IND-001290,1.0
IND-001291,Mahabubnagar,Telangana,1951,2738.873967,LINEAGE_BACKFILL,IND-000327|IND-000328,0.49
IND-001291,Mahabubnagar,Telangana,1961,2738.928736,LINEAGE_BACKFILL,IND-000327|IND-000328,0.7
IND-001291,Mahabubnagar,Telangana,1971,2738.928736,LINEAGE_BACKFILL,IND-000327|IND-000328,0.7
IND-001291,Mahabubnagar,Telangana,1981,2735.517442,LINEAGE_BACKFILL,IND-000327|IND-000328,0.7
IND-001291,Mahabubnagar,Telangana,1991,2735.501231,LINEAGE_BACKFILL,IND-000327|IND-000328,0.7
IND-001291,Mahabubnagar,Telangana,2001,2730.864848,LINEAGE_BACKFILL,IND-000327|IND-000328,0.7
IND-001291,Mahabubnagar,Telangana,2011,2733.916536,LINEAGE_BACKFILL,IND-000327|IND-000328,0.7
IND-001291,Mahabubnagar,Telangana,2021,2733.9173488269917,DIRECT,IND-001291,1.0
IND-001291,Mahabubnagar,Telangana,2025,2801.9902996630567,DIRECT,IND-001291,1.0
IND-001292,Mancherial,Telangana,1951,4069.930873,LINEAGE_BACKFILL,IND-000015|IND-000330|IND-000649,0.49
IND-001292,Mancherial,Telangana,1961,4069.9396,LINEAGE_BACKFILL,IND-000015|IND-000330|IND-000649,0.49
IND-001292,Mancherial,Telangana,1971,4069.9396,LINEAGE_BACKFILL,IND-000015|IND-000330|IND-000649,0.49
IND-001292,Mancherial,Telangana,1981,4069.939627,LINEAGE_BACKFILL,IND-000015|IND-000330|IND-000649,0.49
IND-001292,Mancherial,Telangana,1991,4069.938839,LINEAGE_BACKFILL,IND-000015|IND-000330|IND-000649,0.7
IND-001292,Mancherial,Telangana,2001,3934.716296,LINEAGE_BACKFILL,IND-000015|IND-000330|IND-000649,0.7
IND-001292,Mancherial,Telangana,2011,3923.846726,LINEAGE_BACKFILL,IND-000015|IND-000330|IND-000649,0.7
IND-001292,Mancherial,Telangana,2021,3923.882386935616,DIRECT,IND-001292,1.0
IND-001292,Mancherial,Telangana,2025,3856.285237849738,DIRECT,IND-001292,1.0
IND-001293,Medak,Telangana,1951,2816.002633,LINEAGE_BACKFILL,IND-000013|IND-000328|IND-000329,0.49
IND-001293,Medak,Telangana,1961,2818.328684,LINEAGE_BACKFILL,IND-000013|IND-000328|IND-000329,0.7
IND-001293,Medak,Telangana,1971,2818.328684,LINEAGE_BACKFILL,IND-000013|IND-000328|IND-000329,0.7
IND-001293,Medak,Telangana,1981,2818.289008,LINEAGE_BACKFILL,IND-000013|IND-000328|IND-000329,0.7
IND-001293,Medak,Telangana,1991,2818.300325,LINEAGE_BACKFILL,IND-000013|IND-000328|IND-000329,0.7
IND-001293,Medak,Telangana,2001,2818.246293,LINEAGE_BACKFILL,IND-000013|IND-000328|IND-000329,0.7
IND-001293,Medak,Telangana,2011,2749.569116,LINEAGE_BACKFILL,IND-000013|IND-000328|IND-000329,0.7
IND-001293,Medak,Telangana,2021,2749.53751080338,DIRECT,IND-001293,1.0
IND-001293,Medak,Telangana,2025,2747.455621811585,DIRECT,IND-001293,1.0
IND-001294,Medchal Malkajgiri,Telangana,1951,1104.457287,LINEAGE_BACKFILL,IND-000328|IND-000329|IND-000333|IND-001078,0.2281
IND-001294,Medchal Malkajgiri,Telangana,1961,1104.462508,LINEAGE_BACKFILL,IND-000328|IND-000329|IND-000333|IND-001078,0.3258
IND-001294,Medchal Malkajgiri,Telangana,1971,1104.462508,LINEAGE_BACKFILL,IND-000328|IND-000329|IND-000333|IND-001078,0.3258
IND-001294,Medchal Malkajgiri,Telangana,1981,1092.778673,LINEAGE_BACKFILL,IND-000328|IND-000329|IND-000333|IND-001078,0.343
IND-001294,Medchal Malkajgiri,Telangana,1991,1092.781278,LINEAGE_BACKFILL,IND-000328|IND-000329|IND-000333|IND-001078,0.343
IND-001294,Medchal Malkajgiri,Telangana,2001,1076.963208,LINEAGE_BACKFILL,IND-000328|IND-000329|IND-000333|IND-001078,0.49
IND-001294,Medchal Malkajgiri,Telangana,2011,1075.302769,LINEAGE_BACKFILL,IND-000328|IND-000329|IND-000333|IND-001078,0.7
IND-001294,Medchal Malkajgiri,Telangana,2021,1075.304109210956,DIRECT,IND-001294,1.0
IND-001294,Medchal Malkajgiri,Telangana,2025,1075.2988079214797,DIRECT,IND-001294,1.0
IND-001284,Mulugu,Telangana,1951,4318.748288,LINEAGE_BACKFILL,IND-000015|IND-000331|IND-000332|IND-000943,0.343
IND-001284,Mulugu,Telangana,1961,4318.194853,LINEAGE_BACKFILL,IND-000015|IND-000331|IND-000332|IND-000943,0.343
IND-001284,Mulugu,Telangana,1971,4318.194853,LINEAGE_BACKFILL,IND-000015|IND-000331|IND-000332|IND-000943,0.343
IND-001284,Mulugu,Telangana,1981,4318.194864,LINEAGE_BACKFILL,IND-000015|IND-000331|IND-000332|IND-000943,0.343
IND-001284,Mulugu,Telangana,1991,4318.188757,LINEAGE_BACKFILL,IND-000015|IND-000331|IND-000332|IND-000943,0.4655
IND-001284,Mulugu,Telangana,2001,4318.189699,LINEAGE_BACKFILL,IND-000015|IND-000331|IND-000332|IND-000943,0.49
IND-001284,Mulugu,Telangana,2011,4278.813587,LINEAGE_BACKFILL,IND-000015|IND-000331|IND-000332|IND-000943,0.7
IND-001284,Mulugu,Telangana,2021,4278.748634069385,DIRECT,IND-001284,1.0
IND-001284,Mulugu,Telangana,2025,4289.83128279238,DIRECT,IND-001284,1.0
IND-001295,Nagarkurnool,Telangana,1951,6396.492833,LINEAGE_BACKFILL,IND-000327|IND-000333|IND-000405|IND-000412,0.343
IND-001295,Nagarkurnool,Telangana,1961,6396.653121,LINEAGE_BACKFILL,IND-000327|IND-000333|IND-000405|IND-000412,0.49
IND-001295,Nagarkurnool,Telangana,1971,6396.653416,LINEAGE_BACKFILL,IND-000327|IND-000333|IND-000405|IND-000412,0.7
IND-001295,Nagarkurnool,Telangana,1981,6396.653416,LINEAGE_BACKFILL,IND-000327|IND-000333|IND-000405|IND-000412,0.7
IND-001295,Nagarkurnool,Telangana,1991,6396.609078,LINEAGE_BACKFILL,IND-000327|IND-000333|IND-000405|IND-000412,0.7
IND-001295,Nagarkurnool,Telangana,2001,6396.609078,LINEAGE_BACKFILL,IND-000327|IND-000333|IND-000405|IND-000412,0.7
IND-001295,Nagarkurnool,Telangana,2011,6405.736389,LINEAGE_BACKFILL,IND-000327|IND-000333|IND-000405|IND-000412,0.7
IND-001295,Nagarkurnool,Telangana,2021,6405.73640289616,DIRECT,IND-001295,1.0
IND-001295,Nagarkurnool,Telangana,2025,6199.440726265908,DIRECT,IND-001295,1.0
IND-001296,Nalgonda,Telangana,1951,7175.921271,LINEAGE_BACKFILL,IND-000327|IND-000328|IND-000333|IND-000404,0.49
IND-001296,Nalgonda,Telangana,1961,7175.950258,LINEAGE_BACKFILL,IND-000327|IND-000328|IND-000333|IND-000404,0.49
IND-001296,Nalgonda,Telangana,1971,7175.950323,LINEAGE_BACKFILL,IND-000327|IND-000328|IND-000333|IND-000404,0.7
IND-001296,Nalgonda,Telangana,1981,7175.739519,LINEAGE_BACKFILL,IND-000327|IND-000328|IND-000333|IND-000404,0.7
IND-001296,Nalgonda,Telangana,1991,7175.743637,LINEAGE_BACKFILL,IND-000327|IND-000328|IND-000333|IND-000404,0.7
IND-001296,Nalgonda,Telangana,2001,7175.457128,LINEAGE_BACKFILL,IND-000327|IND-000328|IND-000333|IND-000404,0.7
IND-001296,Nalgonda,Telangana,2011,7203.23446,LINEAGE_BACKFILL,IND-000327|IND-000328|IND-000333|IND-000404,0.7
IND-001296,Nalgonda,Telangana,2021,7203.242884027627,DIRECT,IND-001296,1.0
IND-001296,Nalgonda,Telangana,2025,7203.0485599288,DIRECT,IND-001296,1.0
IND-001312,Narayanpet,Telangana,1951,2357.912436,LINEAGE_BACKFILL,IND-000327|IND-000328|IND-000909|IND-001079|IND-001080,0.3258
IND-001312,Narayanpet,Telangana,1961,2357.963345,LINEAGE_BACKFILL,IND-000327|IND-000328|IND-000909|IND-001079|IND-001080,0.4655
IND-001312,Narayanpet,Telangana,1971,2357.963345,LINEAGE_BACKFILL,IND-000327|IND-000328|IND-000909|IND-001079|IND-001080,0.4655
IND-001312,Narayanpet,Telangana,1981,2357.946726,LINEAGE_BACKFILL,IND-000327|IND-000328|IND-000909|IND-001079|IND-001080,0.4655
IND-001312,Narayanpet,Telangana,1991,2357.93066,LINEAGE_BACKFILL,IND-000327|IND-000328|IND-000909|IND-001079|IND-001080,0.4655
IND-001312,Narayanpet,Telangana,2001,2357.90805,LINEAGE_BACKFILL,IND-000327|IND-000328|IND-000909|IND-001079|IND-001080,0.49
IND-001312,Narayanpet,Telangana,2011,2361.277059,LINEAGE_BACKFILL,IND-000327|IND-000328|IND-000909|IND-001079|IND-001080,0.7
IND-001312,Narayanpet,Telangana,2021,2361.3145152685793,DIRECT,IND-001312,1.0
IND-001312,Narayanpet,Telangana,2025,2406.9523888920635,DIRECT,IND-001312,1.0
IND-001297,Nirmal,Telangana,1951,3848.736189,LINEAGE_BACKFILL,IND-000013|IND-000015|IND-000325|IND-000330,0.49
IND-001297,Nirmal,Telangana,1961,3849.096913,LINEAGE_BACKFILL,IND-000013|IND-000015|IND-000325|IND-000330,0.7
IND-001297,Nirmal,Telangana,1971,3849.096913,LINEAGE_BACKFILL,IND-000013|IND-000015|IND-000325|IND-000330,0.7
IND-001297,Nirmal,Telangana,1981,3849.096937,LINEAGE_BACKFILL,IND-000013|IND-000015|IND-000325|IND-000330,0.7
IND-001297,Nirmal,Telangana,1991,3849.096621,LINEAGE_BACKFILL,IND-000013|IND-000015|IND-000325|IND-000330,0.7
IND-001297,Nirmal,Telangana,2001,3724.557815,LINEAGE_BACKFILL,IND-000013|IND-000015|IND-000325|IND-000330,0.7
IND-001297,Nirmal,Telangana,2011,3714.641943,LINEAGE_BACKFILL,IND-000013|IND-000015|IND-000325|IND-000330,0.7
IND-001297,Nirmal,Telangana,2021,3714.586247986853,DIRECT,IND-001297,1.0
IND-001297,Nirmal,Telangana,2025,3714.7265376838463,DIRECT,IND-001297,1.0
IND-001298,Nizamabad,Telangana,1951,4005.886139,LINEAGE_BACKFILL,IND-000013|IND-000015|IND-000325|IND-000330,0.49
IND-001298,Nizamabad,Telangana,1961,4161.012952,LINEAGE_BACKFILL,IND-000013|IND-000015|IND-000325|IND-000330,0.7
IND-001298,Nizamabad,Telangana,1971,4161.012952,LINEAGE_BACKFILL,IND-000013|IND-000015|IND-000325|IND-000330,0.7
IND-001298,Nizamabad,Telangana,1981,4161.012909,LINEAGE_BACKFILL,IND-000013|IND-000015|IND-000325|IND-000330,0.7
IND-001298,Nizamabad,Telangana,1991,4160.964926,LINEAGE_BACKFILL,IND-000013|IND-000015|IND-000325|IND-000330,0.7
IND-001298,Nizamabad,Telangana,2001,4160.66369,LINEAGE_BACKFILL,IND-000013|IND-000015|IND-000325|IND-000330,0.7
IND-001298,Nizamabad,Telangana,2011,4211.024079,LINEAGE_BACKFILL,IND-000013|IND-000015|IND-000325|IND-000330,0.7
IND-001298,Nizamabad,Telangana,2021,4210.948336649883,DIRECT,IND-001298,1.0
IND-001298,Nizamabad,Telangana,2025,4211.104693675496,DIRECT,IND-001298,1.0
IND-001299,Peddapalli,Telangana,1951,2240.169549,LINEAGE_BACKFILL,IND-000015|IND-000330|IND-000331,0.49
IND-001299,Peddapalli,Telangana,1961,2211.622459,LINEAGE_BACKFILL,IND-000015|IND-000330|IND-000331,0.7
IND-001299,Peddapalli,Telangana,1971,2211.622459,LINEAGE_BACKFILL,IND-000015|IND-000330|IND-000331,0.7
IND-001299,Peddapalli,Telangana,1981,2211.622459,LINEAGE_BACKFILL,IND-000015|IND-000330|IND-000331,0.7
IND-001299,Peddapalli,Telangana,1991,2211.616868,LINEAGE_BACKFILL,IND-000015|IND-000330|IND-000331,0.7
IND-001299,Peddapalli,Telangana,2001,2211.326936,LINEAGE_BACKFILL,IND-000015|IND-000330|IND-000331,0.7
IND-001299,Peddapalli,Telangana,2011,2212.228149,LINEAGE_BACKFILL,IND-000015|IND-000330|IND-000331,0.7
IND-001299,Peddapalli,Telangana,2021,2212.22820154744,DIRECT,IND-001299,1.0
IND-001299,Peddapalli,Telangana,2025,2193.87184363649,DIRECT,IND-001299,1.0
IND-001300,Rajanna Sircilla,Telangana,1951,1811.826717,LINEAGE_BACKFILL,IND-000013|IND-000015,0.7
IND-001300,Rajanna Sircilla,Telangana,1961,1789.030948,LINEAGE_BACKFILL,IND-000013|IND-000015,0.7
IND-001300,Rajanna Sircilla,Telangana,1971,1789.030948,LINEAGE_BACKFILL,IND-000013|IND-000015,0.7
IND-001300,Rajanna Sircilla,Telangana,1981,1789.030948,LINEAGE_BACKFILL,IND-000013|IND-000015,0.7
IND-001300,Rajanna Sircilla,Telangana,1991,1789.026312,LINEAGE_BACKFILL,IND-000013|IND-000015,0.7
IND-001300,Rajanna Sircilla,Telangana,2001,1789.026312,LINEAGE_BACKFILL,IND-000013|IND-000015,0.7
IND-001300,Rajanna Sircilla,Telangana,2011,1789.932549,LINEAGE_BACKFILL,IND-000013|IND-000015,0.7
IND-001300,Rajanna Sircilla,Telangana,2021,1790.2006229066897,DIRECT,IND-001300,1.0
IND-001300,Rajanna Sircilla,Telangana,2025,1808.3283776209553,DIRECT,IND-001300,1.0
IND-001301,Ranga Reddy,Telangana,1951,5081.623184,LINEAGE_BACKFILL,IND-000327|IND-000328|IND-000329|IND-000333|IND-001078,0.2281
IND-001301,Ranga Reddy,Telangana,1961,5081.679072,LINEAGE_BACKFILL,IND-000327|IND-000328|IND-000329|IND-000333|IND-001078,0.3258
IND-001301,Ranga Reddy,Telangana,1971,5081.679072,LINEAGE_BACKFILL,IND-000327|IND-000328|IND-000329|IND-000333|IND-001078,0.3258
IND-001301,Ranga Reddy,Telangana,1981,5046.492321,LINEAGE_BACKFILL,IND-000327|IND-000328|IND-000329|IND-000333|IND-001078,0.343
IND-001301,Ranga Reddy,Telangana,1991,5046.486962,LINEAGE_BACKFILL,IND-000327|IND-000328|IND-000329|IND-000333|IND-001078,0.343
IND-001301,Ranga Reddy,Telangana,2001,4998.688374,LINEAGE_BACKFILL,IND-000327|IND-000328|IND-000329|IND-000333|IND-001078,0.49
IND-001301,Ranga Reddy,Telangana,2011,4996.121341,LINEAGE_BACKFILL,IND-000327|IND-000328|IND-000329|IND-000333|IND-001078,0.7
IND-001301,Ranga Reddy,Telangana,2021,4996.185161930081,DIRECT,IND-001301,1.0
IND-001301,Ranga Reddy,Telangana,2025,4996.6521624171155,DIRECT,IND-001301,1.0
IND-001302,Sangareddy,Telangana,1951,4547.633145,LINEAGE_BACKFILL,IND-000013|IND-000328|IND-000329|IND-000340|IND-001079,0.3258
IND-001302,Sangareddy,Telangana,1961,4548.461552,LINEAGE_BACKFILL,IND-000013|IND-000328|IND-000329|IND-000340|IND-001079,0.4655
IND-001302,Sangareddy,Telangana,1971,4548.461552,LINEAGE_BACKFILL,IND-000013|IND-000328|IND-000329|IND-000340|IND-001079,0.4655
IND-001302,Sangareddy,Telangana,1981,4547.357845,LINEAGE_BACKFILL,IND-000013|IND-000328|IND-000329|IND-000340|IND-001079,0.4655
IND-001302,Sangareddy,Telangana,1991,4547.376572,LINEAGE_BACKFILL,IND-000013|IND-000328|IND-000329|IND-000340|IND-001079,0.4655
IND-001302,Sangareddy,Telangana,2001,4545.876269,LINEAGE_BACKFILL,IND-000013|IND-000328|IND-000329|IND-000340|IND-001079,0.49
IND-001302,Sangareddy,Telangana,2011,4437.063912,LINEAGE_BACKFILL,IND-000013|IND-000328|IND-000329|IND-000340|IND-001079,0.7
IND-001302,Sangareddy,Telangana,2021,4437.188370874527,DIRECT,IND-001302,1.0
IND-001302,Sangareddy,Telangana,2025,4451.919448468208,DIRECT,IND-001302,1.0
IND-001303,Siddipet,Telangana,1951,3703.326173,LINEAGE_BACKFILL,IND-000015|IND-000328|IND-000329|IND-000331|IND-000333,0.49
IND-001303,Siddipet,Telangana,1961,3694.756831,LINEAGE_BACKFILL,IND-000015|IND-000328|IND-000329|IND-000331|IND-000333,0.7
IND-001303,Siddipet,Telangana,1971,3694.756831,LINEAGE_BACKFILL,IND-000015|IND-000328|IND-000329|IND-000331|IND-000333,0.7
IND-001303,Siddipet,Telangana,1981,3694.530534,LINEAGE_BACKFILL,IND-000015|IND-000328|IND-000329|IND-000331|IND-000333,0.7
IND-001303,Siddipet,Telangana,1991,3694.540095,LINEAGE_BACKFILL,IND-000015|IND-000328|IND-000329|IND-000331|IND-000333,0.7
IND-001303,Siddipet,Telangana,2001,3694.232416,LINEAGE_BACKFILL,IND-000015|IND-000328|IND-000329|IND-000331|IND-000333,0.7
IND-001303,Siddipet,Telangana,2011,3626.249253,LINEAGE_BACKFILL,IND-000015|IND-000328|IND-000329|IND-000331|IND-000333,0.7
IND-001303,Siddipet,Telangana,2021,3626.567979082939,DIRECT,IND-001303,1.0
IND-001303,Siddipet,Telangana,2025,3706.3561748678753,DIRECT,IND-001303,1.0
IND-001304,Suryapet,Telangana,1951,3580.294035,LINEAGE_BACKFILL,IND-000210|IND-000331|IND-000332|IND-000333|IND-000404,0.49
IND-001304,Suryapet,Telangana,1961,3580.308534,LINEAGE_BACKFILL,IND-000210|IND-000331|IND-000332|IND-000333|IND-000404,0.49
IND-001304,Suryapet,Telangana,1971,3580.308588,LINEAGE_BACKFILL,IND-000210|IND-000331|IND-000332|IND-000333|IND-000404,0.7
IND-001304,Suryapet,Telangana,1981,3580.308589,LINEAGE_BACKFILL,IND-000210|IND-000331|IND-000332|IND-000333|IND-000404,0.7
IND-001304,Suryapet,Telangana,1991,3580.310776,LINEAGE_BACKFILL,IND-000210|IND-000331|IND-000332|IND-000333|IND-000404,0.7
IND-001304,Suryapet,Telangana,2001,3580.310776,LINEAGE_BACKFILL,IND-000210|IND-000331|IND-000332|IND-000333|IND-000404,0.7
IND-001304,Suryapet,Telangana,2011,3594.0356,LINEAGE_BACKFILL,IND-000210|IND-000331|IND-000332|IND-000333|IND-000404,0.7
IND-001304,Suryapet,Telangana,2021,3594.035539385791,DIRECT,IND-001304,1.0
IND-001304,Suryapet,Telangana,2025,3594.1064480475034,DIRECT,IND-001304,1.0
IND-001305,Vikarabad,Telangana,1951,3700.750369,LINEAGE_BACKFILL,IND-000327|IND-000328|IND-000329|IND-001079,0.3258
IND-001305,Vikarabad,Telangana,1961,3700.779399,LINEAGE_BACKFILL,IND-000327|IND-000328|IND-000329|IND-001079,0.4655
IND-001305,Vikarabad,Telangana,1971,3700.779399,LINEAGE_BACKFILL,IND-000327|IND-000328|IND-000329|IND-001079,0.4655
IND-001305,Vikarabad,Telangana,1981,3668.291195,LINEAGE_BACKFILL,IND-000327|IND-000328|IND-000329|IND-001079,0.4655
IND-001305,Vikarabad,Telangana,1991,3668.29352,LINEAGE_BACKFILL,IND-000327|IND-000328|IND-000329|IND-001079,0.4655
IND-001305,Vikarabad,Telangana,2001,3624.13785,LINEAGE_BACKFILL,IND-000327|IND-000328|IND-000329|IND-001079,0.49
IND-001305,Vikarabad,Telangana,2011,3620.059797,LINEAGE_BACKFILL,IND-000327|IND-000328|IND-000329|IND-001079,0.7
IND-001305,Vikarabad,Telangana,2021,3620.038074881424,DIRECT,IND-001305,1.0
IND-001305,Vikarabad,Telangana,2025,3704.1901016962415,DIRECT,IND-001305,1.0
IND-001306,Wanaparthy,Telangana,1951,2168.568377,LINEAGE_BACKFILL,IND-000327,0.665
IND-001306,Wanaparthy,Telangana,1961,2168.615983,LINEAGE_BACKFILL,IND-000327,0.95
IND-001306,Wanaparthy,Telangana,1971,2168.615983,LINEAGE_BACKFILL,IND-000327,0.95
IND-001306,Wanaparthy,Telangana,1981,2168.615983,LINEAGE_BACKFILL,IND-000327,0.95
IND-001306,Wanaparthy,Telangana,1991,2168.600857,LINEAGE_BACKFILL,IND-000327,0.95
IND-001306,Wanaparthy,Telangana,2001,2168.600857,LINEAGE_BACKFILL,IND-000327,0.95
IND-001306,Wanaparthy,Telangana,2011,2171.781576,LINEAGE_BACKFILL,IND-000327,0.95
IND-001306,Wanaparthy,Telangana,2021,2171.8003701551897,DIRECT,IND-001306,1.0
IND-001306,Wanaparthy,Telangana,2025,2179.8599240037775,DIRECT,IND-001306,1.0
IND-001365,Warangal (Urban),Telangana,1951,1175.895554,LINEAGE_BACKFILL,IND-001303|IND-001308,0.343
IND-001365,Warangal (Urban),Telangana,1961,1170.419115,LINEAGE_BACKFILL,IND-001303|IND-001308,0.49
IND-001365,Warangal (Urban),Telangana,1971,1170.419115,LINEAGE_BACKFILL,IND-001303|IND-001308,0.49
IND-001365,Warangal (Urban),Telangana,1981,1170.417898,LINEAGE_BACKFILL,IND-001303|IND-001308,0.49
IND-001365,Warangal (Urban),Telangana,1991,1170.417088,LINEAGE_BACKFILL,IND-001303|IND-001308,0.49
IND-001365,Warangal (Urban),Telangana,2001,1170.415413,LINEAGE_BACKFILL,IND-001303|IND-001308,0.49
IND-001365,Warangal (Urban),Telangana,2011,1163.456041,LINEAGE_BACKFILL,IND-001303|IND-001308,0.49
IND-001365,Warangal (Urban),Telangana,2021,1163.408494,LINEAGE_BACKFILL,IND-001303|IND-001308,0.7
IND-001365,Warangal (Urban),Telangana,2025,1164.0796496379037,DIRECT,IND-001365,1.0
IND-001307,Warangal Rural,Telangana,1951,2104.660903,LINEAGE_BACKFILL,IND-000331,0.665
IND-001307,Warangal Rural,Telangana,1961,2104.669823,LINEAGE_BACKFILL,IND-000331,0.95
IND-001307,Warangal Rural,Telangana,1971,2104.669823,LINEAGE_BACKFILL,IND-000331,0.95
IND-001307,Warangal Rural,Telangana,1981,2104.669864,LINEAGE_BACKFILL,IND-000331,0.95
IND-001307,Warangal Rural,Telangana,1991,2104.670444,LINEAGE_BACKFILL,IND-000331,0.95
IND-001307,Warangal Rural,Telangana,2001,2104.670444,LINEAGE_BACKFILL,IND-000331,0.95
IND-001307,Warangal Rural,Telangana,2011,2085.193683,LINEAGE_BACKFILL,IND-000331,0.95
IND-001307,Warangal Rural,Telangana,2021,2085.2547300917554,DIRECT,IND-001307,1.0
IND-001307,Warangal Rural,Telangana,2025,2235.734250882562,DIRECT,IND-001307,1.0
IND-001309,Yadadri Bhuvanagiri,Telangana,1951,3249.66175,LINEAGE_BACKFILL,IND-000328|IND-000329|IND-000331|IND-000333,0.49
IND-001309,Yadadri Bhuvanagiri,Telangana,1961,3249.674011,LINEAGE_BACKFILL,IND-000328|IND-000329|IND-000331|IND-000333,0.7
IND-001309,Yadadri Bhuvanagiri,Telangana,1971,3249.674011,LINEAGE_BACKFILL,IND-000328|IND-000329|IND-000331|IND-000333,0.7
IND-001309,Yadadri Bhuvanagiri,Telangana,1981,3249.257491,LINEAGE_BACKFILL,IND-000328|IND-000329|IND-000331|IND-000333,0.7
IND-001309,Yadadri Bhuvanagiri,Telangana,1991,3249.259561,LINEAGE_BACKFILL,IND-000328|IND-000329|IND-000331|IND-000333,0.7
IND-001309,Yadadri Bhuvanagiri,Telangana,2001,3248.693456,LINEAGE_BACKFILL,IND-000328|IND-000329|IND-000331|IND-000333,0.7
IND-001309,Yadadri Bhuvanagiri,Telangana,2011,3260.815221,LINEAGE_BACKFILL,IND-000328|IND-000329|IND-000331|IND-000333,0.7
IND-001309,Yadadri Bhuvanagiri,Telangana,2021,3260.815212580919,DIRECT,IND-001309,1.0
IND-001309,Yadadri Bhuvanagiri,Telangana,2025,3228.7258404544336,DIRECT,IND-001309,1.0
IND-000794,Dhalai,Tripura,1951,2367.100764,LINEAGE_BACKFILL,IND-000636|IND-000637,0.3258
IND-000794,Dhalai,Tripura,1961,2367.100764,LINEAGE_BACKFILL,IND-000636|IND-000637,0.3258
IND-000794,Dhalai,Tripura,1971,2367.167623,LINEAGE_BACKFILL,IND-000636|IND-000637,0.343
IND-000794,Dhalai,Tripura,1981,2367.336247,LINEAGE_BACKFILL,IND-000636|IND-000637,0.49
IND-000794,Dhalai,Tripura,1991,2367.41573,LINEAGE_BACKFILL,IND-000636|IND-000637,0.7
IND-000794,Dhalai,Tripura,2001,2367.6966243262973,DIRECT,IND-000794,1.0
IND-000794,Dhalai,Tripura,2011,2281.1388299965683,DIRECT,IND-000794,1.0
IND-000794,Dhalai,Tripura,2021,2257.4150676898307,DIRECT,IND-000794,1.0
IND-000794,Dhalai,Tripura,2025,2279.356805491249,DIRECT,IND-000794,1.0
IND-001179,Gomati,Tripura,1951,1554.713061,LINEAGE_BACKFILL,IND-000500|IND-000793|IND-000794,0.2281
IND-001179,Gomati,Tripura,1961,1554.713061,LINEAGE_BACKFILL,IND-000500|IND-000793|IND-000794,0.2281
IND-001179,Gomati,Tripura,1971,1554.764498,LINEAGE_BACKFILL,IND-000500|IND-000793|IND-000794,0.2401
IND-001179,Gomati,Tripura,1981,1554.846411,LINEAGE_BACKFILL,IND-000500|IND-000793|IND-000794,0.343
IND-001179,Gomati,Tripura,1991,1554.912084,LINEAGE_BACKFILL,IND-000500|IND-000793|IND-000794,0.49
IND-001179,Gomati,Tripura,2001,1554.989648,LINEAGE_BACKFILL,IND-000500|IND-000793|IND-000794,0.7
IND-001179,Gomati,Tripura,2011,1613.128154,LINEAGE_BACKFILL,IND-000500|IND-000793|IND-000794,0.7
IND-001179,Gomati,Tripura,2021,1614.6735518672574,DIRECT,IND-001179,1.0
IND-001179,Gomati,Tripura,2025,1618.6298878231023,DIRECT,IND-001179,1.0
IND-001180,Khowai,Tripura,1951,1000.122727,LINEAGE_BACKFILL,IND-000500|IND-000793|IND-000794,0.2281
IND-001180,Khowai,Tripura,1961,1000.122727,LINEAGE_BACKFILL,IND-000500|IND-000793|IND-000794,0.2281
IND-001180,Khowai,Tripura,1971,1000.166508,LINEAGE_BACKFILL,IND-000500|IND-000793|IND-000794,0.2401
IND-001180,Khowai,Tripura,1981,1000.206149,LINEAGE_BACKFILL,IND-000500|IND-000793|IND-000794,0.343
IND-001180,Khowai,Tripura,1991,1000.238475,LINEAGE_BACKFILL,IND-000500|IND-000793|IND-000794,0.49
IND-001180,Khowai,Tripura,2001,1000.239706,LINEAGE_BACKFILL,IND-000500|IND-000793|IND-000794,0.7
IND-001180,Khowai,Tripura,2011,990.721954,LINEAGE_BACKFILL,IND-000500|IND-000793|IND-000794,0.7
IND-001180,Khowai,Tripura,2021,1001.7639686359598,DIRECT,IND-001180,1.0
IND-001180,Khowai,Tripura,2025,1051.7303635986118,DIRECT,IND-001180,1.0
IND-001177,North Tripura,Tripura,1951,1305.511982,LINEAGE_BACKFILL,IND-000533|IND-000786|IND-000794|IND-000795,0.2281
IND-001177,North Tripura,Tripura,1961,1305.511982,LINEAGE_BACKFILL,IND-000533|IND-000786|IND-000794|IND-000795,0.2281
IND-001177,North Tripura,Tripura,1971,1305.546993,LINEAGE_BACKFILL,IND-000533|IND-000786|IND-000794|IND-000795,0.2401
IND-001177,North Tripura,Tripura,1981,1305.646632,LINEAGE_BACKFILL,IND-000533|IND-000786|IND-000794|IND-000795,0.343
IND-001177,North Tripura,Tripura,1991,1305.687004,LINEAGE_BACKFILL,IND-000533|IND-000786|IND-000794|IND-000795,0.49
IND-001177,North Tripura,Tripura,2001,1305.689095,LINEAGE_BACKFILL,IND-000533|IND-000786|IND-000794|IND-000795,0.7
IND-001177,North Tripura,Tripura,2011,1346.955504,LINEAGE_BACKFILL,IND-000533|IND-000786|IND-000794|IND-000795,0.7
IND-001177,North Tripura,Tripura,2021,1359.0822288402549,DIRECT,IND-001177,1.0
IND-001177,North Tripura,Tripura,2025,1345.249001335814,DIRECT,IND-001177,1.0
IND-001178,Sipahijala,Tripura,1951,1033.880616,LINEAGE_BACKFILL,IND-000500|IND-000793,0.2281
IND-001178,Sipahijala,Tripura,1961,1033.880616,LINEAGE_BACKFILL,IND-000500|IND-000793,0.2281
IND-001178,Sipahijala,Tripura,1971,1033.925976,LINEAGE_BACKFILL,IND-000500|IND-000793,0.2401
IND-001178,Sipahijala,Tripura,1981,1033.966761,LINEAGE_BACKFILL,IND-000500|IND-000793,0.343
IND-001178,Sipahijala,Tripura,1991,1034.000157,LINEAGE_BACKFILL,IND-000500|IND-000793,0.49
IND-001178,Sipahijala,Tripura,2001,1034.000709,LINEAGE_BACKFILL,IND-000500|IND-000793,0.7
IND-001178,Sipahijala,Tripura,2011,1024.245029,LINEAGE_BACKFILL,IND-000500|IND-000793,0.7
IND-001178,Sipahijala,Tripura,2021,1041.76949839334,DIRECT,IND-001178,1.0
IND-001178,Sipahijala,Tripura,2025,1059.155604863169,DIRECT,IND-001178,1.0
IND-001182,South Tripura,Tripura,1951,1419.225477,LINEAGE_BACKFILL,IND-000500|IND-000793,0.3095
IND-001182,South Tripura,Tripura,1961,1419.225477,LINEAGE_BACKFILL,IND-000500|IND-000793,0.3095
IND-001182,South Tripura,Tripura,1971,1419.272452,LINEAGE_BACKFILL,IND-000500|IND-000793,0.3259
IND-001182,South Tripura,Tripura,1981,1419.346696,LINEAGE_BACKFILL,IND-000500|IND-000793,0.4655
IND-001182,South Tripura,Tripura,1991,1419.407152,LINEAGE_BACKFILL,IND-000500|IND-000793,0.665
IND-001182,South Tripura,Tripura,2001,1419.475997,LINEAGE_BACKFILL,IND-000500|IND-000793,0.7
IND-001182,South Tripura,Tripura,2011,1476.258204,LINEAGE_BACKFILL,IND-000500|IND-000793,0.7
IND-001182,South Tripura,Tripura,2021,1501.351600541309,DIRECT,IND-001182,1.0
IND-001182,South Tripura,Tripura,2025,1461.5945093716673,DIRECT,IND-001182,1.0
IND-001183,Unokoti,Tripura,1951,658.391432,LINEAGE_BACKFILL,IND-000794|IND-000795,0.2281
IND-001183,Unokoti,Tripura,1961,658.391432,LINEAGE_BACKFILL,IND-000794|IND-000795,0.2281
IND-001183,Unokoti,Tripura,1971,658.409169,LINEAGE_BACKFILL,IND-000794|IND-000795,0.2401
IND-001183,Unokoti,Tripura,1981,658.459423,LINEAGE_BACKFILL,IND-000794|IND-000795,0.343
IND-001183,Unokoti,Tripura,1991,658.479931,LINEAGE_BACKFILL,IND-000794|IND-000795,0.49
IND-001183,Unokoti,Tripura,2001,658.482052,LINEAGE_BACKFILL,IND-000794|IND-000795,0.7
IND-001183,Unokoti,Tripura,2011,678.737364,LINEAGE_BACKFILL,IND-000794|IND-000795,0.7
IND-001183,Unokoti,Tripura,2021,685.1349019421092,DIRECT,IND-001183,1.0
IND-001183,Unokoti,Tripura,2025,689.3112536294814,DIRECT,IND-001183,1.0
IND-001181,West Tripura,Tripura,1951,928.713434,LINEAGE_BACKFILL,IND-000500,0.6318
IND-001181,West Tripura,Tripura,1961,928.713434,LINEAGE_BACKFILL,IND-000500,0.6318
IND-001181,West Tripura,Tripura,1971,928.754291,LINEAGE_BACKFILL,IND-000500,0.665
IND-001181,West Tripura,Tripura,1981,928.790795,LINEAGE_BACKFILL,IND-000500,0.95
IND-001181,West Tripura,Tripura,1991,928.820688,LINEAGE_BACKFILL,IND-000500,0.95
IND-001181,West Tripura,Tripura,2001,928.820688,LINEAGE_BACKFILL,IND-000500,0.95
IND-001181,West Tripura,Tripura,2011,919.546675,LINEAGE_BACKFILL,IND-000500,0.95
IND-001181,West Tripura,Tripura,2021,940.9129263079036,DIRECT,IND-001181,1.0
IND-001181,West Tripura,Tripura,2025,943.084433056608,DIRECT,IND-001181,1.0
IND-000258,Agra,Uttar Pradesh,1951,4057.410649074959,DIRECT,IND-000258,1.0
IND-000258,Agra,Uttar Pradesh,1961,4057.410649074959,DIRECT,IND-000258,1.0
IND-000258,Agra,Uttar Pradesh,1971,4057.410649074959,DIRECT,IND-000258,1.0
IND-000258,Agra,Uttar Pradesh,1981,4057.357551424042,DIRECT,IND-000258,1.0
IND-000258,Agra,Uttar Pradesh,1991,4057.3921740012465,DIRECT,IND-000258,1.0
IND-000258,Agra,Uttar Pradesh,2001,4057.3921740012465,DIRECT,IND-000258,1.0
IND-000258,Agra,Uttar Pradesh,2011,3990.066000223974,DIRECT,IND-000258,1.0
IND-000258,Agra,Uttar Pradesh,2021,4046.5533808469686,DIRECT,IND-000258,1.0
IND-000258,Agra,Uttar Pradesh,2025,4047.808002067395,DIRECT,IND-000258,1.0
IND-000731,Aligarh,Uttar Pradesh,1951,3727.941663,LINEAGE_BACKFILL,IND-000256,0.95
IND-000731,Aligarh,Uttar Pradesh,1961,3727.941663,LINEAGE_BACKFILL,IND-000256,0.95
IND-000731,Aligarh,Uttar Pradesh,1971,3727.941663,LINEAGE_BACKFILL,IND-000256,0.95
IND-000731,Aligarh,Uttar Pradesh,1981,4069.222766,LINEAGE_BACKFILL,IND-000256,0.95
IND-000731,Aligarh,Uttar Pradesh,1991,3727.911408,LINEAGE_BACKFILL,IND-000256,0.95
IND-000731,Aligarh,Uttar Pradesh,2001,3728.010068587575,DIRECT,IND-000731,1.0
IND-000731,Aligarh,Uttar Pradesh,2011,3654.644094922307,DIRECT,IND-000731,1.0
IND-000731,Aligarh,Uttar Pradesh,2021,3711.309138498063,DIRECT,IND-000731,1.0
IND-000731,Aligarh,Uttar Pradesh,2025,3712.1554997581648,DIRECT,IND-000731,1.0
IND-000745,Allahabad,Uttar Pradesh,1951,5559.219522,LINEAGE_BACKFILL,IND-000426,0.4655
IND-000745,Allahabad,Uttar Pradesh,1961,5559.223005,LINEAGE_BACKFILL,IND-000426,0.665
IND-000745,Allahabad,Uttar Pradesh,1971,5559.358573,LINEAGE_BACKFILL,IND-000426,0.95
IND-000745,Allahabad,Uttar Pradesh,1981,5559.358485,LINEAGE_BACKFILL,IND-000426,0.95
IND-000745,Allahabad,Uttar Pradesh,1991,5559.375985,LINEAGE_BACKFILL,IND-000426,0.95
IND-000745,Allahabad,Uttar Pradesh,2001,5559.474845290087,DIRECT,IND-000745,1.0
IND-000745,Allahabad,Uttar Pradesh,2011,5417.055962329239,DIRECT,IND-000745,1.0
IND-000745,Allahabad,Uttar Pradesh,2021,5473.824326914302,DIRECT,IND-000745,1.0
IND-000745,Allahabad,Uttar Pradesh,2025,5473.565820890213,DIRECT,IND-000745,1.0
IND-000748,Ambedkar Nagar,Uttar Pradesh,1951,2395.470288,LINEAGE_BACKFILL,IND-000294,0.95
IND-000748,Ambedkar Nagar,Uttar Pradesh,1961,2395.470288,LINEAGE_BACKFILL,IND-000294,0.95
IND-000748,Ambedkar Nagar,Uttar Pradesh,1971,2395.470288,LINEAGE_BACKFILL,IND-000294,0.95
IND-000748,Ambedkar Nagar,Uttar Pradesh,1981,2395.470288,LINEAGE_BACKFILL,IND-000294,0.95
IND-000748,Ambedkar Nagar,Uttar Pradesh,1991,2395.460306,LINEAGE_BACKFILL,IND-000294,0.95
IND-000748,Ambedkar Nagar,Uttar Pradesh,2001,2395.598020044829,DIRECT,IND-000748,1.0
IND-000748,Ambedkar Nagar,Uttar Pradesh,2011,2299.2433454769985,DIRECT,IND-000748,1.0
IND-000748,Ambedkar Nagar,Uttar Pradesh,2021,2328.481715230599,DIRECT,IND-000748,1.0
IND-000748,Ambedkar Nagar,Uttar Pradesh,2025,2328.2017690975276,DIRECT,IND-000748,1.0
IND-001318,Amethi,Uttar Pradesh,1951,2414.729383,LINEAGE_BACKFILL,IND-000298|IND-001127,0.343
IND-001318,Amethi,Uttar Pradesh,1961,2414.729383,LINEAGE_BACKFILL,IND-000298|IND-001127,0.343
IND-001318,Amethi,Uttar Pradesh,1971,2414.729383,LINEAGE_BACKFILL,IND-000298|IND-001127,0.343
IND-001318,Amethi,Uttar Pradesh,1981,2414.729383,LINEAGE_BACKFILL,IND-000298|IND-001127,0.343
IND-001318,Amethi,Uttar Pradesh,1991,2414.71178,LINEAGE_BACKFILL,IND-000298|IND-001127,0.343
IND-001318,Amethi,Uttar Pradesh,2001,2414.712068,LINEAGE_BACKFILL,IND-000298|IND-001127,0.49
IND-001318,Amethi,Uttar Pradesh,2011,2424.505972,LINEAGE_BACKFILL,IND-000298|IND-001127,0.49
IND-001318,Amethi,Uttar Pradesh,2021,2424.455181,LINEAGE_BACKFILL,IND-000298|IND-001127,0.7
IND-001318,Amethi,Uttar Pradesh,2025,2425.6964880956416,DIRECT,IND-001318,1.0
IND-001319,Amroha,Uttar Pradesh,1951,2493.260387,LINEAGE_BACKFILL,IND-000725|IND-001129|IND-001131,0.2401
IND-001319,Amroha,Uttar Pradesh,1961,2493.260387,LINEAGE_BACKFILL,IND-000725|IND-001129|IND-001131,0.2401
IND-001319,Amroha,Uttar Pradesh,1971,2493.260387,LINEAGE_BACKFILL,IND-000725|IND-001129|IND-001131,0.2401
IND-001319,Amroha,Uttar Pradesh,1981,2493.260434,LINEAGE_BACKFILL,IND-000725|IND-001129|IND-001131,0.2401
IND-001319,Amroha,Uttar Pradesh,1991,2493.244247,LINEAGE_BACKFILL,IND-000725|IND-001129|IND-001131,0.2401
IND-001319,Amroha,Uttar Pradesh,2001,2493.2893,LINEAGE_BACKFILL,IND-000725|IND-001129|IND-001131,0.343
IND-001319,Amroha,Uttar Pradesh,2011,2471.912717,LINEAGE_BACKFILL,IND-000725|IND-001129|IND-001131,0.49
IND-001319,Amroha,Uttar Pradesh,2021,2456.57992,LINEAGE_BACKFILL,IND-000725|IND-001129|IND-001131,0.7
IND-001319,Amroha,Uttar Pradesh,2025,2457.580380794445,DIRECT,IND-001319,1.0
IND-000737,Auraiya,Uttar Pradesh,1951,2007.592255,LINEAGE_BACKFILL,IND-000268,0.95
IND-000737,Auraiya,Uttar Pradesh,1961,2007.592255,LINEAGE_BACKFILL,IND-000268,0.95
IND-000737,Auraiya,Uttar Pradesh,1971,2007.592255,LINEAGE_BACKFILL,IND-000268,0.95
IND-000737,Auraiya,Uttar Pradesh,1981,2007.592247,LINEAGE_BACKFILL,IND-000268,0.95
IND-000737,Auraiya,Uttar Pradesh,1991,2007.608149,LINEAGE_BACKFILL,IND-000268,0.95
IND-000737,Auraiya,Uttar Pradesh,2001,2007.7614562042736,DIRECT,IND-000737,1.0
IND-000737,Auraiya,Uttar Pradesh,2011,1981.4918555191523,DIRECT,IND-000737,1.0
IND-000737,Auraiya,Uttar Pradesh,2021,2018.0682413434945,DIRECT,IND-000737,1.0
IND-000737,Auraiya,Uttar Pradesh,2025,2018.3435888960944,DIRECT,IND-000737,1.0
IND-000757,Azamgarh,Uttar Pradesh,1951,4245.872228,LINEAGE_BACKFILL,IND-000596|IND-000606,0.595
IND-000757,Azamgarh,Uttar Pradesh,1961,4245.872228,LINEAGE_BACKFILL,IND-000596|IND-000606,0.595
IND-000757,Azamgarh,Uttar Pradesh,1971,4245.872228,LINEAGE_BACKFILL,IND-000596|IND-000606,0.595
IND-000757,Azamgarh,Uttar Pradesh,1981,4245.872228,LINEAGE_BACKFILL,IND-000596|IND-000606,0.595
IND-000757,Azamgarh,Uttar Pradesh,1991,4245.96795,LINEAGE_BACKFILL,IND-000596|IND-000606,0.7
IND-000757,Azamgarh,Uttar Pradesh,2001,4246.009149036324,DIRECT,IND-000757,1.0
IND-000757,Azamgarh,Uttar Pradesh,2011,4278.329406843155,DIRECT,IND-000757,1.0
IND-000757,Azamgarh,Uttar Pradesh,2021,4214.7002560274495,DIRECT,IND-000757,1.0
IND-000757,Azamgarh,Uttar Pradesh,2025,4214.803642057122,DIRECT,IND-000757,1.0
IND-000727,Baghpat,Uttar Pradesh,1951,1335.955014,LINEAGE_BACKFILL,IND-000505,0.665
IND-000727,Baghpat,Uttar Pradesh,1961,1335.955014,LINEAGE_BACKFILL,IND-000505,0.665
IND-000727,Baghpat,Uttar Pradesh,1971,1335.955014,LINEAGE_BACKFILL,IND-000505,0.665
IND-000727,Baghpat,Uttar Pradesh,1981,1335.969511,LINEAGE_BACKFILL,IND-000505,0.95
IND-000727,Baghpat,Uttar Pradesh,1991,1335.976467,LINEAGE_BACKFILL,IND-000505,0.95
IND-000727,Baghpat,Uttar Pradesh,2001,1335.9942296332545,DIRECT,IND-000727,1.0
IND-000727,Baghpat,Uttar Pradesh,2011,1297.1834489201158,DIRECT,IND-000727,1.0
IND-000727,Baghpat,Uttar Pradesh,2021,1322.8051402070917,DIRECT,IND-000727,1.0
IND-000727,Baghpat,Uttar Pradesh,2025,1322.729859505503,DIRECT,IND-000727,1.0
IND-000985,Bahraich,Uttar Pradesh,1951,4844.800448,LINEAGE_BACKFILL,IND-000291|IND-000293|IND-000724|IND-000749|IND-000750|IND-000752,0.49
IND-000985,Bahraich,Uttar Pradesh,1961,4844.800448,LINEAGE_BACKFILL,IND-000291|IND-000293|IND-000724|IND-000749|IND-000750|IND-000752,0.49
IND-000985,Bahraich,Uttar Pradesh,1971,4844.800448,LINEAGE_BACKFILL,IND-000291|IND-000293|IND-000724|IND-000749|IND-000750|IND-000752,0.49
IND-000985,Bahraich,Uttar Pradesh,1981,4844.800416,LINEAGE_BACKFILL,IND-000291|IND-000293|IND-000724|IND-000749|IND-000750|IND-000752,0.49
IND-000985,Bahraich,Uttar Pradesh,1991,4844.790992,LINEAGE_BACKFILL,IND-000291|IND-000293|IND-000724|IND-000749|IND-000750|IND-000752,0.49
IND-000985,Bahraich,Uttar Pradesh,2001,4844.879516,LINEAGE_BACKFILL,IND-000291|IND-000293|IND-000724|IND-000749|IND-000750|IND-000752,0.7
IND-000985,Bahraich,Uttar Pradesh,2011,4850.301999479249,DIRECT,IND-000985,1.0
IND-000985,Bahraich,Uttar Pradesh,2021,4948.014728538301,DIRECT,IND-000985,1.0
IND-000985,Bahraich,Uttar Pradesh,2025,4947.533457975019,DIRECT,IND-000985,1.0
IND-000280,Balia,Uttar Pradesh,1951,3027.0730344985823,DIRECT,IND-000280,1.0
IND-000280,Balia,Uttar Pradesh,1961,3027.0730344985823,DIRECT,IND-000280,1.0
IND-000280,Balia,Uttar Pradesh,1971,3027.0730344985823,DIRECT,IND-000280,1.0
IND-000280,Balia,Uttar Pradesh,1981,3027.0732785156765,DIRECT,IND-000280,1.0
IND-000280,Balia,Uttar Pradesh,1991,3027.0748760910305,DIRECT,IND-000280,1.0
IND-000280,Balia,Uttar Pradesh,2001,3027.0748760910305,DIRECT,IND-000280,1.0
IND-000280,Balia,Uttar Pradesh,2011,2931.1870220234387,DIRECT,IND-000280,1.0
IND-000280,Balia,Uttar Pradesh,2021,2992.3789959938676,DIRECT,IND-000280,1.0
IND-000280,Balia,Uttar Pradesh,2025,2990.5318745467625,DIRECT,IND-000280,1.0
IND-000751,Balrampur,Uttar Pradesh,1951,3417.423523,LINEAGE_BACKFILL,IND-000295,0.95
IND-000751,Balrampur,Uttar Pradesh,1961,3417.423523,LINEAGE_BACKFILL,IND-000295,0.95
IND-000751,Balrampur,Uttar Pradesh,1971,3417.423523,LINEAGE_BACKFILL,IND-000295,0.95
IND-000751,Balrampur,Uttar Pradesh,1981,3417.423472,LINEAGE_BACKFILL,IND-000295,0.95
IND-000751,Balrampur,Uttar Pradesh,1991,3417.403087,LINEAGE_BACKFILL,IND-000295,0.95
IND-000751,Balrampur,Uttar Pradesh,2001,3417.403362851812,DIRECT,IND-000751,1.0
IND-000751,Balrampur,Uttar Pradesh,2011,3267.79300304653,DIRECT,IND-000751,1.0
IND-000751,Balrampur,Uttar Pradesh,2021,3345.013577586581,DIRECT,IND-000751,1.0
IND-000751,Balrampur,Uttar Pradesh,2025,3342.590956143778,DIRECT,IND-000751,1.0
IND-000742,Banda,Uttar Pradesh,1951,4438.521797,LINEAGE_BACKFILL,IND-000275,0.95
IND-000742,Banda,Uttar Pradesh,1961,4438.521797,LINEAGE_BACKFILL,IND-000275,0.95
IND-000742,Banda,Uttar Pradesh,1971,4438.521797,LINEAGE_BACKFILL,IND-000275,0.95
IND-000742,Banda,Uttar Pradesh,1981,4438.52188,LINEAGE_BACKFILL,IND-000275,0.95
IND-000742,Banda,Uttar Pradesh,1991,4438.464944,LINEAGE_BACKFILL,IND-000275,0.95
IND-000742,Banda,Uttar Pradesh,2001,4438.674427992081,DIRECT,IND-000742,1.0
IND-000742,Banda,Uttar Pradesh,2011,4308.222819114898,DIRECT,IND-000742,1.0
IND-000742,Banda,Uttar Pradesh,2021,4452.698616137267,DIRECT,IND-000742,1.0
IND-000742,Banda,Uttar Pradesh,2025,4452.65766777964,DIRECT,IND-000742,1.0
IND-000746,Barabanki,Uttar Pradesh,1951,3833.025345,LINEAGE_BACKFILL,IND-000299,0.7
IND-000746,Barabanki,Uttar Pradesh,1961,3833.025345,LINEAGE_BACKFILL,IND-000299,0.7
IND-000746,Barabanki,Uttar Pradesh,1971,3833.025345,LINEAGE_BACKFILL,IND-000299,0.7
IND-000746,Barabanki,Uttar Pradesh,1981,3833.025345,LINEAGE_BACKFILL,IND-000299,0.7
IND-000746,Barabanki,Uttar Pradesh,1991,3833.016405,LINEAGE_BACKFILL,IND-000299,0.7
IND-000746,Barabanki,Uttar Pradesh,2001,3833.0487875994186,DIRECT,IND-000746,1.0
IND-000746,Barabanki,Uttar Pradesh,2011,3942.453073312968,DIRECT,IND-000746,1.0
IND-000746,Barabanki,Uttar Pradesh,2021,3845.412434078318,DIRECT,IND-000746,1.0
IND-000746,Barabanki,Uttar Pradesh,2025,3845.493584979899,DIRECT,IND-000746,1.0
IND-000261,Bareilly,Uttar Pradesh,1951,4089.76425091024,DIRECT,IND-000261,1.0
IND-000261,Bareilly,Uttar Pradesh,1961,4089.76425091024,DIRECT,IND-000261,1.0
IND-000261,Bareilly,Uttar Pradesh,1971,4089.76425091024,DIRECT,IND-000261,1.0
IND-000261,Bareilly,Uttar Pradesh,1981,4089.763427277772,DIRECT,IND-000261,1.0
IND-000261,Bareilly,Uttar Pradesh,1991,4089.763152595746,DIRECT,IND-000261,1.0
IND-000261,Bareilly,Uttar Pradesh,2001,4089.763152595746,DIRECT,IND-000261,1.0
IND-000261,Bareilly,Uttar Pradesh,2011,4132.433041940411,DIRECT,IND-000261,1.0
IND-000261,Bareilly,Uttar Pradesh,2021,4121.492010611063,DIRECT,IND-000261,1.0
IND-000261,Bareilly,Uttar Pradesh,2025,4120.415702990969,DIRECT,IND-000261,1.0
IND-000753,Basti,Uttar Pradesh,1951,2791.029111,LINEAGE_BACKFILL,IND-000597,0.8075
IND-000753,Basti,Uttar Pradesh,1961,2791.029111,LINEAGE_BACKFILL,IND-000597,0.8075
IND-000753,Basti,Uttar Pradesh,1971,2791.029111,LINEAGE_BACKFILL,IND-000597,0.8075
IND-000753,Basti,Uttar Pradesh,1981,2791.029154,LINEAGE_BACKFILL,IND-000597,0.8075
IND-000753,Basti,Uttar Pradesh,1991,2791.115273,LINEAGE_BACKFILL,IND-000597,0.95
IND-000753,Basti,Uttar Pradesh,2001,2791.136396990393,DIRECT,IND-000753,1.0
IND-000753,Basti,Uttar Pradesh,2011,2926.992417739572,DIRECT,IND-000753,1.0
IND-000753,Basti,Uttar Pradesh,2021,2785.135957861249,DIRECT,IND-000753,1.0
IND-000753,Basti,Uttar Pradesh,2025,2785.414275907963,DIRECT,IND-000753,1.0
IND-000262,Bijnor,Uttar Pradesh,1951,4567.602454213359,DIRECT,IND-000262,1.0
IND-000262,Bijnor,Uttar Pradesh,1961,4567.602454213359,DIRECT,IND-000262,1.0
IND-000262,Bijnor,Uttar Pradesh,1971,4567.602454213359,DIRECT,IND-000262,1.0
IND-000262,Bijnor,Uttar Pradesh,1981,4567.602143749042,DIRECT,IND-000262,1.0
IND-000262,Bijnor,Uttar Pradesh,1991,4567.663203271266,DIRECT,IND-000262,1.0
IND-000262,Bijnor,Uttar Pradesh,2001,4567.663203271266,DIRECT,IND-000262,1.0
IND-000262,Bijnor,Uttar Pradesh,2011,4592.695193177297,DIRECT,IND-000262,1.0
IND-000262,Bijnor,Uttar Pradesh,2021,4602.765198659622,DIRECT,IND-000262,1.0
IND-000262,Bijnor,Uttar Pradesh,2025,4602.892446365794,DIRECT,IND-000262,1.0
IND-001124,Budaun,Uttar Pradesh,1951,4227.801254,LINEAGE_BACKFILL,IND-000261|IND-000263|IND-000265|IND-000723|IND-000734|IND-000983|IND-000988,0.1681
IND-001124,Budaun,Uttar Pradesh,1961,4227.801254,LINEAGE_BACKFILL,IND-000261|IND-000263|IND-000265|IND-000723|IND-000734|IND-000983|IND-000988,0.1681
IND-001124,Budaun,Uttar Pradesh,1971,4227.801254,LINEAGE_BACKFILL,IND-000261|IND-000263|IND-000265|IND-000723|IND-000734|IND-000983|IND-000988,0.1681
IND-001124,Budaun,Uttar Pradesh,1981,4227.830755,LINEAGE_BACKFILL,IND-000261|IND-000263|IND-000265|IND-000723|IND-000734|IND-000983|IND-000988,0.2401
IND-001124,Budaun,Uttar Pradesh,1991,4227.769778,LINEAGE_BACKFILL,IND-000261|IND-000263|IND-000265|IND-000723|IND-000734|IND-000983|IND-000988,0.343
IND-001124,Budaun,Uttar Pradesh,2001,4227.770043,LINEAGE_BACKFILL,IND-000261|IND-000263|IND-000265|IND-000723|IND-000734|IND-000983|IND-000988,0.49
IND-001124,Budaun,Uttar Pradesh,2011,4255.716118,LINEAGE_BACKFILL,IND-000261|IND-000263|IND-000265|IND-000723|IND-000734|IND-000983|IND-000988,0.7
IND-001124,Budaun,Uttar Pradesh,2021,4255.802215631262,DIRECT,IND-001124,1.0
IND-001124,Budaun,Uttar Pradesh,2025,4255.424929652541,DIRECT,IND-001124,1.0
IND-000730,Bulandshahar,Uttar Pradesh,1951,3882.025691,LINEAGE_BACKFILL,IND-000255,0.7
IND-000730,Bulandshahar,Uttar Pradesh,1961,3882.025691,LINEAGE_BACKFILL,IND-000255,0.7
IND-000730,Bulandshahar,Uttar Pradesh,1971,3882.025691,LINEAGE_BACKFILL,IND-000255,0.7
IND-000730,Bulandshahar,Uttar Pradesh,1981,3514.054021,LINEAGE_BACKFILL,IND-000255,0.7
IND-000730,Bulandshahar,Uttar Pradesh,1991,3514.08112,LINEAGE_BACKFILL,IND-000255,0.7
IND-000730,Bulandshahar,Uttar Pradesh,2001,3514.1200680824077,DIRECT,IND-000730,1.0
IND-000730,Bulandshahar,Uttar Pradesh,2011,3685.739309971664,DIRECT,IND-000730,1.0
IND-000730,Bulandshahar,Uttar Pradesh,2021,3521.384728275852,DIRECT,IND-000730,1.0
IND-000730,Bulandshahar,Uttar Pradesh,2025,3518.129971033706,DIRECT,IND-000730,1.0
IND-000759,Chandauli,Uttar Pradesh,1951,2562.210206,LINEAGE_BACKFILL,IND-000427,0.4655
IND-000759,Chandauli,Uttar Pradesh,1961,2562.225727,LINEAGE_BACKFILL,IND-000427,0.665
IND-000759,Chandauli,Uttar Pradesh,1971,2562.313838,LINEAGE_BACKFILL,IND-000427,0.95
IND-000759,Chandauli,Uttar Pradesh,1981,2562.313838,LINEAGE_BACKFILL,IND-000427,0.95
IND-000759,Chandauli,Uttar Pradesh,1991,2562.356443,LINEAGE_BACKFILL,IND-000427,0.95
IND-000759,Chandauli,Uttar Pradesh,2001,2562.406365437229,DIRECT,IND-000759,1.0
IND-000759,Chandauli,Uttar Pradesh,2011,2522.1916093049585,DIRECT,IND-000759,1.0
IND-000759,Chandauli,Uttar Pradesh,2021,2549.5734751010364,DIRECT,IND-000759,1.0
IND-000759,Chandauli,Uttar Pradesh,2025,2549.320540234735,DIRECT,IND-000759,1.0
IND-000743,Chitrakoot,Uttar Pradesh,1951,3257.669022,LINEAGE_BACKFILL,IND-000275,0.95
IND-000743,Chitrakoot,Uttar Pradesh,1961,3257.669022,LINEAGE_BACKFILL,IND-000275,0.95
IND-000743,Chitrakoot,Uttar Pradesh,1971,3257.669022,LINEAGE_BACKFILL,IND-000275,0.95
IND-000743,Chitrakoot,Uttar Pradesh,1981,3257.669083,LINEAGE_BACKFILL,IND-000275,0.95
IND-000743,Chitrakoot,Uttar Pradesh,1991,3257.627294,LINEAGE_BACKFILL,IND-000275,0.95
IND-000743,Chitrakoot,Uttar Pradesh,2001,3257.9401681134086,DIRECT,IND-000743,1.0
IND-000743,Chitrakoot,Uttar Pradesh,2011,3230.315395113711,DIRECT,IND-000743,1.0
IND-000743,Chitrakoot,Uttar Pradesh,2021,3192.2095991783262,DIRECT,IND-000743,1.0
IND-000743,Chitrakoot,Uttar Pradesh,2025,3192.38086121612,DIRECT,IND-000743,1.0
IND-000251,Dehradun,Uttar Pradesh,1951,3075.1535623000746,DIRECT,IND-000251,1.0
IND-000251,Dehradun,Uttar Pradesh,1961,3075.1535623000746,DIRECT,IND-000251,1.0
IND-000251,Dehradun,Uttar Pradesh,1971,3075.1535623000746,DIRECT,IND-000251,1.0
IND-000251,Dehradun,Uttar Pradesh,1981,3075.1528072371707,DIRECT,IND-000251,1.0
IND-000251,Dehradun,Uttar Pradesh,1991,3075.1073627193928,DIRECT,IND-000251,1.0
IND-000251,Dehradun,Uttar Pradesh,2001,3075.1073627193928,DIRECT,IND-000251,1.0
IND-000251,Dehradun,Uttar Pradesh,2011,3162.638113456437,DIRECT,IND-000251,1.0
IND-000251,Dehradun,Uttar Pradesh,2021,3099.660207577864,DIRECT,IND-000251,1.0
IND-000251,Dehradun,Uttar Pradesh,2025,3099.5895835032093,DIRECT,IND-000251,1.0
IND-000756,Deoria,Uttar Pradesh,1951,2511.679241,LINEAGE_BACKFILL,IND-000282,0.95
IND-000756,Deoria,Uttar Pradesh,1961,2511.679241,LINEAGE_BACKFILL,IND-000282,0.95
IND-000756,Deoria,Uttar Pradesh,1971,2511.679241,LINEAGE_BACKFILL,IND-000282,0.95
IND-000756,Deoria,Uttar Pradesh,1981,2511.6793,LINEAGE_BACKFILL,IND-000282,0.95
IND-000756,Deoria,Uttar Pradesh,1991,2511.662722,LINEAGE_BACKFILL,IND-000282,0.95
IND-000756,Deoria,Uttar Pradesh,2001,2511.663228802736,DIRECT,IND-000756,1.0
IND-000756,Deoria,Uttar Pradesh,2011,2522.9318078673964,DIRECT,IND-000756,1.0
IND-000756,Deoria,Uttar Pradesh,2021,2535.985598949676,DIRECT,IND-000756,1.0
IND-000756,Deoria,Uttar Pradesh,2025,2536.9871350957774,DIRECT,IND-000756,1.0
IND-000987,Etah,Uttar Pradesh,1951,2515.422316,LINEAGE_BACKFILL,IND-000258|IND-000260|IND-000598|IND-000604|IND-000732|IND-000734,0.2401
IND-000987,Etah,Uttar Pradesh,1961,2515.422316,LINEAGE_BACKFILL,IND-000258|IND-000260|IND-000598|IND-000604|IND-000732|IND-000734,0.2401
IND-000987,Etah,Uttar Pradesh,1971,2515.422316,LINEAGE_BACKFILL,IND-000258|IND-000260|IND-000598|IND-000604|IND-000732|IND-000734,0.2401
IND-000987,Etah,Uttar Pradesh,1981,2519.090002,LINEAGE_BACKFILL,IND-000258|IND-000260|IND-000598|IND-000604|IND-000732|IND-000734,0.343
IND-000987,Etah,Uttar Pradesh,1991,2515.545292,LINEAGE_BACKFILL,IND-000258|IND-000260|IND-000598|IND-000604|IND-000732|IND-000734,0.49
IND-000987,Etah,Uttar Pradesh,2001,2515.547795,LINEAGE_BACKFILL,IND-000258|IND-000260|IND-000598|IND-000604|IND-000732|IND-000734,0.7
IND-000987,Etah,Uttar Pradesh,2011,2515.5208345030555,DIRECT,IND-000987,1.0
IND-000987,Etah,Uttar Pradesh,2021,2423.297301164993,DIRECT,IND-000987,1.0
IND-000987,Etah,Uttar Pradesh,2025,2423.2308870910065,DIRECT,IND-000987,1.0
IND-000736,Etawah,Uttar Pradesh,1951,2322.241278,LINEAGE_BACKFILL,IND-000268,0.95
IND-000736,Etawah,Uttar Pradesh,1961,2322.241278,LINEAGE_BACKFILL,IND-000268,0.95
IND-000736,Etawah,Uttar Pradesh,1971,2322.241278,LINEAGE_BACKFILL,IND-000268,0.95
IND-000736,Etawah,Uttar Pradesh,1981,2322.241269,LINEAGE_BACKFILL,IND-000268,0.95
IND-000736,Etawah,Uttar Pradesh,1991,2322.259664,LINEAGE_BACKFILL,IND-000268,0.95
IND-000736,Etawah,Uttar Pradesh,2001,2322.3741065796708,DIRECT,IND-000736,1.0
IND-000736,Etawah,Uttar Pradesh,2011,2338.5827830491644,DIRECT,IND-000736,1.0
IND-000736,Etawah,Uttar Pradesh,2021,2326.9315906835222,DIRECT,IND-000736,1.0
IND-000736,Etawah,Uttar Pradesh,2025,2326.0832506213073,DIRECT,IND-000736,1.0
IND-000747,Faizabad,Uttar Pradesh,1951,2661.012202,LINEAGE_BACKFILL,IND-000294|IND-000299,0.7
IND-000747,Faizabad,Uttar Pradesh,1961,2661.012202,LINEAGE_BACKFILL,IND-000294|IND-000299,0.7
IND-000747,Faizabad,Uttar Pradesh,1971,2661.012202,LINEAGE_BACKFILL,IND-000294|IND-000299,0.7
IND-000747,Faizabad,Uttar Pradesh,1981,2661.012202,LINEAGE_BACKFILL,IND-000294|IND-000299,0.7
IND-000747,Faizabad,Uttar Pradesh,1991,2661.002322,LINEAGE_BACKFILL,IND-000294|IND-000299,0.7
IND-000747,Faizabad,Uttar Pradesh,2001,2661.0928395157175,DIRECT,IND-000747,1.0
IND-000747,Faizabad,Uttar Pradesh,2011,2594.772542491574,DIRECT,IND-000747,1.0
IND-000747,Faizabad,Uttar Pradesh,2021,2688.9513842148817,DIRECT,IND-000747,1.0
IND-000747,Faizabad,Uttar Pradesh,2025,2688.7442115349872,DIRECT,IND-000747,1.0
IND-000734,Farrukhabad,Uttar Pradesh,1951,2183.043966,LINEAGE_BACKFILL,IND-000267,0.95
IND-000734,Farrukhabad,Uttar Pradesh,1961,2183.043966,LINEAGE_BACKFILL,IND-000267,0.95
IND-000734,Farrukhabad,Uttar Pradesh,1971,2183.043966,LINEAGE_BACKFILL,IND-000267,0.95
IND-000734,Farrukhabad,Uttar Pradesh,1981,2183.044471,LINEAGE_BACKFILL,IND-000267,0.95
IND-000734,Farrukhabad,Uttar Pradesh,1991,2183.072226,LINEAGE_BACKFILL,IND-000267,0.95
IND-000734,Farrukhabad,Uttar Pradesh,2001,2183.1226456952536,DIRECT,IND-000734,1.0
IND-000734,Farrukhabad,Uttar Pradesh,2011,2197.2568256049963,DIRECT,IND-000734,1.0
IND-000734,Farrukhabad,Uttar Pradesh,2021,2180.7095369985295,DIRECT,IND-000734,1.0
IND-000734,Farrukhabad,Uttar Pradesh,2025,2181.0239508243367,DIRECT,IND-000734,1.0
IND-000270,Fatehpur,Uttar Pradesh,1951,4144.4690207722915,DIRECT,IND-000270,1.0
IND-000270,Fatehpur,Uttar Pradesh,1961,4144.4690207722915,DIRECT,IND-000270,1.0
IND-000270,Fatehpur,Uttar Pradesh,1971,4144.4690207722915,DIRECT,IND-000270,1.0
IND-000270,Fatehpur,Uttar Pradesh,1981,4144.4690207722915,DIRECT,IND-000270,1.0
IND-000270,Fatehpur,Uttar Pradesh,1991,4144.46654073609,DIRECT,IND-000270,1.0
IND-000270,Fatehpur,Uttar Pradesh,2001,4144.46654073609,DIRECT,IND-000270,1.0
IND-000270,Fatehpur,Uttar Pradesh,2011,4210.888479165329,DIRECT,IND-000270,1.0
IND-000270,Fatehpur,Uttar Pradesh,2021,4169.19836811621,DIRECT,IND-000270,1.0
IND-000270,Fatehpur,Uttar Pradesh,2025,4169.190996860394,DIRECT,IND-000270,1.0
IND-001123,Gautam Buddha Nagar,Uttar Pradesh,1951,1503.004204,LINEAGE_BACKFILL,IND-000707|IND-000712|IND-000728|IND-000730|IND-000731|IND-000969|IND-000970|IND-000984,0.1681
IND-001123,Gautam Buddha Nagar,Uttar Pradesh,1961,1503.004204,LINEAGE_BACKFILL,IND-000707|IND-000712|IND-000728|IND-000730|IND-000731|IND-000969|IND-000970|IND-000984,0.1681
IND-001123,Gautam Buddha Nagar,Uttar Pradesh,1971,1503.004204,LINEAGE_BACKFILL,IND-000707|IND-000712|IND-000728|IND-000730|IND-000731|IND-000969|IND-000970|IND-000984,0.1681
IND-001123,Gautam Buddha Nagar,Uttar Pradesh,1981,1406.465802,LINEAGE_BACKFILL,IND-000707|IND-000712|IND-000728|IND-000730|IND-000731|IND-000969|IND-000970|IND-000984,0.2401
IND-001123,Gautam Buddha Nagar,Uttar Pradesh,1991,1405.143426,LINEAGE_BACKFILL,IND-000707|IND-000712|IND-000728|IND-000730|IND-000731|IND-000969|IND-000970|IND-000984,0.343
IND-001123,Gautam Buddha Nagar,Uttar Pradesh,2001,1405.172397,LINEAGE_BACKFILL,IND-000707|IND-000712|IND-000728|IND-000730|IND-000731|IND-000969|IND-000970|IND-000984,0.49
IND-001123,Gautam Buddha Nagar,Uttar Pradesh,2011,1413.904822,LINEAGE_BACKFILL,IND-000707|IND-000712|IND-000728|IND-000730|IND-000731|IND-000969|IND-000970|IND-000984,0.7
IND-001123,Gautam Buddha Nagar,Uttar Pradesh,2021,1413.9774345695616,DIRECT,IND-001123,1.0
IND-001123,Gautam Buddha Nagar,Uttar Pradesh,2025,1413.9874006123805,DIRECT,IND-001123,1.0
IND-001128,Ghaziabad,Uttar Pradesh,1951,933.029023,LINEAGE_BACKFILL,IND-000707|IND-000726|IND-000727|IND-000728|IND-000971|IND-000973|IND-000984,0.3258
IND-001128,Ghaziabad,Uttar Pradesh,1961,933.029023,LINEAGE_BACKFILL,IND-000707|IND-000726|IND-000727|IND-000728|IND-000971|IND-000973|IND-000984,0.3258
IND-001128,Ghaziabad,Uttar Pradesh,1971,933.029023,LINEAGE_BACKFILL,IND-000707|IND-000726|IND-000727|IND-000728|IND-000971|IND-000973|IND-000984,0.3258
IND-001128,Ghaziabad,Uttar Pradesh,1981,932.039359,LINEAGE_BACKFILL,IND-000707|IND-000726|IND-000727|IND-000728|IND-000971|IND-000973|IND-000984,0.343
IND-001128,Ghaziabad,Uttar Pradesh,1991,932.04609,LINEAGE_BACKFILL,IND-000707|IND-000726|IND-000727|IND-000728|IND-000971|IND-000973|IND-000984,0.343
IND-001128,Ghaziabad,Uttar Pradesh,2001,932.047352,LINEAGE_BACKFILL,IND-000707|IND-000726|IND-000727|IND-000728|IND-000971|IND-000973|IND-000984,0.49
IND-001128,Ghaziabad,Uttar Pradesh,2011,911.237081,LINEAGE_BACKFILL,IND-000707|IND-000726|IND-000727|IND-000728|IND-000971|IND-000973|IND-000984,0.7
IND-001128,Ghaziabad,Uttar Pradesh,2021,911.2614170788664,DIRECT,IND-001128,1.0
IND-001128,Ghaziabad,Uttar Pradesh,2025,911.3936908365682,DIRECT,IND-001128,1.0
IND-000279,Ghazipur,Uttar Pradesh,1951,3372.6956731477035,DIRECT,IND-000279,1.0
IND-000279,Ghazipur,Uttar Pradesh,1961,3372.6956731477035,DIRECT,IND-000279,1.0
IND-000279,Ghazipur,Uttar Pradesh,1971,3372.6956731477035,DIRECT,IND-000279,1.0
IND-000279,Ghazipur,Uttar Pradesh,1981,3372.6956731477035,DIRECT,IND-000279,1.0
IND-000279,Ghazipur,Uttar Pradesh,1991,3372.68405714486,DIRECT,IND-000279,1.0
IND-000279,Ghazipur,Uttar Pradesh,2001,3372.68405714486,DIRECT,IND-000279,1.0
IND-000279,Ghazipur,Uttar Pradesh,2011,3358.4492818883577,DIRECT,IND-000279,1.0
IND-000279,Ghazipur,Uttar Pradesh,2021,3380.4682774496114,DIRECT,IND-000279,1.0
IND-000279,Ghazipur,Uttar Pradesh,2025,3380.3739306964726,DIRECT,IND-000279,1.0
IND-000752,Gonda,Uttar Pradesh,1951,3950.448285,LINEAGE_BACKFILL,IND-000295,0.95
IND-000752,Gonda,Uttar Pradesh,1961,3950.448285,LINEAGE_BACKFILL,IND-000295,0.95
IND-000752,Gonda,Uttar Pradesh,1971,3950.448285,LINEAGE_BACKFILL,IND-000295,0.95
IND-000752,Gonda,Uttar Pradesh,1981,3950.448226,LINEAGE_BACKFILL,IND-000295,0.95
IND-000752,Gonda,Uttar Pradesh,1991,3950.424662,LINEAGE_BACKFILL,IND-000295,0.95
IND-000752,Gonda,Uttar Pradesh,2001,3950.46515896033,DIRECT,IND-000752,1.0
IND-000752,Gonda,Uttar Pradesh,2011,4029.178186842817,DIRECT,IND-000752,1.0
IND-000752,Gonda,Uttar Pradesh,2021,3981.3438061028537,DIRECT,IND-000752,1.0
IND-000752,Gonda,Uttar Pradesh,2025,3981.2307842141704,DIRECT,IND-000752,1.0
IND-000740,Hamirpur,Uttar Pradesh,1951,3924.462556,LINEAGE_BACKFILL,IND-000274,0.7
IND-000740,Hamirpur,Uttar Pradesh,1961,3924.462556,LINEAGE_BACKFILL,IND-000274,0.7
IND-000740,Hamirpur,Uttar Pradesh,1971,3924.462556,LINEAGE_BACKFILL,IND-000274,0.7
IND-000740,Hamirpur,Uttar Pradesh,1981,3924.462556,LINEAGE_BACKFILL,IND-000274,0.7
IND-000740,Hamirpur,Uttar Pradesh,1991,3924.488264,LINEAGE_BACKFILL,IND-000274,0.7
IND-000740,Hamirpur,Uttar Pradesh,2001,3924.56785477937,DIRECT,IND-000740,1.0
IND-000740,Hamirpur,Uttar Pradesh,2011,4024.602854842154,DIRECT,IND-000740,1.0
IND-000740,Hamirpur,Uttar Pradesh,2021,3895.7760494532754,DIRECT,IND-000740,1.0
IND-000740,Hamirpur,Uttar Pradesh,2025,3895.492976843917,DIRECT,IND-000740,1.0
IND-001122,Hapur,Uttar Pradesh,1951,1143.461408,LINEAGE_BACKFILL,IND-000725|IND-000726|IND-000728|IND-000730|IND-000984,0.3258
IND-001122,Hapur,Uttar Pradesh,1961,1143.461408,LINEAGE_BACKFILL,IND-000725|IND-000726|IND-000728|IND-000730|IND-000984,0.3258
IND-001122,Hapur,Uttar Pradesh,1971,1143.461408,LINEAGE_BACKFILL,IND-000725|IND-000726|IND-000728|IND-000730|IND-000984,0.3258
IND-001122,Hapur,Uttar Pradesh,1981,1141.196719,LINEAGE_BACKFILL,IND-000725|IND-000726|IND-000728|IND-000730|IND-000984,0.343
IND-001122,Hapur,Uttar Pradesh,1991,1141.206848,LINEAGE_BACKFILL,IND-000725|IND-000726|IND-000728|IND-000730|IND-000984,0.343
IND-001122,Hapur,Uttar Pradesh,2001,1141.208594,LINEAGE_BACKFILL,IND-000725|IND-000726|IND-000728|IND-000730|IND-000984,0.49
IND-001122,Hapur,Uttar Pradesh,2011,1117.139665,LINEAGE_BACKFILL,IND-000725|IND-000726|IND-000728|IND-000730|IND-000984,0.7
IND-001122,Hapur,Uttar Pradesh,2021,1117.09849107764,DIRECT,IND-001122,1.0
IND-001122,Hapur,Uttar Pradesh,2025,1117.0411678872474,DIRECT,IND-001122,1.0
IND-000292,Hardoi,Uttar Pradesh,1951,5954.563712615124,DIRECT,IND-000292,1.0
IND-000292,Hardoi,Uttar Pradesh,1961,5954.563712615124,DIRECT,IND-000292,1.0
IND-000292,Hardoi,Uttar Pradesh,1971,5954.563712615124,DIRECT,IND-000292,1.0
IND-000292,Hardoi,Uttar Pradesh,1981,5954.562850614368,DIRECT,IND-000292,1.0
IND-000292,Hardoi,Uttar Pradesh,1991,5954.542688671025,DIRECT,IND-000292,1.0
IND-000292,Hardoi,Uttar Pradesh,2001,5954.542688671025,DIRECT,IND-000292,1.0
IND-000292,Hardoi,Uttar Pradesh,2011,5951.161698243892,DIRECT,IND-000292,1.0
IND-000292,Hardoi,Uttar Pradesh,2021,5988.610265597086,DIRECT,IND-000292,1.0
IND-000292,Hardoi,Uttar Pradesh,2025,5987.803108066903,DIRECT,IND-000292,1.0
IND-000732,Hathras,Uttar Pradesh,1951,1801.304488,LINEAGE_BACKFILL,IND-000256|IND-000605,0.343
IND-000732,Hathras,Uttar Pradesh,1961,1801.304488,LINEAGE_BACKFILL,IND-000256|IND-000605,0.343
IND-000732,Hathras,Uttar Pradesh,1971,1801.304488,LINEAGE_BACKFILL,IND-000256|IND-000605,0.343
IND-000732,Hathras,Uttar Pradesh,1981,1928.978147,LINEAGE_BACKFILL,IND-000256|IND-000605,0.49
IND-000732,Hathras,Uttar Pradesh,1991,1806.115567,LINEAGE_BACKFILL,IND-000256|IND-000605,0.7
IND-000732,Hathras,Uttar Pradesh,2001,1806.2002803693376,DIRECT,IND-000732,1.0
IND-000732,Hathras,Uttar Pradesh,2011,1755.5629509484515,DIRECT,IND-000732,1.0
IND-000732,Hathras,Uttar Pradesh,2021,1782.2480832753895,DIRECT,IND-000732,1.0
IND-000732,Hathras,Uttar Pradesh,2025,1782.2660374249326,DIRECT,IND-000732,1.0
IND-000273,Jalaun,Uttar Pradesh,1951,4557.855135805642,DIRECT,IND-000273,1.0
IND-000273,Jalaun,Uttar Pradesh,1961,4557.855135805642,DIRECT,IND-000273,1.0
IND-000273,Jalaun,Uttar Pradesh,1971,4557.855135805642,DIRECT,IND-000273,1.0
IND-000273,Jalaun,Uttar Pradesh,1981,4557.855135805642,DIRECT,IND-000273,1.0
IND-000273,Jalaun,Uttar Pradesh,1991,4557.825989442063,DIRECT,IND-000273,1.0
IND-000273,Jalaun,Uttar Pradesh,2001,4557.825989442063,DIRECT,IND-000273,1.0
IND-000273,Jalaun,Uttar Pradesh,2011,4605.27770120596,DIRECT,IND-000273,1.0
IND-000273,Jalaun,Uttar Pradesh,2021,4564.0105846943225,DIRECT,IND-000273,1.0
IND-000273,Jalaun,Uttar Pradesh,2025,4563.897705604376,DIRECT,IND-000273,1.0
IND-000278,Jaunpur,Uttar Pradesh,1951,4031.021296133212,DIRECT,IND-000278,1.0
IND-000278,Jaunpur,Uttar Pradesh,1961,4031.021296133212,DIRECT,IND-000278,1.0
IND-000278,Jaunpur,Uttar Pradesh,1971,4031.021296133212,DIRECT,IND-000278,1.0
IND-000278,Jaunpur,Uttar Pradesh,1981,4031.0212826080374,DIRECT,IND-000278,1.0
IND-000278,Jaunpur,Uttar Pradesh,1991,4031.037836140277,DIRECT,IND-000278,1.0
IND-000278,Jaunpur,Uttar Pradesh,2001,4031.037836140277,DIRECT,IND-000278,1.0
IND-000278,Jaunpur,Uttar Pradesh,2011,3998.0372710172032,DIRECT,IND-000278,1.0
IND-000278,Jaunpur,Uttar Pradesh,2021,4034.368743066369,DIRECT,IND-000278,1.0
IND-000278,Jaunpur,Uttar Pradesh,2025,4034.157555580594,DIRECT,IND-000278,1.0
IND-000508,Jhansi,Uttar Pradesh,1951,5026.396456,LINEAGE_BACKFILL,IND-000272,0.95
IND-000508,Jhansi,Uttar Pradesh,1961,5026.396456,LINEAGE_BACKFILL,IND-000272,0.95
IND-000508,Jhansi,Uttar Pradesh,1971,5026.396456,LINEAGE_BACKFILL,IND-000272,0.95
IND-000508,Jhansi,Uttar Pradesh,1981,5026.761844756572,DIRECT,IND-000508,1.0
IND-000508,Jhansi,Uttar Pradesh,1991,5026.74205310069,DIRECT,IND-000508,1.0
IND-000508,Jhansi,Uttar Pradesh,2001,5026.74205310069,DIRECT,IND-000508,1.0
IND-000508,Jhansi,Uttar Pradesh,2011,4953.359426647443,DIRECT,IND-000508,1.0
IND-000508,Jhansi,Uttar Pradesh,2021,5044.616634923845,DIRECT,IND-000508,1.0
IND-000508,Jhansi,Uttar Pradesh,2025,5023.06102187015,DIRECT,IND-000508,1.0
IND-000735,Kannauj,Uttar Pradesh,1951,2112.277764,LINEAGE_BACKFILL,IND-000267,0.95
IND-000735,Kannauj,Uttar Pradesh,1961,2112.277764,LINEAGE_BACKFILL,IND-000267,0.95
IND-000735,Kannauj,Uttar Pradesh,1971,2112.277764,LINEAGE_BACKFILL,IND-000267,0.95
IND-000735,Kannauj,Uttar Pradesh,1981,2112.278253,LINEAGE_BACKFILL,IND-000267,0.95
IND-000735,Kannauj,Uttar Pradesh,1991,2112.305108,LINEAGE_BACKFILL,IND-000267,0.95
IND-000735,Kannauj,Uttar Pradesh,2001,2112.3805493247055,DIRECT,IND-000735,1.0
IND-000735,Kannauj,Uttar Pradesh,2011,2097.0890527902197,DIRECT,IND-000735,1.0
IND-000735,Kannauj,Uttar Pradesh,2021,2090.1697698023586,DIRECT,IND-000735,1.0
IND-000735,Kannauj,Uttar Pradesh,2025,2090.0919159898644,DIRECT,IND-000735,1.0
IND-000738,Kanpur Dehat,Uttar Pradesh,1951,3176.34065,LINEAGE_BACKFILL,IND-000601,0.595
IND-000738,Kanpur Dehat,Uttar Pradesh,1961,3176.34065,LINEAGE_BACKFILL,IND-000601,0.595
IND-000738,Kanpur Dehat,Uttar Pradesh,1971,3176.34065,LINEAGE_BACKFILL,IND-000601,0.595
IND-000738,Kanpur Dehat,Uttar Pradesh,1981,3176.340639,LINEAGE_BACKFILL,IND-000601,0.595
IND-000738,Kanpur Dehat,Uttar Pradesh,1991,3176.412835,LINEAGE_BACKFILL,IND-000601,0.7
IND-000738,Kanpur Dehat,Uttar Pradesh,2001,3176.5928066297915,DIRECT,IND-000738,1.0
IND-000738,Kanpur Dehat,Uttar Pradesh,2011,3203.0736181561297,DIRECT,IND-000738,1.0
IND-000738,Kanpur Dehat,Uttar Pradesh,2021,3157.531586719451,DIRECT,IND-000738,1.0
IND-000738,Kanpur Dehat,Uttar Pradesh,2025,3157.346795831554,DIRECT,IND-000738,1.0
IND-000739,Kanpur Nagar,Uttar Pradesh,1951,2999.076774,LINEAGE_BACKFILL,IND-000601|IND-000602,0.595
IND-000739,Kanpur Nagar,Uttar Pradesh,1961,2999.076774,LINEAGE_BACKFILL,IND-000601|IND-000602,0.595
IND-000739,Kanpur Nagar,Uttar Pradesh,1971,2999.076774,LINEAGE_BACKFILL,IND-000601|IND-000602,0.595
IND-000739,Kanpur Nagar,Uttar Pradesh,1981,2999.076763,LINEAGE_BACKFILL,IND-000601|IND-000602,0.595
IND-000739,Kanpur Nagar,Uttar Pradesh,1991,2999.197463,LINEAGE_BACKFILL,IND-000601|IND-000602,0.7
IND-000739,Kanpur Nagar,Uttar Pradesh,2001,2999.31445995744,DIRECT,IND-000739,1.0
IND-000739,Kanpur Nagar,Uttar Pradesh,2011,2984.0120348612218,DIRECT,IND-000739,1.0
IND-000739,Kanpur Nagar,Uttar Pradesh,2021,2999.2436474638025,DIRECT,IND-000739,1.0
IND-000739,Kanpur Nagar,Uttar Pradesh,2025,2999.0433462418036,DIRECT,IND-000739,1.0
IND-000988,Kanshiram Nagar,Uttar Pradesh,1951,1942.442839,LINEAGE_BACKFILL,IND-000260|IND-000263|IND-000731|IND-000732|IND-000734,0.2401
IND-000988,Kanshiram Nagar,Uttar Pradesh,1961,1942.442839,LINEAGE_BACKFILL,IND-000260|IND-000263|IND-000731|IND-000732|IND-000734,0.2401
IND-000988,Kanshiram Nagar,Uttar Pradesh,1971,1942.442839,LINEAGE_BACKFILL,IND-000260|IND-000263|IND-000731|IND-000732|IND-000734,0.2401
IND-000988,Kanshiram Nagar,Uttar Pradesh,1981,1945.464076,LINEAGE_BACKFILL,IND-000260|IND-000263|IND-000731|IND-000732|IND-000734,0.343
IND-000988,Kanshiram Nagar,Uttar Pradesh,1991,1942.437077,LINEAGE_BACKFILL,IND-000260|IND-000263|IND-000731|IND-000732|IND-000734,0.49
IND-000988,Kanshiram Nagar,Uttar Pradesh,2001,1942.438157,LINEAGE_BACKFILL,IND-000260|IND-000263|IND-000731|IND-000732|IND-000734,0.7
IND-000988,Kanshiram Nagar,Uttar Pradesh,2011,1942.411255422076,DIRECT,IND-000988,1.0
IND-000988,Kanshiram Nagar,Uttar Pradesh,2021,1958.748826036738,DIRECT,IND-000988,1.0
IND-000988,Kanshiram Nagar,Uttar Pradesh,2025,1958.9606783018164,DIRECT,IND-000988,1.0
IND-000744,Kaushambi,Uttar Pradesh,1951,1791.224425,LINEAGE_BACKFILL,IND-000426,0.4655
IND-000744,Kaushambi,Uttar Pradesh,1961,1791.225547,LINEAGE_BACKFILL,IND-000426,0.665
IND-000744,Kaushambi,Uttar Pradesh,1971,1791.269228,LINEAGE_BACKFILL,IND-000426,0.95
IND-000744,Kaushambi,Uttar Pradesh,1981,1791.269199,LINEAGE_BACKFILL,IND-000426,0.95
IND-000744,Kaushambi,Uttar Pradesh,1991,1791.274838,LINEAGE_BACKFILL,IND-000426,0.95
IND-000744,Kaushambi,Uttar Pradesh,2001,1791.370493165363,DIRECT,IND-000744,1.0
IND-000744,Kaushambi,Uttar Pradesh,2011,1795.6963362933222,DIRECT,IND-000744,1.0
IND-000744,Kaushambi,Uttar Pradesh,2021,1789.889349153419,DIRECT,IND-000744,1.0
IND-000744,Kaushambi,Uttar Pradesh,2025,1789.8094650185444,DIRECT,IND-000744,1.0
IND-000293,Kheri,Uttar Pradesh,1951,7701.401745716146,DIRECT,IND-000293,1.0
IND-000293,Kheri,Uttar Pradesh,1961,7701.401745716146,DIRECT,IND-000293,1.0
IND-000293,Kheri,Uttar Pradesh,1971,7701.401745716146,DIRECT,IND-000293,1.0
IND-000293,Kheri,Uttar Pradesh,1981,7701.401745716146,DIRECT,IND-000293,1.0
IND-000293,Kheri,Uttar Pradesh,1991,7701.364361859086,DIRECT,IND-000293,1.0
IND-000293,Kheri,Uttar Pradesh,2001,7701.364361859086,DIRECT,IND-000293,1.0
IND-000293,Kheri,Uttar Pradesh,2011,7625.691167437892,DIRECT,IND-000293,1.0
IND-000293,Kheri,Uttar Pradesh,2021,7688.614340806791,DIRECT,IND-000293,1.0
IND-000293,Kheri,Uttar Pradesh,2025,7689.415940922927,DIRECT,IND-000293,1.0
IND-000755,Kushinagar,Uttar Pradesh,1951,2848.899174,LINEAGE_BACKFILL,IND-000282,0.95
IND-000755,Kushinagar,Uttar Pradesh,1961,2848.899174,LINEAGE_BACKFILL,IND-000282,0.95
IND-000755,Kushinagar,Uttar Pradesh,1971,2848.899174,LINEAGE_BACKFILL,IND-000282,0.95
IND-000755,Kushinagar,Uttar Pradesh,1981,2848.899242,LINEAGE_BACKFILL,IND-000282,0.95
IND-000755,Kushinagar,Uttar Pradesh,1991,2848.880438,LINEAGE_BACKFILL,IND-000282,0.95
IND-000755,Kushinagar,Uttar Pradesh,2001,2848.8975527791185,DIRECT,IND-000755,1.0
IND-000755,Kushinagar,Uttar Pradesh,2011,2908.0467742214314,DIRECT,IND-000755,1.0
IND-000755,Kushinagar,Uttar Pradesh,2021,2875.41141861753,DIRECT,IND-000755,1.0
IND-000755,Kushinagar,Uttar Pradesh,2025,2875.174830968396,DIRECT,IND-000755,1.0
IND-000509,Lalitpur,Uttar Pradesh,1951,5036.161431,LINEAGE_BACKFILL,IND-000272,0.95
IND-000509,Lalitpur,Uttar Pradesh,1961,5036.161431,LINEAGE_BACKFILL,IND-000272,0.95
IND-000509,Lalitpur,Uttar Pradesh,1971,5036.161431,LINEAGE_BACKFILL,IND-000272,0.95
IND-000509,Lalitpur,Uttar Pradesh,1981,5036.455777449617,DIRECT,IND-000509,1.0
IND-000509,Lalitpur,Uttar Pradesh,1991,5036.48156019621,DIRECT,IND-000509,1.0
IND-000509,Lalitpur,Uttar Pradesh,2001,5036.48156019621,DIRECT,IND-000509,1.0
IND-000509,Lalitpur,Uttar Pradesh,2011,4930.029449866585,DIRECT,IND-000509,1.0
IND-000509,Lalitpur,Uttar Pradesh,2021,5045.427592396927,DIRECT,IND-000509,1.0
IND-000509,Lalitpur,Uttar Pradesh,2025,5044.462202189519,DIRECT,IND-000509,1.0
IND-000288,Lucknow,Uttar Pradesh,1951,2526.1644456911795,DIRECT,IND-000288,1.0
IND-000288,Lucknow,Uttar Pradesh,1961,2526.1644456911795,DIRECT,IND-000288,1.0
IND-000288,Lucknow,Uttar Pradesh,1971,2526.1644456911795,DIRECT,IND-000288,1.0
IND-000288,Lucknow,Uttar Pradesh,1981,2526.1644456911795,DIRECT,IND-000288,1.0
IND-000288,Lucknow,Uttar Pradesh,1991,2526.187653474399,DIRECT,IND-000288,1.0
IND-000288,Lucknow,Uttar Pradesh,2001,2526.187653474399,DIRECT,IND-000288,1.0
IND-000288,Lucknow,Uttar Pradesh,2011,2514.6081701165745,DIRECT,IND-000288,1.0
IND-000288,Lucknow,Uttar Pradesh,2021,2530.05815334635,DIRECT,IND-000288,1.0
IND-000288,Lucknow,Uttar Pradesh,2025,2530.084390228281,DIRECT,IND-000288,1.0
IND-000741,Mahoba,Uttar Pradesh,1951,3171.787484,LINEAGE_BACKFILL,IND-000274,0.7
IND-000741,Mahoba,Uttar Pradesh,1961,3171.787484,LINEAGE_BACKFILL,IND-000274,0.7
IND-000741,Mahoba,Uttar Pradesh,1971,3171.787484,LINEAGE_BACKFILL,IND-000274,0.7
IND-000741,Mahoba,Uttar Pradesh,1981,3171.787484,LINEAGE_BACKFILL,IND-000274,0.7
IND-000741,Mahoba,Uttar Pradesh,1991,3171.808261,LINEAGE_BACKFILL,IND-000274,0.7
IND-000741,Mahoba,Uttar Pradesh,2001,3171.894576142459,DIRECT,IND-000741,1.0
IND-000741,Mahoba,Uttar Pradesh,2011,3078.188395434122,DIRECT,IND-000741,1.0
IND-000741,Mahoba,Uttar Pradesh,2021,3270.1216325633436,DIRECT,IND-000741,1.0
IND-000741,Mahoba,Uttar Pradesh,2025,3267.486197631596,DIRECT,IND-000741,1.0
IND-000733,Mathura,Uttar Pradesh,1951,3257.696768,LINEAGE_BACKFILL,IND-000605,0.343
IND-000733,Mathura,Uttar Pradesh,1961,3257.696768,LINEAGE_BACKFILL,IND-000605,0.343
IND-000733,Mathura,Uttar Pradesh,1971,3257.696768,LINEAGE_BACKFILL,IND-000605,0.343
IND-000733,Mathura,Uttar Pradesh,1981,3291.887068,LINEAGE_BACKFILL,IND-000605,0.49
IND-000733,Mathura,Uttar Pradesh,1991,3291.894998,LINEAGE_BACKFILL,IND-000605,0.7
IND-000733,Mathura,Uttar Pradesh,2001,3291.953310316646,DIRECT,IND-000733,1.0
IND-000733,Mathura,Uttar Pradesh,2011,3351.161557783689,DIRECT,IND-000733,1.0
IND-000733,Mathura,Uttar Pradesh,2021,3342.095944807499,DIRECT,IND-000733,1.0
IND-000733,Mathura,Uttar Pradesh,2025,3341.501568443569,DIRECT,IND-000733,1.0
IND-000758,Mau,Uttar Pradesh,1951,1661.839318,LINEAGE_BACKFILL,IND-000606,0.595
IND-000758,Mau,Uttar Pradesh,1961,1661.839318,LINEAGE_BACKFILL,IND-000606,0.595
IND-000758,Mau,Uttar Pradesh,1971,1661.839318,LINEAGE_BACKFILL,IND-000606,0.595
IND-000758,Mau,Uttar Pradesh,1981,1661.839318,LINEAGE_BACKFILL,IND-000606,0.595
IND-000758,Mau,Uttar Pradesh,1991,1661.904989,LINEAGE_BACKFILL,IND-000606,0.7
IND-000758,Mau,Uttar Pradesh,2001,1661.9783483278488,DIRECT,IND-000758,1.0
IND-000758,Mau,Uttar Pradesh,2011,1655.6043141509624,DIRECT,IND-000758,1.0
IND-000758,Mau,Uttar Pradesh,2021,1735.3624335919928,DIRECT,IND-000758,1.0
IND-000758,Mau,Uttar Pradesh,2025,1735.448043617252,DIRECT,IND-000758,1.0
IND-000726,Meerut,Uttar Pradesh,1951,2597.334803,LINEAGE_BACKFILL,IND-000505,0.665
IND-000726,Meerut,Uttar Pradesh,1961,2597.334803,LINEAGE_BACKFILL,IND-000505,0.665
IND-000726,Meerut,Uttar Pradesh,1971,2597.334803,LINEAGE_BACKFILL,IND-000505,0.665
IND-000726,Meerut,Uttar Pradesh,1981,2597.362989,LINEAGE_BACKFILL,IND-000505,0.95
IND-000726,Meerut,Uttar Pradesh,1991,2597.376512,LINEAGE_BACKFILL,IND-000505,0.95
IND-000726,Meerut,Uttar Pradesh,2001,2597.438268203727,DIRECT,IND-000726,1.0
IND-000726,Meerut,Uttar Pradesh,2011,2542.6343397513665,DIRECT,IND-000726,1.0
IND-000726,Meerut,Uttar Pradesh,2021,2593.2515827342804,DIRECT,IND-000726,1.0
IND-000726,Meerut,Uttar Pradesh,2025,2593.2140287821135,DIRECT,IND-000726,1.0
IND-001336,Moradabad,Uttar Pradesh,1951,1989.202296,LINEAGE_BACKFILL,IND-000983|IND-001129|IND-001131,0.2401
IND-001336,Moradabad,Uttar Pradesh,1961,1989.202296,LINEAGE_BACKFILL,IND-000983|IND-001129|IND-001131,0.2401
IND-001336,Moradabad,Uttar Pradesh,1971,1989.202296,LINEAGE_BACKFILL,IND-000983|IND-001129|IND-001131,0.2401
IND-001336,Moradabad,Uttar Pradesh,1981,1989.175784,LINEAGE_BACKFILL,IND-000983|IND-001129|IND-001131,0.2401
IND-001336,Moradabad,Uttar Pradesh,1991,1989.146148,LINEAGE_BACKFILL,IND-000983|IND-001129|IND-001131,0.2401
IND-001336,Moradabad,Uttar Pradesh,2001,1989.209828,LINEAGE_BACKFILL,IND-000983|IND-001129|IND-001131,0.343
IND-001336,Moradabad,Uttar Pradesh,2011,1947.631768,LINEAGE_BACKFILL,IND-000983|IND-001129|IND-001131,0.49
IND-001336,Moradabad,Uttar Pradesh,2021,1948.291234,LINEAGE_BACKFILL,IND-000983|IND-001129|IND-001131,0.7
IND-001336,Moradabad,Uttar Pradesh,2025,1948.740426409263,DIRECT,IND-001336,1.0
IND-001130,Muzaffarnagar,Uttar Pradesh,1951,2743.188179,LINEAGE_BACKFILL,IND-000253|IND-000262|IND-000600|IND-000608|IND-000726|IND-000727,0.4655
IND-001130,Muzaffarnagar,Uttar Pradesh,1961,2743.188179,LINEAGE_BACKFILL,IND-000253|IND-000262|IND-000600|IND-000608|IND-000726|IND-000727,0.4655
IND-001130,Muzaffarnagar,Uttar Pradesh,1971,2743.188179,LINEAGE_BACKFILL,IND-000253|IND-000262|IND-000600|IND-000608|IND-000726|IND-000727,0.4655
IND-001130,Muzaffarnagar,Uttar Pradesh,1981,2743.201495,LINEAGE_BACKFILL,IND-000253|IND-000262|IND-000600|IND-000608|IND-000726|IND-000727,0.49
IND-001130,Muzaffarnagar,Uttar Pradesh,1991,2743.206326,LINEAGE_BACKFILL,IND-000253|IND-000262|IND-000600|IND-000608|IND-000726|IND-000727,0.665
IND-001130,Muzaffarnagar,Uttar Pradesh,2001,2743.20667,LINEAGE_BACKFILL,IND-000253|IND-000262|IND-000600|IND-000608|IND-000726|IND-000727,0.7
IND-001130,Muzaffarnagar,Uttar Pradesh,2011,2738.779173,LINEAGE_BACKFILL,IND-000253|IND-000262|IND-000600|IND-000608|IND-000726|IND-000727,0.7
IND-001130,Muzaffarnagar,Uttar Pradesh,2021,2738.807066265402,DIRECT,IND-001130,1.0
IND-001130,Muzaffarnagar,Uttar Pradesh,2025,2738.7194025314893,DIRECT,IND-001130,1.0
IND-000360,Pauri_Garhwal,Uttar Pradesh,1951,5388.564327,LINEAGE_BACKFILL,IND-000287,0.7
IND-000360,Pauri_Garhwal,Uttar Pradesh,1961,5388.8353188869705,DIRECT,IND-000360,1.0
IND-000360,Pauri_Garhwal,Uttar Pradesh,1971,5388.8353188869705,DIRECT,IND-000360,1.0
IND-000360,Pauri_Garhwal,Uttar Pradesh,1981,5388.8353188869705,DIRECT,IND-000360,1.0
IND-000360,Pauri_Garhwal,Uttar Pradesh,1991,5388.82648879133,DIRECT,IND-000360,1.0
IND-000360,Pauri_Garhwal,Uttar Pradesh,2001,5388.82648879133,DIRECT,IND-000360,1.0
IND-000360,Pauri_Garhwal,Uttar Pradesh,2011,5293.719302937719,DIRECT,IND-000360,1.0
IND-000360,Pauri_Garhwal,Uttar Pradesh,2021,5280.341175182959,DIRECT,IND-000360,1.0
IND-000360,Pauri_Garhwal,Uttar Pradesh,2025,5280.355541413801,DIRECT,IND-000360,1.0
IND-000266,Pilibhit,Uttar Pradesh,1951,3761.37969293527,DIRECT,IND-000266,1.0
IND-000266,Pilibhit,Uttar Pradesh,1961,3761.37969293527,DIRECT,IND-000266,1.0
IND-000266,Pilibhit,Uttar Pradesh,1971,3761.37969293527,DIRECT,IND-000266,1.0
IND-000266,Pilibhit,Uttar Pradesh,1981,3761.379730886925,DIRECT,IND-000266,1.0
IND-000266,Pilibhit,Uttar Pradesh,1991,3761.3979912302702,DIRECT,IND-000266,1.0
IND-000266,Pilibhit,Uttar Pradesh,2001,3761.3979912302702,DIRECT,IND-000266,1.0
IND-000266,Pilibhit,Uttar Pradesh,2011,3755.7496004074105,DIRECT,IND-000266,1.0
IND-000266,Pilibhit,Uttar Pradesh,2021,3761.4947190856537,DIRECT,IND-000266,1.0
IND-000266,Pilibhit,Uttar Pradesh,2025,3763.8880829330496,DIRECT,IND-000266,1.0
IND-000298,Pratapgarh,Uttar Pradesh,1951,3705.292363179298,DIRECT,IND-000298,1.0
IND-000298,Pratapgarh,Uttar Pradesh,1961,3705.292363179298,DIRECT,IND-000298,1.0
IND-000298,Pratapgarh,Uttar Pradesh,1971,3705.292363179298,DIRECT,IND-000298,1.0
IND-000298,Pratapgarh,Uttar Pradesh,1981,3705.292363179298,DIRECT,IND-000298,1.0
IND-000298,Pratapgarh,Uttar Pradesh,1991,3705.3183663664663,DIRECT,IND-000298,1.0
IND-000298,Pratapgarh,Uttar Pradesh,2001,3705.3183663664663,DIRECT,IND-000298,1.0
IND-000298,Pratapgarh,Uttar Pradesh,2011,3729.868968074211,DIRECT,IND-000298,1.0
IND-000298,Pratapgarh,Uttar Pradesh,2021,3711.873372859627,DIRECT,IND-000298,1.0
IND-000298,Pratapgarh,Uttar Pradesh,2025,3712.0114346855057,DIRECT,IND-000298,1.0
IND-001340,Raibeareli,Uttar Pradesh,1951,3910.294875,LINEAGE_BACKFILL,IND-000270|IND-000289|IND-000298|IND-001126|IND-001127,0.343
IND-001340,Raibeareli,Uttar Pradesh,1961,3910.294875,LINEAGE_BACKFILL,IND-000270|IND-000289|IND-000298|IND-001126|IND-001127,0.343
IND-001340,Raibeareli,Uttar Pradesh,1971,3910.294875,LINEAGE_BACKFILL,IND-000270|IND-000289|IND-000298|IND-001126|IND-001127,0.343
IND-001340,Raibeareli,Uttar Pradesh,1981,3910.294875,LINEAGE_BACKFILL,IND-000270|IND-000289|IND-000298|IND-001126|IND-001127,0.343
IND-001340,Raibeareli,Uttar Pradesh,1991,3910.262374,LINEAGE_BACKFILL,IND-000270|IND-000289|IND-000298|IND-001126|IND-001127,0.343
IND-001340,Raibeareli,Uttar Pradesh,2001,3910.262474,LINEAGE_BACKFILL,IND-000270|IND-000289|IND-000298|IND-001126|IND-001127,0.49
IND-001340,Raibeareli,Uttar Pradesh,2011,3929.347924,LINEAGE_BACKFILL,IND-000270|IND-000289|IND-000298|IND-001126|IND-001127,0.49
IND-001340,Raibeareli,Uttar Pradesh,2021,3929.808188,LINEAGE_BACKFILL,IND-000270|IND-000289|IND-000298|IND-001126|IND-001127,0.7
IND-001340,Raibeareli,Uttar Pradesh,2025,3930.009533974872,DIRECT,IND-001340,1.0
IND-000983,Rampur,Uttar Pradesh,1951,2417.773883,LINEAGE_BACKFILL,IND-000261|IND-000263|IND-000694|IND-000723|IND-000724,0.49
IND-000983,Rampur,Uttar Pradesh,1961,2417.773883,LINEAGE_BACKFILL,IND-000261|IND-000263|IND-000694|IND-000723|IND-000724,0.49
IND-000983,Rampur,Uttar Pradesh,1971,2417.773883,LINEAGE_BACKFILL,IND-000261|IND-000263|IND-000694|IND-000723|IND-000724,0.49
IND-000983,Rampur,Uttar Pradesh,1981,2417.773631,LINEAGE_BACKFILL,IND-000261|IND-000263|IND-000694|IND-000723|IND-000724,0.49
IND-000983,Rampur,Uttar Pradesh,1991,2417.781468,LINEAGE_BACKFILL,IND-000261|IND-000263|IND-000694|IND-000723|IND-000724,0.49
IND-000983,Rampur,Uttar Pradesh,2001,2417.783886,LINEAGE_BACKFILL,IND-000261|IND-000263|IND-000694|IND-000723|IND-000724,0.7
IND-000983,Rampur,Uttar Pradesh,2011,2417.73492957331,DIRECT,IND-000983,1.0
IND-000983,Rampur,Uttar Pradesh,2021,2366.3620587614855,DIRECT,IND-000983,1.0
IND-000983,Rampur,Uttar Pradesh,2025,2366.168646863424,DIRECT,IND-000983,1.0
IND-001129,Sambhal,Uttar Pradesh,1951,2460.47062,LINEAGE_BACKFILL,IND-000263|IND-000723|IND-000725|IND-000730|IND-000731,0.49
IND-001129,Sambhal,Uttar Pradesh,1961,2460.47062,LINEAGE_BACKFILL,IND-000263|IND-000723|IND-000725|IND-000730|IND-000731,0.49
IND-001129,Sambhal,Uttar Pradesh,1971,2460.47062,LINEAGE_BACKFILL,IND-000263|IND-000723|IND-000725|IND-000730|IND-000731,0.49
IND-001129,Sambhal,Uttar Pradesh,1981,2459.902536,LINEAGE_BACKFILL,IND-000263|IND-000723|IND-000725|IND-000730|IND-000731,0.49
IND-001129,Sambhal,Uttar Pradesh,1991,2459.512601,LINEAGE_BACKFILL,IND-000263|IND-000723|IND-000725|IND-000730|IND-000731,0.49
IND-001129,Sambhal,Uttar Pradesh,2001,2459.564406,LINEAGE_BACKFILL,IND-000263|IND-000723|IND-000725|IND-000730|IND-000731,0.7
IND-001129,Sambhal,Uttar Pradesh,2011,2432.001489,LINEAGE_BACKFILL,IND-000263|IND-000723|IND-000725|IND-000730|IND-000731,0.7
IND-001129,Sambhal,Uttar Pradesh,2021,2431.887269939046,DIRECT,IND-001129,1.0
IND-001129,Sambhal,Uttar Pradesh,2025,2428.17316229441,DIRECT,IND-001129,1.0
IND-000754,Sant Kabir Nagar,Uttar Pradesh,1951,1594.704187,LINEAGE_BACKFILL,IND-000597,0.8075
IND-000754,Sant Kabir Nagar,Uttar Pradesh,1961,1594.704187,LINEAGE_BACKFILL,IND-000597,0.8075
IND-000754,Sant Kabir Nagar,Uttar Pradesh,1971,1594.704187,LINEAGE_BACKFILL,IND-000597,0.8075
IND-000754,Sant Kabir Nagar,Uttar Pradesh,1981,1594.704212,LINEAGE_BACKFILL,IND-000597,0.8075
IND-000754,Sant Kabir Nagar,Uttar Pradesh,1991,1594.753417,LINEAGE_BACKFILL,IND-000597,0.95
IND-000754,Sant Kabir Nagar,Uttar Pradesh,2001,1594.862172828602,DIRECT,IND-000754,1.0
IND-000754,Sant Kabir Nagar,Uttar Pradesh,2011,1644.1651228092765,DIRECT,IND-000754,1.0
IND-000754,Sant Kabir Nagar,Uttar Pradesh,2021,1641.7193354933695,DIRECT,IND-000754,1.0
IND-000754,Sant Kabir Nagar,Uttar Pradesh,2025,1641.6681980825629,DIRECT,IND-000754,1.0
IND-000761,Sant Ravidas Nagar,Uttar Pradesh,1951,978.589319,LINEAGE_BACKFILL,IND-000427,0.4655
IND-000761,Sant Ravidas Nagar,Uttar Pradesh,1961,978.595246,LINEAGE_BACKFILL,IND-000427,0.665
IND-000761,Sant Ravidas Nagar,Uttar Pradesh,1971,978.628899,LINEAGE_BACKFILL,IND-000427,0.95
IND-000761,Sant Ravidas Nagar,Uttar Pradesh,1981,978.628899,LINEAGE_BACKFILL,IND-000427,0.95
IND-000761,Sant Ravidas Nagar,Uttar Pradesh,1991,978.645171,LINEAGE_BACKFILL,IND-000427,0.95
IND-000761,Sant Ravidas Nagar,Uttar Pradesh,2001,978.6539282858424,DIRECT,IND-000761,1.0
IND-000761,Sant Ravidas Nagar,Uttar Pradesh,2011,998.3961518245184,DIRECT,IND-000761,1.0
IND-000761,Sant Ravidas Nagar,Uttar Pradesh,2021,1014.8751356190454,DIRECT,IND-000761,1.0
IND-000761,Sant Ravidas Nagar,Uttar Pradesh,2025,1015.0074802378936,DIRECT,IND-000761,1.0
IND-000265,Shahjahanpur,Uttar Pradesh,1951,4345.943625297253,DIRECT,IND-000265,1.0
IND-000265,Shahjahanpur,Uttar Pradesh,1961,4345.943625297253,DIRECT,IND-000265,1.0
IND-000265,Shahjahanpur,Uttar Pradesh,1971,4345.943625297253,DIRECT,IND-000265,1.0
IND-000265,Shahjahanpur,Uttar Pradesh,1981,4345.944100688546,DIRECT,IND-000265,1.0
IND-000265,Shahjahanpur,Uttar Pradesh,1991,4345.881018803932,DIRECT,IND-000265,1.0
IND-000265,Shahjahanpur,Uttar Pradesh,2001,4345.881018803932,DIRECT,IND-000265,1.0
IND-000265,Shahjahanpur,Uttar Pradesh,2011,4336.165593428726,DIRECT,IND-000265,1.0
IND-000265,Shahjahanpur,Uttar Pradesh,2021,4315.611524749679,DIRECT,IND-000265,1.0
IND-000265,Shahjahanpur,Uttar Pradesh,2025,4315.413089316389,DIRECT,IND-000265,1.0
IND-001132,Shamli,Uttar Pradesh,1951,1265.523402,LINEAGE_BACKFILL,IND-000253|IND-000697|IND-000698,0.4422
IND-001132,Shamli,Uttar Pradesh,1961,1265.523402,LINEAGE_BACKFILL,IND-000253|IND-000697|IND-000698,0.4422
IND-001132,Shamli,Uttar Pradesh,1971,1265.523402,LINEAGE_BACKFILL,IND-000253|IND-000697|IND-000698,0.4422
IND-001132,Shamli,Uttar Pradesh,1981,1265.530206,LINEAGE_BACKFILL,IND-000253|IND-000697|IND-000698,0.4655
IND-001132,Shamli,Uttar Pradesh,1991,1265.533377,LINEAGE_BACKFILL,IND-000253|IND-000697|IND-000698,0.49
IND-001132,Shamli,Uttar Pradesh,2001,1265.535284,LINEAGE_BACKFILL,IND-000253|IND-000697|IND-000698,0.7
IND-001132,Shamli,Uttar Pradesh,2011,1263.461225,LINEAGE_BACKFILL,IND-000253|IND-000697|IND-000698,0.7
IND-001132,Shamli,Uttar Pradesh,2021,1263.9358676228933,DIRECT,IND-001132,1.0
IND-001132,Shamli,Uttar Pradesh,2025,1263.7391461814034,DIRECT,IND-001132,1.0
IND-000986,Shrawasti,Uttar Pradesh,1951,1949.79999,LINEAGE_BACKFILL,IND-000724|IND-000749|IND-000750|IND-000752,0.49
IND-000986,Shrawasti,Uttar Pradesh,1961,1949.79999,LINEAGE_BACKFILL,IND-000724|IND-000749|IND-000750|IND-000752,0.49
IND-000986,Shrawasti,Uttar Pradesh,1971,1949.79999,LINEAGE_BACKFILL,IND-000724|IND-000749|IND-000750|IND-000752,0.49
IND-000986,Shrawasti,Uttar Pradesh,1981,1949.799987,LINEAGE_BACKFILL,IND-000724|IND-000749|IND-000750|IND-000752,0.49
IND-000986,Shrawasti,Uttar Pradesh,1991,1949.795605,LINEAGE_BACKFILL,IND-000724|IND-000749|IND-000750|IND-000752,0.49
IND-000986,Shrawasti,Uttar Pradesh,2001,1949.831321,LINEAGE_BACKFILL,IND-000724|IND-000749|IND-000750|IND-000752,0.7
IND-000986,Shrawasti,Uttar Pradesh,2011,1953.7018687882537,DIRECT,IND-000986,1.0
IND-000986,Shrawasti,Uttar Pradesh,2021,1930.1039981092013,DIRECT,IND-000986,1.0
IND-000986,Shrawasti,Uttar Pradesh,2025,1931.1422314185468,DIRECT,IND-000986,1.0
IND-000291,Sitapur,Uttar Pradesh,1951,5793.660095022661,DIRECT,IND-000291,1.0
IND-000291,Sitapur,Uttar Pradesh,1961,5793.660095022661,DIRECT,IND-000291,1.0
IND-000291,Sitapur,Uttar Pradesh,1971,5793.660095022661,DIRECT,IND-000291,1.0
IND-000291,Sitapur,Uttar Pradesh,1981,5793.660095022661,DIRECT,IND-000291,1.0
IND-000291,Sitapur,Uttar Pradesh,1991,5793.7016394578295,DIRECT,IND-000291,1.0
IND-000291,Sitapur,Uttar Pradesh,2001,5793.7016394578295,DIRECT,IND-000291,1.0
IND-000291,Sitapur,Uttar Pradesh,2011,5758.948581253569,DIRECT,IND-000291,1.0
IND-000291,Sitapur,Uttar Pradesh,2021,5739.835000016067,DIRECT,IND-000291,1.0
IND-000291,Sitapur,Uttar Pradesh,2025,5740.21999510713,DIRECT,IND-000291,1.0
IND-001125,Sultanpur,Uttar Pradesh,1951,2445.610854,LINEAGE_BACKFILL,IND-000278|IND-000297|IND-000298|IND-000747|IND-000748,0.49
IND-001125,Sultanpur,Uttar Pradesh,1961,2445.610854,LINEAGE_BACKFILL,IND-000278|IND-000297|IND-000298|IND-000747|IND-000748,0.49
IND-001125,Sultanpur,Uttar Pradesh,1971,2445.610854,LINEAGE_BACKFILL,IND-000278|IND-000297|IND-000298|IND-000747|IND-000748,0.49
IND-001125,Sultanpur,Uttar Pradesh,1981,2445.610854,LINEAGE_BACKFILL,IND-000278|IND-000297|IND-000298|IND-000747|IND-000748,0.49
IND-001125,Sultanpur,Uttar Pradesh,1991,2445.595097,LINEAGE_BACKFILL,IND-000278|IND-000297|IND-000298|IND-000747|IND-000748,0.49
IND-001125,Sultanpur,Uttar Pradesh,2001,2445.595537,LINEAGE_BACKFILL,IND-000278|IND-000297|IND-000298|IND-000747|IND-000748,0.7
IND-001125,Sultanpur,Uttar Pradesh,2011,2452.915843,LINEAGE_BACKFILL,IND-000278|IND-000297|IND-000298|IND-000747|IND-000748,0.7
IND-001125,Sultanpur,Uttar Pradesh,2021,2453.035007903446,DIRECT,IND-001125,1.0
IND-001125,Sultanpur,Uttar Pradesh,2025,2674.5255837555987,DIRECT,IND-001125,1.0
IND-000289,Unnao,Uttar Pradesh,1951,4567.542053775359,DIRECT,IND-000289,1.0
IND-000289,Unnao,Uttar Pradesh,1961,4567.542053775359,DIRECT,IND-000289,1.0
IND-000289,Unnao,Uttar Pradesh,1971,4567.542053775359,DIRECT,IND-000289,1.0
IND-000289,Unnao,Uttar Pradesh,1981,4567.542156495009,DIRECT,IND-000289,1.0
IND-000289,Unnao,Uttar Pradesh,1991,4567.513980587774,DIRECT,IND-000289,1.0
IND-000289,Unnao,Uttar Pradesh,2001,4567.513980587774,DIRECT,IND-000289,1.0
IND-000289,Unnao,Uttar Pradesh,2011,4557.902263678612,DIRECT,IND-000289,1.0
IND-000289,Unnao,Uttar Pradesh,2021,4568.627101620529,DIRECT,IND-000289,1.0
IND-000289,Unnao,Uttar Pradesh,2025,4568.8918068394405,DIRECT,IND-000289,1.0
IND-000356,Uttar Kashi,Uttar Pradesh,1951,8034.699985,LINEAGE_BACKFILL,IND-000300,0.85
IND-000356,Uttar Kashi,Uttar Pradesh,1961,8034.842068633491,DIRECT,IND-000356,1.0
IND-000356,Uttar Kashi,Uttar Pradesh,1971,8034.842068633491,DIRECT,IND-000356,1.0
IND-000356,Uttar Kashi,Uttar Pradesh,1981,8034.84382103823,DIRECT,IND-000356,1.0
IND-000356,Uttar Kashi,Uttar Pradesh,1991,8034.899061941825,DIRECT,IND-000356,1.0
IND-000356,Uttar Kashi,Uttar Pradesh,2001,8034.899061941825,DIRECT,IND-000356,1.0
IND-000356,Uttar Kashi,Uttar Pradesh,2011,7990.079094315823,DIRECT,IND-000356,1.0
IND-000356,Uttar Kashi,Uttar Pradesh,2021,8009.990805370855,DIRECT,IND-000356,1.0
IND-000356,Uttar Kashi,Uttar Pradesh,2025,7982.534555180965,DIRECT,IND-000356,1.0
IND-000760,Varanasi,Uttar Pradesh,1951,1519.919584,LINEAGE_BACKFILL,IND-000427,0.4655
IND-000760,Varanasi,Uttar Pradesh,1961,1519.928791,LINEAGE_BACKFILL,IND-000427,0.665
IND-000760,Varanasi,Uttar Pradesh,1971,1519.981059,LINEAGE_BACKFILL,IND-000427,0.95
IND-000760,Varanasi,Uttar Pradesh,1981,1519.981059,LINEAGE_BACKFILL,IND-000427,0.95
IND-000760,Varanasi,Uttar Pradesh,1991,1520.006333,LINEAGE_BACKFILL,IND-000427,0.95
IND-000760,Varanasi,Uttar Pradesh,2001,1520.150049933289,DIRECT,IND-000760,1.0
IND-000760,Varanasi,Uttar Pradesh,2011,1545.5436243847291,DIRECT,IND-000760,1.0
IND-000760,Varanasi,Uttar Pradesh,2021,1533.3295227946037,DIRECT,IND-000760,1.0
IND-000760,Varanasi,Uttar Pradesh,2025,1533.053865288683,DIRECT,IND-000760,1.0
IND-000598,Firozabad,Uttar_Pradesh,1951,2420.50949,LINEAGE_BACKFILL,IND-000259,0.85
IND-000598,Firozabad,Uttar_Pradesh,1961,2420.50949,LINEAGE_BACKFILL,IND-000259,0.85
IND-000598,Firozabad,Uttar_Pradesh,1971,2420.50949,LINEAGE_BACKFILL,IND-000259,0.85
IND-000598,Firozabad,Uttar_Pradesh,1981,2420.518492,LINEAGE_BACKFILL,IND-000259,0.85
IND-000598,Firozabad,Uttar_Pradesh,1991,2420.6113210977114,DIRECT,IND-000598,1.0
IND-000598,Firozabad,Uttar_Pradesh,2001,2420.6113210977114,DIRECT,IND-000598,1.0
IND-000598,Firozabad,Uttar_Pradesh,2011,2416.8835966059332,DIRECT,IND-000598,1.0
IND-000598,Firozabad,Uttar_Pradesh,2021,2419.925163582649,DIRECT,IND-000598,1.0
IND-000598,Firozabad,Uttar_Pradesh,2025,2419.880594522559,DIRECT,IND-000598,1.0
IND-000599,Gorakhpur,Uttar_Pradesh,1951,3334.250955,LINEAGE_BACKFILL,IND-000281,0.85
IND-000599,Gorakhpur,Uttar_Pradesh,1961,3334.250955,LINEAGE_BACKFILL,IND-000281,0.85
IND-000599,Gorakhpur,Uttar_Pradesh,1971,3334.250955,LINEAGE_BACKFILL,IND-000281,0.85
IND-000599,Gorakhpur,Uttar_Pradesh,1981,3334.251186,LINEAGE_BACKFILL,IND-000281,0.85
IND-000599,Gorakhpur,Uttar_Pradesh,1991,3334.424903588458,DIRECT,IND-000599,1.0
IND-000599,Gorakhpur,Uttar_Pradesh,2001,3334.424903588458,DIRECT,IND-000599,1.0
IND-000599,Gorakhpur,Uttar_Pradesh,2011,3324.63314121366,DIRECT,IND-000599,1.0
IND-000599,Gorakhpur,Uttar_Pradesh,2021,3329.8114038237422,DIRECT,IND-000599,1.0
IND-000599,Gorakhpur,Uttar_Pradesh,2025,3329.7771507011344,DIRECT,IND-000599,1.0
IND-000600,Hardwar,Uttar_Pradesh,1951,2274.531703,LINEAGE_BACKFILL,IND-000252,0.85
IND-000600,Hardwar,Uttar_Pradesh,1961,2274.531703,LINEAGE_BACKFILL,IND-000252,0.85
IND-000600,Hardwar,Uttar_Pradesh,1971,2274.531703,LINEAGE_BACKFILL,IND-000252,0.85
IND-000600,Hardwar,Uttar_Pradesh,1981,2274.524332,LINEAGE_BACKFILL,IND-000252,0.85
IND-000600,Hardwar,Uttar_Pradesh,1991,2274.6578583021446,DIRECT,IND-000600,1.0
IND-000600,Hardwar,Uttar_Pradesh,2001,2274.6578583021446,DIRECT,IND-000600,1.0
IND-000600,Hardwar,Uttar_Pradesh,2011,2277.1649659110712,DIRECT,IND-000600,1.0
IND-000600,Hardwar,Uttar_Pradesh,2021,2289.937189128153,DIRECT,IND-000600,1.0
IND-000600,Hardwar,Uttar_Pradesh,2025,2290.132899206737,DIRECT,IND-000600,1.0
IND-000603,Maharajganj,Uttar_Pradesh,1951,3003.734189,LINEAGE_BACKFILL,IND-000281,0.85
IND-000603,Maharajganj,Uttar_Pradesh,1961,3003.734189,LINEAGE_BACKFILL,IND-000281,0.85
IND-000603,Maharajganj,Uttar_Pradesh,1971,3003.734189,LINEAGE_BACKFILL,IND-000281,0.85
IND-000603,Maharajganj,Uttar_Pradesh,1981,3003.734397,LINEAGE_BACKFILL,IND-000281,0.85
IND-000603,Maharajganj,Uttar_Pradesh,1991,3003.911021885727,DIRECT,IND-000603,1.0
IND-000603,Maharajganj,Uttar_Pradesh,2001,3003.911021885727,DIRECT,IND-000603,1.0
IND-000603,Maharajganj,Uttar_Pradesh,2011,2909.561140446232,DIRECT,IND-000603,1.0
IND-000603,Maharajganj,Uttar_Pradesh,2021,2945.484446421526,DIRECT,IND-000603,1.0
IND-000603,Maharajganj,Uttar_Pradesh,2025,2944.405620028081,DIRECT,IND-000603,1.0
IND-000604,Mainpuri,Uttar_Pradesh,1951,2767.697582,LINEAGE_BACKFILL,IND-000259,0.85
IND-000604,Mainpuri,Uttar_Pradesh,1961,2767.697582,LINEAGE_BACKFILL,IND-000259,0.85
IND-000604,Mainpuri,Uttar_Pradesh,1971,2767.697582,LINEAGE_BACKFILL,IND-000259,0.85
IND-000604,Mainpuri,Uttar_Pradesh,1981,2767.707874,LINEAGE_BACKFILL,IND-000259,0.85
IND-000604,Mainpuri,Uttar_Pradesh,1991,2767.874087683858,DIRECT,IND-000604,1.0
IND-000604,Mainpuri,Uttar_Pradesh,2001,2767.874087683858,DIRECT,IND-000604,1.0
IND-000604,Mainpuri,Uttar_Pradesh,2011,2690.922717540328,DIRECT,IND-000604,1.0
IND-000604,Mainpuri,Uttar_Pradesh,2021,2737.703499308602,DIRECT,IND-000604,1.0
IND-000604,Mainpuri,Uttar_Pradesh,2025,2737.826311941809,DIRECT,IND-000604,1.0
IND-000607,Mirzapur,Uttar_Pradesh,1951,4920.975552,LINEAGE_BACKFILL,IND-000277,0.85
IND-000607,Mirzapur,Uttar_Pradesh,1961,4434.528047,LINEAGE_BACKFILL,IND-000277,0.85
IND-000607,Mirzapur,Uttar_Pradesh,1971,4434.528047,LINEAGE_BACKFILL,IND-000277,0.85
IND-000607,Mirzapur,Uttar_Pradesh,1981,4434.528047,LINEAGE_BACKFILL,IND-000277,0.85
IND-000607,Mirzapur,Uttar_Pradesh,1991,4434.810693560075,DIRECT,IND-000607,1.0
IND-000607,Mirzapur,Uttar_Pradesh,2001,4434.810693560075,DIRECT,IND-000607,1.0
IND-000607,Mirzapur,Uttar_Pradesh,2011,4438.669601789486,DIRECT,IND-000607,1.0
IND-000607,Mirzapur,Uttar_Pradesh,2021,4416.068996326796,DIRECT,IND-000607,1.0
IND-000607,Mirzapur,Uttar_Pradesh,2025,4415.77104842923,DIRECT,IND-000607,1.0
IND-000608,Saharanpur,Uttar_Pradesh,1951,3773.703222,LINEAGE_BACKFILL,IND-000252,0.7
IND-000608,Saharanpur,Uttar_Pradesh,1961,3773.703222,LINEAGE_BACKFILL,IND-000252,0.7
IND-000608,Saharanpur,Uttar_Pradesh,1971,3773.703222,LINEAGE_BACKFILL,IND-000252,0.7
IND-000608,Saharanpur,Uttar_Pradesh,1981,3773.690992,LINEAGE_BACKFILL,IND-000252,0.7
IND-000608,Saharanpur,Uttar_Pradesh,1991,3773.757915785939,DIRECT,IND-000608,1.0
IND-000608,Saharanpur,Uttar_Pradesh,2001,3773.757915785939,DIRECT,IND-000608,1.0
IND-000608,Saharanpur,Uttar_Pradesh,2011,3618.4904899139674,DIRECT,IND-000608,1.0
IND-000608,Saharanpur,Uttar_Pradesh,2021,3719.347096587604,DIRECT,IND-000608,1.0
IND-000608,Saharanpur,Uttar_Pradesh,2025,3716.7521070103057,DIRECT,IND-000608,1.0
IND-000609,Siddharthnagar,Uttar_Pradesh,1951,2780.124512,LINEAGE_BACKFILL,IND-000283,0.85
IND-000609,Siddharthnagar,Uttar_Pradesh,1961,2780.124512,LINEAGE_BACKFILL,IND-000283,0.85
IND-000609,Siddharthnagar,Uttar_Pradesh,1971,2780.124512,LINEAGE_BACKFILL,IND-000283,0.85
IND-000609,Siddharthnagar,Uttar_Pradesh,1981,2780.124555,LINEAGE_BACKFILL,IND-000283,0.85
IND-000609,Siddharthnagar,Uttar_Pradesh,1991,2780.18627994716,DIRECT,IND-000609,1.0
IND-000609,Siddharthnagar,Uttar_Pradesh,2001,2780.18627994716,DIRECT,IND-000609,1.0
IND-000609,Siddharthnagar,Uttar_Pradesh,2011,2809.9109932823653,DIRECT,IND-000609,1.0
IND-000609,Siddharthnagar,Uttar_Pradesh,2021,2896.662461572729,DIRECT,IND-000609,1.0
IND-000609,Siddharthnagar,Uttar_Pradesh,2025,2895.901602692768,DIRECT,IND-000609,1.0
IND-000610,Sonbhadra,Uttar_Pradesh,1951,7640.243564,LINEAGE_BACKFILL,IND-000277,0.85
IND-000610,Sonbhadra,Uttar_Pradesh,1961,6884.991403,LINEAGE_BACKFILL,IND-000277,0.85
IND-000610,Sonbhadra,Uttar_Pradesh,1971,6884.991403,LINEAGE_BACKFILL,IND-000277,0.85
IND-000610,Sonbhadra,Uttar_Pradesh,1981,6884.991403,LINEAGE_BACKFILL,IND-000277,0.85
IND-000610,Sonbhadra,Uttar_Pradesh,1991,6885.263212977541,DIRECT,IND-000610,1.0
IND-000610,Sonbhadra,Uttar_Pradesh,2001,6885.263212977541,DIRECT,IND-000610,1.0
IND-000610,Sonbhadra,Uttar_Pradesh,2011,6849.529733131544,DIRECT,IND-000610,1.0
IND-000610,Sonbhadra,Uttar_Pradesh,2021,6905.193201945248,DIRECT,IND-000610,1.0
IND-000610,Sonbhadra,Uttar_Pradesh,2025,6886.092952827983,DIRECT,IND-000610,1.0
IND-000691,Almora,Uttarakhand,1951,3002.273569,LINEAGE_BACKFILL,IND-000504,0.4655
IND-000691,Almora,Uttarakhand,1961,3002.324706,LINEAGE_BACKFILL,IND-000504,0.665
IND-000691,Almora,Uttarakhand,1971,3002.324706,LINEAGE_BACKFILL,IND-000504,0.665
IND-000691,Almora,Uttarakhand,1981,3002.378299,LINEAGE_BACKFILL,IND-000504,0.95
IND-000691,Almora,Uttarakhand,1991,3002.363735,LINEAGE_BACKFILL,IND-000504,0.95
IND-000691,Almora,Uttarakhand,2001,3002.478194893149,DIRECT,IND-000691,1.0
IND-000691,Almora,Uttarakhand,2011,3087.650675626819,DIRECT,IND-000691,1.0
IND-000691,Almora,Uttarakhand,2021,3145.366245200396,DIRECT,IND-000691,1.0
IND-000691,Almora,Uttarakhand,2025,3145.316565971346,DIRECT,IND-000691,1.0
IND-000690,Bageshwar,Uttarakhand,1951,2296.888892,LINEAGE_BACKFILL,IND-000504,0.4655
IND-000690,Bageshwar,Uttarakhand,1961,2296.928015,LINEAGE_BACKFILL,IND-000504,0.665
IND-000690,Bageshwar,Uttarakhand,1971,2296.928015,LINEAGE_BACKFILL,IND-000504,0.665
IND-000690,Bageshwar,Uttarakhand,1981,2296.969016,LINEAGE_BACKFILL,IND-000504,0.95
IND-000690,Bageshwar,Uttarakhand,1991,2296.957874,LINEAGE_BACKFILL,IND-000504,0.95
IND-000690,Bageshwar,Uttarakhand,2001,2297.1205167674216,DIRECT,IND-000690,1.0
IND-000690,Bageshwar,Uttarakhand,2011,2244.9158057669483,DIRECT,IND-000690,1.0
IND-000690,Bageshwar,Uttarakhand,2021,2234.869345716786,DIRECT,IND-000690,1.0
IND-000690,Bageshwar,Uttarakhand,2025,2235.226927829272,DIRECT,IND-000690,1.0
IND-000686,Chamoli,Uttarakhand,1951,7702.738282,LINEAGE_BACKFILL,IND-000357,0.8075
IND-000686,Chamoli,Uttarakhand,1961,7702.850882,LINEAGE_BACKFILL,IND-000357,0.95
IND-000686,Chamoli,Uttarakhand,1971,7702.850882,LINEAGE_BACKFILL,IND-000357,0.95
IND-000686,Chamoli,Uttarakhand,1981,7702.850882,LINEAGE_BACKFILL,IND-000357,0.95
IND-000686,Chamoli,Uttarakhand,1991,7702.84221,LINEAGE_BACKFILL,IND-000357,0.95
IND-000686,Chamoli,Uttarakhand,2001,7702.950231553389,DIRECT,IND-000686,1.0
IND-000686,Chamoli,Uttarakhand,2011,7843.181115693283,DIRECT,IND-000686,1.0
IND-000686,Chamoli,Uttarakhand,2021,7807.20881678016,DIRECT,IND-000686,1.0
IND-000686,Chamoli,Uttarakhand,2025,7821.174043192629,DIRECT,IND-000686,1.0
IND-000692,Champawat,Uttarakhand,1951,1802.750305,LINEAGE_BACKFILL,IND-000503,0.4655
IND-000692,Champawat,Uttarakhand,1961,1802.771198,LINEAGE_BACKFILL,IND-000503,0.665
IND-000692,Champawat,Uttarakhand,1971,1802.771198,LINEAGE_BACKFILL,IND-000503,0.665
IND-000692,Champawat,Uttarakhand,1981,1802.808771,LINEAGE_BACKFILL,IND-000503,0.95
IND-000692,Champawat,Uttarakhand,1991,1802.816056,LINEAGE_BACKFILL,IND-000503,0.95
IND-000692,Champawat,Uttarakhand,2001,1802.994701468622,DIRECT,IND-000692,1.0
IND-000692,Champawat,Uttarakhand,2011,1814.2384897331003,DIRECT,IND-000692,1.0
IND-000692,Champawat,Uttarakhand,2021,1769.5775922855362,DIRECT,IND-000692,1.0
IND-000692,Champawat,Uttarakhand,2025,1768.681950064056,DIRECT,IND-000692,1.0
IND-000693,Nainital,Uttarakhand,1951,4134.075769,LINEAGE_BACKFILL,IND-000285,0.95
IND-000693,Nainital,Uttarakhand,1961,4134.075769,LINEAGE_BACKFILL,IND-000285,0.95
IND-000693,Nainital,Uttarakhand,1971,4134.075769,LINEAGE_BACKFILL,IND-000285,0.95
IND-000693,Nainital,Uttarakhand,1981,4134.075229,LINEAGE_BACKFILL,IND-000285,0.95
IND-000693,Nainital,Uttarakhand,1991,4134.09005,LINEAGE_BACKFILL,IND-000285,0.95
IND-000693,Nainital,Uttarakhand,2001,4134.1606439037305,DIRECT,IND-000693,1.0
IND-000693,Nainital,Uttarakhand,2011,4015.593441553476,DIRECT,IND-000693,1.0
IND-000693,Nainital,Uttarakhand,2021,3990.0546694179816,DIRECT,IND-000693,1.0
IND-000693,Nainital,Uttarakhand,2025,3989.982774551354,DIRECT,IND-000693,1.0
IND-000689,Pithoragarh,Uttarakhand,1951,6895.186159,LINEAGE_BACKFILL,IND-000503,0.4655
IND-000689,Pithoragarh,Uttarakhand,1961,6895.266072,LINEAGE_BACKFILL,IND-000503,0.665
IND-000689,Pithoragarh,Uttarakhand,1971,6895.266072,LINEAGE_BACKFILL,IND-000503,0.665
IND-000689,Pithoragarh,Uttarakhand,1981,6895.409779,LINEAGE_BACKFILL,IND-000503,0.95
IND-000689,Pithoragarh,Uttarakhand,1991,6895.437644,LINEAGE_BACKFILL,IND-000503,0.95
IND-000689,Pithoragarh,Uttarakhand,2001,6895.541094303322,DIRECT,IND-000689,1.0
IND-000689,Pithoragarh,Uttarakhand,2011,7233.759551434262,DIRECT,IND-000689,1.0
IND-000689,Pithoragarh,Uttarakhand,2021,7218.735483722626,DIRECT,IND-000689,1.0
IND-000689,Pithoragarh,Uttarakhand,2025,7232.413943820924,DIRECT,IND-000689,1.0
IND-000687,Rudraprayag,Uttarakhand,1951,1961.639056,LINEAGE_BACKFILL,IND-000357|IND-000359,0.49
IND-000687,Rudraprayag,Uttarakhand,1961,1961.70673,LINEAGE_BACKFILL,IND-000357|IND-000359,0.7
IND-000687,Rudraprayag,Uttarakhand,1971,1961.70673,LINEAGE_BACKFILL,IND-000357|IND-000359,0.7
IND-000687,Rudraprayag,Uttarakhand,1981,1961.706736,LINEAGE_BACKFILL,IND-000357|IND-000359,0.7
IND-000687,Rudraprayag,Uttarakhand,1991,1961.708252,LINEAGE_BACKFILL,IND-000357|IND-000359,0.7
IND-000687,Rudraprayag,Uttarakhand,2001,1961.8187602760504,DIRECT,IND-000687,1.0
IND-000687,Rudraprayag,Uttarakhand,2011,1985.4816298925912,DIRECT,IND-000687,1.0
IND-000687,Rudraprayag,Uttarakhand,2021,1987.988393511077,DIRECT,IND-000687,1.0
IND-000687,Rudraprayag,Uttarakhand,2025,1987.937994103824,DIRECT,IND-000687,1.0
IND-000688,Tehri Garhwal,Uttarakhand,1951,3932.394535,LINEAGE_BACKFILL,IND-000359,0.49
IND-000688,Tehri Garhwal,Uttarakhand,1961,3932.640223,LINEAGE_BACKFILL,IND-000359,0.7
IND-000688,Tehri Garhwal,Uttarakhand,1971,3932.640223,LINEAGE_BACKFILL,IND-000359,0.7
IND-000688,Tehri Garhwal,Uttarakhand,1981,3932.640254,LINEAGE_BACKFILL,IND-000359,0.7
IND-000688,Tehri Garhwal,Uttarakhand,1991,3932.653799,LINEAGE_BACKFILL,IND-000359,0.7
IND-000688,Tehri Garhwal,Uttarakhand,2001,3932.810762761915,DIRECT,IND-000688,1.0
IND-000688,Tehri Garhwal,Uttarakhand,2011,3885.698504316979,DIRECT,IND-000688,1.0
IND-000688,Tehri Garhwal,Uttarakhand,2021,3909.4336243831,DIRECT,IND-000688,1.0
IND-000688,Tehri Garhwal,Uttarakhand,2025,3909.177525822297,DIRECT,IND-000688,1.0
IND-000694,Udham Singh Nagar,Uttarakhand,1951,2519.92039,LINEAGE_BACKFILL,IND-000285,0.95
IND-000694,Udham Singh Nagar,Uttarakhand,1961,2519.92039,LINEAGE_BACKFILL,IND-000285,0.95
IND-000694,Udham Singh Nagar,Uttarakhand,1971,2519.92039,LINEAGE_BACKFILL,IND-000285,0.95
IND-000694,Udham Singh Nagar,Uttarakhand,1981,2519.920061,LINEAGE_BACKFILL,IND-000285,0.95
IND-000694,Udham Singh Nagar,Uttarakhand,1991,2519.929095,LINEAGE_BACKFILL,IND-000285,0.95
IND-000694,Udham Singh Nagar,Uttarakhand,2001,2520.0808966019913,DIRECT,IND-000694,1.0
IND-000694,Udham Singh Nagar,Uttarakhand,2011,2700.5900635783237,DIRECT,IND-000694,1.0
IND-000694,Udham Singh Nagar,Uttarakhand,2021,2671.5679518353395,DIRECT,IND-000694,1.0
IND-000694,Udham Singh Nagar,Uttarakhand,2025,2670.757827954241,DIRECT,IND-000694,1.0
IND-000134,Chhatarpur,Vindhya Pradesh,1951,8757.949502029347,DIRECT,IND-000134,1.0
IND-000134,Chhatarpur,Vindhya Pradesh,1961,8757.949502029347,DIRECT,IND-000134,1.0
IND-000134,Chhatarpur,Vindhya Pradesh,1971,8757.949502029347,DIRECT,IND-000134,1.0
IND-000134,Chhatarpur,Vindhya Pradesh,1981,8757.953431575123,DIRECT,IND-000134,1.0
IND-000134,Chhatarpur,Vindhya Pradesh,1991,8757.867252086264,DIRECT,IND-000134,1.0
IND-000134,Chhatarpur,Vindhya Pradesh,2001,8757.867252086264,DIRECT,IND-000134,1.0
IND-000134,Chhatarpur,Vindhya Pradesh,2011,8775.558393134841,DIRECT,IND-000134,1.0
IND-000134,Chhatarpur,Vindhya Pradesh,2021,8674.65778403792,DIRECT,IND-000134,1.0
IND-000134,Chhatarpur,Vindhya Pradesh,2025,8677.207795651713,DIRECT,IND-000134,1.0
IND-000135,Panna,Vindhya Pradesh,1951,7094.04508591198,DIRECT,IND-000135,1.0
IND-000135,Panna,Vindhya Pradesh,1961,7094.04508591198,DIRECT,IND-000135,1.0
IND-000135,Panna,Vindhya Pradesh,1971,7094.04508591198,DIRECT,IND-000135,1.0
IND-000135,Panna,Vindhya Pradesh,1981,7094.113369581251,DIRECT,IND-000135,1.0
IND-000135,Panna,Vindhya Pradesh,1991,7094.127440151939,DIRECT,IND-000135,1.0
IND-000135,Panna,Vindhya Pradesh,2001,7094.127440151939,DIRECT,IND-000135,1.0
IND-000135,Panna,Vindhya Pradesh,2011,6928.843560885274,DIRECT,IND-000135,1.0
IND-000135,Panna,Vindhya Pradesh,2021,7100.808206847459,DIRECT,IND-000135,1.0
IND-000135,Panna,Vindhya Pradesh,2025,7099.151918259375,DIRECT,IND-000135,1.0
IND-000137,Rewa,Vindhya Pradesh,1951,6308.507588469008,DIRECT,IND-000137,1.0
IND-000137,Rewa,Vindhya Pradesh,1961,6308.507588469008,DIRECT,IND-000137,1.0
IND-000137,Rewa,Vindhya Pradesh,1971,6308.507588469008,DIRECT,IND-000137,1.0
IND-000137,Rewa,Vindhya Pradesh,1981,6308.5079965952045,DIRECT,IND-000137,1.0
IND-000137,Rewa,Vindhya Pradesh,1991,6308.590930460767,DIRECT,IND-000137,1.0
IND-000137,Rewa,Vindhya Pradesh,2001,6308.590930460767,DIRECT,IND-000137,1.0
IND-000137,Rewa,Vindhya Pradesh,2011,6339.396611335077,DIRECT,IND-000137,1.0
IND-000137,Rewa,Vindhya Pradesh,2021,6295.350447318059,DIRECT,IND-000137,1.0
IND-000137,Rewa,Vindhya Pradesh,2025,6297.636861650789,DIRECT,IND-000137,1.0
IND-000136,Satna,Vindhya Pradesh,1951,7472.449283045786,DIRECT,IND-000136,1.0
IND-000136,Satna,Vindhya Pradesh,1961,7472.449283045786,DIRECT,IND-000136,1.0
IND-000136,Satna,Vindhya Pradesh,1971,7472.449283045786,DIRECT,IND-000136,1.0
IND-000136,Satna,Vindhya Pradesh,1981,7472.449438597396,DIRECT,IND-000136,1.0
IND-000136,Satna,Vindhya Pradesh,1991,7472.405143173128,DIRECT,IND-000136,1.0
IND-000136,Satna,Vindhya Pradesh,2001,7472.405143173128,DIRECT,IND-000136,1.0
IND-000136,Satna,Vindhya Pradesh,2011,7672.665753772944,DIRECT,IND-000136,1.0
IND-000136,Satna,Vindhya Pradesh,2021,7518.470431246289,DIRECT,IND-000136,1.0
IND-000136,Satna,Vindhya Pradesh,2025,7525.10359160397,DIRECT,IND-000136,1.0
IND-001210,Alipurduar,West Bengal,1951,2732.856165,LINEAGE_BACKFILL,IND-000314|IND-000316|IND-001060,0.1681
IND-001210,Alipurduar,West Bengal,1961,2732.856165,LINEAGE_BACKFILL,IND-000314|IND-000316|IND-001060,0.1681
IND-001210,Alipurduar,West Bengal,1971,2732.856165,LINEAGE_BACKFILL,IND-000314|IND-000316|IND-001060,0.1681
IND-001210,Alipurduar,West Bengal,1981,2732.850809,LINEAGE_BACKFILL,IND-000314|IND-000316|IND-001060,0.2401
IND-001210,Alipurduar,West Bengal,1991,2732.730213,LINEAGE_BACKFILL,IND-000314|IND-000316|IND-001060,0.343
IND-001210,Alipurduar,West Bengal,2001,2739.484733,LINEAGE_BACKFILL,IND-000314|IND-000316|IND-001060,0.49
IND-001210,Alipurduar,West Bengal,2011,2747.109102,LINEAGE_BACKFILL,IND-000314|IND-000316|IND-001060,0.7
IND-001210,Alipurduar,West Bengal,2021,2749.769589662794,DIRECT,IND-001210,1.0
IND-001210,Alipurduar,West Bengal,2025,2798.403760335911,DIRECT,IND-001210,1.0
IND-000304,Bankura,West Bengal,1951,6896.930766697334,DIRECT,IND-000304,1.0
IND-000304,Bankura,West Bengal,1961,6896.930766697334,DIRECT,IND-000304,1.0
IND-000304,Bankura,West Bengal,1971,6896.930766697334,DIRECT,IND-000304,1.0
IND-000304,Bankura,West Bengal,1981,6896.930766697334,DIRECT,IND-000304,1.0
IND-000304,Bankura,West Bengal,1991,6896.977392890273,DIRECT,IND-000304,1.0
IND-000304,Bankura,West Bengal,2001,6896.977392890273,DIRECT,IND-000304,1.0
IND-000304,Bankura,West Bengal,2011,6932.365040735175,DIRECT,IND-000304,1.0
IND-000304,Bankura,West Bengal,2021,6891.272083774226,DIRECT,IND-000304,1.0
IND-000304,Bankura,West Bengal,2025,6885.255853152706,DIRECT,IND-000304,1.0
IND-000303,Birbhum,West Bengal,1951,4570.385120318161,DIRECT,IND-000303,1.0
IND-000303,Birbhum,West Bengal,1961,4570.385120318161,DIRECT,IND-000303,1.0
IND-000303,Birbhum,West Bengal,1971,4570.385120318161,DIRECT,IND-000303,1.0
IND-000303,Birbhum,West Bengal,1981,4570.384928701364,DIRECT,IND-000303,1.0
IND-000303,Birbhum,West Bengal,1991,4570.392558432432,DIRECT,IND-000303,1.0
IND-000303,Birbhum,West Bengal,2001,4570.392558432432,DIRECT,IND-000303,1.0
IND-000303,Birbhum,West Bengal,2011,4528.0092539841835,DIRECT,IND-000303,1.0
IND-000303,Birbhum,West Bengal,2021,4544.03218488419,DIRECT,IND-000303,1.0
IND-000303,Birbhum,West Bengal,2025,4549.599543943694,DIRECT,IND-000303,1.0
IND-000316,Cooch Behar,West Bengal,1951,3353.5057993216597,DIRECT,IND-000316,1.0
IND-000316,Cooch Behar,West Bengal,1961,3353.5057993216597,DIRECT,IND-000316,1.0
IND-000316,Cooch Behar,West Bengal,1971,3353.5057993216597,DIRECT,IND-000316,1.0
IND-000316,Cooch Behar,West Bengal,1981,3353.5057535090705,DIRECT,IND-000316,1.0
IND-000316,Cooch Behar,West Bengal,1991,3353.455759662856,DIRECT,IND-000316,1.0
IND-000316,Cooch Behar,West Bengal,2001,3353.455759662856,DIRECT,IND-000316,1.0
IND-000316,Cooch Behar,West Bengal,2011,3354.196401538023,DIRECT,IND-000316,1.0
IND-000316,Cooch Behar,West Bengal,2021,3382.344172507585,DIRECT,IND-000316,1.0
IND-000316,Cooch Behar,West Bengal,2025,3372.2096240697288,DIRECT,IND-000316,1.0
IND-000809,Dakshin Dinajpur,West Bengal,1951,2225.531705,LINEAGE_BACKFILL,IND-000312,0.95
IND-000809,Dakshin Dinajpur,West Bengal,1961,2225.531705,LINEAGE_BACKFILL,IND-000312,0.95
IND-000809,Dakshin Dinajpur,West Bengal,1971,2225.531705,LINEAGE_BACKFILL,IND-000312,0.95
IND-000809,Dakshin Dinajpur,West Bengal,1981,2225.531703,LINEAGE_BACKFILL,IND-000312,0.95
IND-000809,Dakshin Dinajpur,West Bengal,1991,2225.537395,LINEAGE_BACKFILL,IND-000312,0.95
IND-000809,Dakshin Dinajpur,West Bengal,2001,2225.720882332637,DIRECT,IND-000809,1.0
IND-000809,Dakshin Dinajpur,West Bengal,2011,2211.590157068398,DIRECT,IND-000809,1.0
IND-000809,Dakshin Dinajpur,West Bengal,2021,2236.8919774926767,DIRECT,IND-000809,1.0
IND-000809,Dakshin Dinajpur,West Bengal,2025,2234.483119124444,DIRECT,IND-000809,1.0
IND-001205,Darjiling,West Bengal,1951,2009.492474,LINEAGE_BACKFILL,IND-000314|IND-000363|IND-000487|IND-000618|IND-000808,0.49
IND-001205,Darjiling,West Bengal,1961,2009.254556,LINEAGE_BACKFILL,IND-000314|IND-000363|IND-000487|IND-000618|IND-000808,0.49
IND-001205,Darjiling,West Bengal,1971,2009.254556,LINEAGE_BACKFILL,IND-000314|IND-000363|IND-000487|IND-000618|IND-000808,0.49
IND-001205,Darjiling,West Bengal,1981,2009.254142,LINEAGE_BACKFILL,IND-000314|IND-000363|IND-000487|IND-000618|IND-000808,0.665
IND-001205,Darjiling,West Bengal,1991,2009.256527,LINEAGE_BACKFILL,IND-000314|IND-000363|IND-000487|IND-000618|IND-000808,0.665
IND-001205,Darjiling,West Bengal,2001,1999.472756,LINEAGE_BACKFILL,IND-000314|IND-000363|IND-000487|IND-000618|IND-000808,0.7
IND-001205,Darjiling,West Bengal,2011,2027.610855,LINEAGE_BACKFILL,IND-000314|IND-000363|IND-000487|IND-000618|IND-000808,0.7
IND-001205,Darjiling,West Bengal,2021,2032.006270456088,DIRECT,IND-001205,1.0
IND-001205,Darjiling,West Bengal,2025,2050.513034607324,DIRECT,IND-001205,1.0
IND-000306,Howrah,West Bengal,1951,1455.2035186648554,DIRECT,IND-000306,1.0
IND-000306,Howrah,West Bengal,1961,1455.2035186648554,DIRECT,IND-000306,1.0
IND-000306,Howrah,West Bengal,1971,1455.2035186648554,DIRECT,IND-000306,1.0
IND-000306,Howrah,West Bengal,1981,1455.192397475606,DIRECT,IND-000306,1.0
IND-000306,Howrah,West Bengal,1991,1455.200792359134,DIRECT,IND-000306,1.0
IND-000306,Howrah,West Bengal,2001,1455.200792359134,DIRECT,IND-000306,1.0
IND-000306,Howrah,West Bengal,2011,1456.4499738527463,DIRECT,IND-000306,1.0
IND-000306,Howrah,West Bengal,2021,1448.9291079331515,DIRECT,IND-000306,1.0
IND-000306,Howrah,West Bengal,2025,1468.449046464525,DIRECT,IND-000306,1.0
IND-000307,Hugli,West Bengal,1951,3182.883210912673,DIRECT,IND-000307,1.0
IND-000307,Hugli,West Bengal,1961,3182.883210912673,DIRECT,IND-000307,1.0
IND-000307,Hugli,West Bengal,1971,3182.883210912673,DIRECT,IND-000307,1.0
IND-000307,Hugli,West Bengal,1981,3182.883108502877,DIRECT,IND-000307,1.0
IND-000307,Hugli,West Bengal,1991,3182.864337175656,DIRECT,IND-000307,1.0
IND-000307,Hugli,West Bengal,2001,3182.864337175656,DIRECT,IND-000307,1.0
IND-000307,Hugli,West Bengal,2011,3155.124584851713,DIRECT,IND-000307,1.0
IND-000307,Hugli,West Bengal,2021,3137.675178961638,DIRECT,IND-000307,1.0
IND-000307,Hugli,West Bengal,2025,3152.907652690834,DIRECT,IND-000307,1.0
IND-001206,Jalpaiguri,West Bengal,1951,3355.557113,LINEAGE_BACKFILL,IND-000314|IND-000316|IND-000363,0.49
IND-001206,Jalpaiguri,West Bengal,1961,3355.557735,LINEAGE_BACKFILL,IND-000314|IND-000316|IND-000363,0.7
IND-001206,Jalpaiguri,West Bengal,1971,3355.557735,LINEAGE_BACKFILL,IND-000314|IND-000316|IND-000363,0.7
IND-001206,Jalpaiguri,West Bengal,1981,3355.551062,LINEAGE_BACKFILL,IND-000314|IND-000316|IND-000363,0.7
IND-001206,Jalpaiguri,West Bengal,1991,3355.546629,LINEAGE_BACKFILL,IND-000314|IND-000316|IND-000363,0.7
IND-001206,Jalpaiguri,West Bengal,2001,3363.741051,LINEAGE_BACKFILL,IND-000314|IND-000316|IND-000363,0.7
IND-001206,Jalpaiguri,West Bengal,2011,3373.308711,LINEAGE_BACKFILL,IND-000314|IND-000316|IND-000363,0.7
IND-001206,Jalpaiguri,West Bengal,2021,3399.184783762253,DIRECT,IND-001206,1.0
IND-001206,Jalpaiguri,West Bengal,2025,3430.801427305116,DIRECT,IND-001206,1.0
IND-001213,Jhargram,West Bengal,1951,3096.20652,LINEAGE_BACKFILL,IND-000232|IND-000304|IND-000623|IND-000824|IND-000993,0.3259
IND-001213,Jhargram,West Bengal,1961,3096.206649,LINEAGE_BACKFILL,IND-000232|IND-000304|IND-000623|IND-000824|IND-000993,0.4655
IND-001213,Jhargram,West Bengal,1971,3096.206649,LINEAGE_BACKFILL,IND-000232|IND-000304|IND-000623|IND-000824|IND-000993,0.4655
IND-001213,Jhargram,West Bengal,1981,3096.204713,LINEAGE_BACKFILL,IND-000232|IND-000304|IND-000623|IND-000824|IND-000993,0.4655
IND-001213,Jhargram,West Bengal,1991,3096.229678,LINEAGE_BACKFILL,IND-000232|IND-000304|IND-000623|IND-000824|IND-000993,0.4655
IND-001213,Jhargram,West Bengal,2001,3096.230069,LINEAGE_BACKFILL,IND-000232|IND-000304|IND-000623|IND-000824|IND-000993,0.665
IND-001213,Jhargram,West Bengal,2011,3096.191311,LINEAGE_BACKFILL,IND-000232|IND-000304|IND-000623|IND-000824|IND-000993,0.7
IND-001213,Jhargram,West Bengal,2021,3096.254470396789,DIRECT,IND-001213,1.0
IND-001213,Jhargram,West Bengal,2025,3099.767623648412,DIRECT,IND-001213,1.0
IND-001212,Kalimpong,West Bengal,1951,1073.586582,LINEAGE_BACKFILL,IND-000314|IND-000363,0.49
IND-001212,Kalimpong,West Bengal,1961,1073.625917,LINEAGE_BACKFILL,IND-000314|IND-000363,0.7
IND-001212,Kalimpong,West Bengal,1971,1073.625917,LINEAGE_BACKFILL,IND-000314|IND-000363,0.7
IND-001212,Kalimpong,West Bengal,1981,1073.625647,LINEAGE_BACKFILL,IND-000314|IND-000363,0.7
IND-001212,Kalimpong,West Bengal,1991,1073.626562,LINEAGE_BACKFILL,IND-000314|IND-000363,0.7
IND-001212,Kalimpong,West Bengal,2001,1068.376499,LINEAGE_BACKFILL,IND-000314|IND-000363,0.7
IND-001212,Kalimpong,West Bengal,2011,1083.55942,LINEAGE_BACKFILL,IND-000314|IND-000363,0.7
IND-001212,Kalimpong,West Bengal,2021,1084.278449740641,DIRECT,IND-001212,1.0
IND-001212,Kalimpong,West Bengal,2025,1093.2814324946037,DIRECT,IND-001212,1.0
IND-001354,Kolkata,West Bengal,1951,170.316558,LINEAGE_BACKFILL,IND-000306|IND-000644|IND-001204|IND-001209,0.2401
IND-001354,Kolkata,West Bengal,1961,170.316558,LINEAGE_BACKFILL,IND-000306|IND-000644|IND-001204|IND-001209,0.2401
IND-001354,Kolkata,West Bengal,1971,170.316558,LINEAGE_BACKFILL,IND-000306|IND-000644|IND-001204|IND-001209,0.2401
IND-001354,Kolkata,West Bengal,1981,170.316501,LINEAGE_BACKFILL,IND-000306|IND-000644|IND-001204|IND-001209,0.2401
IND-001354,Kolkata,West Bengal,1991,170.315373,LINEAGE_BACKFILL,IND-000306|IND-000644|IND-001204|IND-001209,0.343
IND-001354,Kolkata,West Bengal,2001,169.046957,LINEAGE_BACKFILL,IND-000306|IND-000644|IND-001204|IND-001209,0.343
IND-001354,Kolkata,West Bengal,2011,181.722167,LINEAGE_BACKFILL,IND-000306|IND-000644|IND-001204|IND-001209,0.49
IND-001354,Kolkata,West Bengal,2021,185.367284,LINEAGE_BACKFILL,IND-000306|IND-000644|IND-001204|IND-001209,0.7
IND-001354,Kolkata,West Bengal,2025,185.3932211340551,DIRECT,IND-001354,1.0
IND-000313,Maldah,West Bengal,1951,3668.0333884471065,DIRECT,IND-000313,1.0
IND-000313,Maldah,West Bengal,1961,3668.0333884471065,DIRECT,IND-000313,1.0
IND-000313,Maldah,West Bengal,1971,3668.0333884471065,DIRECT,IND-000313,1.0
IND-000313,Maldah,West Bengal,1981,3668.034399953503,DIRECT,IND-000313,1.0
IND-000313,Maldah,West Bengal,1991,3668.034374905115,DIRECT,IND-000313,1.0
IND-000313,Maldah,West Bengal,2001,3668.034374905115,DIRECT,IND-000313,1.0
IND-000313,Maldah,West Bengal,2011,3742.6288599749096,DIRECT,IND-000313,1.0
IND-000313,Maldah,West Bengal,2021,3589.729451714907,DIRECT,IND-000313,1.0
IND-000313,Maldah,West Bengal,2025,3589.013730579451,DIRECT,IND-000313,1.0
IND-001208,Medinipur West,West Bengal,1951,6272.031663,LINEAGE_BACKFILL,IND-000304|IND-000306|IND-000307|IND-000824|IND-000993|IND-000994,0.2401
IND-001208,Medinipur West,West Bengal,1961,6272.03187,LINEAGE_BACKFILL,IND-000304|IND-000306|IND-000307|IND-000824|IND-000993|IND-000994,0.343
IND-001208,Medinipur West,West Bengal,1971,6272.03187,LINEAGE_BACKFILL,IND-000304|IND-000306|IND-000307|IND-000824|IND-000993|IND-000994,0.343
IND-001208,Medinipur West,West Bengal,1981,6272.027824,LINEAGE_BACKFILL,IND-000304|IND-000306|IND-000307|IND-000824|IND-000993|IND-000994,0.343
IND-001208,Medinipur West,West Bengal,1991,6272.077749,LINEAGE_BACKFILL,IND-000304|IND-000306|IND-000307|IND-000824|IND-000993|IND-000994,0.343
IND-001208,Medinipur West,West Bengal,2001,6272.078441,LINEAGE_BACKFILL,IND-000304|IND-000306|IND-000307|IND-000824|IND-000993|IND-000994,0.49
IND-001208,Medinipur West,West Bengal,2011,6272.246946,LINEAGE_BACKFILL,IND-000304|IND-000306|IND-000307|IND-000824|IND-000993|IND-000994,0.7
IND-001208,Medinipur West,West Bengal,2021,6272.300689934272,DIRECT,IND-001208,1.0
IND-001208,Medinipur West,West Bengal,2025,6274.8985689423935,DIRECT,IND-001208,1.0
IND-000311,Murshidabad,West Bengal,1951,5334.235188137036,DIRECT,IND-000311,1.0
IND-000311,Murshidabad,West Bengal,1961,5334.235188137036,DIRECT,IND-000311,1.0
IND-000311,Murshidabad,West Bengal,1971,5334.235188137036,DIRECT,IND-000311,1.0
IND-000311,Murshidabad,West Bengal,1981,5334.235663550871,DIRECT,IND-000311,1.0
IND-000311,Murshidabad,West Bengal,1991,5334.245331063065,DIRECT,IND-000311,1.0
IND-000311,Murshidabad,West Bengal,2001,5334.245331063065,DIRECT,IND-000311,1.0
IND-000311,Murshidabad,West Bengal,2011,5296.7304242374485,DIRECT,IND-000311,1.0
IND-000311,Murshidabad,West Bengal,2021,5461.9779165896,DIRECT,IND-000311,1.0
IND-000311,Murshidabad,West Bengal,2025,5347.630949428141,DIRECT,IND-000311,1.0
IND-000310,Nadia,West Bengal,1951,3882.084850327161,DIRECT,IND-000310,1.0
IND-000310,Nadia,West Bengal,1961,3882.084850327161,DIRECT,IND-000310,1.0
IND-000310,Nadia,West Bengal,1971,3882.084850327161,DIRECT,IND-000310,1.0
IND-000310,Nadia,West Bengal,1981,3882.085299880496,DIRECT,IND-000310,1.0
IND-000310,Nadia,West Bengal,1991,3882.085079615951,DIRECT,IND-000310,1.0
IND-000310,Nadia,West Bengal,2001,3882.085079615951,DIRECT,IND-000310,1.0
IND-000310,Nadia,West Bengal,2011,3903.60801729909,DIRECT,IND-000310,1.0
IND-000310,Nadia,West Bengal,2021,3910.413049829834,DIRECT,IND-000310,1.0
IND-000310,Nadia,West Bengal,2025,3895.980233027204,DIRECT,IND-000310,1.0
IND-001363,Paschim Barddhaman,West Bengal,1951,1798.971629,LINEAGE_BACKFILL,IND-000303|IND-000304|IND-000364|IND-001002|IND-001207|IND-001211,0.204
IND-001363,Paschim Barddhaman,West Bengal,1961,1798.971659,LINEAGE_BACKFILL,IND-000303|IND-000304|IND-000364|IND-001002|IND-001207|IND-001211,0.204
IND-001363,Paschim Barddhaman,West Bengal,1971,1798.971659,LINEAGE_BACKFILL,IND-000303|IND-000304|IND-000364|IND-001002|IND-001207|IND-001211,0.204
IND-001363,Paschim Barddhaman,West Bengal,1981,1798.971859,LINEAGE_BACKFILL,IND-000303|IND-000304|IND-000364|IND-001002|IND-001207|IND-001211,0.2401
IND-001363,Paschim Barddhaman,West Bengal,1991,1798.9813,LINEAGE_BACKFILL,IND-000303|IND-000304|IND-000364|IND-001002|IND-001207|IND-001211,0.2401
IND-001363,Paschim Barddhaman,West Bengal,2001,1798.981303,LINEAGE_BACKFILL,IND-000303|IND-000304|IND-000364|IND-001002|IND-001207|IND-001211,0.343
IND-001363,Paschim Barddhaman,West Bengal,2011,1809.365943,LINEAGE_BACKFILL,IND-000303|IND-000304|IND-000364|IND-001002|IND-001207|IND-001211,0.49
IND-001363,Paschim Barddhaman,West Bengal,2021,1809.447327,LINEAGE_BACKFILL,IND-000303|IND-000304|IND-000364|IND-001002|IND-001207|IND-001211,0.7
IND-001363,Paschim Barddhaman,West Bengal,2025,1809.615324943698,DIRECT,IND-001363,1.0
IND-001207,Purba Bardhaman,West Bengal,1951,5378.6889,LINEAGE_BACKFILL,IND-000302|IND-000303|IND-000304|IND-000307|IND-000310|IND-000311,0.7
IND-001207,Purba Bardhaman,West Bengal,1961,5378.6889,LINEAGE_BACKFILL,IND-000302|IND-000303|IND-000304|IND-000307|IND-000310|IND-000311,0.7
IND-001207,Purba Bardhaman,West Bengal,1971,5378.6889,LINEAGE_BACKFILL,IND-000302|IND-000303|IND-000304|IND-000307|IND-000310|IND-000311,0.7
IND-001207,Purba Bardhaman,West Bengal,1981,5378.689508,LINEAGE_BACKFILL,IND-000302|IND-000303|IND-000304|IND-000307|IND-000310|IND-000311,0.7
IND-001207,Purba Bardhaman,West Bengal,1991,5378.693029,LINEAGE_BACKFILL,IND-000302|IND-000303|IND-000304|IND-000307|IND-000310|IND-000311,0.7
IND-001207,Purba Bardhaman,West Bengal,2001,5378.693029,LINEAGE_BACKFILL,IND-000302|IND-000303|IND-000304|IND-000307|IND-000310|IND-000311,0.7
IND-001207,Purba Bardhaman,West Bengal,2011,5410.730253,LINEAGE_BACKFILL,IND-000302|IND-000303|IND-000304|IND-000307|IND-000310|IND-000311,0.7
IND-001207,Purba Bardhaman,West Bengal,2021,5410.7688565254675,DIRECT,IND-001207,1.0
IND-001207,Purba Bardhaman,West Bengal,2025,5209.9300768741,DIRECT,IND-001207,1.0
IND-000994,Purba Medinipur,West Bengal,1951,3990.045862,LINEAGE_BACKFILL,IND-000305|IND-000306|IND-000824,0.49
IND-000994,Purba Medinipur,West Bengal,1961,3990.045862,LINEAGE_BACKFILL,IND-000305|IND-000306|IND-000824,0.49
IND-000994,Purba Medinipur,West Bengal,1971,3990.045862,LINEAGE_BACKFILL,IND-000305|IND-000306|IND-000824,0.49
IND-000994,Purba Medinipur,West Bengal,1981,3990.0431,LINEAGE_BACKFILL,IND-000305|IND-000306|IND-000824,0.49
IND-000994,Purba Medinipur,West Bengal,1991,3990.074855,LINEAGE_BACKFILL,IND-000305|IND-000306|IND-000824,0.49
IND-000994,Purba Medinipur,West Bengal,2001,3990.075501,LINEAGE_BACKFILL,IND-000305|IND-000306|IND-000824,0.7
IND-000994,Purba Medinipur,West Bengal,2011,4015.070011580961,DIRECT,IND-000994,1.0
IND-000994,Purba Medinipur,West Bengal,2021,3965.3095944411752,DIRECT,IND-000994,1.0
IND-000994,Purba Medinipur,West Bengal,2025,3957.404497475972,DIRECT,IND-000994,1.0
IND-000364,Purulia,West Bengal,1951,6291.072317,LINEAGE_BACKFILL,IND-000121,0.7
IND-000364,Purulia,West Bengal,1961,6291.198296019157,DIRECT,IND-000364,1.0
IND-000364,Purulia,West Bengal,1971,6291.198296019157,DIRECT,IND-000364,1.0
IND-000364,Purulia,West Bengal,1981,6291.198511664673,DIRECT,IND-000364,1.0
IND-000364,Purulia,West Bengal,1991,6291.150804865033,DIRECT,IND-000364,1.0
IND-000364,Purulia,West Bengal,2001,6291.150804865033,DIRECT,IND-000364,1.0
IND-000364,Purulia,West Bengal,2011,6227.235390498012,DIRECT,IND-000364,1.0
IND-000364,Purulia,West Bengal,2021,6246.34535646203,DIRECT,IND-000364,1.0
IND-000364,Purulia,West Bengal,2025,6256.951950269753,DIRECT,IND-000364,1.0
IND-001204,South Twenty Four Pargan*,West Bengal,1951,6232.441925,LINEAGE_BACKFILL,IND-000306|IND-000309|IND-000644|IND-000992,0.343
IND-001204,South Twenty Four Pargan*,West Bengal,1961,6232.441925,LINEAGE_BACKFILL,IND-000306|IND-000309|IND-000644|IND-000992,0.343
IND-001204,South Twenty Four Pargan*,West Bengal,1971,6232.441925,LINEAGE_BACKFILL,IND-000306|IND-000309|IND-000644|IND-000992,0.343
IND-001204,South Twenty Four Pargan*,West Bengal,1981,6232.441128,LINEAGE_BACKFILL,IND-000306|IND-000309|IND-000644|IND-000992,0.343
IND-001204,South Twenty Four Pargan*,West Bengal,1991,6232.906208,LINEAGE_BACKFILL,IND-000306|IND-000309|IND-000644|IND-000992,0.49
IND-001204,South Twenty Four Pargan*,West Bengal,2001,6124.37598,LINEAGE_BACKFILL,IND-000306|IND-000309|IND-000644|IND-000992,0.49
IND-001204,South Twenty Four Pargan*,West Bengal,2011,7241.823206,LINEAGE_BACKFILL,IND-000306|IND-000309|IND-000644|IND-000992,0.7
IND-001204,South Twenty Four Pargan*,West Bengal,2021,7516.590028206726,DIRECT,IND-001204,1.0
IND-001204,South Twenty Four Pargan*,West Bengal,2025,7668.116949967863,DIRECT,IND-001204,1.0
IND-000808,Uttar Dinajpur,West Bengal,1951,3134.210069,LINEAGE_BACKFILL,IND-000312,0.95
IND-000808,Uttar Dinajpur,West Bengal,1961,3134.210069,LINEAGE_BACKFILL,IND-000312,0.95
IND-000808,Uttar Dinajpur,West Bengal,1971,3134.210069,LINEAGE_BACKFILL,IND-000312,0.95
IND-000808,Uttar Dinajpur,West Bengal,1981,3134.210066,LINEAGE_BACKFILL,IND-000312,0.95
IND-000808,Uttar Dinajpur,West Bengal,1991,3134.218081,LINEAGE_BACKFILL,IND-000312,0.95
IND-000808,Uttar Dinajpur,West Bengal,2001,3134.277241089086,DIRECT,IND-000808,1.0
IND-000808,Uttar Dinajpur,West Bengal,2011,3162.233062066076,DIRECT,IND-000808,1.0
IND-000808,Uttar Dinajpur,West Bengal,2021,3101.8776890339363,DIRECT,IND-000808,1.0
IND-000808,Uttar Dinajpur,West Bengal,2025,3135.5327924117473,DIRECT,IND-000808,1.0
IND-000644,North_24_Parganas,West_Bengal,1951,3879.446103,LINEAGE_BACKFILL,IND-000308,0.7
IND-000644,North_24_Parganas,West_Bengal,1961,3879.446103,LINEAGE_BACKFILL,IND-000308,0.7
IND-000644,North_24_Parganas,West_Bengal,1971,3879.446103,LINEAGE_BACKFILL,IND-000308,0.7
IND-000644,North_24_Parganas,West_Bengal,1981,3879.445595,LINEAGE_BACKFILL,IND-000308,0.7
IND-000644,North_24_Parganas,West_Bengal,1991,3879.606861261886,DIRECT,IND-000644,1.0
IND-000644,North_24_Parganas,West_Bengal,2001,4014.357079558181,DIRECT,IND-000644,1.0
IND-000644,North_24_Parganas,West_Bengal,2011,3997.819052340829,DIRECT,IND-000644,1.0
IND-000644,North_24_Parganas,West_Bengal,2021,4008.6083579045007,DIRECT,IND-000644,1.0
IND-000644,North_24_Parganas,West_Bengal,2025,4004.684733836936,DIRECT,IND-000644,1.0
