event_id,event_type,effective_year,pre_vintage,post_vintage,predecessor,successor,predecessor_ck,successor_ck,transferred_area_km2,measurement_status,predecessor_match_method,successor_match_method
53952f6b80f970c91acdf114bb1bfec6,RENAME,1951,,1961,,,,,,NO_BRACKETING_VINTAGE,,
fa607a10b739186fa196286934a4b897,RENAME,1951,,1961,,,,,,NO_BRACKETING_VINTAGE,,
cc7d3123da24e7f1d5c94ba00fd9cff2,RENAME,1951,,1961,,,,,,NO_BRACKETING_VINTAGE,,
93d5d2a3944b71b22fb6e2958faf0be4,RENAME,1951,,1961,,,,,,NO_BRACKETING_VINTAGE,,
b4cbfdc678291666c203730a718fddc9,RENAME,1951,,1961,,,,,,NO_BRACKETING_VINTAGE,,
98e00e85187075d213d714f69d2cf77d,RENAME,1951,,1961,,,,,,NO_BRACKETING_VINTAGE,,
4b3034c79618f7e7ca5e32cf74344fca,RENAME,1951,,1961,,,,,,NO_BRACKETING_VINTAGE,,
2130bad6846473c7a6a0bcd0f3e136b1,RENAME,1951,,1961,,,,,,NO_BRACKETING_VINTAGE,,
281cfc0fc310df7958b4e04723dfa2bc,RENAME,1951,,1961,,,,,,NO_BRACKETING_VINTAGE,,
4b57957e38800700024a1d0961a745e3,RENAME,1951,,1961,,,,,,NO_BRACKETING_VINTAGE,,
4c36f6596af5ca2fad62b8c699a096d3,RENAME,1951,,1961,,,,,,NO_BRACKETING_VINTAGE,,
825a9d7fc1610cf64bfed1998ac10cd6,RENAME,1951,,1961,,,,,,NO_BRACKETING_VINTAGE,,
d1490cda1dbe324bb8e91b4c6026e81d,RENAME,1951,,1961,,,,,,NO_BRACKETING_VINTAGE,,
90b7f0640502959eec8cede4dc9713d9,RENAME,1951,,1961,,,,,,NO_BRACKETING_VINTAGE,,
c40304d2898f7288002a774b6a942be2,RENAME,1951,,1961,,,,,,NO_BRACKETING_VINTAGE,,
337ae055171fd5327b78e7b8bf182b47,RENAME,1951,,1961,,,,,,NO_BRACKETING_VINTAGE,,
e3ed021a569ff2e87d9e2a2ab078341b,RENAME,1951,,1961,,,,,,NO_BRACKETING_VINTAGE,,
6c544e9c26fa2beb83fe6b118948d0b9,RENAME,1951,,1961,,,,,,NO_BRACKETING_VINTAGE,,
2cc91e122c28f5755a3af08cc44b8659,RENAME,1951,,1961,,,,,,NO_BRACKETING_VINTAGE,,
6bb39951ff34a907cc71af277aadfd23,RENAME,1951,,1961,,,,,,NO_BRACKETING_VINTAGE,,
790c20986d503fce860af6c0039e8536,RENAME,1951,,1961,,,,,,NO_BRACKETING_VINTAGE,,
0318a12600243a05784b3b31bdb1705d,NEW_DISTRICT,1952,1951.0,1961,Hoshangabad,Narsimhapur,,,,PARTIALLY_RESOLVED,,
fcd0ab72e2393f20ad6dc7bf510e4dfc,NEW_DISTRICT,1953,1951.0,1961,Warangal,Khammam,IND-000016,IND-000332,11842.4046,MEASURED,NAME_ONLY,NAME_ONLY
e0cae97b302e71ce8fb242f20fd36ac6,SPLIT,1953,1951.0,1961,Warangal,Khammam,IND-000016,IND-000332,11842.4046,MEASURED,NAME_ONLY,STATE_SCOPED
e0cae97b302e71ce8fb242f20fd36ac6,SPLIT,1953,1951.0,1961,Warangal,Warangal,IND-000016,IND-000331,10114.8136,MEASURED,NAME_ONLY,STATE_SCOPED
5c3ec007a50560f0bd815e08bf64aa73,SPLIT,1953,1951.0,1961,Warangal,Khammam,IND-000016,IND-000332,11842.4046,MEASURED,NAME_ONLY,NAME_ONLY
5c3ec007a50560f0bd815e08bf64aa73,SPLIT,1953,1951.0,1961,Warangal,Warangal,IND-000016,IND-000331,10114.8136,MEASURED,NAME_ONLY,NAME_ONLY
3f68d604eb55380b867fc3f4e9164a0c,NEW_DISTRICT,1954,1951.0,1961,Balipara Frontier Tract,Kameng Frontier Division; Subansiri Frontier Division,,,,PARTIALLY_RESOLVED,,
fd1ea32c123a6ede3355a1d9afa50d39,SPLIT,1954,1951.0,1961,Balipara Frontier Tract,Kameng Frontier Division; Subansiri Frontier Division,,,,PARTIALLY_RESOLVED,,
ea3c667d653f5c69299ac10e80e4e47f,NEW_DISTRICT,1956,1951.0,1961,Jammu; Kashmir,Anantnag; Baramulla; Doda; Jammu; Kathua; Ladakh; Poonch; Srinagar; Udhampur,,,,PARTIALLY_RESOLVED,,
b2c9e1c04871fa39f1a831293ce765c0,NEW_DISTRICT,1956,1951.0,1961,Chhindwara,Seoni,IND-000180,IND-000403,8745.4667,MEASURED,STATE_SCOPED,STATE_SCOPED
5a1d708b211e0142c0fe54ee00d1ddba,NEW_DISTRICT,1956,1951.0,1961,Nimar,East Nimar; West Nimar,,,,PARTIALLY_RESOLVED,,
709dc8ad60dcfe00b2bb209cb1bd148b,NEW_DISTRICT,1956,1951.0,1961,Sagar,Damoh,IND-000184,IND-000400,7303.5991,MEASURED,STATE_SCOPED,STATE_SCOPED
514df833770955026fbcd0f6b5d7f8c0,NEW_DISTRICT,1956,1951.0,1961,Trivandrum,Kanyakumari,IND-000097,IND-000319,1704.6294,MEASURED,NAME_ONLY,STATE_SCOPED
3d7c0ac7309a47f326bed7c0613e9579,SPLIT,1956,1951.0,1961,Jammu; Kashmir,Anantnag; Baramulla; Doda; Jammu; Kathua; Ladakh; Poonch; Srinagar; Udhampur,,,,PARTIALLY_RESOLVED,,
4ab2c8a83c4e0b953636c7138e0b0116,SPLIT,1956,1951.0,1961,Chhindwara,Chhindwara,IND-000180,IND-000402,11820.8594,MEASURED,STATE_SCOPED,STATE_SCOPED
4ab2c8a83c4e0b953636c7138e0b0116,SPLIT,1956,1951.0,1961,Chhindwara,Seoni,IND-000180,IND-000403,8745.4667,MEASURED,STATE_SCOPED,STATE_SCOPED
61dd785e209ff27437a97261b1af9fab,SPLIT,1956,1951.0,1961,Hoshangabad,Hoshangabad,IND-000186,IND-000398,10006.1031,PARTIALLY_RESOLVED,STATE_SCOPED,STATE_SCOPED
e80f911a1f41d640a95c1d03715a819f,SPLIT,1956,1951.0,1961,Nimar,East Nimar; West Nimar,,,,PARTIALLY_RESOLVED,,
ebeb62f9cd4a9a01ab327e107f0ef246,SPLIT,1956,1951.0,1961,Sagar,Damoh,IND-000184,IND-000400,7303.5991,MEASURED,STATE_SCOPED,STATE_SCOPED
ebeb62f9cd4a9a01ab327e107f0ef246,SPLIT,1956,1951.0,1961,Sagar,Sagar,IND-000184,IND-000399,10257.9203,MEASURED,STATE_SCOPED,STATE_SCOPED
6a0b8947c6ce131abec1fa5e3f0df79e,SPLIT,1956,1951.0,1961,Trivandrum,Kanyakumari,IND-000097,IND-000319,1704.6294,PARTIALLY_RESOLVED,NAME_ONLY,STATE_SCOPED
5ef11e1a02ff7d517831b8acad1c87a3,NEW_DISTRICT,1957,1951.0,1961,Malabar,Kozhikode,IND-000212,IND-000388,6573.8469,PARTIALLY_RESOLVED,NAME_ONLY,STATE_SCOPED
348986c43b63ad7d1809f2eecab78cad,NEW_DISTRICT,1957,1951.0,1961,Malabar; South Kanara,Cannanore,,,,PARTIALLY_RESOLVED,,
109977ec643b27749f40a8c821746d59,NEW_DISTRICT,1957,1951.0,1961,Quilon; Kottayam,Alleppey,,,,PARTIALLY_RESOLVED,,
fba356760ef684c24f5a9c5b8c26c4f1,NEW_DISTRICT,1957,1951.0,1961,Tuensang,Mokokchung,,,,PARTIALLY_RESOLVED,,
5ef2aa1b413523981cab78485b0325d6,SPLIT,1957,1951.0,1961,Kottayam,Kottayam,IND-000099,IND-000392,4910.6349,PARTIALLY_RESOLVED,NAME_ONLY,STATE_SCOPED
957d49d619e8a5cd15c84350396c4f7c,SPLIT,1957,1951.0,1961,Malabar,Kozhikode,IND-000212,IND-000388,6573.8469,PARTIALLY_RESOLVED,NAME_ONLY,STATE_SCOPED
f0f10796df48412078b4446c59e5fe32,SPLIT,1957,1951.0,1961,Quilon,Alleppey; Quilon,,,,PARTIALLY_RESOLVED,,
28d17c2d69ae73fcc3c0d16cea75f1f8,SPLIT,1957,1951.0,1961,Tuensang,Mokokchung; Tuensang,,,,PARTIALLY_RESOLVED,,
4266b03c55601dc9ace86c52c345f407,NEW_DISTRICT,1958,1951.0,1961,Kottayam; Trichur,Ernakulam,,,,PARTIALLY_RESOLVED,,
a3fae0fbd453dadf4667334898df1d3d,SPLIT,1958,1951.0,1961,Kottayam,Kottayam,IND-000099,IND-000392,4910.6349,PARTIALLY_RESOLVED,NAME_ONLY,STATE_SCOPED
c15c6f4ff853101d92cee1d544836227,SPLIT,1958,1951.0,1961,Trichur,Ernakulam; Trichur,,,,PARTIALLY_RESOLVED,,
63452b599f5adbc9ff78d36fba8ff6be,NEW_DISTRICT,1960,1951.0,1961,Kangra,Lahaul And Spiti,,,,PARTIALLY_RESOLVED,,
cd5f63b831073683fc72edcc80431035,NEW_DISTRICT,1960,1951.0,1961,Mahasu,Kinnaur,IND-000128,IND-000366,6511.8324,MEASURED,STATE_SCOPED,STATE_SCOPED
813d65417c27c51e19dd01d652f5c5f6,NEW_DISTRICT,1960,1951.0,1961,Almora,Pithoragarh,IND-000286,IND-000358,6895.497,MEASURED,NAME_ONLY,NAME_ONLY
b7ade0a083b6532333e0c793a4ed10ca,NEW_DISTRICT,1960,1951.0,1961,Garhwal,Chamoli,IND-000287,IND-000357,8849.5254,MEASURED,NAME_ONLY,NAME_ONLY
94409e0878cee9ce125896114499d823,NEW_DISTRICT,1960,1951.0,1961,Tehri Garhwal,Uttar Kashi,IND-000300,IND-000356,8034.7,MEASURED,NAME_ONLY,NAME_ONLY
881a2f6e52a4bd342266c73559662d00,SPLIT,1960,1951.0,1961,Kangra,Kangra,IND-000244,IND-000343,13297.7989,PARTIALLY_RESOLVED,NAME_ONLY,NAME_ONLY
72f0102c2d262616102ab2a3dd574e24,SPLIT,1960,1951.0,1961,Mahasu,Kinnaur,IND-000128,IND-000366,6511.8324,MEASURED,STATE_SCOPED,STATE_SCOPED
72f0102c2d262616102ab2a3dd574e24,SPLIT,1960,1951.0,1961,Mahasu,Mahasu,IND-000128,IND-000365,5012.3051,MEASURED,STATE_SCOPED,STATE_SCOPED
a7672abac656ef2cb9b34afe3b711774,SPLIT,1960,1951.0,1961,Almora,Pithoragarh,IND-000286,IND-000358,6895.497,PARTIALLY_RESOLVED,NAME_ONLY,NAME_ONLY
56ea9506b8ac2f909a1dbe966feb955b,SPLIT,1960,1951.0,1961,Garhwal,Chamoli,IND-000287,IND-000357,8849.5254,PARTIALLY_RESOLVED,NAME_ONLY,NAME_ONLY
2cee3a52d430a012636ec11ba103cfb7,SPLIT,1960,1951.0,1961,Tehri Garhwal,Uttar Kashi,IND-000300,IND-000356,8034.7,PARTIALLY_RESOLVED,NAME_ONLY,NAME_ONLY
b51dea8bbc950de5a03bc3ed66974158,NEW_DISTRICT,1961,1951.0,1971,Portuguese Colonial Territory,Dadra And Nagar Haveli,,,,PARTIALLY_RESOLVED,,
c7b38b45a438b61064b8759655965e09,NEW_DISTRICT,1961,1951.0,1971,Portuguese Colonial Territory,Daman; Diu,,,,PARTIALLY_RESOLVED,,
03cb923c98faf40e86c61455045903eb,RENAME,1961,1951.0,1971,Kameng Frontier,Kameng,,,,PARTIALLY_RESOLVED,,
98d9ed4c7849d3722bdef88b98e00a9a,RENAME,1961,1951.0,1971,Lohit Frontier Division,Lohit,,,,PARTIALLY_RESOLVED,,
e4a6c9a46d4c56b0c542a9d3d25e1f5f,RENAME,1961,1951.0,1971,Siang Frontier Division,Siang,,,,PARTIALLY_RESOLVED,,
68f1ff9c6cdaf256b57d86207e7ddee7,RENAME,1961,1951.0,1971,Subansiri Frontier,Subansiri,,,,PARTIALLY_RESOLVED,,
b6783a3a8b34f5ba28dd4a1d64f2fd33,RENAME,1961,1951.0,1971,Tirap Frontier Division,Tirap,,,,PARTIALLY_RESOLVED,,
37939dea5b26ecee660e93bc7f9ad879,RENAME,1961,1951.0,1971,Baroda,Vadodara,,,,PARTIALLY_RESOLVED,,
59410bc8d35c718deddd67a705a5293b,RENAME,1961,1951.0,1971,Broach,Bharuch,,,,PARTIALLY_RESOLVED,,
67410f11668603ca20004eb3976d863f,RENAME,1961,1951.0,1971,Kaira,Kheda,,,,PARTIALLY_RESOLVED,,
90f1904d45be3d99e049a7e802995c5d,RENAME,1961,1951.0,1971,East Nimar,Khandwa,,,,UNRESOLVED_NAME,,
1d2f236f2895a40e144a26c3ab73944a,RENAME,1961,1951.0,1971,West Nimar,Khargone,,,,UNRESOLVED_NAME,,
e4f7a418e7ca77990ccd4fb25adf0471,RENAME,1961,1951.0,1971,Chanda,Chandrapur,IND-000179,IND-000179,,RESOLVED_NO_OVERLAP,NAME_ONLY,STATE_SCOPED
53ebaaea904ae7d99da6de604c941df9,RENAME,1961,1951.0,1971,Mizo Hills,Mizoram,,,,UNRESOLVED_NAME,,
5a75c7ea43c140d6d863f763131be5ba,RENAME,1961,1951.0,1971,Chitorgarh,Chittaurgarh,,,,PARTIALLY_RESOLVED,,
ccdfce2a9af54b48945f4c80cef0928c,RENAME,1961,1951.0,1971,Chingleput,Chengalpattu,,,,PARTIALLY_RESOLVED,,
17ca19691e1da8d72bc293f674fa4da5,RENAME,1961,1951.0,1971,Kanyakumari,Kanniyakumari,,,,UNRESOLVED_NAME,,
f26d46a58dc7fee7ab68f4f6b2c41bd8,SPLIT,1961,1951.0,1971,Daman,Daman,IND-000174,IND-000174,,PARTIALLY_RESOLVED,NAME_ONLY,NAME_ONLY
f26d46a58dc7fee7ab68f4f6b2c41bd8,SPLIT,1961,1951.0,1971,Daman,Diu,IND-000174,IND-000367,,PARTIALLY_RESOLVED,NAME_ONLY,NAME_ONLY
c2dd37ad652cf7f02c4784c6578c9d22,NEW_DISTRICT,1964,1961.0,1971,Ahmedabad,Gandhinagar,IND-000150,IND-000428,674.836,MEASURED,STATE_SCOPED,STATE_SCOPED
c2dd37ad652cf7f02c4784c6578c9d22,NEW_DISTRICT,1964,1961.0,1971,Mehsana,Gandhinagar,IND-000377,IND-000428,,RESOLVED_NO_OVERLAP,STATE_SCOPED,STATE_SCOPED
6338ded77699622dc4e193c59b6f8815,SPLIT,1964,1961.0,1971,Ahmedabad,Gandhinagar,IND-000150,IND-000428,674.836,MEASURED,STATE_SCOPED,STATE_SCOPED
e780e6499cf2b67a7eb63df396d1a8a2,SPLIT,1964,1961.0,1971,Mehsana,Gandhinagar,IND-000377,IND-000428,,RESOLVED_NO_OVERLAP,STATE_SCOPED,STATE_SCOPED
e780e6499cf2b67a7eb63df396d1a8a2,SPLIT,1964,1961.0,1971,Mehsana,Mahesana,IND-000377,IND-000377,9060.4814,MEASURED,STATE_SCOPED,STATE_SCOPED
e59c33f944754f4fa69900577e5f907e,NEW_DISTRICT,1965,1961.0,1971,Salem,Dharmapuri,IND-000218,IND-000417,9583.6654,MEASURED,STATE_SCOPED,STATE_SCOPED
ee3a2f8b12543276e463adda4ca29775,SPLIT,1965,1961.0,1971,Salem,Dharmapuri,IND-000218,IND-000417,9583.6654,MEASURED,STATE_SCOPED,STATE_SCOPED
ee3a2f8b12543276e463adda4ca29775,SPLIT,1965,1961.0,1971,Salem,Salem,IND-000218,IND-000418,8714.6225,MEASURED,STATE_SCOPED,STATE_SCOPED
6a7110c4fd88a8dfb7d0e69f343d5055,NEW_DISTRICT,1966,1961.0,1971,Ambala,Chandigarh,IND-000342,IND-000426,,RESOLVED_NO_OVERLAP,NAME_ONLY,STATE_SCOPED
4cf2e108f4416700804011f0d337f4f4,NEW_DISTRICT,1966,1961.0,1971,Surat,Valsad,,,,PARTIALLY_RESOLVED,,
7ff6b54cd765c4688fae2ad44e2b4163,NEW_DISTRICT,1966,1961.0,1971,Kangra,Kulu,IND-000343,IND-000433,5431.6823,MEASURED,NAME_ONLY,STATE_SCOPED
eff57b445bb22465da020b02c5cf35db,NEW_DISTRICT,1966,1961.0,1971,Ambala,Ropar,IND-000342,IND-000414,,RESOLVED_NO_OVERLAP,STATE_SCOPED,STATE_SCOPED
5a783a26cc65695963e18b1b0b965102,SPLIT,1966,1961.0,1971,Ambala,Ambala,IND-000342,IND-000342,4148.2136,MEASURED,NAME_ONLY,NAME_ONLY
5a783a26cc65695963e18b1b0b965102,SPLIT,1966,1961.0,1971,Ambala,Chandigarh,IND-000342,IND-000426,,RESOLVED_NO_OVERLAP,NAME_ONLY,STATE_SCOPED
d25d7a43b1e4fac2143522b8681a66d9,SPLIT,1966,1961.0,1971,Surat,Surat,IND-000155,IND-000429,7446.8516,PARTIALLY_RESOLVED,STATE_SCOPED,STATE_SCOPED
82abd52e778eed4ff90cc35022bd4242,SPLIT,1966,1961.0,1971,Kangra,Kangra,IND-000343,IND-000432,7865.9827,MEASURED,NAME_ONLY,STATE_SCOPED
82abd52e778eed4ff90cc35022bd4242,SPLIT,1966,1961.0,1971,Kangra,Kulu,IND-000343,IND-000433,5431.6823,MEASURED,NAME_ONLY,STATE_SCOPED
89b662c4ccdd5018f7355d4801b613fe,NEW_DISTRICT,1968,1961.0,1971,Poonch,Rajauri,,,,PARTIALLY_RESOLVED,,
d647fd05936ed9f93f1978b0cb2730a0,SPLIT,1968,1961.0,1971,Poonch,Punch; Rajauri,,,,PARTIALLY_RESOLVED,,
0597117aff357acca5f7b1c3e26ff3f5,NEW_DISTRICT,1969,1961.0,1971,Kozhikode,Malappuram,IND-000388,IND-000440,2834.0628,PARTIALLY_RESOLVED,STATE_SCOPED,STATE_SCOPED
f29899bdaa99d904d8aa95e8901dba95,NEW_DISTRICT,1969,1961.0,1971,Manipur,Manipur Central,IND-000130,IND-000410,5458.9861,MEASURED,STATE_SCOPED,STATE_SCOPED
f29899bdaa99d904d8aa95e8901dba95,NEW_DISTRICT,1969,1961.0,1971,Manipur,Manipur East,IND-000130,IND-000411,4529.9668,MEASURED,STATE_SCOPED,STATE_SCOPED
f29899bdaa99d904d8aa95e8901dba95,NEW_DISTRICT,1969,1961.0,1971,Manipur,Manipur North,IND-000130,IND-000407,3521.6407,MEASURED,STATE_SCOPED,STATE_SCOPED
f29899bdaa99d904d8aa95e8901dba95,NEW_DISTRICT,1969,1961.0,1971,Manipur,Manipur South,IND-000130,IND-000409,4859.7943,MEASURED,STATE_SCOPED,STATE_SCOPED
f29899bdaa99d904d8aa95e8901dba95,NEW_DISTRICT,1969,1961.0,1971,Manipur,Manipur West,IND-000130,IND-000408,4107.8632,MEASURED,STATE_SCOPED,STATE_SCOPED
f1e888c8f0ada2c0b9f90225d0951606,SPLIT,1969,1961.0,1971,Kozhikode,Kozhikode,IND-000388,IND-000439,3739.8826,MEASURED,STATE_SCOPED,STATE_SCOPED
f1e888c8f0ada2c0b9f90225d0951606,SPLIT,1969,1961.0,1971,Kozhikode,Malappuram,IND-000388,IND-000440,2834.0628,MEASURED,STATE_SCOPED,STATE_SCOPED
f8a25a870062e7862a9a634b7e23c722,SPLIT,1969,1961.0,1971,Palghat,Malappuram; Palghat,,,,PARTIALLY_RESOLVED,,
bb8c5c191ae6f0242b17d8178eaf7fb4,SPLIT,1969,1961.0,1971,Manipur,Manipur Central,IND-000130,IND-000410,5458.9861,MEASURED,STATE_SCOPED,STATE_SCOPED
bb8c5c191ae6f0242b17d8178eaf7fb4,SPLIT,1969,1961.0,1971,Manipur,Manipur East,IND-000130,IND-000411,4529.9668,MEASURED,STATE_SCOPED,STATE_SCOPED
bb8c5c191ae6f0242b17d8178eaf7fb4,SPLIT,1969,1961.0,1971,Manipur,Manipur North,IND-000130,IND-000407,3521.6407,MEASURED,STATE_SCOPED,STATE_SCOPED
bb8c5c191ae6f0242b17d8178eaf7fb4,SPLIT,1969,1961.0,1971,Manipur,Manipur South,IND-000130,IND-000409,4859.7943,MEASURED,STATE_SCOPED,STATE_SCOPED
bb8c5c191ae6f0242b17d8178eaf7fb4,SPLIT,1969,1961.0,1971,Manipur,Manipur West,IND-000130,IND-000408,4107.8632,MEASURED,STATE_SCOPED,STATE_SCOPED
46f79e6e9b42ef27eda74c68fc92644c,NEW_DISTRICT,1970,1961.0,1971,Nellore,Ongole,,,,PARTIALLY_RESOLVED,,
fd40526102ed31bb42da5c96d5df86b2,NEW_DISTRICT,1970,1961.0,1971,United Mikir; North Cachar Hills,Mikir Hills; North Cachar Hills,,,,PARTIALLY_RESOLVED,,
dfb24b31c01330520888147368d2027b,NEW_DISTRICT,1970,1961.0,1971,Tripura,North Tripura,IND-000131,IND-000420,4316.1579,MEASURED,STATE_SCOPED,STATE_SCOPED
dfb24b31c01330520888147368d2027b,NEW_DISTRICT,1970,1961.0,1971,Tripura,South Tripura,IND-000131,IND-000421,3510.3028,MEASURED,STATE_SCOPED,STATE_SCOPED
dfb24b31c01330520888147368d2027b,NEW_DISTRICT,1970,1961.0,1971,Tripura,West Tripura,IND-000131,IND-000419,2543.7576,MEASURED,STATE_SCOPED,STATE_SCOPED
896bcb473846594935374d492acd4ce4,SPLIT,1970,1961.0,1971,Nellore,Nellore,IND-000215,IND-000406,13214.1478,PARTIALLY_RESOLVED,STATE_SCOPED,STATE_SCOPED
58e038d35b310ebf9a6a01a120f0771b,SPLIT,1970,1961.0,1971,United Mikir; North Cachar Hills,Mikir Hills; North Cachar Hills,,,,PARTIALLY_RESOLVED,,
198af82ccc489baad75e1dff056631d5,SPLIT,1970,1961.0,1971,Tripura,North Tripura,IND-000131,IND-000420,4316.1579,MEASURED,STATE_SCOPED,STATE_SCOPED
198af82ccc489baad75e1dff056631d5,SPLIT,1970,1961.0,1971,Tripura,South Tripura,IND-000131,IND-000421,3510.3028,MEASURED,STATE_SCOPED,STATE_SCOPED
198af82ccc489baad75e1dff056631d5,SPLIT,1970,1961.0,1971,Tripura,West Tripura,IND-000131,IND-000419,2543.7576,MEASURED,STATE_SCOPED,STATE_SCOPED
7f842e8bc99e8e0ed0564cbbecc4df27,RENAME,1971,1961.0,1981,Ongole,Prakasam,,,,PARTIALLY_RESOLVED,,
c4089099e2f76ea61df89367d5ba8f8f,RENAME,1971,1961.0,1981,Mikir Hills,Karbi Anglong,,,,PARTIALLY_RESOLVED,,
1ec3ea4435a9ef0429e272cf15611b76,RENAME,1971,1961.0,1981,Nowgong,Nagaon,IND-000021,IND-000521,,RESOLVED_NO_OVERLAP,STATE_SCOPED,STATE_SCOPED
4913cbff3d87629a260a7949ae618ef5,RENAME,1971,1961.0,1981,Monghyr,Munger,IND-000113,IND-000559,,RESOLVED_NO_OVERLAP,STATE_SCOPED,STATE_SCOPED
76df27e28818c4f5678c448bc0389af8,RENAME,1971,1961.0,1981,North Kanara,Uttar Kannad,,,,UNRESOLVED_NAME,,
a8c3ff3383e84675fc251fb604087a1d,RENAME,1971,1961.0,1981,South Kanara,Dakshin Kannad,,,,UNRESOLVED_NAME,,
d06a31b01b4edba8a12b660a3087e894,RENAME,1971,1961.0,1981,Khandwa,East Nimar,IND-000187,IND-000187,,RESOLVED_NO_OVERLAP,STATE_SCOPED,STATE_SCOPED
fae83602b62264f8ceb8007cdf5b02d2,RENAME,1971,1961.0,1981,Khargone,West Nimar,IND-000043,IND-000043,,RESOLVED_NO_OVERLAP,STATE_SCOPED,STATE_SCOPED
127a47a8c807c60a3e0b1261ce24631f,RENAME,1971,1961.0,1981,Bhir,Bid,,,,PARTIALLY_RESOLVED,,
2d82904084a9c4cb881ad9c41ff6ed82,RENAME,1971,1961.0,1981,Dhulia,Dhule,IND-000159,IND-000159,,RESOLVED_NO_OVERLAP,STATE_SCOPED,STATE_SCOPED
f1c97012ccffa8e49ba12f4e575b0b6f,RENAME,1971,1961.0,1981,Kolaba,Raigarh,,,,PARTIALLY_RESOLVED,,
9b641a75c4cde330ae47ab68ba9c5c9e,RENAME,1971,1961.0,1981,Poona,Pune,,,,PARTIALLY_RESOLVED,,
e9c89e4209ab3d889fa133f908d44732,RENAME,1971,1961.0,1981,Balasore,Baleshwar,IND-000226,IND-000226,,RESOLVED_NO_OVERLAP,STATE_SCOPED,STATE_SCOPED
533586226e41d9ec195431b883e73fb4,RENAME,1971,1961.0,1981,Baudh Khondmals,Phulabani,,,,PARTIALLY_RESOLVED,,
d81b4abf51034749817f427f36b4de31,RENAME,1971,1961.0,1981,Jullundur,Jalandhar,,,,PARTIALLY_RESOLVED,,
a892c34dffaf43b188355bf710aed27a,RENAME,1971,1961.0,1981,Ropar,Rupnagar,,,,PARTIALLY_RESOLVED,,
70e620dbffbb3578003831f8c0b1adea,RENAME,1971,1961.0,1981,Burdwan,Barddhaman,IND-000302,IND-000302,,RESOLVED_NO_OVERLAP,STATE_SCOPED,STATE_SCOPED
33971b31cf582a535f1d7de152da2bba,RENAME,1971,1961.0,1981,Cooch Behar,Koch Bihar,,,,PARTIALLY_RESOLVED,,
1bf24c4ad01117e4cb79b495f91a8f0a,RENAME,1971,1961.0,1981,Hooghly,Hugli,IND-000307,IND-000307,,RESOLVED_NO_OVERLAP,STATE_SCOPED,STATE_SCOPED
823dfeaa5cdca806f314b3a02ec0af6e,RENAME,1971,1961.0,1981,Howrah,Haora,IND-000306,IND-000306,,RESOLVED_NO_OVERLAP,STATE_SCOPED,STATE_SCOPED
379398af593b773473adef875eb50114,RENAME,1971,1961.0,1981,Midnapore,Medinipur,IND-000305,IND-000305,,RESOLVED_NO_OVERLAP,STATE_SCOPED,STATE_SCOPED
c3689dfedabc86a9881a157fe43a91d4,NEW_DISTRICT,1972,1971.0,1981,Darbhanga,Madhubani,IND-000112,IND-000556,3502.2982,MEASURED,STATE_SCOPED,STATE_SCOPED
c3689dfedabc86a9881a157fe43a91d4,NEW_DISTRICT,1972,1971.0,1981,Darbhanga,Samastipur,IND-000112,IND-000554,2714.136,MEASURED,STATE_SCOPED,STATE_SCOPED
21ec31799f796fb05e93a291b4e67a10,NEW_DISTRICT,1972,1971.0,1981,Monghyr,Begusarai,,,,PARTIALLY_RESOLVED,,
395c20581ab010c5319336b17aa50a4b,NEW_DISTRICT,1972,1971.0,1981,Muzaffarpur,Sitamarhi,IND-000111,IND-000550,2623.0725,MEASURED,STATE_SCOPED,STATE_SCOPED
395c20581ab010c5319336b17aa50a4b,NEW_DISTRICT,1972,1971.0,1981,Muzaffarpur,Vaishali,IND-000111,IND-000552,2005.2015,MEASURED,STATE_SCOPED,STATE_SCOPED
c17600e34b2f69f884ef5a2c8d007fbd,NEW_DISTRICT,1972,1971.0,1981,Patna,Nalanda,IND-000106,IND-000539,2378.7194,MEASURED,STATE_SCOPED,STATE_SCOPED
47401bfa8beae69cb6c526a70eec41b9,NEW_DISTRICT,1972,1971.0,1981,Shahabad,Bhojpur,IND-000108,IND-000540,4094.8694,MEASURED,STATE_SCOPED,STATE_SCOPED
47401bfa8beae69cb6c526a70eec41b9,NEW_DISTRICT,1972,1971.0,1981,Shahabad,Rohtas,IND-000108,IND-000541,7225.0894,MEASURED,STATE_SCOPED,STATE_SCOPED
11578d5a51e9bbbc63d77b8c52ac6ff8,NEW_DISTRICT,1972,1971.0,1981,Hisar,Bhiwani,IND-000238,IND-000568,3485.2737,MEASURED,STATE_SCOPED,STATE_SCOPED
8e85f649eaf4a06dda3dcae6ffd93d95,NEW_DISTRICT,1972,1971.0,1981,Rohtak,Sonipat,IND-000239,IND-000564,1324.0971,MEASURED,STATE_SCOPED,STATE_SCOPED
131014fbd456bc792fd57fea6ea60497,NEW_DISTRICT,1972,1971.0,1981,Kangra,Hamirpur,IND-000432,IND-000573,1110.3971,MEASURED,STATE_SCOPED,STATE_SCOPED
131014fbd456bc792fd57fea6ea60497,NEW_DISTRICT,1972,1971.0,1981,Kangra,Una,IND-000432,IND-000574,944.7717,MEASURED,STATE_SCOPED,STATE_SCOPED
607f4652bfe0f8feb672c15b6ed88aff,NEW_DISTRICT,1972,1971.0,1981,Simla,Solan,IND-000434,IND-000434,1932.0714,MEASURED,STATE_SCOPED,STATE_SCOPED
f6d0dfa45f9b8c75c4de1aa18ef78a1e,NEW_DISTRICT,1972,1971.0,1981,Hazaribagh,Giridih,,,,PARTIALLY_RESOLVED,,
368b02b99de951e6ebc3251717ed1883,NEW_DISTRICT,1972,1971.0,1981,Kottayam,Idukki,IND-000392,IND-000446,4510.3625,MEASURED,STATE_SCOPED,STATE_SCOPED
368b02b99de951e6ebc3251717ed1883,NEW_DISTRICT,1972,1971.0,1981,Ernakulam,Idukki,IND-000391,IND-000446,808.9834,MEASURED,STATE_SCOPED,STATE_SCOPED
ae0e9ed12fbaf4a06b4337806ade00a2,NEW_DISTRICT,1972,1971.0,1981,Sehore,Bhopal,IND-000103,IND-000452,2765.16,MEASURED,STATE_SCOPED,STATE_SCOPED
0a0931aaa7e9a75f2942d9fc3a59080f,NEW_DISTRICT,1972,1971.0,1981,Mizoram,Aizawl; Chhimtuipui; Lunglei,,,,PARTIALLY_RESOLVED,,
7327e1bd8919bf97d21c030d6c37dae2,NEW_DISTRICT,1972,1971.0,1981,Bathinda,Faridkot,,,,PARTIALLY_RESOLVED,,
7e02f92475b78469bfb03df30aa80e4c,SPLIT,1972,1971.0,1981,Darbhanga,Darbhanga,IND-000112,IND-000555,2485.4606,MEASURED,STATE_SCOPED,STATE_SCOPED
7e02f92475b78469bfb03df30aa80e4c,SPLIT,1972,1971.0,1981,Darbhanga,Madhubani,IND-000112,IND-000556,3502.2982,MEASURED,STATE_SCOPED,STATE_SCOPED
7e02f92475b78469bfb03df30aa80e4c,SPLIT,1972,1971.0,1981,Darbhanga,Samastipur,IND-000112,IND-000554,2714.136,MEASURED,STATE_SCOPED,STATE_SCOPED
c1b20ba172a3dac8d6bbfc7846596380,SPLIT,1972,1971.0,1981,Monghyr,Begusarai; Munger,,,,PARTIALLY_RESOLVED,,
dd0a237b059c731336fe216dd1b87cff,SPLIT,1972,1971.0,1981,Muzaffarpur,Muzaffarpur,IND-000111,IND-000551,3166.8589,MEASURED,STATE_SCOPED,STATE_SCOPED
dd0a237b059c731336fe216dd1b87cff,SPLIT,1972,1971.0,1981,Muzaffarpur,Sitamarhi,IND-000111,IND-000550,2623.0725,MEASURED,STATE_SCOPED,STATE_SCOPED
dd0a237b059c731336fe216dd1b87cff,SPLIT,1972,1971.0,1981,Muzaffarpur,Vaishali,IND-000111,IND-000552,2005.2015,MEASURED,STATE_SCOPED,STATE_SCOPED
4b1f20f0bc184ac6bb18a1d436a147c1,SPLIT,1972,1971.0,1981,Patna,Nalanda,IND-000106,IND-000539,2378.7194,MEASURED,STATE_SCOPED,STATE_SCOPED
4b1f20f0bc184ac6bb18a1d436a147c1,SPLIT,1972,1971.0,1981,Patna,Patna,IND-000106,IND-000538,3227.692,MEASURED,STATE_SCOPED,STATE_SCOPED
a77f7256f10cd328db232639161b2f33,SPLIT,1972,1971.0,1981,Shahabad,Bhojpur,IND-000108,IND-000540,4094.8694,MEASURED,STATE_SCOPED,STATE_SCOPED
a77f7256f10cd328db232639161b2f33,SPLIT,1972,1971.0,1981,Shahabad,Rohtas,IND-000108,IND-000541,7225.0894,MEASURED,STATE_SCOPED,STATE_SCOPED
e96455b233d6dee63c0f63e9514b57d0,SPLIT,1972,1971.0,1981,Hisar,Bhiwani,IND-000238,IND-000568,3485.2737,PARTIALLY_RESOLVED,STATE_SCOPED,STATE_SCOPED
4bbb1643f21c29496eca4f84b31f7102,SPLIT,1972,1971.0,1981,Rohtak,Rohtak,IND-000239,IND-000565,4173.7925,MEASURED,STATE_SCOPED,STATE_SCOPED
4bbb1643f21c29496eca4f84b31f7102,SPLIT,1972,1971.0,1981,Rohtak,Sonipat,IND-000239,IND-000564,1324.0971,MEASURED,STATE_SCOPED,STATE_SCOPED
8bd84574f9be2f5e6ae616dd179d80c2,SPLIT,1972,1971.0,1981,Kangra,Hamirpur,IND-000432,IND-000573,1110.3971,MEASURED,STATE_SCOPED,STATE_SCOPED
8bd84574f9be2f5e6ae616dd179d80c2,SPLIT,1972,1971.0,1981,Kangra,Kangra,IND-000432,IND-000572,6346.4199,MEASURED,STATE_SCOPED,STATE_SCOPED
8bd84574f9be2f5e6ae616dd179d80c2,SPLIT,1972,1971.0,1981,Kangra,Una,IND-000432,IND-000574,944.7717,MEASURED,STATE_SCOPED,STATE_SCOPED
86ec83d13438e8d6393922ef2ed1de70,SPLIT,1972,1971.0,1981,Simla,Solan,IND-000434,IND-000434,1932.0714,PARTIALLY_RESOLVED,STATE_SCOPED,STATE_SCOPED
ec98917ba7bb413d97f20b163ea7f7f0,SPLIT,1972,1971.0,1981,Hazaribagh,Giridih; Hazaribag,,,,PARTIALLY_RESOLVED,,
20198be8bf1bba588a8afc0ab6cdaa90,SPLIT,1972,1971.0,1981,Ernakulam,Ernakulam,IND-000391,IND-000445,2116.0133,MEASURED,STATE_SCOPED,STATE_SCOPED
20198be8bf1bba588a8afc0ab6cdaa90,SPLIT,1972,1971.0,1981,Ernakulam,Idukki,IND-000391,IND-000446,808.9834,MEASURED,STATE_SCOPED,STATE_SCOPED
019492be871ace84365cda5bf2e964ee,SPLIT,1972,1971.0,1981,Kottayam,Idukki,IND-000392,IND-000446,4510.3625,MEASURED,STATE_SCOPED,STATE_SCOPED
019492be871ace84365cda5bf2e964ee,SPLIT,1972,1971.0,1981,Kottayam,Kottayam,IND-000392,IND-000448,2200.8471,MEASURED,STATE_SCOPED,STATE_SCOPED
3eb42bdd93392efeda7597e9a33cc272,SPLIT,1972,1971.0,1981,Sehore,Bhopal,IND-000103,IND-000452,2765.16,MEASURED,STATE_SCOPED,STATE_SCOPED
3eb42bdd93392efeda7597e9a33cc272,SPLIT,1972,1971.0,1981,Sehore,Sehore,IND-000103,IND-000453,6560.8002,MEASURED,STATE_SCOPED,STATE_SCOPED
eac1b7edb39b05e08879ab8d25da0efb,SPLIT,1972,1971.0,1981,Mizoram,Aizawl; Chhimtuipui; Lunglei,,,,PARTIALLY_RESOLVED,,
75c3f01b5a4b12f0be3d875cb595f19d,SPLIT,1972,1971.0,1981,Bhatinda,Bathinda,IND-000346,IND-000478,5953.9846,MEASURED,STATE_SCOPED,STATE_SCOPED
75c3f01b5a4b12f0be3d875cb595f19d,SPLIT,1972,1971.0,1981,Bhatinda,Faridkot,IND-000346,IND-000479,1475.1357,MEASURED,STATE_SCOPED,STATE_SCOPED
e57e7c07bbddd8f2aed35d9aa85b2a51,NEW_DISTRICT,1973,1971.0,1981,Gaya,Aurangabad,IND-000107,IND-000542,3305.641,MEASURED,STATE_SCOPED,STATE_SCOPED
e57e7c07bbddd8f2aed35d9aa85b2a51,NEW_DISTRICT,1973,1971.0,1981,Gaya,Nawada,IND-000107,IND-000544,2481.0543,MEASURED,STATE_SCOPED,STATE_SCOPED
3c733356d00337525c07e473fbd8f16e,NEW_DISTRICT,1973,1971.0,1981,Purnea,Katihar,,,,PARTIALLY_RESOLVED,,
483ff132fe8058a2e53f919881e8e8fd,NEW_DISTRICT,1973,1971.0,1981,Saran,Gopalganj,IND-000109,IND-000547,2035.0005,MEASURED,STATE_SCOPED,STATE_SCOPED
483ff132fe8058a2e53f919881e8e8fd,NEW_DISTRICT,1973,1971.0,1981,Saran,Siwan,IND-000109,IND-000546,2216.6126,MEASURED,STATE_SCOPED,STATE_SCOPED
ad20de36de3477edd5009ae43f3c1ee0,NEW_DISTRICT,1973,1971.0,1981,Durg,Raj Nandgaon,,,,PARTIALLY_RESOLVED,,
592a80330b9afc0c5f23dc4079628491,NEW_DISTRICT,1973,1971.0,1981,Karnal,Kurukshetra,IND-000241,IND-000562,3945.4587,MEASURED,STATE_SCOPED,STATE_SCOPED
3fc114bebd2778e37e4ea7d94c3bdde3,NEW_DISTRICT,1973,1971.0,1981,Kohima,Phek,IND-000371,IND-000469,1781.3332,MEASURED,STATE_SCOPED,STATE_SCOPED
f35e1f81989c9b3a240b37d910b9b7c9,NEW_DISTRICT,1973,1971.0,1981,Mokokchung,Wokha,IND-000372,IND-000471,1632.3305,MEASURED,STATE_SCOPED,STATE_SCOPED
f35e1f81989c9b3a240b37d910b9b7c9,NEW_DISTRICT,1973,1971.0,1981,Mokokchung,Zunheboto,IND-000372,IND-000470,926.8615,MEASURED,STATE_SCOPED,STATE_SCOPED
b7b804d40df1bde3690aa05e19bfacee,NEW_DISTRICT,1973,1971.0,1981,Tuensang,Mon,IND-000049,IND-000474,2222.9691,MEASURED,STATE_SCOPED,STATE_SCOPED
5147c9f1f7f3d3187392184a6124898d,NEW_DISTRICT,1973,1971.0,1981,Sikkim,East District; North District; South District; West District,,,,UNRESOLVED_NAME,,
2750d39d7c822c3e2b983105d530c883,SPLIT,1973,1971.0,1981,Gaya,Aurangabad,IND-000107,IND-000542,3305.641,MEASURED,STATE_SCOPED,STATE_SCOPED
2750d39d7c822c3e2b983105d530c883,SPLIT,1973,1971.0,1981,Gaya,Gaya,IND-000107,IND-000543,6554.9374,MEASURED,STATE_SCOPED,STATE_SCOPED
2750d39d7c822c3e2b983105d530c883,SPLIT,1973,1971.0,1981,Gaya,Nawada,IND-000107,IND-000544,2481.0543,MEASURED,STATE_SCOPED,STATE_SCOPED
b05f2fb9da6c992e8e674c3e7f5fec1b,SPLIT,1973,1971.0,1981,Purnea,Katihar; Purnia,,,,PARTIALLY_RESOLVED,,
04ab75c6908f3a996ff518837c837dad,SPLIT,1973,1971.0,1981,Saran,Gopalganj,IND-000109,IND-000547,2035.0005,MEASURED,STATE_SCOPED,STATE_SCOPED
04ab75c6908f3a996ff518837c837dad,SPLIT,1973,1971.0,1981,Saran,Saran,IND-000109,IND-000545,2650.8353,MEASURED,STATE_SCOPED,STATE_SCOPED
04ab75c6908f3a996ff518837c837dad,SPLIT,1973,1971.0,1981,Saran,Siwan,IND-000109,IND-000546,2216.6126,MEASURED,STATE_SCOPED,STATE_SCOPED
7da45b67e91fb9a4cbdd750a00fcaf8e,SPLIT,1973,1971.0,1981,Durg,Durg,IND-000191,IND-000455,8535.388,PARTIALLY_RESOLVED,NAME_ONLY,NAME_ONLY
75e2bb90f3809213ac1113474a1181c5,SPLIT,1973,1971.0,1981,Karnal,Karnal,IND-000241,IND-000563,3819.6971,MEASURED,STATE_SCOPED,STATE_SCOPED
75e2bb90f3809213ac1113474a1181c5,SPLIT,1973,1971.0,1981,Karnal,Kurukshetra,IND-000241,IND-000562,3945.4587,MEASURED,STATE_SCOPED,STATE_SCOPED
8a0fa550c767c1eb54fedbd02dc5b23f,SPLIT,1973,1971.0,1981,Kohima,Kohima,IND-000371,IND-000468,3895.3334,MEASURED,STATE_SCOPED,STATE_SCOPED
8a0fa550c767c1eb54fedbd02dc5b23f,SPLIT,1973,1971.0,1981,Kohima,Phek,IND-000371,IND-000469,1781.3332,MEASURED,STATE_SCOPED,STATE_SCOPED
560e65e40b734d9592ae066a5668b9e4,SPLIT,1973,1971.0,1981,Mokokchung,Mokokchung,IND-000372,IND-000472,1603.2251,MEASURED,STATE_SCOPED,STATE_SCOPED
560e65e40b734d9592ae066a5668b9e4,SPLIT,1973,1971.0,1981,Mokokchung,Wokha,IND-000372,IND-000471,1632.3305,MEASURED,STATE_SCOPED,STATE_SCOPED
560e65e40b734d9592ae066a5668b9e4,SPLIT,1973,1971.0,1981,Mokokchung,Zunheboto,IND-000372,IND-000470,926.8615,MEASURED,STATE_SCOPED,STATE_SCOPED
180466d8a5375b23aab78c1c334252f6,SPLIT,1973,1971.0,1981,Tuensang,Mon,IND-000049,IND-000474,2222.9691,MEASURED,STATE_SCOPED,STATE_SCOPED
180466d8a5375b23aab78c1c334252f6,SPLIT,1973,1971.0,1981,Tuensang,Tuensang,IND-000049,IND-000473,3795.4706,MEASURED,STATE_SCOPED,STATE_SCOPED
8357b54e38daea7bf56337df412e28d7,SPLIT,1973,1971.0,1981,Sikkim,East District; North District; South District; West District,,,,UNRESOLVED_NAME,,
8ba28f78998345eac9cd01b6e66c75a2,NEW_DISTRICT,1974,1971.0,1981,Andaman; Nicobar Islands,Andaman; Nicobar,,,,UNRESOLVED_NAME,,
d07154dc4f8344356c195080af83cb56,NEW_DISTRICT,1974,1971.0,1981,Manipur Central,Tengnoupal,,,,PARTIALLY_RESOLVED,,
bb64ecd362287ca59ae44d8c9c46d57e,NEW_DISTRICT,1974,1971.0,1981,Tiruchirapalli,Pudukkottai,IND-000222,IND-000496,3310.9055,MEASURED,STATE_SCOPED,STATE_SCOPED
922bd7840aa4cd653a4736c336764b38,NEW_DISTRICT,1974,1971.0,1981,Jhansi,Lalitpur,IND-000272,IND-000506,5036.1614,MEASURED,STATE_SCOPED,STATE_SCOPED
981df6bf4f15bec530793b28a79ffb54,SPLIT,1974,1971.0,1981,Andaman; Nicobar Islands,Andaman; Nicobar,,,,UNRESOLVED_NAME,,
1fa62e3c24e8ff61677758072823bb84,SPLIT,1974,1971.0,1981,Manipur Central,Manipur Central; Tengnoupal,,,,PARTIALLY_RESOLVED,,
57c7687fa06f562940ccac815cc4599c,SPLIT,1974,1971.0,1981,Thanjavur,Pudukkottai,IND-000221,IND-000496,1455.4857,MEASURED,STATE_SCOPED,STATE_SCOPED
57c7687fa06f562940ccac815cc4599c,SPLIT,1974,1971.0,1981,Thanjavur,Thanjavur,IND-000221,IND-000495,8247.379,MEASURED,STATE_SCOPED,STATE_SCOPED
1834f7bce9a4ba2e328bc1952cf7e031,SPLIT,1974,1971.0,1981,Tiruchirapalli,Pudukkottai,IND-000222,IND-000496,3310.9055,MEASURED,STATE_SCOPED,STATE_SCOPED
1834f7bce9a4ba2e328bc1952cf7e031,SPLIT,1974,1971.0,1981,Tiruchirapalli,Tiruchchirappalli,IND-000222,IND-000494,10927.1222,MEASURED,STATE_SCOPED,STATE_SCOPED
671f480f4a749782003c0ee6f611d0a3,SPLIT,1974,1971.0,1981,Jhansi,Jhansi,IND-000272,IND-000505,5026.3965,MEASURED,STATE_SCOPED,STATE_SCOPED
671f480f4a749782003c0ee6f611d0a3,SPLIT,1974,1971.0,1981,Jhansi,Lalitpur,IND-000272,IND-000506,5036.1614,MEASURED,STATE_SCOPED,STATE_SCOPED
096365774f5ffe8025b29e2cce725cc7,NEW_DISTRICT,1975,1971.0,1981,Hisar,Sirsa,IND-000238,IND-000570,4349.6846,MEASURED,STATE_SCOPED,STATE_SCOPED
289ff67c7c73455db8bfbf19b29a4f74,SPLIT,1975,1971.0,1981,Hisar,Sirsa,IND-000238,IND-000570,4349.6846,PARTIALLY_RESOLVED,STATE_SCOPED,STATE_SCOPED
e8462d99bca8d1526b55f4275bed5525,NEW_DISTRICT,1976,1971.0,1981,Lakhimpur,Dibrugarh,IND-000023,IND-000525,3386.8585,MEASURED,STATE_SCOPED,STATE_SCOPED
e4e89d3cafc51570fb32eb98725db6f0,NEW_DISTRICT,1976,1971.0,1981,Garo Hills,East Garo Hills,IND-000036,IND-000463,2854.5923,MEASURED,STATE_SCOPED,STATE_SCOPED
e4e89d3cafc51570fb32eb98725db6f0,NEW_DISTRICT,1976,1971.0,1981,Garo Hills,West Garo Hills,IND-000036,IND-000464,5105.0633,MEASURED,STATE_SCOPED,STATE_SCOPED
29a3bc786472ac94dc2ea3f5daae810b,NEW_DISTRICT,1976,1971.0,1981,United Khasi; Jaintia Hills,East Khasi Hills; Jaintia Hills; West Khasi Hills,,,,PARTIALLY_RESOLVED,,
d290d3dadf16232e1ab94ca0d537c12f,NEW_DISTRICT,1976,1971.0,1981,Bulandshahr,Ghaziabad,IND-000255,IND-000503,464.8706,PARTIALLY_RESOLVED,STATE_SCOPED,STATE_SCOPED
26a4330d445cce181448ca1f524b0e4b,SPLIT,1976,1971.0,1981,Lakhimpur,Dibrugarh,IND-000023,IND-000525,3386.8585,MEASURED,STATE_SCOPED,STATE_SCOPED
26a4330d445cce181448ca1f524b0e4b,SPLIT,1976,1971.0,1981,Lakhimpur,Lakhimpur,IND-000023,IND-000518,2192.2577,MEASURED,STATE_SCOPED,STATE_SCOPED
5c7505609607b046b82131f13c6606dd,SPLIT,1976,1971.0,1981,Garo Hills,East Garo Hills,IND-000036,IND-000463,2854.5923,MEASURED,STATE_SCOPED,STATE_SCOPED
5c7505609607b046b82131f13c6606dd,SPLIT,1976,1971.0,1981,Garo Hills,West Garo Hills,IND-000036,IND-000464,5105.0633,MEASURED,STATE_SCOPED,STATE_SCOPED
a0038a02b7918059d82fa59381f333ac,SPLIT,1976,1971.0,1981,United Khasi; Jaintia Hills,East Khasi Hills; Jaintia Hills; West Khasi Hills,,,,PARTIALLY_RESOLVED,,
999ad916398acfee17b7d4cd24da93db,SPLIT,1976,1971.0,1981,Bulandshahr,Bulandshahr,IND-000255,IND-000255,4439.3815,MEASURED,STATE_SCOPED,STATE_SCOPED
999ad916398acfee17b7d4cd24da93db,SPLIT,1976,1971.0,1981,Bulandshahr,Ghaziabad,IND-000255,IND-000503,464.8706,MEASURED,STATE_SCOPED,STATE_SCOPED
6b85e55aa70b31c11fbff083d20205f1,NEW_DISTRICT,1977,1971.0,1981,Champaran,Pashchim Champaran,IND-000110,IND-000548,5236.4078,PARTIALLY_RESOLVED,STATE_SCOPED,STATE_SCOPED
8d8746dad336bb0a3ff19965adfcf4be,SPLIT,1977,1971.0,1981,Champaran,Pashchim Champaran,IND-000110,IND-000548,5236.4078,PARTIALLY_RESOLVED,STATE_SCOPED,STATE_SCOPED
a1561adb2e807fc819d2004b0a6bdf4e,NEW_DISTRICT,1978,1971.0,1981,Hyderabad,Rangareddy,,,,PARTIALLY_RESOLVED,,
dc9223db77e4a11388ab3ec9ed046d76,SPLIT,1978,1971.0,1981,Hyderabad,Hyderabad,IND-000328,IND-000456,85.1149,PARTIALLY_RESOLVED,STATE_SCOPED,STATE_SCOPED
e5d13901e999f577d6828718fdb03f76,SPLIT,1978,1971.0,1981,Hyderabad,Hyderabad,IND-000328,IND-000456,85.1149,PARTIALLY_RESOLVED,NAME_ONLY,NAME_ONLY
40551401dd9f27d4a48a0bfcf0293196,NEW_DISTRICT,1979,1971.0,1981,Visakhapatnam,Vizianagaram,IND-000224,IND-000450,1226.9417,MEASURED,STATE_SCOPED,STATE_SCOPED
40551401dd9f27d4a48a0bfcf0293196,NEW_DISTRICT,1979,1971.0,1981,Srikakulam,Vizianagaram,IND-000220,IND-000450,4930.2605,MEASURED,STATE_SCOPED,STATE_SCOPED
05f1c8ffeb28570133bfdb04b0d4ae51,NEW_DISTRICT,1979,1971.0,1981,Gurgaon,Faridabad,IND-000240,IND-000576,2068.1824,MEASURED,STATE_SCOPED,STATE_SCOPED
ba4813708baf09981a4fb58cb103a647,NEW_DISTRICT,1979,1971.0,1981,Baramula,Kupwara,IND-000436,IND-000535,2673.4828,MEASURED,STATE_SCOPED,STATE_SCOPED
258cdce21fbf6b7968d05896b313a87e,NEW_DISTRICT,1979,1971.0,1981,Srinagar,Badgam,IND-000435,IND-000532,1442.5252,MEASURED,STATE_SCOPED,STATE_SCOPED
258cdce21fbf6b7968d05896b313a87e,NEW_DISTRICT,1979,1971.0,1981,Srinagar,Pulwama,IND-000435,IND-000531,,RESOLVED_NO_OVERLAP,STATE_SCOPED,STATE_SCOPED
b7e99d386ede28c2c07107411ac82d66,NEW_DISTRICT,1979,1971.0,1981,Ladakh,Kargil,IND-000381,IND-000528,16826.9001,MEASURED,NAME_ONLY,NAME_ONLY
29c5cfd73d638960c1ed329e5759d4bb,NEW_DISTRICT,1979,1971.0,1981,Coimbatore,Periyar,IND-000318,IND-000492,7975.2188,MEASURED,STATE_SCOPED,STATE_SCOPED
4d99c1a71f97b6aad6715a74259774fe,SPLIT,1979,1971.0,1981,Srikakulum,Srikakulam; Vizianagaram,,,,PARTIALLY_RESOLVED,,
dd08f82ff5586bedc0ad7d7b029e31ad,SPLIT,1979,1971.0,1981,Visakhapatnam,Visakhapatnam,IND-000224,IND-000451,10738.3246,MEASURED,STATE_SCOPED,STATE_SCOPED
dd08f82ff5586bedc0ad7d7b029e31ad,SPLIT,1979,1971.0,1981,Visakhapatnam,Vizianagaram,IND-000224,IND-000450,1226.9417,MEASURED,STATE_SCOPED,STATE_SCOPED
b346add15519e8761915cbfbcd2d0881,SPLIT,1979,1971.0,1981,Gurgaon,Faridabad,IND-000240,IND-000576,2068.1824,MEASURED,STATE_SCOPED,STATE_SCOPED
b346add15519e8761915cbfbcd2d0881,SPLIT,1979,1971.0,1981,Gurgaon,Gurgaon,IND-000240,IND-000566,2744.2093,MEASURED,STATE_SCOPED,STATE_SCOPED
983535cc6b19258a386b3e6b2f593341,SPLIT,1979,1971.0,1981,Baramula,Baramula,IND-000436,IND-000534,4742.9359,MEASURED,STATE_SCOPED,STATE_SCOPED
983535cc6b19258a386b3e6b2f593341,SPLIT,1979,1971.0,1981,Baramula,Kupwara,IND-000436,IND-000535,2673.4828,MEASURED,STATE_SCOPED,STATE_SCOPED
81efb43779c1361fa7cf5469da3ee9af,SPLIT,1979,1971.0,1981,Ladakh,Kargil,IND-000381,IND-000528,16826.9001,MEASURED,STATE_SCOPED,STATE_SCOPED
81efb43779c1361fa7cf5469da3ee9af,SPLIT,1979,1971.0,1981,Ladakh,Ladakh,IND-000381,IND-000527,79535.609,MEASURED,STATE_SCOPED,STATE_SCOPED
0ffdce86a98f94ba4bc34a0df2205622,SPLIT,1979,1971.0,1981,Srinagar,Badgam,IND-000435,IND-000532,1442.5252,MEASURED,STATE_SCOPED,STATE_SCOPED
0ffdce86a98f94ba4bc34a0df2205622,SPLIT,1979,1971.0,1981,Srinagar,Pulwama,IND-000435,IND-000531,,RESOLVED_NO_OVERLAP,STATE_SCOPED,STATE_SCOPED
0ffdce86a98f94ba4bc34a0df2205622,SPLIT,1979,1971.0,1981,Srinagar,Srinagar,IND-000435,IND-000533,1759.8266,MEASURED,STATE_SCOPED,STATE_SCOPED
5949dd1027bd71d904c15d341f6f0fa1,SPLIT,1979,1971.0,1981,Ladakh,Kargil,IND-000381,IND-000528,16826.9001,MEASURED,NAME_ONLY,NAME_ONLY
5949dd1027bd71d904c15d341f6f0fa1,SPLIT,1979,1971.0,1981,Ladakh,Ladakh,IND-000381,IND-000527,79535.609,MEASURED,NAME_ONLY,NAME_ONLY
5015485dea4bf9d90a965721e9899230,SPLIT,1979,1971.0,1981,Coimbatore,Coimbatore,IND-000318,IND-000493,7671.7821,MEASURED,STATE_SCOPED,STATE_SCOPED
5015485dea4bf9d90a965721e9899230,SPLIT,1979,1971.0,1981,Coimbatore,Periyar,IND-000318,IND-000492,7975.2188,MEASURED,STATE_SCOPED,STATE_SCOPED
c9f2a593d1d59b02983a71e7b43cf2aa,NEW_DISTRICT,1980,1971.0,1981,Kameng,East Kameng,IND-000048,IND-000486,6271.9372,MEASURED,STATE_SCOPED,STATE_SCOPED
c9f2a593d1d59b02983a71e7b43cf2aa,NEW_DISTRICT,1980,1971.0,1981,Kameng,West Kameng,IND-000048,IND-000485,7136.9206,MEASURED,STATE_SCOPED,STATE_SCOPED
b0f8c54906ebb0864640a2220e76b4ac,NEW_DISTRICT,1980,1971.0,1981,Lohit,Dibang Valley,IND-000045,IND-000490,13498.506,MEASURED,STATE_SCOPED,STATE_SCOPED
cabefba399cefee8790e6c0a6ee16821,NEW_DISTRICT,1980,1971.0,1981,Siang,West Siang,IND-000370,IND-000488,7909.2741,MEASURED,STATE_SCOPED,STATE_SCOPED
c947a4b4e37af44cdef203bd035970cf,NEW_DISTRICT,1980,1971.0,1981,Cannanore,Wayanad,IND-000387,IND-000443,743.1965,MEASURED,STATE_SCOPED,STATE_SCOPED
c947a4b4e37af44cdef203bd035970cf,NEW_DISTRICT,1980,1971.0,1981,Kozhikode,Wayanad,IND-000439,IND-000443,1381.3483,MEASURED,STATE_SCOPED,STATE_SCOPED
40df28568b7c483d0183fc70b43c5402,SPLIT,1980,1971.0,1981,Kameng,East Kameng,IND-000048,IND-000486,6271.9372,MEASURED,STATE_SCOPED,STATE_SCOPED
40df28568b7c483d0183fc70b43c5402,SPLIT,1980,1971.0,1981,Kameng,West Kameng,IND-000048,IND-000485,7136.9206,MEASURED,STATE_SCOPED,STATE_SCOPED
e7d11cd21158cac2e395ec22eafcec3e,SPLIT,1980,1971.0,1981,Lohit,Dibang Valley,IND-000045,IND-000490,13498.506,MEASURED,STATE_SCOPED,STATE_SCOPED
e7d11cd21158cac2e395ec22eafcec3e,SPLIT,1980,1971.0,1981,Lohit,Lohit,IND-000045,IND-000491,10305.9532,MEASURED,STATE_SCOPED,STATE_SCOPED
c2292f231f05d79abc1ae6f5dde7d184,SPLIT,1980,1971.0,1981,Siang,West Siang,IND-000370,IND-000488,7909.2741,PARTIALLY_RESOLVED,STATE_SCOPED,STATE_SCOPED
31b4161390933d170ade9d7c12b74650,SPLIT,1980,1971.0,1981,Cannanore,Wayanad,IND-000387,IND-000443,743.1965,PARTIALLY_RESOLVED,STATE_SCOPED,STATE_SCOPED
5ab24e69988006d9e386f6c430d62c1f,SPLIT,1980,1971.0,1981,Kozhikode,Kozhikode,IND-000439,IND-000444,2358.4817,MEASURED,STATE_SCOPED,STATE_SCOPED
5ab24e69988006d9e386f6c430d62c1f,SPLIT,1980,1971.0,1981,Kozhikode,Wayanad,IND-000439,IND-000443,1381.3483,MEASURED,STATE_SCOPED,STATE_SCOPED
99cdc4837477cedc798d04fbcdbb9a64,NEW_DISTRICT,1981,1971.0,1991,Munger,Khagaria,,,,PARTIALLY_RESOLVED,,
cce71db6bc45c3457b60b20af81d52b1,NEW_DISTRICT,1981,1971.0,1991,Saharsa,Madhepura,IND-000115,IND-000616,,RESOLVED_NO_OVERLAP,STATE_SCOPED,STATE_SCOPED
f1ac2bdba5d933731202d9c78ec54be0,NEW_DISTRICT,1981,1971.0,1991,Santhal Pargana,Deoghar; Dumka,,,,PARTIALLY_RESOLVED,,
3db24f50df28c1d75d3f75d19b289c34,NEW_DISTRICT,1981,1971.0,1991,Aurangabad,Jalna,IND-000008,IND-000646,,RESOLVED_NO_OVERLAP,STATE_SCOPED,STATE_SCOPED
41086842a1c67ca05b031eeb3d886851,NEW_DISTRICT,1981,1971.0,1991,Ratnagiri,Sindhudurg,IND-000171,IND-000650,,RESOLVED_NO_OVERLAP,STATE_SCOPED,STATE_SCOPED
2cfdeef73b5dc6bdebcd8ddb1a10aade,NEW_DISTRICT,1981,1971.0,1991,Kanpur,Kanpur Dehat,IND-000269,IND-000597,,RESOLVED_NO_OVERLAP,STATE_SCOPED,NAME_ONLY
2cfdeef73b5dc6bdebcd8ddb1a10aade,NEW_DISTRICT,1981,1971.0,1991,Kanpur,Kanpur Nagar,IND-000269,IND-000598,,RESOLVED_NO_OVERLAP,STATE_SCOPED,NAME_ONLY
3b4d8b76b6eaa31ea02b91cb891e8f09,NEW_DISTRICT,1981,1971.0,1991,Twenty Four Parganas,North Twenty Four Parganas; South Twenty Four Parganas,,,,PARTIALLY_RESOLVED,,
c24512b3aad8c8a657e9673082e2a775,RENAME,1981,1971.0,1991,Dakshin Kannad,Dakshina Kannada,,,,UNRESOLVED_NAME,,
6eca87211e26d226ad8404dd4ebb9464,RENAME,1981,1971.0,1991,Uttar Kannad,Uttara Kannada,,,,UNRESOLVED_NAME,,
994d5792b500c44c5a5d293a32f44582,RENAME,1981,1971.0,1991,Alleppey,Alappuzha,IND-000393,IND-000449,,RESOLVED_NO_OVERLAP,STATE_SCOPED,STATE_SCOPED
abf1caa3c8c514d08344d3f1200ecbcb,RENAME,1981,1971.0,1991,Cannanore,Kannur,IND-000387,IND-000655,,RESOLVED_NO_OVERLAP,STATE_SCOPED,STATE_SCOPED
478ea47c9bd546221e4d2f37547e6bb2,RENAME,1981,1971.0,1991,Palghat,Palakkad,IND-000441,IND-000441,,RESOLVED_NO_OVERLAP,STATE_SCOPED,STATE_SCOPED
79631d50e412db6c3e929e1a3f887b13,RENAME,1981,1971.0,1991,Quilon,Kollam,IND-000394,IND-000660,,RESOLVED_NO_OVERLAP,STATE_SCOPED,STATE_SCOPED
e32ae4fe1dd7acd8a9ad6ef2166387e0,RENAME,1981,1971.0,1991,Trichur,Thrissur,IND-000390,IND-000390,,RESOLVED_NO_OVERLAP,STATE_SCOPED,STATE_SCOPED
53cbb5d0bf9f96819cf6cd500ecb1a02,RENAME,1981,1971.0,1991,Trivandrum,Thiruvananthapuram,IND-000395,IND-000395,,RESOLVED_NO_OVERLAP,STATE_SCOPED,STATE_SCOPED
687341633a72048355540f97bb61a291,RENAME,1981,1971.0,1991,Manipur East,Ukhrul,IND-000411,IND-000411,,RESOLVED_NO_OVERLAP,STATE_SCOPED,STATE_SCOPED
ff787947a3b0ca0898cc3c27b8a3bda5,RENAME,1981,1971.0,1991,Manipur North,Senapati,IND-000407,IND-000407,,RESOLVED_NO_OVERLAP,STATE_SCOPED,STATE_SCOPED
4754d68e525308101bbb6df5c9aeffb9,RENAME,1981,1971.0,1991,Manipur South,Churachandpur,IND-000409,IND-000409,,RESOLVED_NO_OVERLAP,STATE_SCOPED,STATE_SCOPED
127b5f17ede574115859f3087c2d723a,RENAME,1981,1971.0,1991,Manipur West,Tamenglong,IND-000408,IND-000408,,RESOLVED_NO_OVERLAP,STATE_SCOPED,STATE_SCOPED
799d1fb668c6293185483dd23f69fbfb,RENAME,1981,1971.0,1991,Tengnoupal,Chandel,,,,PARTIALLY_RESOLVED,,
cf130802f26a1fddeedac47d1c031d8b,RENAME,1981,1971.0,1991,Chengalpattu,Chengalpattu Mgr,,,,UNRESOLVED_NAME,,
d6f3d714dd9f1c92c1255ae0d671da15,RENAME,1981,1971.0,1991,North Arcot,North Arcot Ambedkar,,,,PARTIALLY_RESOLVED,,
230d24f5026d0d908e0ca76ce36a07a7,RENAME,1981,1971.0,1991,Tirunelveli,Tirunelveli Kattabomman,,,,PARTIALLY_RESOLVED,,
9ea901033ea407bb49220670f3073e59,SPLIT,1981,1971.0,1991,Munger,Khagaria; Munger,,,,PARTIALLY_RESOLVED,,
a86b3f98ca651db7b25381c8478bdf0b,SPLIT,1981,1971.0,1991,Saharsa,Madhepura,IND-000115,IND-000616,,RESOLVED_NO_OVERLAP,STATE_SCOPED,STATE_SCOPED
a86b3f98ca651db7b25381c8478bdf0b,SPLIT,1981,1971.0,1991,Saharsa,Saharsa,IND-000115,IND-000622,,RESOLVED_NO_OVERLAP,STATE_SCOPED,STATE_SCOPED
f266501cd7eca95c63a9bf0153da5bab,SPLIT,1981,1971.0,1991,Santhal Pargana,Deoghar; Dumka,,,,PARTIALLY_RESOLVED,,
171cc3805cc5b6c5dfe419a44983e128,SPLIT,1981,1971.0,1991,Aurangabad,Aurangabad,IND-000008,IND-000642,,RESOLVED_NO_OVERLAP,STATE_SCOPED,STATE_SCOPED
171cc3805cc5b6c5dfe419a44983e128,SPLIT,1981,1971.0,1991,Aurangabad,Jalna,IND-000008,IND-000646,,RESOLVED_NO_OVERLAP,STATE_SCOPED,STATE_SCOPED
ddff55ef512df8d14f93c2d6bcdeee10,SPLIT,1981,1971.0,1991,Ratnagiri,Ratnagiri,IND-000171,IND-000649,,RESOLVED_NO_OVERLAP,STATE_SCOPED,STATE_SCOPED
ddff55ef512df8d14f93c2d6bcdeee10,SPLIT,1981,1971.0,1991,Ratnagiri,Sindhudurg,IND-000171,IND-000650,,RESOLVED_NO_OVERLAP,STATE_SCOPED,STATE_SCOPED
6b39a4a5c6314313d30214db49c69c47,SPLIT,1981,1971.0,1991,Kanpur,Kanpur Dehat,IND-000269,IND-000597,,RESOLVED_NO_OVERLAP,STATE_SCOPED,NAME_ONLY
6b39a4a5c6314313d30214db49c69c47,SPLIT,1981,1971.0,1991,Kanpur,Kanpur Nagar,IND-000269,IND-000598,,RESOLVED_NO_OVERLAP,STATE_SCOPED,NAME_ONLY
48e23fa295ec0603310281f7739f09b1,SPLIT,1981,1971.0,1991,Twenty Four Parganas,North Twenty Four Parganas; South Twenty Four Parganas,,,,PARTIALLY_RESOLVED,,
e6768f8a0b612dafa81ac1c0a92c285c,NEW_DISTRICT,1982,1981.0,1991,Alappuzha,Pathanamthitta,IND-000449,IND-000659,,PARTIALLY_RESOLVED,STATE_SCOPED,STATE_SCOPED
e6768f8a0b612dafa81ac1c0a92c285c,NEW_DISTRICT,1982,1981.0,1991,Idukki,Pathanamthitta,IND-000446,IND-000659,,PARTIALLY_RESOLVED,STATE_SCOPED,STATE_SCOPED
0eb6a1c22a1e7555e7a5e6bc9d0c0dca,NEW_DISTRICT,1982,1981.0,1991,Morena,Sheopur,,,,PARTIALLY_RESOLVED,,
66afad294c7163a6618ddf67e0b3362b,NEW_DISTRICT,1982,1981.0,1991,Chandrapur,Gadchiroli,IND-000179,IND-000645,14535.5564,MEASURED,STATE_SCOPED,STATE_SCOPED
9658d40523709a111bcf7f905321165c,NEW_DISTRICT,1982,1981.0,1991,Osmanabad,Latur,IND-000326,IND-000647,6671.0582,MEASURED,STATE_SCOPED,STATE_SCOPED
5ce4c926820dbe1490f8f595d837f8ae,NEW_DISTRICT,1982,1981.0,1991,Bharatpur,Dhaulpur,,,,PARTIALLY_RESOLVED,,
0066f0ef6f38e856f8378fc50e6b80bb,SPLIT,1982,1981.0,1991,Alappuzha,Alappuzha,IND-000449,IND-000449,1417.7857,MEASURED,STATE_SCOPED,STATE_SCOPED
0066f0ef6f38e856f8378fc50e6b80bb,SPLIT,1982,1981.0,1991,Alappuzha,Pathanamthitta,IND-000449,IND-000659,,RESOLVED_NO_OVERLAP,STATE_SCOPED,STATE_SCOPED
78c950a9e888e62a5babfc381c8fe35a,SPLIT,1982,1981.0,1991,Idukki,Idukki,IND-000446,IND-000657,4370.7501,MEASURED,STATE_SCOPED,STATE_SCOPED
78c950a9e888e62a5babfc381c8fe35a,SPLIT,1982,1981.0,1991,Idukki,Pathanamthitta,IND-000446,IND-000659,,RESOLVED_NO_OVERLAP,STATE_SCOPED,STATE_SCOPED
e5feb123cfb0cbea6b2d695b1055cef0,SPLIT,1982,1981.0,1991,Kollam,Kollam,IND-000394,IND-000660,2502.9516,MEASURED,STATE_SCOPED,STATE_SCOPED
e5feb123cfb0cbea6b2d695b1055cef0,SPLIT,1982,1981.0,1991,Kollam,Pathanamthitta,IND-000394,IND-000659,2640.1891,MEASURED,STATE_SCOPED,STATE_SCOPED
28f9c2e6c0bdcf7d06287b939c300d4d,SPLIT,1982,1981.0,1991,Morena,Morena,IND-000029,IND-000029,11631.5429,PARTIALLY_RESOLVED,STATE_SCOPED,NAME_ONLY
599197c5c07a9d4160b3b56e05eb02aa,SPLIT,1982,1981.0,1991,Chandrapur,Chandrapur,IND-000179,IND-000644,10759.9974,MEASURED,STATE_SCOPED,STATE_SCOPED
599197c5c07a9d4160b3b56e05eb02aa,SPLIT,1982,1981.0,1991,Chandrapur,Gadchiroli,IND-000179,IND-000645,14535.5564,MEASURED,STATE_SCOPED,STATE_SCOPED
2b60b59ddbf70f3a781acafb833f4bf1,SPLIT,1982,1981.0,1991,Osmanabad,Latur,IND-000326,IND-000647,6671.0582,MEASURED,STATE_SCOPED,STATE_SCOPED
2b60b59ddbf70f3a781acafb833f4bf1,SPLIT,1982,1981.0,1991,Osmanabad,Osmanabad,IND-000326,IND-000648,7687.1944,MEASURED,STATE_SCOPED,STATE_SCOPED
3a9788ac2f75bdadd64edfd2d895eccb,SPLIT,1982,1981.0,1991,Bharatpur,Bharatpur,IND-000070,IND-000590,5067.8255,PARTIALLY_RESOLVED,STATE_SCOPED,STATE_SCOPED
15dc3e7250857d71907e6c77fee30969,NEW_DISTRICT,1983,1981.0,1991,Cachar,Karimganj,IND-000537,IND-000530,,RESOLVED_NO_OVERLAP,STATE_SCOPED,STATE_SCOPED
cb20dc98a21ecefd0007cb6135bb8825,NEW_DISTRICT,1983,1981.0,1991,Darrang,Sonitpur,IND-000516,IND-000517,,RESOLVED_NO_OVERLAP,STATE_SCOPED,STATE_SCOPED
61dd58c4a926cceef8b2ff1a6266636f,NEW_DISTRICT,1983,1981.0,1991,Goalpara,Kokrajhar,IND-000512,IND-000510,,PARTIALLY_RESOLVED,STATE_SCOPED,STATE_SCOPED
4812019507e84d2402c1d989d6d5df14,NEW_DISTRICT,1983,1981.0,1991,Kamrup,Barpeta,IND-000515,IND-000634,,RESOLVED_NO_OVERLAP,STATE_SCOPED,STATE_SCOPED
f2681aa3b11dfc31e63c712a4beee919,NEW_DISTRICT,1983,1981.0,1991,Sibsagar,Jorhat,IND-000524,IND-000523,,RESOLVED_NO_OVERLAP,STATE_SCOPED,STATE_SCOPED
962f21833f557c87e7d74f768a918458,NEW_DISTRICT,1983,1981.0,1991,Ranchi,Gumla,IND-000120,IND-000611,8562.1868,MEASURED,NAME_ONLY,NAME_ONLY
962f21833f557c87e7d74f768a918458,NEW_DISTRICT,1983,1981.0,1991,Ranchi,Lohardaga,IND-000120,IND-000615,1492.2653,MEASURED,NAME_ONLY,NAME_ONLY
1b13c55e5a5cd917b2b008d0e1bebe35,NEW_DISTRICT,1983,1981.0,1991,Santhal Pargana,Godda,IND-000118,IND-000610,2267.0276,MEASURED,NAME_ONLY,NAME_ONLY
1b13c55e5a5cd917b2b008d0e1bebe35,NEW_DISTRICT,1983,1981.0,1991,Santhal Pargana,Sahibganj,IND-000118,IND-000623,3930.7762,MEASURED,NAME_ONLY,NAME_ONLY
2a77b50df2e460d736df9901e00af0a5,NEW_DISTRICT,1983,1981.0,1991,Manipur Central,Bishnupur; Imphal; Thoubal,,,,PARTIALLY_RESOLVED,,
204273f1083564959ce3c8309c48ba25,SPLIT,1983,1981.0,1991,Cachar,Cachar,IND-000537,IND-000636,3826.214,MEASURED,STATE_SCOPED,STATE_SCOPED
204273f1083564959ce3c8309c48ba25,SPLIT,1983,1981.0,1991,Cachar,Karimganj,IND-000537,IND-000530,,RESOLVED_NO_OVERLAP,STATE_SCOPED,STATE_SCOPED
5fbadec097ad7d13bdd681ce64c76297,SPLIT,1983,1981.0,1991,Darrang,Darrang,IND-000516,IND-000516,3655.9299,MEASURED,STATE_SCOPED,STATE_SCOPED
5fbadec097ad7d13bdd681ce64c76297,SPLIT,1983,1981.0,1991,Darrang,Sonitpur,IND-000516,IND-000517,,RESOLVED_NO_OVERLAP,STATE_SCOPED,STATE_SCOPED
76a1382248f5a9a8275a0b7ff9375aa0,SPLIT,1983,1981.0,1991,Goalpara,Goalpara,IND-000512,IND-000512,1988.959,PARTIALLY_RESOLVED,STATE_SCOPED,STATE_SCOPED
76a1382248f5a9a8275a0b7ff9375aa0,SPLIT,1983,1981.0,1991,Goalpara,Kokrajhar,IND-000512,IND-000510,,PARTIALLY_RESOLVED,STATE_SCOPED,STATE_SCOPED
fdf875bb96a5dbca6d03757a1723b41e,SPLIT,1983,1981.0,1991,Kamrup,Barpeta,IND-000515,IND-000634,,RESOLVED_NO_OVERLAP,STATE_SCOPED,STATE_SCOPED
fdf875bb96a5dbca6d03757a1723b41e,SPLIT,1983,1981.0,1991,Kamrup,Kamrup,IND-000515,IND-000515,4588.5861,MEASURED,STATE_SCOPED,STATE_SCOPED
f3fd244994c02602964b3fe9339cdf8e,SPLIT,1983,1981.0,1991,Sibsagar,Jorhat,IND-000524,IND-000523,,RESOLVED_NO_OVERLAP,STATE_SCOPED,STATE_SCOPED
f3fd244994c02602964b3fe9339cdf8e,SPLIT,1983,1981.0,1991,Sibsagar,Sibsagar,IND-000524,IND-000524,2641.8424,MEASURED,STATE_SCOPED,STATE_SCOPED
3d7107cf49c9876c3b98892dddff9851,SPLIT,1983,1981.0,1991,Ranchi,Gumla,IND-000120,IND-000611,8562.1868,MEASURED,NAME_ONLY,NAME_ONLY
3d7107cf49c9876c3b98892dddff9851,SPLIT,1983,1981.0,1991,Ranchi,Lohardaga,IND-000120,IND-000615,1492.2653,MEASURED,NAME_ONLY,NAME_ONLY
3d7107cf49c9876c3b98892dddff9851,SPLIT,1983,1981.0,1991,Ranchi,Ranchi,IND-000120,IND-000621,7651.0984,MEASURED,NAME_ONLY,NAME_ONLY
e6707e702b1cd4788fa48268bf7f9376,SPLIT,1983,1981.0,1991,Santhal Pargana,Godda,IND-000118,IND-000610,2267.0276,MEASURED,NAME_ONLY,NAME_ONLY
e6707e702b1cd4788fa48268bf7f9376,SPLIT,1983,1981.0,1991,Santhal Pargana,Sahibganj,IND-000118,IND-000623,3930.7762,MEASURED,NAME_ONLY,NAME_ONLY
69e9598e75aeba411f7b0a28cd0f1d2f,SPLIT,1983,1981.0,1991,Manipur Central,Bishnupur; Imphal; Thoubal,,,,PARTIALLY_RESOLVED,,
84f00ce41ff6e175b3dcb1b0e9055280,NEW_DISTRICT,1984,1981.0,1991,Cannanore,Kasaragod,,,,PARTIALLY_RESOLVED,,
0c0f6e25e2a757773cf005e59c8a6e99,SPLIT,1984,1981.0,1991,Kannur,Kannur,IND-000442,IND-000655,2957.5198,MEASURED,STATE_SCOPED,STATE_SCOPED
0c0f6e25e2a757773cf005e59c8a6e99,SPLIT,1984,1981.0,1991,Kannur,Kasaragod,IND-000442,IND-000658,2017.2649,MEASURED,STATE_SCOPED,STATE_SCOPED
a8fb2c3cfa3d2ecdcba624c36f451fdf,NEW_DISTRICT,1985,1981.0,1991,Kamrup,Nalbari,IND-000515,IND-000514,,RESOLVED_NO_OVERLAP,STATE_SCOPED,STATE_SCOPED
697e151a7c5ec7fe73e40ebdc23267e4,NEW_DISTRICT,1985,1981.0,1991,Madurai,Dindigul Anna,,,,PARTIALLY_RESOLVED,,
64293bcb83887cf9071b9cefbc8f1a70,NEW_DISTRICT,1985,1981.0,1991,Ramanathapuram,Kamarajar,IND-000217,IND-000663,4323.312,PARTIALLY_RESOLVED,STATE_SCOPED,NAME_ONLY
a60a0d6976c2558a46deded64b853d7a,SPLIT,1985,1981.0,1991,Kamrup,Kamrup,IND-000515,IND-000515,4588.5861,PARTIALLY_RESOLVED,STATE_SCOPED,STATE_SCOPED
7fd9dd8219e4af7783dd3399566df0f7,SPLIT,1985,1981.0,1991,Madurai,Madurai,IND-000214,IND-000664,6468.5128,PARTIALLY_RESOLVED,STATE_SCOPED,NAME_ONLY
2a58333b5ce94bcf528209ae10cb894d,SPLIT,1985,1981.0,1991,Ramanathapuram,Kamarajar,IND-000217,IND-000663,4323.312,PARTIALLY_RESOLVED,STATE_SCOPED,NAME_ONLY
2a58333b5ce94bcf528209ae10cb894d,SPLIT,1985,1981.0,1991,Ramanathapuram,Ramanathapuram,IND-000217,IND-000667,4106.5977,PARTIALLY_RESOLVED,STATE_SCOPED,NAME_ONLY
36e999bcd204f3cca9f52240103348d6,NEW_DISTRICT,1986,1981.0,1991,Gaya,Jehanabad,IND-000543,IND-000612,1562.2161,MEASURED,STATE_SCOPED,STATE_SCOPED
4c1b9aea0189295fc1b192454230f72b,NEW_DISTRICT,1986,1981.0,1991,Bangalore,Bengaluru Rural,,,,PARTIALLY_RESOLVED,,
d133bbdaf8a7043083a162c78f4480f6,NEW_DISTRICT,1986,1981.0,1991,Tirunelveli,Chidambaranar,,,,PARTIALLY_RESOLVED,,
4b068aff4e7603ff3b2ee805770b953f,SPLIT,1986,1981.0,1991,Gaya,Gaya,IND-000543,IND-000609,4992.4044,MEASURED,STATE_SCOPED,STATE_SCOPED
4b068aff4e7603ff3b2ee805770b953f,SPLIT,1986,1981.0,1991,Gaya,Jehanabad,IND-000543,IND-000612,1562.2161,MEASURED,STATE_SCOPED,STATE_SCOPED
b5d4ab1dcd1261441971a8675e45406b,SPLIT,1986,1981.0,1991,Bangalore,Bangalore,IND-000050,IND-000651,2172.348,PARTIALLY_RESOLVED,STATE_SCOPED,STATE_SCOPED
1943086b03f2bb57f3930fa3880b4380,SPLIT,1986,1981.0,1991,Tirunelveli,Chidambaranar; Tirunelveli Kattabomman,,,,PARTIALLY_RESOLVED,,
259ceb9887781e05be2982ebfdb507c8,NEW_DISTRICT,1987,1981.0,1991,Subansiri,Lower Subansiri; Upper Subansiri,,,,UNRESOLVED_NAME,,
a859e1edf3341553714864c79614600b,NEW_DISTRICT,1987,1981.0,1991,Tirap,Changlang,IND-000047,IND-000625,4973.1059,MEASURED,STATE_SCOPED,NAME_ONLY
cc6b5782cd2f70a1d79c639507e8a4e5,NEW_DISTRICT,1987,1981.0,1991,Sibsagar,Golaghat,IND-000524,IND-000522,,RESOLVED_NO_OVERLAP,STATE_SCOPED,STATE_SCOPED
5982aa85ad68b2749629fda69e8e37d4,NEW_DISTRICT,1987,1981.0,1991,Goa,North Goa; South Goa,,,,UNRESOLVED_NAME,,
138f6ffcf17469aa05c3855485e68f61,SPLIT,1987,1981.0,1991,Subansiri,Lower Subansiri; Upper Subansiri,,,,UNRESOLVED_NAME,,
b295541b000fdee6bc431d896536fac9,SPLIT,1987,1981.0,1991,Tirap,Changlang,IND-000047,IND-000625,4973.1059,MEASURED,STATE_SCOPED,NAME_ONLY
b295541b000fdee6bc431d896536fac9,SPLIT,1987,1981.0,1991,Tirap,Tirap,IND-000047,IND-000627,2171.3856,MEASURED,STATE_SCOPED,NAME_ONLY
0e6e96945c1f2c5ea7073db40677603d,SPLIT,1987,1981.0,1991,Sibsagar,Golaghat,IND-000524,IND-000522,,RESOLVED_NO_OVERLAP,STATE_SCOPED,STATE_SCOPED
0e6e96945c1f2c5ea7073db40677603d,SPLIT,1987,1981.0,1991,Sibsagar,Sibsagar,IND-000524,IND-000524,2641.8424,MEASURED,STATE_SCOPED,STATE_SCOPED
5f2e3b5efe14024b8d0111ba7f2699fd,SPLIT,1987,1981.0,1991,Goa,North Goa; South Goa,,,,UNRESOLVED_NAME,,
b6eff372f330c137d2207e81d2597956,SPLIT,1987,1981.0,1991,Sahranpur,Hardwar; Sahranpur,,,,PARTIALLY_RESOLVED,,
64a43cce16248ddb127c78e0005144d1,NEW_DISTRICT,1988,1981.0,1991,Azamgarh,Mau,IND-000284,IND-000602,2219.5859,MEASURED,STATE_SCOPED,NAME_ONLY
b0d82a9019bb504d5707b41194df3c80,NEW_DISTRICT,1988,1981.0,1991,Basti,Siddharthnagar,IND-000283,IND-000605,2780.1246,MEASURED,STATE_SCOPED,NAME_ONLY
197127e285a2f1996eb9e8582384da9e,NEW_DISTRICT,1988,1981.0,1991,Sahranpur,Hardwar,,,,PARTIALLY_RESOLVED,,
a1b4f873a22789c1d666a31f485bc4ca,NEW_DISTRICT,1988,1981.0,1991,Saharanpur,Hardwar,IND-000252,IND-000596,2274.5243,MEASURED,NAME_ONLY,NAME_ONLY
d36cc7525ddeb7e02922061311b5ec9f,SPLIT,1988,1981.0,1991,Azamgarh,Azamgarh,IND-000284,IND-000592,3688.183,MEASURED,STATE_SCOPED,NAME_ONLY
d36cc7525ddeb7e02922061311b5ec9f,SPLIT,1988,1981.0,1991,Azamgarh,Mau,IND-000284,IND-000602,2219.5859,MEASURED,STATE_SCOPED,NAME_ONLY
0771613d4ffb6660d4a2bfce71431964,SPLIT,1988,1981.0,1991,Basti,Basti,IND-000283,IND-000593,4385.8784,MEASURED,STATE_SCOPED,NAME_ONLY
0771613d4ffb6660d4a2bfce71431964,SPLIT,1988,1981.0,1991,Basti,Siddharthnagar,IND-000283,IND-000605,2780.1246,MEASURED,STATE_SCOPED,NAME_ONLY
3d83d4bed776c1448a309aeac27e9cfd,SPLIT,1988,1981.0,1991,Sahranpur,Hardwar; Sahranpur,,,,PARTIALLY_RESOLVED,,
a1d6a46b14e6f98b4269900bd6c45236,NEW_DISTRICT,1989,1981.0,1991,West Kameng,Tawang,IND-000485,IND-000626,2335.1735,MEASURED,STATE_SCOPED,NAME_ONLY
0b4f81fddabb0705710eda49f9a7bf51,NEW_DISTRICT,1989,1981.0,1991,West Siang,East Siang,,,,PARTIALLY_RESOLVED,,
fd515af4e017fa91eedaef557d9f2a2b,NEW_DISTRICT,1989,1981.0,1991,Cachar,Hailakandi,IND-000537,IND-000536,,RESOLVED_NO_OVERLAP,STATE_SCOPED,STATE_SCOPED
d0b5012134980bbda163f5b7e8013965,NEW_DISTRICT,1989,1981.0,1991,Dibrugarh,Tinsukia,IND-000525,IND-000526,,RESOLVED_NO_OVERLAP,STATE_SCOPED,STATE_SCOPED
f33c658deb8787962c567ab34dd89dbc,NEW_DISTRICT,1989,1981.0,1991,Goalpara,Bongaigaon,IND-000512,IND-000635,,RESOLVED_NO_OVERLAP,STATE_SCOPED,STATE_SCOPED
34c2a6b9213998ef8b08fab65a2a24e6,NEW_DISTRICT,1989,1981.0,1991,Lakhimpur,Dhemaji,IND-000518,IND-000637,,RESOLVED_NO_OVERLAP,STATE_SCOPED,STATE_SCOPED
bc06f072ca22b848f56be8cf78ee7473,NEW_DISTRICT,1989,1981.0,1991,Nagaon,Marigaon,IND-000521,IND-000520,,RESOLVED_NO_OVERLAP,STATE_SCOPED,STATE_SCOPED
b7aa8152e62768ba4fb2275cd61df0c7,NEW_DISTRICT,1989,1981.0,1991,Ambala,Yamunanagar,IND-000342,IND-000588,1711.4451,MEASURED,STATE_SCOPED,STATE_SCOPED
0c70170d7a9ac1010cfaa188630330c5,NEW_DISTRICT,1989,1981.0,1991,Karnal,Panipat,IND-000563,IND-000586,1881.8665,MEASURED,STATE_SCOPED,STATE_SCOPED
970c4c559181aaef7a2c74d213b9f5f9,NEW_DISTRICT,1989,1981.0,1991,Kurukshetra,Kaithal,IND-000562,IND-000582,2298.005,MEASURED,STATE_SCOPED,STATE_SCOPED
99c48509f9aacb6ad1e9f0fb2a294519,NEW_DISTRICT,1989,1981.0,1991,Mahendragarh,Rewari,IND-000567,IND-000587,1431.1945,MEASURED,STATE_SCOPED,STATE_SCOPED
9c49691978764e68f203042cec1026ac,NEW_DISTRICT,1989,1981.0,1991,North Arcot,North Arcot Ambedkar; Tiruvannamalai Sambuvarayar,,,,UNRESOLVED_NAME,,
43e878c36a407b53ede903f7d74e814f,NEW_DISTRICT,1989,1981.0,1991,Gorakhpur,Maharajganj,IND-000281,IND-000599,3003.7344,MEASURED,STATE_SCOPED,NAME_ONLY
3d1f49bd8c347333dbadef96df41b8e3,NEW_DISTRICT,1989,1981.0,1991,Mainpuri,Firozabad,IND-000259,IND-000594,2420.5185,MEASURED,STATE_SCOPED,NAME_ONLY
3d1f49bd8c347333dbadef96df41b8e3,NEW_DISTRICT,1989,1981.0,1991,Agra,Firozabad,IND-000258,IND-000594,,RESOLVED_NO_OVERLAP,STATE_SCOPED,NAME_ONLY
cb6065c49c3f36e2b625a625aa8c4497,NEW_DISTRICT,1989,1981.0,1991,Mirzapur,Sonbhadra,IND-000277,IND-000606,6884.9914,MEASURED,STATE_SCOPED,NAME_ONLY
8c000513e24751af55af1e99294317ea,SPLIT,1989,1981.0,1991,West Kameng,Tawang,IND-000485,IND-000626,2335.1735,PARTIALLY_RESOLVED,STATE_SCOPED,NAME_ONLY
35e5ffd809c23ec6ac81d4da33a523c7,SPLIT,1989,1981.0,1991,West Siang,East Siang; West Siang,,,,PARTIALLY_RESOLVED,,
21b1cf8a3a7c3b2356b99f4cd8df98cd,SPLIT,1989,1981.0,1991,Cachar,Cachar,IND-000537,IND-000636,3826.214,MEASURED,STATE_SCOPED,STATE_SCOPED
21b1cf8a3a7c3b2356b99f4cd8df98cd,SPLIT,1989,1981.0,1991,Cachar,Hailakandi,IND-000537,IND-000536,,RESOLVED_NO_OVERLAP,STATE_SCOPED,STATE_SCOPED
618865a0f18f091d3d4e76788c8689c3,SPLIT,1989,1981.0,1991,Dibrugarh,Dibrugarh,IND-000525,IND-000525,3387.0833,MEASURED,STATE_SCOPED,STATE_SCOPED
618865a0f18f091d3d4e76788c8689c3,SPLIT,1989,1981.0,1991,Dibrugarh,Tinsukia,IND-000525,IND-000526,,RESOLVED_NO_OVERLAP,STATE_SCOPED,STATE_SCOPED
38900da2b1f678082f76d63e34691a5d,SPLIT,1989,1981.0,1991,Goalpara,Bongaigaon,IND-000512,IND-000635,,RESOLVED_NO_OVERLAP,STATE_SCOPED,STATE_SCOPED
38900da2b1f678082f76d63e34691a5d,SPLIT,1989,1981.0,1991,Goalpara,Goalpara,IND-000512,IND-000512,1988.959,MEASURED,STATE_SCOPED,STATE_SCOPED
0334e2c35b6e8fe7e5723a3085a175d4,SPLIT,1989,1981.0,1991,Kokrajihar,Bongaigaon; Kokrajihar,,,,PARTIALLY_RESOLVED,,
a0b789977a33f0ee722a852c1c217737,SPLIT,1989,1981.0,1991,Lakhimpur,Dhemaji,IND-000518,IND-000637,,RESOLVED_NO_OVERLAP,STATE_SCOPED,STATE_SCOPED
a0b789977a33f0ee722a852c1c217737,SPLIT,1989,1981.0,1991,Lakhimpur,Lakhimpur,IND-000518,IND-000638,2192.1596,MEASURED,STATE_SCOPED,STATE_SCOPED
6e2ac09f26b924f65f136df8029d85c5,SPLIT,1989,1981.0,1991,Nagaon,Marigaon,IND-000521,IND-000520,,RESOLVED_NO_OVERLAP,STATE_SCOPED,STATE_SCOPED
6e2ac09f26b924f65f136df8029d85c5,SPLIT,1989,1981.0,1991,Nagaon,Nagaon,IND-000521,IND-000521,4076.5874,MEASURED,STATE_SCOPED,STATE_SCOPED
53127e08d309d5b169cc65148d39e145,SPLIT,1989,1981.0,1991,Ambala,Ambala,IND-000342,IND-000581,2436.4768,MEASURED,STATE_SCOPED,STATE_SCOPED
53127e08d309d5b169cc65148d39e145,SPLIT,1989,1981.0,1991,Ambala,Yamunanagar,IND-000342,IND-000588,1711.4451,MEASURED,STATE_SCOPED,STATE_SCOPED
0c644e78935c416c0a70f667179551d7,SPLIT,1989,1981.0,1991,Karnal,Karnal,IND-000563,IND-000583,1937.6958,MEASURED,STATE_SCOPED,STATE_SCOPED
0c644e78935c416c0a70f667179551d7,SPLIT,1989,1981.0,1991,Karnal,Panipat,IND-000563,IND-000586,1881.8665,MEASURED,STATE_SCOPED,STATE_SCOPED
f8901b584e1cd2d74094e028b7765c86,SPLIT,1989,1981.0,1991,Kurukshetra,Kaithal,IND-000562,IND-000582,2298.005,MEASURED,STATE_SCOPED,STATE_SCOPED
f8901b584e1cd2d74094e028b7765c86,SPLIT,1989,1981.0,1991,Kurukshetra,Kurukshetra,IND-000562,IND-000584,1647.1921,MEASURED,STATE_SCOPED,STATE_SCOPED
4596c9f8f42f3c4a6aafc86af02ea9d3,SPLIT,1989,1981.0,1991,Mahendragarh,Mahendragarh,IND-000567,IND-000585,1834.0292,MEASURED,STATE_SCOPED,STATE_SCOPED
4596c9f8f42f3c4a6aafc86af02ea9d3,SPLIT,1989,1981.0,1991,Mahendragarh,Rewari,IND-000567,IND-000587,1431.1945,MEASURED,STATE_SCOPED,STATE_SCOPED
70479a18981ef9b5903ddec673503a43,SPLIT,1989,1981.0,1991,North Arcot,North Arcot Ambedkar; Tiruvannamalai Sambuvarayar,,,,UNRESOLVED_NAME,,
f70c4267800b8e2aec0a1768539e7ae5,SPLIT,1989,1981.0,1991,Agra,Agra,IND-000258,IND-000258,4057.2437,MEASURED,STATE_SCOPED,NAME_ONLY
f70c4267800b8e2aec0a1768539e7ae5,SPLIT,1989,1981.0,1991,Agra,Firozabad,IND-000258,IND-000594,,RESOLVED_NO_OVERLAP,STATE_SCOPED,NAME_ONLY
8ab7ca39e326e2c7a4bef5a7afb0be19,SPLIT,1989,1981.0,1991,Gorakhpur,Gorakhpur,IND-000281,IND-000595,3334.2512,MEASURED,STATE_SCOPED,NAME_ONLY
8ab7ca39e326e2c7a4bef5a7afb0be19,SPLIT,1989,1981.0,1991,Gorakhpur,Maharajganj,IND-000281,IND-000599,3003.7344,MEASURED,STATE_SCOPED,NAME_ONLY
e1641449098298f7d374afb7a8eddca8,SPLIT,1989,1981.0,1991,Mainpuri,Firozabad,IND-000259,IND-000594,2420.5185,MEASURED,STATE_SCOPED,NAME_ONLY
e1641449098298f7d374afb7a8eddca8,SPLIT,1989,1981.0,1991,Mainpuri,Mainpuri,IND-000259,IND-000600,2767.7079,MEASURED,STATE_SCOPED,NAME_ONLY
bf2ec9aa6a5a8845762597c2f7f15867,SPLIT,1989,1981.0,1991,Mirzapur,Mirzapur,IND-000277,IND-000603,4434.528,MEASURED,STATE_SCOPED,NAME_ONLY
bf2ec9aa6a5a8845762597c2f7f15867,SPLIT,1989,1981.0,1991,Mirzapur,Sonbhadra,IND-000277,IND-000606,6884.9914,MEASURED,STATE_SCOPED,NAME_ONLY
fd73c5f91600fa385a57023fff04fc9f,NEW_DISTRICT,1990,1981.0,1991,Purnia,Araria,IND-000557,IND-000607,2814.1203,MEASURED,STATE_SCOPED,STATE_SCOPED
fd73c5f91600fa385a57023fff04fc9f,NEW_DISTRICT,1990,1981.0,1991,Purnia,Kishanganj,IND-000557,IND-000614,1935.9772,MEASURED,STATE_SCOPED,STATE_SCOPED
9f2d749f3b104dd1e073c52958d56a2c,NEW_DISTRICT,1990,1981.0,1991,Singhbhum,Pashchimi Singhbhum; Purbi Singhbhum,,,,UNRESOLVED_NAME,,
2fb2315cc7b62e448fc04cee93c43f6f,NEW_DISTRICT,1990,1981.0,1991,Greater Bombay,Mumbai; Mumbai (Suburban),,,,PARTIALLY_RESOLVED,,
677f4a8b9f5a819fc25d46ddc9dffa4e,SPLIT,1990,1981.0,1991,Purnia,Araria,IND-000557,IND-000607,2814.1203,MEASURED,STATE_SCOPED,STATE_SCOPED
677f4a8b9f5a819fc25d46ddc9dffa4e,SPLIT,1990,1981.0,1991,Purnia,Kishanganj,IND-000557,IND-000614,1935.9772,MEASURED,STATE_SCOPED,STATE_SCOPED
677f4a8b9f5a819fc25d46ddc9dffa4e,SPLIT,1990,1981.0,1991,Purnia,Purnia,IND-000557,IND-000620,3204.99,MEASURED,STATE_SCOPED,STATE_SCOPED
0b751d8f3ab8f72f07f00a2f34ccef2f,SPLIT,1990,1981.0,1991,Singhbhum,Pashchimi Singhbhum; Purbi Singhbhum,,,,UNRESOLVED_NAME,,
0d274d5f42dc058632ecb71cbdc9176e,SPLIT,1990,1981.0,1991,Greater Bombay,Mumbai; Mumbai (Suburban),,,,PARTIALLY_RESOLVED,,
091665e8ca372494f8a5d855ff7274e3,NEW_DISTRICT,1991,1981.0,2001,Bhagalpur,Banka,IND-000114,IND-000763,,RESOLVED_NO_OVERLAP,STATE_SCOPED,STATE_SCOPED
c4756954ab9e95d26e78480604051a27,NEW_DISTRICT,1991,1981.0,2001,Bhojpur,Buxar,IND-000540,IND-000768,,RESOLVED_NO_OVERLAP,STATE_SCOPED,STATE_SCOPED
4b6a19a6c58bda82d3b7ac7deb338414,NEW_DISTRICT,1991,1981.0,2001,Munger,Jamui,IND-000559,IND-000771,,RESOLVED_NO_OVERLAP,STATE_SCOPED,STATE_SCOPED
b9bdac414289cf473cfa3601477bc76b,NEW_DISTRICT,1991,1981.0,2001,Rohtas,Kaimur (Bhabua),IND-000541,IND-000769,,RESOLVED_NO_OVERLAP,STATE_SCOPED,STATE_SCOPED
a89eb87b922bdd6b00f02ecec3c01581,NEW_DISTRICT,1991,1981.0,2001,Saharsa,Supaul,IND-000115,IND-000760,,RESOLVED_NO_OVERLAP,STATE_SCOPED,STATE_SCOPED
999147a40c91fd57baa22aee477cd10f,NEW_DISTRICT,1991,1981.0,2001,Dhanbad,Bokaro,IND-000122,IND-000815,,PARTIALLY_RESOLVED,NAME_ONLY,STATE_SCOPED
9a8b99794b804f9c2afed17369977969,NEW_DISTRICT,1991,1981.0,2001,Hazaribag,Chatra,IND-000561,IND-000808,,RESOLVED_NO_OVERLAP,NAME_ONLY,STATE_SCOPED
a059c7f51b0e885b56153dbd3cc1ee4f,NEW_DISTRICT,1991,1981.0,2001,Palamu,Garhwa,IND-000123,IND-000806,,RESOLVED_NO_OVERLAP,NAME_ONLY,STATE_SCOPED
833a9b5ac40a4442a4730b53922f7092,NEW_DISTRICT,1991,1981.0,2001,Jaipur,Dausa,IND-000067,IND-000713,,RESOLVED_NO_OVERLAP,STATE_SCOPED,STATE_SCOPED
7a62c5e5be5d55b8d2171aea5fa5cd5c,NEW_DISTRICT,1991,1981.0,2001,Kota,Baran,IND-000089,IND-000718,,RESOLVED_NO_OVERLAP,STATE_SCOPED,STATE_SCOPED
a6667cc0e66ec77016f0506384c5e1c9,NEW_DISTRICT,1991,1981.0,2001,Udaipur,Rajsamand,IND-000084,IND-000715,,RESOLVED_NO_OVERLAP,STATE_SCOPED,STATE_SCOPED
60d4e9582295c767beb1eea3c9e57b81,NEW_DISTRICT,1991,1981.0,2001,Thanjavur,Nagapattinam,IND-000495,IND-000928,,RESOLVED_NO_OVERLAP,STATE_SCOPED,STATE_SCOPED
ae520034ee6be31e5dbc9ecdf0c113af,RENAME,1991,1981.0,2001,Ladakh,Leh (Ladakh),IND-000527,IND-000527,,RESOLVED_NO_OVERLAP,STATE_SCOPED,STATE_SCOPED
61a0105847a35ce1a2087d9d89d2cb36,RENAME,1991,1981.0,2001,Ladakh,Leh (Ladakh),IND-000527,IND-000527,,RESOLVED_NO_OVERLAP,NAME_ONLY,NAME_ONLY
af2df63fefea7b4fae8e1c0e80b7448f,RENAME,1991,1981.0,2001,Chidambaranar,Toothukudi,,,,UNRESOLVED_NAME,,
ce1adea703d818d7103763d583824bc5,RENAME,1991,1981.0,2001,Dindigul Anna,Dindigul,,,,PARTIALLY_RESOLVED,,
777ccb6c5f1eca8abc6d2e4a031f58ea,RENAME,1991,1981.0,2001,Kamarajar,Virudhunagar,,,,PARTIALLY_RESOLVED,,
6d658adec4a827f518228b10c409da71,RENAME,1991,1981.0,2001,Madras,Chennai,IND-000213,IND-000213,,RESOLVED_NO_OVERLAP,STATE_SCOPED,STATE_SCOPED
634ad1adfbf17ec0ee24eb9a081790a0,RENAME,1991,1981.0,2001,Nilgiri,The Nilgiris,IND-000216,IND-000216,,RESOLVED_NO_OVERLAP,STATE_SCOPED,STATE_SCOPED
c0113b9e55e8aa97a370832a1ffa7825,RENAME,1991,1981.0,2001,North Arcot Ambedkar,Vellore,IND-000200,IND-000665,,RESOLVED_NO_OVERLAP,STATE_SCOPED,STATE_SCOPED
db9e0c41bcbbb5db6ce60b48057b5c30,RENAME,1991,1981.0,2001,Pasumpon Muthuramalinga Thevar,Sivaganga,,,,PARTIALLY_RESOLVED,,
726172fd9f09dbe4488bd1fca9b58a8c,RENAME,1991,1981.0,2001,Periyar,Erode,IND-000492,IND-000492,,RESOLVED_NO_OVERLAP,STATE_SCOPED,STATE_SCOPED
a62c39fbc4e110d693bf902e0f4ecde0,RENAME,1991,1981.0,2001,Tirunelveli Kattabomman,Tirunelveli,,,,PARTIALLY_RESOLVED,,
cd066cfdd6da916251ed8c286fd2c1b9,RENAME,1991,1981.0,2001,Tiruvannamalai Sambuvarayar,Tiruvanamalai,,,,UNRESOLVED_NAME,,
800c852d13eeea1933eb223b3ed095aa,RENAME,1991,1981.0,2001,Calcutta,Kolkata,IND-000309,IND-000309,,RESOLVED_NO_OVERLAP,STATE_SCOPED,STATE_SCOPED
dcefbe0812489efad97fad333a69ee0f,SPLIT,1991,1981.0,2001,Bhagalpur,Banka,IND-000114,IND-000763,,RESOLVED_NO_OVERLAP,STATE_SCOPED,STATE_SCOPED
dcefbe0812489efad97fad333a69ee0f,SPLIT,1991,1981.0,2001,Bhagalpur,Bhagalpur,IND-000114,IND-000762,,RESOLVED_NO_OVERLAP,STATE_SCOPED,STATE_SCOPED
e51a1cfeae9b8a7a782fb8620338fdfc,SPLIT,1991,1981.0,2001,Bhojpur,Bhojpur,IND-000540,IND-000767,,RESOLVED_NO_OVERLAP,STATE_SCOPED,STATE_SCOPED
e51a1cfeae9b8a7a782fb8620338fdfc,SPLIT,1991,1981.0,2001,Bhojpur,Buxar,IND-000540,IND-000768,,RESOLVED_NO_OVERLAP,STATE_SCOPED,STATE_SCOPED
bd2a3234294a011ba421733334096845,SPLIT,1991,1981.0,2001,Munger,Jamui,IND-000559,IND-000771,,RESOLVED_NO_OVERLAP,STATE_SCOPED,STATE_SCOPED
8720a6029488508d40ad02f48eb41c2a,SPLIT,1991,1981.0,2001,Rohtas,Kaimur (Bhabua),IND-000541,IND-000769,,RESOLVED_NO_OVERLAP,STATE_SCOPED,STATE_SCOPED
8720a6029488508d40ad02f48eb41c2a,SPLIT,1991,1981.0,2001,Rohtas,Rohtas,IND-000541,IND-000770,,RESOLVED_NO_OVERLAP,STATE_SCOPED,STATE_SCOPED
89061401f134aee2a948f0fbff35c10d,SPLIT,1991,1981.0,2001,Saharsa,Saharsa,IND-000115,IND-000761,,RESOLVED_NO_OVERLAP,STATE_SCOPED,STATE_SCOPED
89061401f134aee2a948f0fbff35c10d,SPLIT,1991,1981.0,2001,Saharsa,Supaul,IND-000115,IND-000760,,RESOLVED_NO_OVERLAP,STATE_SCOPED,STATE_SCOPED
dc5248cabd0dc9bd9b6b2f33f1296b09,SPLIT,1991,1981.0,2001,Dhanbad,Bokaro,IND-000122,IND-000815,,RESOLVED_NO_OVERLAP,NAME_ONLY,STATE_SCOPED
dc5248cabd0dc9bd9b6b2f33f1296b09,SPLIT,1991,1981.0,2001,Dhanbad,Dhanbad,IND-000122,IND-000814,,RESOLVED_NO_OVERLAP,NAME_ONLY,STATE_SCOPED
0c7f2a2560a6b303aea590c4e9836717,SPLIT,1991,1981.0,2001,Giridh,Bokaro; Giridh,,,,PARTIALLY_RESOLVED,,
06d64a670ebe5b7e6e0bb0e95c60f6a6,SPLIT,1991,1981.0,2001,Hazaribag,Chatra,IND-000561,IND-000808,,PARTIALLY_RESOLVED,NAME_ONLY,STATE_SCOPED
3c3e031bab273f1e4f9ec871b48f0fd8,SPLIT,1991,1981.0,2001,Palamu,Garhwa,IND-000123,IND-000806,,RESOLVED_NO_OVERLAP,NAME_ONLY,STATE_SCOPED
3c3e031bab273f1e4f9ec871b48f0fd8,SPLIT,1991,1981.0,2001,Palamu,Palamu,IND-000123,IND-000807,,RESOLVED_NO_OVERLAP,NAME_ONLY,STATE_SCOPED
7dfa9ce7b2aeadc39b48159bda236d74,SPLIT,1991,1981.0,2001,Jaipur,Dausa,IND-000067,IND-000713,,RESOLVED_NO_OVERLAP,STATE_SCOPED,STATE_SCOPED
7dfa9ce7b2aeadc39b48159bda236d74,SPLIT,1991,1981.0,2001,Jaipur,Jaipur,IND-000067,IND-000714,,RESOLVED_NO_OVERLAP,STATE_SCOPED,STATE_SCOPED
1c2b5198d773c9db95e00d1df4375598,SPLIT,1991,1981.0,2001,Kota,Baran,IND-000089,IND-000718,,RESOLVED_NO_OVERLAP,STATE_SCOPED,STATE_SCOPED
1c2b5198d773c9db95e00d1df4375598,SPLIT,1991,1981.0,2001,Kota,Kota,IND-000089,IND-000717,,RESOLVED_NO_OVERLAP,STATE_SCOPED,STATE_SCOPED
5a8bf193e461db5db46764fb9b45b49c,SPLIT,1991,1981.0,2001,Udaipur,Rajsamand,IND-000084,IND-000715,,RESOLVED_NO_OVERLAP,STATE_SCOPED,STATE_SCOPED
5a8bf193e461db5db46764fb9b45b49c,SPLIT,1991,1981.0,2001,Udaipur,Udaipur,IND-000084,IND-000716,,RESOLVED_NO_OVERLAP,STATE_SCOPED,STATE_SCOPED
aaace886656101c17cd0a1a0b1c734d9,SPLIT,1991,1981.0,2001,Thanjavur,Nagapattinam,IND-000495,IND-000928,,RESOLVED_NO_OVERLAP,STATE_SCOPED,STATE_SCOPED
aaace886656101c17cd0a1a0b1c734d9,SPLIT,1991,1981.0,2001,Thanjavur,Thanjavur,IND-000495,IND-000930,,RESOLVED_NO_OVERLAP,STATE_SCOPED,STATE_SCOPED
fadf9f68febcc72b919f4e036c2f996f,NEW_DISTRICT,1992,1991.0,2001,Lower Subansiri,Papum Pare,,,,PARTIALLY_RESOLVED,,
4ae5b1873778a7dcc4a2fb20532f90d6,NEW_DISTRICT,1992,1991.0,2001,East Khasi Hills,Ri Bhoi,,,,PARTIALLY_RESOLVED,,
f205c9c000e9f2f0f85457fb279b65a0,NEW_DISTRICT,1992,1991.0,2001,West Garo Hills,South Garo Hills,,,,PARTIALLY_RESOLVED,,
38da0b74169e9c01c0a818bf2c2f9191,NEW_DISTRICT,1992,1991.0,2001,Koraput,Malkangiri,IND-000230,IND-000842,5659.2699,MEASURED,STATE_SCOPED,STATE_SCOPED
cb2dd0bcc43f5ee14d675d3eda2f6a0a,NEW_DISTRICT,1992,1991.0,2001,Bathinda,Mansa,IND-000478,IND-000680,2579.6192,MEASURED,STATE_SCOPED,STATE_SCOPED
64b62ed37e5b91c836537b080f32b2f7,NEW_DISTRICT,1992,1991.0,2001,Hoshiarpur,Fatehgarh Sahib,IND-000579,IND-000674,,RESOLVED_NO_OVERLAP,STATE_SCOPED,STATE_SCOPED
0740daa09eb71c044717540606cac364,NEW_DISTRICT,1992,1991.0,2001,West Dinajpur,Dakshin Dinajpur; Uttar Dinajpur,,,,PARTIALLY_RESOLVED,,
c0e0eaa91da54ac72b20f5c4e13b9010,SPLIT,1992,1991.0,2001,Lower Subansiri,Lower Subansiri; Papum Pare,,,,PARTIALLY_RESOLVED,,
50d9e3ce40860074f94b776837d4e46c,SPLIT,1992,1991.0,2001,East Khasi Hills,East Khasi Hills; Ri Bhoi,,,,PARTIALLY_RESOLVED,,
0b80d3ba397dff4a23b264a98e51f5ed,SPLIT,1992,1991.0,2001,West Garo Hills,South Garo Hills; West Garo Hills,,,,PARTIALLY_RESOLVED,,
bb6368932067ed250718ca970f7e69e8,SPLIT,1992,1991.0,2001,Koraput,Koraput,IND-000230,IND-000841,8436.9714,PARTIALLY_RESOLVED,STATE_SCOPED,STATE_SCOPED
bb6368932067ed250718ca970f7e69e8,SPLIT,1992,1991.0,2001,Koraput,Malkangiri,IND-000230,IND-000842,5659.2699,PARTIALLY_RESOLVED,STATE_SCOPED,STATE_SCOPED
bb6368932067ed250718ca970f7e69e8,SPLIT,1992,1991.0,2001,Koraput,Rayagada,IND-000230,IND-000839,7382.9109,PARTIALLY_RESOLVED,STATE_SCOPED,STATE_SCOPED
cff431dc2dc983b7a671cc21ae87efbe,SPLIT,1992,1991.0,2001,Bathinda,Bathinda,IND-000478,IND-000679,3374.3507,MEASURED,STATE_SCOPED,STATE_SCOPED
cff431dc2dc983b7a671cc21ae87efbe,SPLIT,1992,1991.0,2001,Bathinda,Mansa,IND-000478,IND-000680,2579.6192,MEASURED,STATE_SCOPED,STATE_SCOPED
e752c7e1a5c3b58847ce960a4e1a3356,SPLIT,1992,1991.0,2001,Patiala,Fatehgarh Sahib,IND-000348,IND-000674,980.8786,MEASURED,STATE_SCOPED,STATE_SCOPED
e752c7e1a5c3b58847ce960a4e1a3356,SPLIT,1992,1991.0,2001,Patiala,Patiala,IND-000348,IND-000681,3282.9315,MEASURED,STATE_SCOPED,STATE_SCOPED
a41082a7c857b2623354b526c452d3e2,SPLIT,1992,1991.0,2001,West Dinajpur,Dakshin Dinajpur; Uttar Dinajpur,,,,PARTIALLY_RESOLVED,,
7a503229c64ac2abf0800f835f7bd48c,NEW_DISTRICT,1993,1991.0,2001,Balangir,Sonapur,IND-000236,IND-000835,2316.1494,MEASURED,STATE_SCOPED,STATE_SCOPED
703283792a7c1a518efab0d7b12fee63,NEW_DISTRICT,1993,1991.0,2001,Baleshwar,Sonapur,IND-000226,IND-000835,,RESOLVED_NO_OVERLAP,STATE_SCOPED,STATE_SCOPED
66657df20d949965cc781b179e743a32,NEW_DISTRICT,1993,1991.0,2001,Cuttack,Jagatsinghapur,IND-000225,IND-000823,1749.6263,MEASURED,STATE_SCOPED,STATE_SCOPED
66657df20d949965cc781b179e743a32,NEW_DISTRICT,1993,1991.0,2001,Cuttack,Jajapur,IND-000225,IND-000825,2972.5116,MEASURED,STATE_SCOPED,STATE_SCOPED
66657df20d949965cc781b179e743a32,NEW_DISTRICT,1993,1991.0,2001,Cuttack,Kendrapara,IND-000225,IND-000822,2489.7833,MEASURED,STATE_SCOPED,STATE_SCOPED
48b986b3af88f2a84e3a456c6773503b,NEW_DISTRICT,1993,1991.0,2001,Dhenkanal,Anugul,IND-000233,IND-000827,6401.4581,MEASURED,STATE_SCOPED,STATE_SCOPED
2fd2d3d7b1524810bf94df37af4726d8,NEW_DISTRICT,1993,1991.0,2001,Kalahandi,Nuapada,IND-000237,IND-000837,3788.0773,MEASURED,STATE_SCOPED,STATE_SCOPED
598ff916777d249ea5b7bb3a83bd0cb9,NEW_DISTRICT,1993,1991.0,2001,Koraput,Rayagada,IND-000230,IND-000839,7382.9109,PARTIALLY_RESOLVED,STATE_SCOPED,STATE_SCOPED
766add99565c4014fa149fbcc391947a,NEW_DISTRICT,1993,1991.0,2001,Phulabani,Baudh,IND-000231,IND-000834,3106.6079,MEASURED,STATE_SCOPED,STATE_SCOPED
766add99565c4014fa149fbcc391947a,NEW_DISTRICT,1993,1991.0,2001,Phulabani,Kandhamal,IND-000231,IND-000833,8093.2823,MEASURED,STATE_SCOPED,STATE_SCOPED
d53457d0a34520331bcbd213044796ea,NEW_DISTRICT,1993,1991.0,2001,Puri,Khordha,IND-000227,IND-000829,2906.0796,MEASURED,STATE_SCOPED,STATE_SCOPED
d53457d0a34520331bcbd213044796ea,NEW_DISTRICT,1993,1991.0,2001,Puri,Nayagarh,IND-000227,IND-000828,4046.0533,MEASURED,STATE_SCOPED,STATE_SCOPED
e438a4484a3af636fc45f8dc742062fc,NEW_DISTRICT,1993,1991.0,2001,South Arcot,Cuddalore; Viluppuram,,,,PARTIALLY_RESOLVED,,
b3be532290ab3c0505084b7de7bccad9,SPLIT,1993,1991.0,2001,Balangir,Balangir,IND-000236,IND-000836,6426.4863,MEASURED,STATE_SCOPED,STATE_SCOPED
b3be532290ab3c0505084b7de7bccad9,SPLIT,1993,1991.0,2001,Balangir,Sonapur,IND-000236,IND-000835,2316.1494,MEASURED,STATE_SCOPED,STATE_SCOPED
2a47ec93a547739d3bcdcbfb20ac8a92,SPLIT,1993,1991.0,2001,Baleshwar,Baleshwar,IND-000226,IND-000820,3813.8557,MEASURED,STATE_SCOPED,STATE_SCOPED
2a47ec93a547739d3bcdcbfb20ac8a92,SPLIT,1993,1991.0,2001,Baleshwar,Bhadrak,IND-000226,IND-000821,2488.2991,MEASURED,STATE_SCOPED,STATE_SCOPED
4a03bb9b299642554764af1982881247,SPLIT,1993,1991.0,2001,Cuttack,Cuttack,IND-000225,IND-000824,3686.0557,MEASURED,STATE_SCOPED,STATE_SCOPED
4a03bb9b299642554764af1982881247,SPLIT,1993,1991.0,2001,Cuttack,Jagatsinghapur,IND-000225,IND-000823,1749.6263,MEASURED,STATE_SCOPED,STATE_SCOPED
4a03bb9b299642554764af1982881247,SPLIT,1993,1991.0,2001,Cuttack,Jajapur,IND-000225,IND-000825,2972.5116,MEASURED,STATE_SCOPED,STATE_SCOPED
4a03bb9b299642554764af1982881247,SPLIT,1993,1991.0,2001,Cuttack,Kendrapara,IND-000225,IND-000822,2489.7833,MEASURED,STATE_SCOPED,STATE_SCOPED
768f1fcf5b3aa42a31131fed9607c263,SPLIT,1993,1991.0,2001,Dhenkanal,Anugul,IND-000233,IND-000827,6401.4581,MEASURED,STATE_SCOPED,STATE_SCOPED
768f1fcf5b3aa42a31131fed9607c263,SPLIT,1993,1991.0,2001,Dhenkanal,Dhenkanal,IND-000233,IND-000826,4479.3396,MEASURED,STATE_SCOPED,STATE_SCOPED
3b382ad6f84514688cf78acc01eb9ad7,SPLIT,1993,1991.0,2001,Kalahandi,Kalahandi,IND-000237,IND-000838,7919.3801,MEASURED,STATE_SCOPED,STATE_SCOPED
3b382ad6f84514688cf78acc01eb9ad7,SPLIT,1993,1991.0,2001,Kalahandi,Nuapada,IND-000237,IND-000837,3788.0773,MEASURED,STATE_SCOPED,STATE_SCOPED
58e3c3648d7300da51763f29b0e8dcda,SPLIT,1993,1991.0,2001,Puri,Khordha,IND-000227,IND-000829,2906.0796,MEASURED,STATE_SCOPED,STATE_SCOPED
58e3c3648d7300da51763f29b0e8dcda,SPLIT,1993,1991.0,2001,Puri,Nayagarh,IND-000227,IND-000828,4046.0533,MEASURED,STATE_SCOPED,STATE_SCOPED
58e3c3648d7300da51763f29b0e8dcda,SPLIT,1993,1991.0,2001,Puri,Puri,IND-000227,IND-000830,3485.9193,MEASURED,STATE_SCOPED,STATE_SCOPED
00ec2a6f67dd74273078ff719fec067f,SPLIT,1993,1991.0,2001,South Arcot,Cuddalore; Viluppuram,,,,PARTIALLY_RESOLVED,,
9d6e1470b2bb0f594a37ab2a0316f7e4,NEW_DISTRICT,1994,1991.0,2001,East Siang,Upper Siang,,,,PARTIALLY_RESOLVED,,
d2041b2599db8b5bd77d0257e5ab89c6,NEW_DISTRICT,1994,1991.0,2001,Munger,Lakhisarai,IND-000617,IND-000765,1210.9526,MEASURED,STATE_SCOPED,STATE_SCOPED
d2041b2599db8b5bd77d0257e5ab89c6,NEW_DISTRICT,1994,1991.0,2001,Munger,Sheikhpura,IND-000617,IND-000766,668.3761,MEASURED,STATE_SCOPED,STATE_SCOPED
d1147c79425a5010a60e0b216fc7b9b9,NEW_DISTRICT,1994,1991.0,2001,Sitamarhi,Sheohar,IND-000550,IND-000758,444.1284,MEASURED,STATE_SCOPED,STATE_SCOPED
20799b2c990621d94d15edefdf3c0b22,NEW_DISTRICT,1994,1991.0,2001,Hazaribag,Kodarma,IND-000561,IND-000810,1399.6368,MEASURED,NAME_ONLY,STATE_SCOPED
48dbabbf64a99d3b3e7fdf0c397b1de4,NEW_DISTRICT,1994,1991.0,2001,Sahibganj,Pakaur,IND-000623,IND-000813,1803.0857,MEASURED,NAME_ONLY,STATE_SCOPED
491d7f3d1b2e15928330c52f2f906821,NEW_DISTRICT,1994,1991.0,2001,Sambalpur,Bargarh,IND-000228,IND-000816,5720.1886,MEASURED,STATE_SCOPED,STATE_SCOPED
491d7f3d1b2e15928330c52f2f906821,NEW_DISTRICT,1994,1991.0,2001,Sambalpur,Debagarh,IND-000228,IND-000819,2915.2986,MEASURED,STATE_SCOPED,STATE_SCOPED
491d7f3d1b2e15928330c52f2f906821,NEW_DISTRICT,1994,1991.0,2001,Sambalpur,Jharsuguda,IND-000228,IND-000817,2151.2202,MEASURED,STATE_SCOPED,STATE_SCOPED
bc491d92352c6bfb0ad2fd03e79d186f,NEW_DISTRICT,1994,1991.0,2001,Ganganagar,Hanumangarh,IND-000076,IND-000710,9596.9845,MEASURED,STATE_SCOPED,STATE_SCOPED
24449d3e41ec5f4a828ee7b4991133af,NEW_DISTRICT,1994,1991.0,2001,Deoria,Kushinagar,IND-000282,IND-000751,2848.8804,MEASURED,NAME_ONLY,STATE_SCOPED
3c11fda17decefeaf341694d4d79632e,NEW_DISTRICT,1994,1991.0,2001,Varanasi,Sant Ravidas Nagar,IND-000425,IND-000757,978.6452,MEASURED,NAME_ONLY,STATE_SCOPED
ceddec0f07d9e17575968b6ae3b9b606,SPLIT,1994,1991.0,2001,East Siang,East Siang; Upper Siang,,,,PARTIALLY_RESOLVED,,
9903ea6a289ea1f75d42792ff1cc2256,SPLIT,1994,1991.0,2001,Munger,Lakhisarai,IND-000617,IND-000765,1210.9526,MEASURED,STATE_SCOPED,STATE_SCOPED
9903ea6a289ea1f75d42792ff1cc2256,SPLIT,1994,1991.0,2001,Munger,Munger,IND-000617,IND-000764,1431.8432,MEASURED,STATE_SCOPED,STATE_SCOPED
9903ea6a289ea1f75d42792ff1cc2256,SPLIT,1994,1991.0,2001,Munger,Sheikhpura,IND-000617,IND-000766,668.3761,MEASURED,STATE_SCOPED,STATE_SCOPED
9484a9cfa8386d36306445a9b01bf401,SPLIT,1994,1991.0,2001,Sitamarhi,Sheohar,IND-000550,IND-000758,444.1284,MEASURED,STATE_SCOPED,STATE_SCOPED
9484a9cfa8386d36306445a9b01bf401,SPLIT,1994,1991.0,2001,Sitamarhi,Sitamarhi,IND-000550,IND-000759,2178.9607,MEASURED,STATE_SCOPED,STATE_SCOPED
80eb178ac97fc8393301136ae48a1bb2,SPLIT,1994,1991.0,2001,Hazaribag,Kodarma,IND-000561,IND-000810,1399.6368,MEASURED,NAME_ONLY,STATE_SCOPED
b931dbe369b3f290f83dea1277c46627,SPLIT,1994,1991.0,2001,Sahibganj,Pakaur,IND-000623,IND-000813,1803.0857,MEASURED,NAME_ONLY,STATE_SCOPED
b931dbe369b3f290f83dea1277c46627,SPLIT,1994,1991.0,2001,Sahibganj,Sahibganj,IND-000623,IND-000812,2127.7334,MEASURED,NAME_ONLY,STATE_SCOPED
904047f6019c02f4525e455f75b4aa0a,SPLIT,1994,1991.0,2001,Phulabani,Baudh,IND-000231,IND-000834,3106.6079,MEASURED,STATE_SCOPED,STATE_SCOPED
904047f6019c02f4525e455f75b4aa0a,SPLIT,1994,1991.0,2001,Phulabani,Kandhamal,IND-000231,IND-000833,8093.2823,MEASURED,STATE_SCOPED,STATE_SCOPED
3f20a1ecb70df7ad7964b431d7d473fc,SPLIT,1994,1991.0,2001,Sambalpur,Debagarh,IND-000228,IND-000819,2915.2986,PARTIALLY_RESOLVED,STATE_SCOPED,STATE_SCOPED
3f20a1ecb70df7ad7964b431d7d473fc,SPLIT,1994,1991.0,2001,Sambalpur,Jharsuguda,IND-000228,IND-000817,2151.2202,PARTIALLY_RESOLVED,STATE_SCOPED,STATE_SCOPED
3f20a1ecb70df7ad7964b431d7d473fc,SPLIT,1994,1991.0,2001,Sambalpur,Sambalpur,IND-000228,IND-000818,6591.0259,PARTIALLY_RESOLVED,STATE_SCOPED,STATE_SCOPED
c78204dda209c14d5770b3ae1bea2335,SPLIT,1994,1991.0,2001,Ganganagar,Ganganagar,IND-000076,IND-000709,11009.5586,MEASURED,STATE_SCOPED,STATE_SCOPED
c78204dda209c14d5770b3ae1bea2335,SPLIT,1994,1991.0,2001,Ganganagar,Hanumangarh,IND-000076,IND-000710,9596.9845,MEASURED,STATE_SCOPED,STATE_SCOPED
1fa7565d17d58060e21ead34488eb44e,SPLIT,1994,1991.0,2001,Deoria,Deoria,IND-000282,IND-000752,2511.6627,MEASURED,NAME_ONLY,STATE_SCOPED
1fa7565d17d58060e21ead34488eb44e,SPLIT,1994,1991.0,2001,Deoria,Kushinagar,IND-000282,IND-000751,2848.8804,MEASURED,NAME_ONLY,STATE_SCOPED
2dfd1f35cb46d4c927f2f41b8196a61e,SPLIT,1994,1991.0,2001,Varanasi,Sant Ravidas Nagar,IND-000425,IND-000757,978.6452,MEASURED,NAME_ONLY,STATE_SCOPED
2dfd1f35cb46d4c927f2f41b8196a61e,SPLIT,1994,1991.0,2001,Varanasi,Varanasi,IND-000425,IND-000756,1520.0063,MEASURED,NAME_ONLY,STATE_SCOPED
811729002ede14be8c9cebe08b28fac2,NEW_DISTRICT,1995,1991.0,2001,Ambala,Panchkula,IND-000581,IND-000691,912.1735,MEASURED,STATE_SCOPED,STATE_SCOPED
1ce26236d9b66cbd9d09f68f3a6f2093,NEW_DISTRICT,1995,1991.0,2001,Faridkot,Moga,IND-000479,IND-000675,1026.6182,MEASURED,STATE_SCOPED,STATE_SCOPED
1ce26236d9b66cbd9d09f68f3a6f2093,NEW_DISTRICT,1995,1991.0,2001,Faridkot,Muktsar,IND-000479,IND-000677,2641.1793,MEASURED,STATE_SCOPED,STATE_SCOPED
618ccd3aebe4d0b3d99547fbbaf6ac12,NEW_DISTRICT,1995,1991.0,2001,Jalandhar,Nawanshahr,IND-000580,IND-000673,767.6449,MEASURED,STATE_SCOPED,STATE_SCOPED
5980c4c4a29d6c320f904528cd8932ba,NEW_DISTRICT,1995,1991.0,2001,Tiruchchirappalli,Karur,IND-000494,IND-000923,2874.6018,MEASURED,NAME_ONLY,STATE_SCOPED
5980c4c4a29d6c320f904528cd8932ba,NEW_DISTRICT,1995,1991.0,2001,Tiruchchirappalli,Perambalur,IND-000494,IND-000925,1730.1847,MEASURED,NAME_ONLY,STATE_SCOPED
e928ee935bc9e11f3d166e7485744e1b,NEW_DISTRICT,1995,1991.0,2001,North Tripura,Dhalai,,,,PARTIALLY_RESOLVED,,
28a3097faa2491b5da073710c3dcc2cf,NEW_DISTRICT,1995,1991.0,2001,Faizabad,Ambedkar Nagar,IND-000294,IND-000744,2395.4603,MEASURED,NAME_ONLY,STATE_SCOPED
b5bc423f46b4d50ef573a72e2b04b127,NEW_DISTRICT,1995,1991.0,2001,Lalitpur,Mahoba,IND-000506,IND-000737,,RESOLVED_NO_OVERLAP,NAME_ONLY,STATE_SCOPED
0400f3097fdab28e02a68bdfe86d9dfb,NEW_DISTRICT,1995,1991.0,2001,Nainital,Udham Singh Nagar,IND-000285,IND-000690,2519.9291,MEASURED,NAME_ONLY,STATE_SCOPED
380da6609cbbf5a7497fd2d575542326,SPLIT,1995,1991.0,2001,Ambala,Ambala,IND-000581,IND-000692,1524.3587,MEASURED,STATE_SCOPED,STATE_SCOPED
380da6609cbbf5a7497fd2d575542326,SPLIT,1995,1991.0,2001,Ambala,Panchkula,IND-000581,IND-000691,912.1735,MEASURED,STATE_SCOPED,STATE_SCOPED
6f83cd78b2d78e2007fc1782dd95c685,SPLIT,1995,1991.0,2001,Faridkot,Faridkot,IND-000479,IND-000678,1474.8894,MEASURED,STATE_SCOPED,STATE_SCOPED
6f83cd78b2d78e2007fc1782dd95c685,SPLIT,1995,1991.0,2001,Faridkot,Moga,IND-000479,IND-000675,1026.6182,MEASURED,STATE_SCOPED,STATE_SCOPED
6f83cd78b2d78e2007fc1782dd95c685,SPLIT,1995,1991.0,2001,Faridkot,Muktsar,IND-000479,IND-000677,2641.1793,MEASURED,STATE_SCOPED,STATE_SCOPED
98717a89f7d7aea02a488ee097e6a4bc,SPLIT,1995,1991.0,2001,Hoshiarpur,Hoshiarpur,IND-000579,IND-000672,3348.0535,MEASURED,STATE_SCOPED,STATE_SCOPED
98717a89f7d7aea02a488ee097e6a4bc,SPLIT,1995,1991.0,2001,Hoshiarpur,Nawanshahr,IND-000579,IND-000673,489.3014,MEASURED,STATE_SCOPED,STATE_SCOPED
bb5638ab6d03a9dcecf60e0e64dd8493,SPLIT,1995,1991.0,2001,Jalandhar,Jalandhar,IND-000580,IND-000671,2658.8892,MEASURED,STATE_SCOPED,STATE_SCOPED
bb5638ab6d03a9dcecf60e0e64dd8493,SPLIT,1995,1991.0,2001,Jalandhar,Nawanshahr,IND-000580,IND-000673,767.6449,MEASURED,STATE_SCOPED,STATE_SCOPED
4cccc1f78dd2b545e82c89c00267a96d,SPLIT,1995,1991.0,2001,Tiruchchirappalli,Karur,IND-000494,IND-000923,2874.6018,PARTIALLY_RESOLVED,NAME_ONLY,STATE_SCOPED
4cccc1f78dd2b545e82c89c00267a96d,SPLIT,1995,1991.0,2001,Tiruchchirappalli,Perambalur,IND-000494,IND-000925,1730.1847,PARTIALLY_RESOLVED,NAME_ONLY,STATE_SCOPED
d6b23fb75b6ea1fe502b0b74ff5578bf,SPLIT,1995,1991.0,2001,North Tripura,Dhalai; North Tripura,,,,PARTIALLY_RESOLVED,,
6190670a46ee3791816a71305ac45ef8,SPLIT,1995,1991.0,2001,Faizabad,Ambedkar Nagar,IND-000294,IND-000744,2395.4603,MEASURED,NAME_ONLY,STATE_SCOPED
6190670a46ee3791816a71305ac45ef8,SPLIT,1995,1991.0,2001,Faizabad,Faizabad,IND-000294,IND-000743,2002.4488,MEASURED,NAME_ONLY,STATE_SCOPED
5307755ff6b354e5a6a00c017f0b6609,SPLIT,1995,1991.0,2001,Lalitpur,Lalitpur,IND-000506,IND-000506,5036.4816,MEASURED,NAME_ONLY,STATE_SCOPED
5307755ff6b354e5a6a00c017f0b6609,SPLIT,1995,1991.0,2001,Lalitpur,Mahoba,IND-000506,IND-000737,,RESOLVED_NO_OVERLAP,NAME_ONLY,STATE_SCOPED
a87c931631e09e816d42b0717c7b87a4,SPLIT,1995,1991.0,2001,Nainital,Nainital,IND-000285,IND-000689,4134.09,MEASURED,NAME_ONLY,STATE_SCOPED
a87c931631e09e816d42b0717c7b87a4,SPLIT,1995,1991.0,2001,Nainital,Udham Singh Nagar,IND-000285,IND-000690,2519.9291,MEASURED,NAME_ONLY,STATE_SCOPED
b50be3d6572a21bc7fc184a6978dc876,NEW_DISTRICT,1996,1991.0,2001,Madurai,Theni,IND-000664,IND-000932,2748.2883,MEASURED,NAME_ONLY,STATE_SCOPED
a10cbacd563fcb6b8659d820949c0694,SPLIT,1996,1991.0,2001,Madurai,Madurai,IND-000664,IND-000931,3720.1911,MEASURED,NAME_ONLY,STATE_SCOPED
a10cbacd563fcb6b8659d820949c0694,SPLIT,1996,1991.0,2001,Madurai,Theni,IND-000664,IND-000932,2748.2883,MEASURED,NAME_ONLY,STATE_SCOPED
dcb8084c0058cc963473d2a334017ab0,NEW_DISTRICT,1997,1991.0,2001,Delhi,Central,IND-000116,IND-000705,15.0268,MEASURED,STATE_SCOPED,STATE_SCOPED
dcb8084c0058cc963473d2a334017ab0,NEW_DISTRICT,1997,1991.0,2001,Delhi,East,IND-000116,IND-000703,70.7493,MEASURED,STATE_SCOPED,STATE_SCOPED
dcb8084c0058cc963473d2a334017ab0,NEW_DISTRICT,1997,1991.0,2001,Delhi,New Delhi,IND-000116,IND-000704,37.9092,MEASURED,STATE_SCOPED,STATE_SCOPED
dcb8084c0058cc963473d2a334017ab0,NEW_DISTRICT,1997,1991.0,2001,Delhi,North,IND-000116,IND-000701,69.1616,MEASURED,STATE_SCOPED,STATE_SCOPED
dcb8084c0058cc963473d2a334017ab0,NEW_DISTRICT,1997,1991.0,2001,Delhi,North East,IND-000116,IND-000702,48.1307,MEASURED,STATE_SCOPED,STATE_SCOPED
dcb8084c0058cc963473d2a334017ab0,NEW_DISTRICT,1997,1991.0,2001,Delhi,North West,IND-000116,IND-000700,395.6466,MEASURED,STATE_SCOPED,STATE_SCOPED
dcb8084c0058cc963473d2a334017ab0,NEW_DISTRICT,1997,1991.0,2001,Delhi,South,IND-000116,IND-000708,270.1164,MEASURED,STATE_SCOPED,STATE_SCOPED
dcb8084c0058cc963473d2a334017ab0,NEW_DISTRICT,1997,1991.0,2001,Delhi,South West,IND-000116,IND-000707,405.1711,MEASURED,STATE_SCOPED,STATE_SCOPED
dcb8084c0058cc963473d2a334017ab0,NEW_DISTRICT,1997,1991.0,2001,Delhi,West,IND-000116,IND-000706,155.7612,MEASURED,STATE_SCOPED,STATE_SCOPED
348a0640eb99c64e633335e7fc662b3c,NEW_DISTRICT,1997,1991.0,2001,Bharuch,Narmada,IND-000153,IND-000886,2549.7051,MEASURED,STATE_SCOPED,STATE_SCOPED
3019afd74a0eabec19d4d699ba4ad0c3,NEW_DISTRICT,1997,1991.0,2001,Junagadh,Porbandar,,,,PARTIALLY_RESOLVED,,
f6ac862815de7d99e6a2bb1f19e631d1,NEW_DISTRICT,1997,1991.0,2001,Kheda,Anand,IND-000151,IND-000882,3166.9921,MEASURED,STATE_SCOPED,STATE_SCOPED
09877d279aad652cc48e9a9d4afb4ec6,NEW_DISTRICT,1997,1991.0,2001,Panch Mahals,Dohad,IND-000152,IND-000885,3630.7701,MEASURED,STATE_SCOPED,STATE_SCOPED
7b2371f74509c082c0d7fd60f23467a9,NEW_DISTRICT,1997,1991.0,2001,Valsad,Navsari,IND-000430,IND-000888,2210.3301,MEASURED,STATE_SCOPED,STATE_SCOPED
90e15e07d8a3184d1bb842675c4946cc,NEW_DISTRICT,1997,1991.0,2001,Hisar,Fatehabad,,,,PARTIALLY_RESOLVED,,
ab7b3e810a1846dfb81325a46d19ce42,NEW_DISTRICT,1997,1991.0,2001,Rohtak,Jhajjar,IND-000565,IND-000699,1811.5772,MEASURED,STATE_SCOPED,STATE_SCOPED
0f95f325a88766fbdc2a341ae5b7f4ec,NEW_DISTRICT,1997,1991.0,2001,Bijapur,Bagalkot,IND-000168,IND-000903,6585.0058,MEASURED,STATE_SCOPED,STATE_SCOPED
26bae6913d9bc8931829c7e5f8857751,NEW_DISTRICT,1997,1991.0,2001,Chitradurga,Davanagere,IND-000335,IND-000912,2458.7863,MEASURED,STATE_SCOPED,STATE_SCOPED
87c94b7b7e37c8ac2b25d909a6ccefa6,NEW_DISTRICT,1997,1991.0,2001,Dakshina Kannad,Udupi,,,,PARTIALLY_RESOLVED,,
9c12e5de3e286db3e307a2c589631fe5,NEW_DISTRICT,1997,1991.0,2001,Dharwad,Gadag,IND-000169,IND-000907,4647.0751,MEASURED,STATE_SCOPED,STATE_SCOPED
9c12e5de3e286db3e307a2c589631fe5,NEW_DISTRICT,1997,1991.0,2001,Dharwad,Haveri,IND-000169,IND-000909,4812.0659,MEASURED,STATE_SCOPED,STATE_SCOPED
5a48d16064260abc1525c5d33d3c8cc3,NEW_DISTRICT,1997,1991.0,2001,Raichur,Koppal,IND-000341,IND-000906,5571.6172,MEASURED,STATE_SCOPED,STATE_SCOPED
566bfe796c957843ba90c647b536eb7d,NEW_DISTRICT,1997,1991.0,2001,Imphal,Imphal East,IND-000630,IND-000781,567.3848,MEASURED,STATE_SCOPED,STATE_SCOPED
566bfe796c957843ba90c647b536eb7d,NEW_DISTRICT,1997,1991.0,2001,Imphal,Imphal West,IND-000630,IND-000780,339.0983,MEASURED,STATE_SCOPED,STATE_SCOPED
59b6d54b91507014f19f964c085fc63a,NEW_DISTRICT,1997,1991.0,2001,Aizawl,Champhai,IND-000465,IND-000785,3856.7165,MEASURED,STATE_SCOPED,STATE_SCOPED
a1e2a408692b66da0e7b30ffb6c769b5,NEW_DISTRICT,1997,1991.0,2001,Kohima,Dimapur,IND-000468,IND-000776,968.14,MEASURED,STATE_SCOPED,STATE_SCOPED
af562a5ab01530b369985f188f5a4419,NEW_DISTRICT,1997,1991.0,2001,Sawai Madhopur,Karauli,,,,PARTIALLY_RESOLVED,,
5d3ecb66ec03d7c41497cfcb99bd3f82,NEW_DISTRICT,1997,1991.0,2001,Chengalpattu Mgr,Kancheepuram; Thiruvallur,,,,PARTIALLY_RESOLVED,,
3597972d8141d96b80190f5547acdf3f,NEW_DISTRICT,1997,1991.0,2001,Salem,Namakkal,IND-000418,IND-000922,3453.0608,MEASURED,NAME_ONLY,STATE_SCOPED
98eb746f2561122df1bd4b438a65fc07,NEW_DISTRICT,1997,1991.0,2001,Thanjavur,Thiruvarur,IND-000495,IND-000929,2256.8589,PARTIALLY_RESOLVED,NAME_ONLY,STATE_SCOPED
9e4ac3f359ffbc9566ca8616701fa8a3,NEW_DISTRICT,1997,1991.0,2001,Aligarh,Hathras,IND-000256,IND-000728,1341.9565,MEASURED,NAME_ONLY,STATE_SCOPED
9bd59c12a9c9a1f5ba213e196f268738,NEW_DISTRICT,1997,1991.0,2001,Allahabad,Kaushambi,IND-000424,IND-000740,1791.2748,MEASURED,NAME_ONLY,STATE_SCOPED
64a64850dcc6c0e627eaa1b17b43ea55,NEW_DISTRICT,1997,1991.0,2001,Bahraich,Shrawasti,IND-000296,IND-000746,2510.0516,MEASURED,NAME_ONLY,STATE_SCOPED
a0f2c84381a51846958995cacd56f6bc,NEW_DISTRICT,1997,1991.0,2001,Basti,Sant Kabir Nagar,IND-000593,IND-000750,1594.7534,MEASURED,NAME_ONLY,STATE_SCOPED
79f46b78271fabd51d01e98e01b8a5ca,NEW_DISTRICT,1997,1991.0,2001,Bulandshahr,Gautam Buddha Nagar,IND-000255,IND-000725,925.3026,MEASURED,NAME_ONLY,STATE_SCOPED
79f46b78271fabd51d01e98e01b8a5ca,NEW_DISTRICT,1997,1991.0,2001,Ghaziabad,Gautam Buddha Nagar,IND-000503,IND-000725,464.821,MEASURED,NAME_ONLY,STATE_SCOPED
1e1e6f7fceb017f2ebe3cc8addb8b7a4,NEW_DISTRICT,1997,1991.0,2001,Etawah,Auraiya,IND-000268,IND-000733,2007.6081,MEASURED,NAME_ONLY,STATE_SCOPED
3d8e7671985a1e46a7f859397db15b68,NEW_DISTRICT,1997,1991.0,2001,Farrukhabad,Kannauj,IND-000267,IND-000731,2112.3051,MEASURED,NAME_ONLY,STATE_SCOPED
711565cf24cd2e34d93abeb695f21441,NEW_DISTRICT,1997,1991.0,2001,Gonda,Balrampur,IND-000295,IND-000747,3417.4031,MEASURED,NAME_ONLY,STATE_SCOPED
88c14e4fc75f26017612a09f45aa71b2,NEW_DISTRICT,1997,1991.0,2001,Meerut,Baghpat,IND-000502,IND-000723,1335.9765,MEASURED,NAME_ONLY,STATE_SCOPED
0889551a41905fac1a05492f0636a767,NEW_DISTRICT,1997,1991.0,2001,Moradabad,Jyotiba Phule Nagar,IND-000264,IND-000721,2190.7237,MEASURED,NAME_ONLY,STATE_SCOPED
11a8a00de25f12e71b9b57181cda5128,NEW_DISTRICT,1997,1991.0,2001,Varanasi,Chandauli,IND-000425,IND-000755,2562.3564,MEASURED,NAME_ONLY,STATE_SCOPED
318252027a2be8b950366ae33001f61a,NEW_DISTRICT,1997,1991.0,2001,Almora,Bageshwar,IND-000501,IND-000686,2296.9579,MEASURED,NAME_ONLY,STATE_SCOPED
2d6d6c3a94555cf478fd23dcf41af59a,NEW_DISTRICT,1997,1991.0,2001,Chamoli,Rudraprayag,IND-000357,IND-000683,1146.8136,MEASURED,NAME_ONLY,STATE_SCOPED
85de333f8d86fa09fe73c14da245f233,NEW_DISTRICT,1997,1991.0,2001,Pithoragarh,Champawat,IND-000500,IND-000688,1802.8161,MEASURED,NAME_ONLY,STATE_SCOPED
f6467bc8ade36e4b93498582515df56b,SPLIT,1997,1991.0,2001,Delhi,Central,IND-000116,IND-000705,15.0268,MEASURED,STATE_SCOPED,STATE_SCOPED
f6467bc8ade36e4b93498582515df56b,SPLIT,1997,1991.0,2001,Delhi,East,IND-000116,IND-000703,70.7493,MEASURED,STATE_SCOPED,STATE_SCOPED
f6467bc8ade36e4b93498582515df56b,SPLIT,1997,1991.0,2001,Delhi,New Delhi,IND-000116,IND-000704,37.9092,MEASURED,STATE_SCOPED,STATE_SCOPED
f6467bc8ade36e4b93498582515df56b,SPLIT,1997,1991.0,2001,Delhi,North,IND-000116,IND-000701,69.1616,MEASURED,STATE_SCOPED,STATE_SCOPED
f6467bc8ade36e4b93498582515df56b,SPLIT,1997,1991.0,2001,Delhi,North East,IND-000116,IND-000702,48.1307,MEASURED,STATE_SCOPED,STATE_SCOPED
f6467bc8ade36e4b93498582515df56b,SPLIT,1997,1991.0,2001,Delhi,North West,IND-000116,IND-000700,395.6466,MEASURED,STATE_SCOPED,STATE_SCOPED
f6467bc8ade36e4b93498582515df56b,SPLIT,1997,1991.0,2001,Delhi,South,IND-000116,IND-000708,270.1164,MEASURED,STATE_SCOPED,STATE_SCOPED
f6467bc8ade36e4b93498582515df56b,SPLIT,1997,1991.0,2001,Delhi,South West,IND-000116,IND-000707,405.1711,MEASURED,STATE_SCOPED,STATE_SCOPED
f6467bc8ade36e4b93498582515df56b,SPLIT,1997,1991.0,2001,Delhi,West,IND-000116,IND-000706,155.7612,MEASURED,STATE_SCOPED,STATE_SCOPED
eb212a4084c07b4b59dc04dd8616337d,SPLIT,1997,1991.0,2001,Bharuch,Bharuch,IND-000153,IND-000887,4942.9857,MEASURED,STATE_SCOPED,STATE_SCOPED
eb212a4084c07b4b59dc04dd8616337d,SPLIT,1997,1991.0,2001,Bharuch,Narmada,IND-000153,IND-000886,2549.7051,MEASURED,STATE_SCOPED,STATE_SCOPED
1a97366bd560ed1a0b88de27ddeec704,SPLIT,1997,1991.0,2001,Junagadh,Junagadh; Porbandar,,,,PARTIALLY_RESOLVED,,
6507f1e7ffb0e549ecff30206ed0a001,SPLIT,1997,1991.0,2001,Kheda,Anand,IND-000151,IND-000882,3166.9921,MEASURED,STATE_SCOPED,STATE_SCOPED
6507f1e7ffb0e549ecff30206ed0a001,SPLIT,1997,1991.0,2001,Kheda,Kheda,IND-000151,IND-000883,3982.2922,MEASURED,STATE_SCOPED,STATE_SCOPED
6542cd910d6c0498a33186d8fb4b26db,SPLIT,1997,1991.0,2001,Mahesana,Mahesana,IND-000377,IND-000876,4331.0645,MEASURED,STATE_SCOPED,STATE_SCOPED
6542cd910d6c0498a33186d8fb4b26db,SPLIT,1997,1991.0,2001,Mahesana,Patan,IND-000377,IND-000875,3856.3102,MEASURED,STATE_SCOPED,STATE_SCOPED
4056b29b6afeec9c132c2ee8515127ad,SPLIT,1997,1991.0,2001,Panch Mahals,Dohad,IND-000152,IND-000885,3630.7701,MEASURED,STATE_SCOPED,STATE_SCOPED
4056b29b6afeec9c132c2ee8515127ad,SPLIT,1997,1991.0,2001,Panch Mahals,Panch Mahals,IND-000152,IND-000884,5260.9635,MEASURED,STATE_SCOPED,STATE_SCOPED
6eda0bec56d0d45123b6ecd1c8909015,SPLIT,1997,1991.0,2001,Valsad,Navsari,IND-000430,IND-000888,2210.3301,MEASURED,STATE_SCOPED,STATE_SCOPED
6eda0bec56d0d45123b6ecd1c8909015,SPLIT,1997,1991.0,2001,Valsad,Valsad,IND-000430,IND-000889,2967.9447,MEASURED,STATE_SCOPED,STATE_SCOPED
ad82d4dbade00d8c0e03033cec703d1b,SPLIT,1997,1991.0,2001,Hisar,Fatehabad; Hisar,,,,PARTIALLY_RESOLVED,,
6e5f0a55f371714d98fb410b5c7754ed,SPLIT,1997,1991.0,2001,Rohtak,Jhajjar,IND-000565,IND-000699,1811.5772,MEASURED,STATE_SCOPED,STATE_SCOPED
6e5f0a55f371714d98fb410b5c7754ed,SPLIT,1997,1991.0,2001,Rohtak,Rohtak,IND-000565,IND-000698,1623.1221,MEASURED,STATE_SCOPED,STATE_SCOPED
0143b03961b1ae4a26a4789d9a446dcb,SPLIT,1997,1991.0,2001,Bijapur,Bagalkot,IND-000168,IND-000903,6585.0058,MEASURED,STATE_SCOPED,STATE_SCOPED
0143b03961b1ae4a26a4789d9a446dcb,SPLIT,1997,1991.0,2001,Bijapur,Bijapur,IND-000168,IND-000904,10495.7209,MEASURED,STATE_SCOPED,STATE_SCOPED
5f6378034273a3bc00143d040cdbe559,SPLIT,1997,1991.0,2001,Chitradurga,Chitradurga,IND-000335,IND-000911,8433.9623,MEASURED,STATE_SCOPED,STATE_SCOPED
5f6378034273a3bc00143d040cdbe559,SPLIT,1997,1991.0,2001,Chitradurga,Davanagere,IND-000335,IND-000912,2458.7863,MEASURED,STATE_SCOPED,STATE_SCOPED
1e42fe5bd9e8fbe1d35ae2d6e5fdc700,SPLIT,1997,1991.0,2001,Dakshina Kannad,Dakshina Kannad; Udupi,,,,PARTIALLY_RESOLVED,,
0b358395f65c74334bff8f38e4a9ce66,SPLIT,1997,1991.0,2001,Dharwad,Dharwad,IND-000169,IND-000908,4262.3401,MEASURED,STATE_SCOPED,STATE_SCOPED
0b358395f65c74334bff8f38e4a9ce66,SPLIT,1997,1991.0,2001,Dharwad,Gadag,IND-000169,IND-000907,4647.0751,MEASURED,STATE_SCOPED,STATE_SCOPED
0b358395f65c74334bff8f38e4a9ce66,SPLIT,1997,1991.0,2001,Dharwad,Haveri,IND-000169,IND-000909,4812.0659,MEASURED,STATE_SCOPED,STATE_SCOPED
a76661dd1c41f3d8da77c0ed48bc531d,SPLIT,1997,1991.0,2001,Raichur,Koppal,IND-000341,IND-000906,5571.6172,MEASURED,STATE_SCOPED,STATE_SCOPED
a76661dd1c41f3d8da77c0ed48bc531d,SPLIT,1997,1991.0,2001,Raichur,Raichur,IND-000341,IND-000905,8452.2914,MEASURED,STATE_SCOPED,STATE_SCOPED
9774323fdcd777adde6e0302270a341f,SPLIT,1997,1991.0,2001,Imphal,Imphal East,IND-000630,IND-000781,567.3848,MEASURED,STATE_SCOPED,STATE_SCOPED
9774323fdcd777adde6e0302270a341f,SPLIT,1997,1991.0,2001,Imphal,Imphal West,IND-000630,IND-000780,339.0983,MEASURED,STATE_SCOPED,STATE_SCOPED
1a2a7bf83a21e211855318315a2142f3,SPLIT,1997,1991.0,2001,Aizawl,Champhai,IND-000465,IND-000785,3856.7165,MEASURED,STATE_SCOPED,STATE_SCOPED
6992c245ed70e9871738bd3d5d622271,SPLIT,1997,1991.0,2001,Kohima,Dimapur,IND-000468,IND-000776,968.14,MEASURED,STATE_SCOPED,STATE_SCOPED
6992c245ed70e9871738bd3d5d622271,SPLIT,1997,1991.0,2001,Kohima,Kohima,IND-000468,IND-000777,2927.2755,MEASURED,STATE_SCOPED,STATE_SCOPED
f2b4e45b0f7a86c1edd49fec540c2fea,SPLIT,1997,1991.0,2001,Sawai Madhopur,Karauli; Sawai Madhopur,,,,PARTIALLY_RESOLVED,,
f4664a8514536763f20cfdc08ff2b174,SPLIT,1997,1991.0,2001,Chengalpattu Mgr,Kancheepuram; Thiruvallur,,,,PARTIALLY_RESOLVED,,
ec1279c1697361d11249c573452cc09d,SPLIT,1997,1991.0,2001,Nagapattinam,Nagapattinam; Tiruvarur,,,,PARTIALLY_RESOLVED,,
44b1602100cbb49696b3663e6174dc18,SPLIT,1997,1991.0,2001,Salem,Namakkal,IND-000418,IND-000922,3453.0608,MEASURED,NAME_ONLY,STATE_SCOPED
44b1602100cbb49696b3663e6174dc18,SPLIT,1997,1991.0,2001,Salem,Salem,IND-000418,IND-000921,5261.631,MEASURED,NAME_ONLY,STATE_SCOPED
02ce81f410290cb8afb70f6974091611,SPLIT,1997,1991.0,2001,Thanjavur,Thanjavur,IND-000495,IND-000930,3438.4603,PARTIALLY_RESOLVED,NAME_ONLY,STATE_SCOPED
c42da2a0997c689b8d0c113bc8e00b74,SPLIT,1997,1991.0,2001,Aligarh,Aligarh,IND-000256,IND-000727,3727.9114,MEASURED,NAME_ONLY,STATE_SCOPED
c42da2a0997c689b8d0c113bc8e00b74,SPLIT,1997,1991.0,2001,Aligarh,Hathras,IND-000256,IND-000728,1341.9565,MEASURED,NAME_ONLY,STATE_SCOPED
ada7c66360d4405d8cba5b2b149aca5c,SPLIT,1997,1991.0,2001,Allahabad,Allahabad,IND-000424,IND-000741,5559.376,MEASURED,NAME_ONLY,STATE_SCOPED
ada7c66360d4405d8cba5b2b149aca5c,SPLIT,1997,1991.0,2001,Allahabad,Kaushambi,IND-000424,IND-000740,1791.2748,MEASURED,NAME_ONLY,STATE_SCOPED
1ea7c9eb677aa279e68ddbc3abb3ff3d,SPLIT,1997,1991.0,2001,Bahraich,Bahraich,IND-000296,IND-000745,4110.0053,MEASURED,NAME_ONLY,STATE_SCOPED
1ea7c9eb677aa279e68ddbc3abb3ff3d,SPLIT,1997,1991.0,2001,Bahraich,Shrawasti,IND-000296,IND-000746,2510.0516,MEASURED,NAME_ONLY,STATE_SCOPED
b39bd88ed9f4561d7eca4e1a0f50a3b2,SPLIT,1997,1991.0,2001,Basti,Basti,IND-000593,IND-000749,2791.1153,MEASURED,NAME_ONLY,STATE_SCOPED
b39bd88ed9f4561d7eca4e1a0f50a3b2,SPLIT,1997,1991.0,2001,Basti,Sant Kabir Nagar,IND-000593,IND-000750,1594.7534,MEASURED,NAME_ONLY,STATE_SCOPED
efccb7b1ada1b80ac51bc81c5ea3de36,SPLIT,1997,1991.0,2001,Bulandshahr,Gautam Buddha Nagar,IND-000255,IND-000725,925.3026,PARTIALLY_RESOLVED,NAME_ONLY,STATE_SCOPED
ec5e5b6632a776ede950836c07d285ce,SPLIT,1997,1991.0,2001,Etawah,Auraiya,IND-000268,IND-000733,2007.6081,MEASURED,NAME_ONLY,STATE_SCOPED
ec5e5b6632a776ede950836c07d285ce,SPLIT,1997,1991.0,2001,Etawah,Etawah',IND-000268,IND-000732,2322.2597,MEASURED,NAME_ONLY,STATE_SCOPED
0b95cdaf7539beb6f24f046429a4cee8,SPLIT,1997,1991.0,2001,Farrukhabad,Farrukhabad,IND-000267,IND-000730,2183.0722,MEASURED,NAME_ONLY,STATE_SCOPED
0b95cdaf7539beb6f24f046429a4cee8,SPLIT,1997,1991.0,2001,Farrukhabad,Kannauj,IND-000267,IND-000731,2112.3051,MEASURED,NAME_ONLY,STATE_SCOPED
f888eaf9a73d6e1969a7d5b3cc3e5040,SPLIT,1997,1991.0,2001,Ghaziabad,Gautam Buddha Nagar,IND-000503,IND-000725,464.821,MEASURED,NAME_ONLY,STATE_SCOPED
f888eaf9a73d6e1969a7d5b3cc3e5040,SPLIT,1997,1991.0,2001,Ghaziabad,Ghaziabad,IND-000503,IND-000724,2039.7683,MEASURED,NAME_ONLY,STATE_SCOPED
e30e85ad0c172a8f9bc803ce6a85a12c,SPLIT,1997,1991.0,2001,Gonda,Balrampur,IND-000295,IND-000747,3417.4031,MEASURED,NAME_ONLY,STATE_SCOPED
e30e85ad0c172a8f9bc803ce6a85a12c,SPLIT,1997,1991.0,2001,Gonda,Gonda,IND-000295,IND-000748,3950.4247,MEASURED,NAME_ONLY,STATE_SCOPED
226f3dad93dea2a7a6f07eaff8935154,SPLIT,1997,1991.0,2001,Meerut,Baghpat,IND-000502,IND-000723,1335.9765,MEASURED,NAME_ONLY,STATE_SCOPED
226f3dad93dea2a7a6f07eaff8935154,SPLIT,1997,1991.0,2001,Meerut,Meerut,IND-000502,IND-000722,2597.3765,MEASURED,NAME_ONLY,STATE_SCOPED
dc5b1890d89f5ecd49eeab20efae6895,SPLIT,1997,1991.0,2001,Moradabad,Jyotiba Phule Nagar,IND-000264,IND-000721,2190.7237,MEASURED,NAME_ONLY,STATE_SCOPED
dc5b1890d89f5ecd49eeab20efae6895,SPLIT,1997,1991.0,2001,Moradabad,Moradabad,IND-000264,IND-000719,3763.0168,MEASURED,NAME_ONLY,STATE_SCOPED
cbc0f950aaa51695cf4f096dab6e779d,SPLIT,1997,1991.0,2001,Varanasi,Chandauli,IND-000425,IND-000755,2562.3564,MEASURED,NAME_ONLY,STATE_SCOPED
cbc0f950aaa51695cf4f096dab6e779d,SPLIT,1997,1991.0,2001,Varanasi,Varanasi,IND-000425,IND-000756,1520.0063,MEASURED,NAME_ONLY,STATE_SCOPED
c4285ba29b6e228df92a92457ebbb8a9,SPLIT,1997,1991.0,2001,Almora,Almora,IND-000501,IND-000687,3002.3637,MEASURED,NAME_ONLY,STATE_SCOPED
c4285ba29b6e228df92a92457ebbb8a9,SPLIT,1997,1991.0,2001,Almora,Bageshwar,IND-000501,IND-000686,2296.9579,MEASURED,NAME_ONLY,STATE_SCOPED
e92d79d3ae382d774a4d511f9e13d0a1,SPLIT,1997,1991.0,2001,Chamoli,Chamoli,IND-000357,IND-000682,7702.8422,MEASURED,NAME_ONLY,STATE_SCOPED
e92d79d3ae382d774a4d511f9e13d0a1,SPLIT,1997,1991.0,2001,Chamoli,Rudraprayag,IND-000357,IND-000683,1146.8136,MEASURED,NAME_ONLY,STATE_SCOPED
1fad7ed6cfcbae35c13fb7b78cf6ad4a,SPLIT,1997,1991.0,2001,Pithoragarh,Champawat,IND-000500,IND-000688,1802.8161,MEASURED,NAME_ONLY,STATE_SCOPED
1fad7ed6cfcbae35c13fb7b78cf6ad4a,SPLIT,1997,1991.0,2001,Pithoragarh,Pithoragarh,IND-000500,IND-000685,6895.4376,MEASURED,NAME_ONLY,STATE_SCOPED
72e07de3601e44c76ccf635f0b2b9a3f,NEW_DISTRICT,1998,1991.0,2001,Bastar,Dantewada,IND-000192,IND-000857,20514.5382,MEASURED,NAME_ONLY,STATE_SCOPED
72e07de3601e44c76ccf635f0b2b9a3f,NEW_DISTRICT,1998,1991.0,2001,Bastar,Kanker,IND-000192,IND-000855,7238.7418,MEASURED,NAME_ONLY,STATE_SCOPED
9f6b5d4d869094944ed82e8680036630,NEW_DISTRICT,1998,1991.0,2001,Bilaspur,Janjgir-Champa; Korba,,,,PARTIALLY_RESOLVED,,
c0a3bd9252b5462af935e9035f081111,NEW_DISTRICT,1998,1991.0,2001,Raigarh,Jashpur,,,,PARTIALLY_RESOLVED,,
01bae3b2daed79143718197bc29ca176,NEW_DISTRICT,1998,1991.0,2001,Raipur,Dhamtari,IND-000189,IND-000854,4079.7238,MEASURED,NAME_ONLY,STATE_SCOPED
01bae3b2daed79143718197bc29ca176,NEW_DISTRICT,1998,1991.0,2001,Raipur,Mahasamund,IND-000189,IND-000853,4738.7228,MEASURED,NAME_ONLY,STATE_SCOPED
6af01cc8ec5f49b2605de9bbd7b9e5d7,NEW_DISTRICT,1998,1991.0,2001,Raj Nandgaon,Kawardha,,,,PARTIALLY_RESOLVED,,
b4b9399a3873856b95d08efe74a97b34,NEW_DISTRICT,1998,1991.0,2001,Surguja,Koriya,IND-000193,IND-000843,6589.4103,MEASURED,NAME_ONLY,STATE_SCOPED
a53beec8c9bdbaa83260df8faa202240,NEW_DISTRICT,1998,1991.0,2001,Mysore,Chamarajanagar,IND-000337,IND-000917,5662.8379,MEASURED,STATE_SCOPED,STATE_SCOPED
224ddaba42e92b31867448e5f4b249eb,NEW_DISTRICT,1998,1991.0,2001,Hoshangabad,Harda,IND-000398,IND-000868,3326.4049,MEASURED,NAME_ONLY,STATE_SCOPED
2286c29f5efe5a538c0ed2ecfa662577,NEW_DISTRICT,1998,1991.0,2001,Jabalpur,Katni,IND-000183,IND-000870,5116.2326,MEASURED,NAME_ONLY,STATE_SCOPED
a5922936ef9dfe6c9210ce967bec2de0,NEW_DISTRICT,1998,1991.0,2001,Mandla,Dindori,IND-000185,IND-000872,5799.4747,MEASURED,NAME_ONLY,STATE_SCOPED
d187746ea5323c5fe1f9ef68350245ee,NEW_DISTRICT,1998,1991.0,2001,Mandsaur,Neemuch,IND-000037,IND-000864,4304.2279,MEASURED,NAME_ONLY,STATE_SCOPED
6ba57280b35615ca6935de54b4fb70a1,NEW_DISTRICT,1998,1991.0,2001,Shahdol,Umaria,IND-000139,IND-000862,4583.9552,MEASURED,NAME_ONLY,STATE_SCOPED
bc4631db273a7b6d871db2f17c97c6a5,NEW_DISTRICT,1998,1991.0,2001,West Nimar,Barwani,,,,PARTIALLY_RESOLVED,,
0fb0e9303f29256f76a79b930177b3b6,NEW_DISTRICT,1998,1991.0,2001,Akola,Washim,IND-000197,IND-000893,5068.4767,MEASURED,STATE_SCOPED,STATE_SCOPED
6cca9adab2db8463a499af069a957813,NEW_DISTRICT,1998,1991.0,2001,Dhule,Nandurbar,IND-000159,IND-000890,6054.7093,MEASURED,STATE_SCOPED,STATE_SCOPED
5f80c3177cd6286b8741dd432ba49332,NEW_DISTRICT,1998,1991.0,2001,Aizawl,Kolasib,IND-000465,IND-000783,1533.4732,MEASURED,STATE_SCOPED,STATE_SCOPED
5f80c3177cd6286b8741dd432ba49332,NEW_DISTRICT,1998,1991.0,2001,Aizawl,Mamit,IND-000465,IND-000782,3000.9252,MEASURED,STATE_SCOPED,STATE_SCOPED
5f80c3177cd6286b8741dd432ba49332,NEW_DISTRICT,1998,1991.0,2001,Aizawl,Serchhip,IND-000465,IND-000786,931.0285,MEASURED,STATE_SCOPED,STATE_SCOPED
593d5ebc93eb61986ae83faf661250a6,NEW_DISTRICT,1998,1991.0,2001,Chhimtuipui,Lawngtlai,IND-000467,IND-000787,2078.3059,MEASURED,STATE_SCOPED,STATE_SCOPED
593d5ebc93eb61986ae83faf661250a6,NEW_DISTRICT,1998,1991.0,2001,Chhimtuipui,Saiha,IND-000467,IND-000788,1873.2103,MEASURED,STATE_SCOPED,STATE_SCOPED
fdd8576628666c4d4960d71b84cdefa4,NEW_DISTRICT,1998,1991.0,2001,Banda,Chitrakoot,IND-000275,IND-000739,3257.6273,MEASURED,NAME_ONLY,STATE_SCOPED
4bb60c891769c9dd5f87945d171b75aa,SPLIT,1998,1991.0,2001,Bastar,Bastar,IND-000192,IND-000856,11380.8211,MEASURED,NAME_ONLY,STATE_SCOPED
4bb60c891769c9dd5f87945d171b75aa,SPLIT,1998,1991.0,2001,Bastar,Dantewada,IND-000192,IND-000857,20514.5382,MEASURED,NAME_ONLY,STATE_SCOPED
4bb60c891769c9dd5f87945d171b75aa,SPLIT,1998,1991.0,2001,Bastar,Kanker,IND-000192,IND-000855,7238.7418,MEASURED,NAME_ONLY,STATE_SCOPED
2da2a6f90769bdb003605d66e33da8ac,SPLIT,1998,1991.0,2001,Bilaspur,Bilaspur; Janjgir-Champa; Korba,,,,PARTIALLY_RESOLVED,,
5ac208d5f3a3030624e4ff40dcd3a91d,SPLIT,1998,1991.0,2001,Raigarh,Jashpur; Raigarh,,,,PARTIALLY_RESOLVED,,
a7d0b1b30b5eeb4940556839458c0e21,SPLIT,1998,1991.0,2001,Raipur,Dhamtari,IND-000189,IND-000854,4079.7238,MEASURED,NAME_ONLY,STATE_SCOPED
a7d0b1b30b5eeb4940556839458c0e21,SPLIT,1998,1991.0,2001,Raipur,Mahasamund,IND-000189,IND-000853,4738.7228,MEASURED,NAME_ONLY,STATE_SCOPED
a7d0b1b30b5eeb4940556839458c0e21,SPLIT,1998,1991.0,2001,Raipur,Raipur,IND-000189,IND-000852,12766.3064,MEASURED,NAME_ONLY,STATE_SCOPED
6321ca032d951163299c8b081b7516d0,SPLIT,1998,1991.0,2001,Raj Nandgaon,Kawardha; Rajnandgaon,,,,PARTIALLY_RESOLVED,,
ed9a8b90a2187ca906dccf5fa6a74852,SPLIT,1998,1991.0,2001,Surguja,Koriya,IND-000193,IND-000843,6589.4103,MEASURED,NAME_ONLY,STATE_SCOPED
ed9a8b90a2187ca906dccf5fa6a74852,SPLIT,1998,1991.0,2001,Surguja,Surguja,IND-000193,IND-000844,15725.5592,MEASURED,NAME_ONLY,STATE_SCOPED
5d50ca71ff5e2a5b55fb2194a1576767,SPLIT,1998,1991.0,2001,Mysore,Chamarajanagar,IND-000337,IND-000917,5662.8379,MEASURED,STATE_SCOPED,STATE_SCOPED
5d50ca71ff5e2a5b55fb2194a1576767,SPLIT,1998,1991.0,2001,Mysore,Mysore,IND-000337,IND-000916,6291.3165,MEASURED,STATE_SCOPED,STATE_SCOPED
1261cc9aae46ebf9050469dd39fef701,SPLIT,1998,1991.0,2001,Hoshangabad,Harda,IND-000398,IND-000868,3326.4049,MEASURED,NAME_ONLY,STATE_SCOPED
1261cc9aae46ebf9050469dd39fef701,SPLIT,1998,1991.0,2001,Hoshangabad,Hoshangabad,IND-000398,IND-000869,6679.6303,MEASURED,NAME_ONLY,STATE_SCOPED
596e23f3dbe912d16deececf0f509451,SPLIT,1998,1991.0,2001,Jabalpur,Jabalpur,IND-000183,IND-000871,5051.2092,MEASURED,NAME_ONLY,STATE_SCOPED
596e23f3dbe912d16deececf0f509451,SPLIT,1998,1991.0,2001,Jabalpur,Katni,IND-000183,IND-000870,5116.2326,MEASURED,NAME_ONLY,STATE_SCOPED
8696764dce4873c97ac954951ca1cb73,SPLIT,1998,1991.0,2001,Mandla,Dindori,IND-000185,IND-000872,5799.4747,MEASURED,NAME_ONLY,STATE_SCOPED
8696764dce4873c97ac954951ca1cb73,SPLIT,1998,1991.0,2001,Mandla,Mandla,IND-000185,IND-000873,7443.8395,MEASURED,NAME_ONLY,STATE_SCOPED
4e8901e15143fbfac9656ca5cba76d95,SPLIT,1998,1991.0,2001,Mandsaur,Mandsaur,IND-000037,IND-000865,5545.2826,MEASURED,NAME_ONLY,STATE_SCOPED
4e8901e15143fbfac9656ca5cba76d95,SPLIT,1998,1991.0,2001,Mandsaur,Neemuch,IND-000037,IND-000864,4304.2279,MEASURED,NAME_ONLY,STATE_SCOPED
f449796c6b209437a99b3682bb82764d,SPLIT,1998,1991.0,2001,Shahdol,Shahdol,IND-000139,IND-000863,9455.7241,MEASURED,NAME_ONLY,STATE_SCOPED
f449796c6b209437a99b3682bb82764d,SPLIT,1998,1991.0,2001,Shahdol,Umaria,IND-000139,IND-000862,4583.9552,MEASURED,NAME_ONLY,STATE_SCOPED
b33bfbafa10d9907effe0b80c10f0f2c,SPLIT,1998,1991.0,2001,West Nimar,Barwani; West Nimar,,,,PARTIALLY_RESOLVED,,
40ab9f058f3c46aa5e64f7e535e33712,SPLIT,1998,1991.0,2001,Akola,Akola,IND-000197,IND-000892,5557.9086,MEASURED,STATE_SCOPED,STATE_SCOPED
40ab9f058f3c46aa5e64f7e535e33712,SPLIT,1998,1991.0,2001,Akola,Washim,IND-000197,IND-000893,5068.4767,MEASURED,STATE_SCOPED,STATE_SCOPED
25cfaccf3b661f7d5d92c6d5dba9d219,SPLIT,1998,1991.0,2001,Dhule,Dhule,IND-000159,IND-000891,7136.9108,MEASURED,STATE_SCOPED,STATE_SCOPED
25cfaccf3b661f7d5d92c6d5dba9d219,SPLIT,1998,1991.0,2001,Dhule,Nandurbar,IND-000159,IND-000890,6054.7093,MEASURED,STATE_SCOPED,STATE_SCOPED
57f9d4431867bdcf70feda97ff35bf05,SPLIT,1998,1991.0,2001,Aizawl,Aizawl,IND-000465,IND-000784,3346.2926,MEASURED,STATE_SCOPED,STATE_SCOPED
57f9d4431867bdcf70feda97ff35bf05,SPLIT,1998,1991.0,2001,Aizawl,Kolasib,IND-000465,IND-000783,1533.4732,MEASURED,STATE_SCOPED,STATE_SCOPED
57f9d4431867bdcf70feda97ff35bf05,SPLIT,1998,1991.0,2001,Aizawl,Mamit,IND-000465,IND-000782,3000.9252,MEASURED,STATE_SCOPED,STATE_SCOPED
57f9d4431867bdcf70feda97ff35bf05,SPLIT,1998,1991.0,2001,Aizawl,Serchhip,IND-000465,IND-000786,931.0285,MEASURED,STATE_SCOPED,STATE_SCOPED
092054e03d955a2a42397ae5a4f97fe9,SPLIT,1998,1991.0,2001,Chhimtuipui,Lawngtlai,IND-000467,IND-000787,2078.3059,MEASURED,STATE_SCOPED,STATE_SCOPED
092054e03d955a2a42397ae5a4f97fe9,SPLIT,1998,1991.0,2001,Chhimtuipui,Saiha,IND-000467,IND-000788,1873.2103,MEASURED,STATE_SCOPED,STATE_SCOPED
ee56bceecfd1136ebc2027fdf5f8fda0,SPLIT,1998,1991.0,2001,Banda,Banda,IND-000275,IND-000738,4438.4649,MEASURED,NAME_ONLY,STATE_SCOPED
ee56bceecfd1136ebc2027fdf5f8fda0,SPLIT,1998,1991.0,2001,Banda,Chitrakoot,IND-000275,IND-000739,3257.6273,MEASURED,NAME_ONLY,STATE_SCOPED
1f3220d925f757b2ff7cce0beb19452f,NEW_DISTRICT,1999,1991.0,2001,Bhandara,Gondiya,IND-000182,IND-000895,5210.4319,MEASURED,STATE_SCOPED,STATE_SCOPED
2044e3be3ec705c588e93b12d6572b91,NEW_DISTRICT,1999,1991.0,2001,Parbhani,Hingoli,IND-000457,IND-000896,4619.224,MEASURED,STATE_SCOPED,STATE_SCOPED
0424eaa6c10022857985416d262f1ee4,SPLIT,1999,1991.0,2001,Bhandara,Bhandara,IND-000182,IND-000894,4154.3197,MEASURED,STATE_SCOPED,STATE_SCOPED
0424eaa6c10022857985416d262f1ee4,SPLIT,1999,1991.0,2001,Bhandara,Gondiya,IND-000182,IND-000895,5210.4319,MEASURED,STATE_SCOPED,STATE_SCOPED
c566617eb57525eb7eab56d5f206e162,SPLIT,1999,1991.0,2001,Parbhani,Hingoli,IND-000457,IND-000896,4619.224,MEASURED,STATE_SCOPED,STATE_SCOPED
c566617eb57525eb7eab56d5f206e162,SPLIT,1999,1991.0,2001,Parbhani,Parbhani,IND-000457,IND-000897,6293.9058,MEASURED,STATE_SCOPED,STATE_SCOPED
d3296626d5fd282e528a672c8d0137df,NEW_DISTRICT,2000,1991.0,2001,Mahesana,Patan,IND-000377,IND-000875,3856.3102,MEASURED,STATE_SCOPED,STATE_SCOPED
089c4e57d6b07351b1b94995189d9c99,NEW_DISTRICT,2001,1991.0,2011,Dibang Valley,Lower Dibang Valley,,,,PARTIALLY_RESOLVED,,
c129e7ca8b39b862c1d35993346b3635,NEW_DISTRICT,2001,1991.0,2011,Lower Subansiri,Kurung Kumey,,,,PARTIALLY_RESOLVED,,
f36297ec078b55cbea83e07aea2db82b,NEW_DISTRICT,2001,1991.0,2011,Jehanabad,Arwal,IND-000612,IND-000987,,RESOLVED_NO_OVERLAP,STATE_SCOPED,STATE_SCOPED
a670a9deadc219be075d1b17d402df63,NEW_DISTRICT,2001,1991.0,2011,Dumka,Jamtara,IND-000624,IND-000998,,RESOLVED_NO_OVERLAP,NAME_ONLY,STATE_SCOPED
e08270e137149b6952dc4a395f9191e4,NEW_DISTRICT,2001,1991.0,2011,Gumla,Simdega,IND-000611,IND-001002,,RESOLVED_NO_OVERLAP,NAME_ONLY,STATE_SCOPED
2684308ed5d46ba36c2ef4f3afd0b592,NEW_DISTRICT,2001,1991.0,2011,Palamu,Latehar,IND-000123,IND-000994,,RESOLVED_NO_OVERLAP,NAME_ONLY,STATE_SCOPED
1836fd7fc1bc2fd6929af49f5b9afce0,NEW_DISTRICT,2001,1991.0,2011,Pashchimi Singhbhum,Saraikela-Kharsawan,,,,PARTIALLY_RESOLVED,,
f3d6d519e6067327f627daa75a1d4177,RENAME,2001,1991.0,2011,Cudappah,Ysr,,,,PARTIALLY_RESOLVED,,
20b8c820e681d65e87b3a0bc0ddf45e4,RENAME,2001,1991.0,2011,Nellore,Sri Potti Sriramulu,,,,PARTIALLY_RESOLVED,,
d56a0757742a38c3c701028e0d3a48c0,RENAME,2001,1991.0,2011,Barpeta,Baksa,IND-000634,IND-001066,,RESOLVED_NO_OVERLAP,STATE_SCOPED,STATE_SCOPED
fe225427044aa18eec87ab8c1164a861,RENAME,2001,1991.0,2011,North Cachar Hills,Dima Hasao,,,,PARTIALLY_RESOLVED,,
448280444e42b99c6720ca3c9db135da,RENAME,2001,1991.0,2011,Dantewada,Dakshin Bastar Dantewada,,,,PARTIALLY_RESOLVED,,
065f9475c1c3e1dc760782a577777b8d,RENAME,2001,1991.0,2011,Kanker,Uttar Bastar Kanker,,,,PARTIALLY_RESOLVED,,
f09efdf63d357ed06201033fa5ea4ded,RENAME,2001,1991.0,2011,Kawardha,Kabeerdham,,,,PARTIALLY_RESOLVED,,
6762f56d4fdedfc042f12ce4fb8bfa7c,RENAME,2001,1991.0,2011,East Nimar,Khandwa (East Nimar),,,,PARTIALLY_RESOLVED,,
fc5e32770ba8a950d9a166506cc3be4e,RENAME,2001,1991.0,2011,West Nimar,Khargone (West Nimar),,,,PARTIALLY_RESOLVED,,
0a69ad58c4f500535b381eac2a936042,RENAME,2001,1991.0,2011,Sonapur,Subarnapur,,,,PARTIALLY_RESOLVED,,
83d16a3614864b99d179f632fe9560f8,RENAME,2001,1991.0,2011,Pondicherry,Puducherry,IND-000670,IND-001088,,RESOLVED_NO_OVERLAP,STATE_SCOPED,STATE_SCOPED
ab74bd29d7e521d350c12538029b6204,RENAME,2001,1991.0,2011,Nawanshahr,Shahid Bhagat Singh Nagar,,,,PARTIALLY_RESOLVED,,
bcaaffdccc0fd04eabaffa95b1c4c070,RENAME,2001,1991.0,2011,Hathras,Mahamaya Nagar,,,,PARTIALLY_RESOLVED,,
51a7a0438bdb91257191dfbafa38bfed,SPLIT,2001,1991.0,2011,Dibang Valley,Dibang Valley; Lower Dibang Valley,,,,PARTIALLY_RESOLVED,,
84b8921e7624849579ddada50d744faf,SPLIT,2001,1991.0,2011,Lower Subansiri,Kurung Kumey; Lower Subansiri,,,,PARTIALLY_RESOLVED,,
cff093e7ca015766d77eacaf3aeb777b,SPLIT,2001,1991.0,2011,Jehanabad,Arwal,IND-000612,IND-000987,,RESOLVED_NO_OVERLAP,STATE_SCOPED,STATE_SCOPED
cff093e7ca015766d77eacaf3aeb777b,SPLIT,2001,1991.0,2011,Jehanabad,Jehanabad,IND-000612,IND-000986,,RESOLVED_NO_OVERLAP,STATE_SCOPED,STATE_SCOPED
9b6c25e13d952476bf2a12d8e99f2792,SPLIT,2001,1991.0,2011,Dumka,Dumka,IND-000624,IND-000997,,RESOLVED_NO_OVERLAP,NAME_ONLY,STATE_SCOPED
9b6c25e13d952476bf2a12d8e99f2792,SPLIT,2001,1991.0,2011,Dumka,Jamtara,IND-000624,IND-000998,,RESOLVED_NO_OVERLAP,NAME_ONLY,STATE_SCOPED
10b48e7ba469ee2f839ca8e4be1c4acd,SPLIT,2001,1991.0,2011,Gumla,Gumla,IND-000611,IND-001001,,RESOLVED_NO_OVERLAP,NAME_ONLY,STATE_SCOPED
10b48e7ba469ee2f839ca8e4be1c4acd,SPLIT,2001,1991.0,2011,Gumla,Simdega,IND-000611,IND-001002,,RESOLVED_NO_OVERLAP,NAME_ONLY,STATE_SCOPED
02fa8d5b92cfce0918319efb11e3a69e,SPLIT,2001,1991.0,2011,Palamu,Latehar,IND-000123,IND-000994,,RESOLVED_NO_OVERLAP,NAME_ONLY,STATE_SCOPED
02fa8d5b92cfce0918319efb11e3a69e,SPLIT,2001,1991.0,2011,Palamu,Palamu,IND-000123,IND-000993,,RESOLVED_NO_OVERLAP,NAME_ONLY,STATE_SCOPED
3a758eb65a406d77460ac0ccf5a96fcf,SPLIT,2001,1991.0,2011,Pashchimi Singhbhum,Pashchimi Singhbhum; Saraikela-Kharsawan,,,,PARTIALLY_RESOLVED,,
ef0faf059b0f7db4d863b595f48b38d2,NEW_DISTRICT,2002,2001.0,2011,Medinipur,Paschim Medinipur,IND-000305,IND-000989,9232.5672,MEASURED,STATE_SCOPED,STATE_SCOPED
ef0faf059b0f7db4d863b595f48b38d2,NEW_DISTRICT,2002,2001.0,2011,Medinipur,Purba Medinipur,IND-000305,IND-000990,3978.641,MEASURED,STATE_SCOPED,STATE_SCOPED
1f54f54e2797f165598b18fd98586e2a,SPLIT,2002,2001.0,2011,Medinipur,Paschim Medinipur,IND-000305,IND-000989,9232.5672,MEASURED,STATE_SCOPED,STATE_SCOPED
1f54f54e2797f165598b18fd98586e2a,SPLIT,2002,2001.0,2011,Medinipur,Purba Medinipur,IND-000305,IND-000990,3978.641,MEASURED,STATE_SCOPED,STATE_SCOPED
df21a35ae2ca8eedb29201afdbadae33,NEW_DISTRICT,2003,2001.0,2011,Kamrup,Kamrup Metropolitan,IND-000515,IND-001064,864.9265,MEASURED,STATE_SCOPED,STATE_SCOPED
2d01352ca883d983436d5325fd5fd854,NEW_DISTRICT,2003,2001.0,2011,East Nimar,Burhanpur,IND-000187,IND-000949,3224.7093,MEASURED,STATE_SCOPED,STATE_SCOPED
a3367e17dd54151fcb966cc044521423,NEW_DISTRICT,2003,2001.0,2011,Guna,Ashoknagar,IND-000031,IND-000941,4717.6521,MEASURED,STATE_SCOPED,STATE_SCOPED
da9e9a5a91b9d75e1850a42438761b0c,NEW_DISTRICT,2003,2001.0,2011,Jhabua,Alirajpur,IND-000042,IND-000947,3238.541,MEASURED,STATE_SCOPED,STATE_SCOPED
614c3e1a513d88fad55867d8f3cada05,NEW_DISTRICT,2003,2001.0,2011,Shahdol,Annupur,,,,PARTIALLY_RESOLVED,,
accde4ffca00ee7dde8415c91cbf5adc,NEW_DISTRICT,2003,2001.0,2011,Sidhi,Singrauli,IND-000138,IND-000945,5701.3604,MEASURED,STATE_SCOPED,STATE_SCOPED
4c8ee146ddf52430bb2175e4ec3a827e,SPLIT,2003,2001.0,2011,Kamrup,Kamrup,IND-000515,IND-001063,2921.8366,MEASURED,STATE_SCOPED,STATE_SCOPED
4c8ee146ddf52430bb2175e4ec3a827e,SPLIT,2003,2001.0,2011,Kamrup,Kamrup Metropolitan,IND-000515,IND-001064,864.9265,MEASURED,STATE_SCOPED,STATE_SCOPED
69d3185c190cfac0f9f9e9bde12d3466,SPLIT,2003,2001.0,2011,East Nimar,Burhanpur,IND-000187,IND-000949,3224.7093,PARTIALLY_RESOLVED,STATE_SCOPED,STATE_SCOPED
21c951ee5df11e157ed753004b753a20,SPLIT,2003,2001.0,2011,Guna,Ashoknagar,IND-000031,IND-000941,4717.6521,MEASURED,STATE_SCOPED,STATE_SCOPED
21c951ee5df11e157ed753004b753a20,SPLIT,2003,2001.0,2011,Guna,Guna,IND-000031,IND-000940,6290.0271,MEASURED,STATE_SCOPED,STATE_SCOPED
a535f478e67e9416d9e4e5aa1f5486af,SPLIT,2003,2001.0,2011,Jhabua,Alirajpur,IND-000042,IND-000947,3238.541,MEASURED,STATE_SCOPED,STATE_SCOPED
a535f478e67e9416d9e4e5aa1f5486af,SPLIT,2003,2001.0,2011,Jhabua,Jhabua,IND-000042,IND-000946,3427.0442,MEASURED,STATE_SCOPED,STATE_SCOPED
a7b732e9e9baf39813e947c10a0c9ec6,SPLIT,2003,2001.0,2011,Shahdol,Shahdol,IND-000863,IND-000942,5581.9927,PARTIALLY_RESOLVED,STATE_SCOPED,STATE_SCOPED
cff2d211718d7e165c9e30588298b70e,SPLIT,2003,2001.0,2011,Sidhi,Sidhi,IND-000138,IND-000944,4659.4106,MEASURED,STATE_SCOPED,STATE_SCOPED
cff2d211718d7e165c9e30588298b70e,SPLIT,2003,2001.0,2011,Sidhi,Singrauli,IND-000138,IND-000945,5701.3604,MEASURED,STATE_SCOPED,STATE_SCOPED
cb1dd452f9a5f8204a12b9fb48e3bf54,NEW_DISTRICT,2004,2001.0,2011,Lohit,Anjaw,IND-000491,IND-001036,6015.0026,MEASURED,STATE_SCOPED,STATE_SCOPED
91e1e6e6ec60bceb804fa68d97cd3ced,NEW_DISTRICT,2004,2001.0,2011,Bongaigaon,Chirang,IND-000798,IND-001062,1742.7618,MEASURED,STATE_SCOPED,STATE_SCOPED
91e1e6e6ec60bceb804fa68d97cd3ced,NEW_DISTRICT,2004,2001.0,2011,Kokrajhar,Chirang,IND-000797,IND-001062,167.2669,MEASURED,STATE_SCOPED,STATE_SCOPED
2ef26fd5bd8b09dbde715043fb3602d6,NEW_DISTRICT,2004,2001.0,2011,Darrang,Udalguri,IND-000516,IND-001068,1973.1002,MEASURED,STATE_SCOPED,STATE_SCOPED
11681cc401801fe741aa5f63c3c94f52,NEW_DISTRICT,2004,2001.0,2011,Nalbari,Baksa,IND-000514,IND-001066,1070.0062,MEASURED,STATE_SCOPED,STATE_SCOPED
11681cc401801fe741aa5f63c3c94f52,NEW_DISTRICT,2004,2001.0,2011,Barpeta,Baksa,IND-000799,IND-001066,976.8479,MEASURED,STATE_SCOPED,STATE_SCOPED
11681cc401801fe741aa5f63c3c94f52,NEW_DISTRICT,2004,2001.0,2011,Kamrup,Baksa,IND-000515,IND-001066,352.2914,MEASURED,STATE_SCOPED,STATE_SCOPED
11681cc401801fe741aa5f63c3c94f52,NEW_DISTRICT,2004,2001.0,2011,Darrang,Baksa,IND-000516,IND-001066,29.0774,MEASURED,STATE_SCOPED,STATE_SCOPED
cedc14d041f99be00cd36ab15a6e2cc1,NEW_DISTRICT,2004,2001.0,2011,Kohima,Peren,IND-000777,IND-001042,1501.6406,MEASURED,STATE_SCOPED,STATE_SCOPED
b0b85ddbda2d14322366857a3e6e0729,NEW_DISTRICT,2004,2001.0,2011,Tuensang,Kiphire,IND-000473,IND-001040,1075.4255,MEASURED,STATE_SCOPED,STATE_SCOPED
b0b85ddbda2d14322366857a3e6e0729,NEW_DISTRICT,2004,2001.0,2011,Tuensang,Longleng,IND-000473,IND-001039,538.2716,MEASURED,STATE_SCOPED,STATE_SCOPED
1b0a66837e019d8ed9355899e22546f4,NEW_DISTRICT,2004,2001.0,2011,Dharmapuri,Krishnagiri,IND-000417,IND-001084,5005.5632,MEASURED,STATE_SCOPED,STATE_SCOPED
cd77b0d33bd7b00d7a7572910d6262e2,SPLIT,2004,2001.0,2011,Lohit,Anjaw,IND-000491,IND-001036,6015.0026,MEASURED,STATE_SCOPED,STATE_SCOPED
cd77b0d33bd7b00d7a7572910d6262e2,SPLIT,2004,2001.0,2011,Lohit,Lohit,IND-000491,IND-001035,4054.1582,MEASURED,STATE_SCOPED,STATE_SCOPED
d598b1f6909616864ef240950dce02f4,SPLIT,2004,2001.0,2011,Barpeta,Baksa,IND-000799,IND-001066,976.8479,MEASURED,STATE_SCOPED,STATE_SCOPED
d598b1f6909616864ef240950dce02f4,SPLIT,2004,2001.0,2011,Barpeta,Barpeta,IND-000799,IND-001058,2179.1984,MEASURED,STATE_SCOPED,STATE_SCOPED
a091788dcd1d5d2fb57332ce6e761bfe,SPLIT,2004,2001.0,2011,Bongaigaon,Bongaigaon,IND-000798,IND-001061,1014.0959,MEASURED,STATE_SCOPED,STATE_SCOPED
a091788dcd1d5d2fb57332ce6e761bfe,SPLIT,2004,2001.0,2011,Bongaigaon,Chirang,IND-000798,IND-001062,1742.7618,MEASURED,STATE_SCOPED,STATE_SCOPED
ccc82023406c1d419f69ddceae825da0,SPLIT,2004,2001.0,2011,Darrang,Darrang,IND-000516,IND-001067,1501.8762,MEASURED,STATE_SCOPED,STATE_SCOPED
ccc82023406c1d419f69ddceae825da0,SPLIT,2004,2001.0,2011,Darrang,Udalguri,IND-000516,IND-001068,1973.1002,MEASURED,STATE_SCOPED,STATE_SCOPED
f467f413df62c70ca5db344831b3d9de,SPLIT,2004,2001.0,2011,Kamrup,Baksa,IND-000515,IND-001066,352.2914,MEASURED,STATE_SCOPED,STATE_SCOPED
f467f413df62c70ca5db344831b3d9de,SPLIT,2004,2001.0,2011,Kamrup,Kamrup,IND-000515,IND-001063,2921.8366,MEASURED,STATE_SCOPED,STATE_SCOPED
cce9a466215e3724d390d7415da7ca7c,SPLIT,2004,2001.0,2011,Kokrajihar,Chirang; Kokrajihar,,,,PARTIALLY_RESOLVED,,
697587c48af2db63e2d9807bba2aa1b2,SPLIT,2004,2001.0,2011,Nalbali,Baksa; Nalbali,,,,PARTIALLY_RESOLVED,,
c47737dda67229ffd951dc95b6027ae8,SPLIT,2004,2001.0,2011,Sonitpur,Sonitpur,IND-000517,IND-000517,5015.4636,MEASURED,STATE_SCOPED,STATE_SCOPED
c47737dda67229ffd951dc95b6027ae8,SPLIT,2004,2001.0,2011,Sonitpur,Udalguri,IND-000517,IND-001068,22.5803,MEASURED,STATE_SCOPED,STATE_SCOPED
af717742f81dc043f5eb4097973d3111,SPLIT,2004,2001.0,2011,Kohima,Kohima,IND-000777,IND-001041,1313.6664,MEASURED,STATE_SCOPED,STATE_SCOPED
af717742f81dc043f5eb4097973d3111,SPLIT,2004,2001.0,2011,Kohima,Peren,IND-000777,IND-001042,1501.6406,MEASURED,STATE_SCOPED,STATE_SCOPED
60f793688816427a3fd8de33fd9429db,SPLIT,2004,2001.0,2011,Tuensang,Kiphire,IND-000473,IND-001040,1075.4255,MEASURED,STATE_SCOPED,STATE_SCOPED
60f793688816427a3fd8de33fd9429db,SPLIT,2004,2001.0,2011,Tuensang,Longleng,IND-000473,IND-001039,538.2716,MEASURED,STATE_SCOPED,STATE_SCOPED
60f793688816427a3fd8de33fd9429db,SPLIT,2004,2001.0,2011,Tuensang,Tuensang,IND-000473,IND-001038,2117.0909,MEASURED,STATE_SCOPED,STATE_SCOPED
f56aa8d4b35f26c1e59cb6220b277794,SPLIT,2004,2001.0,2011,Dharmapuri,Dharmapuri,IND-000417,IND-001083,4475.7707,MEASURED,STATE_SCOPED,STATE_SCOPED
f56aa8d4b35f26c1e59cb6220b277794,SPLIT,2004,2001.0,2011,Dharmapuri,Krishnagiri,IND-000417,IND-001084,5005.5632,MEASURED,STATE_SCOPED,STATE_SCOPED
8dcc9b1e182cc609d3f850555ae7ef8e,NEW_DISTRICT,2005,2001.0,2011,Faridabad,Mewat,IND-000576,IND-000964,13.0675,MEASURED,STATE_SCOPED,STATE_SCOPED
e176a244f7bf325657aa0f6ba20a4a03,SPLIT,2005,2001.0,2011,Faridabad,Faridabad,IND-000576,IND-000965,715.0143,MEASURED,STATE_SCOPED,STATE_SCOPED
e176a244f7bf325657aa0f6ba20a4a03,SPLIT,2005,2001.0,2011,Faridabad,Mewat,IND-000576,IND-000964,13.0675,MEASURED,STATE_SCOPED,STATE_SCOPED
0c865f9fcd01f921e81c822ba1c1be59,NEW_DISTRICT,2006,2001.0,2011,Andamans,North & Middle Andaman,IND-000507,IND-001091,2806.5351,MEASURED,STATE_SCOPED,STATE_SCOPED
0c865f9fcd01f921e81c822ba1c1be59,NEW_DISTRICT,2006,2001.0,2011,Andamans,South Andaman,IND-000507,IND-001092,2177.074,MEASURED,STATE_SCOPED,STATE_SCOPED
0b7f551a02a1bee22838176c763303ea,NEW_DISTRICT,2006,2001.0,2011,Anantnag,Kulgam,IND-000529,IND-001018,1114.3559,MEASURED,STATE_SCOPED,STATE_SCOPED
0b7f551a02a1bee22838176c763303ea,NEW_DISTRICT,2006,2001.0,2011,Pulwama,Kulgam,IND-000531,IND-001018,5.5743,MEASURED,STATE_SCOPED,STATE_SCOPED
619fdbf5e9849eab0ed975f6895797f5,NEW_DISTRICT,2006,2001.0,2011,Baramula,Bandipore,IND-000534,IND-001012,2026.7593,MEASURED,STATE_SCOPED,STATE_SCOPED
619fdbf5e9849eab0ed975f6895797f5,NEW_DISTRICT,2006,2001.0,2011,Baramula,Ganderbal,IND-000534,IND-001014,41.0481,MEASURED,STATE_SCOPED,STATE_SCOPED
52fdf0943cbe39f5c500d0fe9ab9a7aa,NEW_DISTRICT,2006,2001.0,2011,Doda,Kishtwar,IND-000382,IND-001021,7539.5205,MEASURED,STATE_SCOPED,STATE_SCOPED
52fdf0943cbe39f5c500d0fe9ab9a7aa,NEW_DISTRICT,2006,2001.0,2011,Doda,Ramban,IND-000382,IND-001020,1062.1112,MEASURED,STATE_SCOPED,STATE_SCOPED
f65c09aab6c134735537fb5af72cbe35,NEW_DISTRICT,2006,2001.0,2011,Jammu,Samba,IND-000384,IND-001025,738.0235,MEASURED,STATE_SCOPED,STATE_SCOPED
bbbca47e9a33e6c23d37da2efced3705,NEW_DISTRICT,2006,2001.0,2011,Pulwama,Shupiyan,IND-000531,IND-001016,416.1379,MEASURED,STATE_SCOPED,STATE_SCOPED
3bc72eaaad3980c9390f69c4812a427e,NEW_DISTRICT,2006,2001.0,2011,Udhampur,Reasi,IND-000383,IND-001023,1950.6949,MEASURED,STATE_SCOPED,STATE_SCOPED
0de2ddaeb1416f54186a7d842e83e08b,NEW_DISTRICT,2006,2001.0,2011,Amritsar,Tarn Taran,IND-000249,IND-000955,2347.4174,MEASURED,STATE_SCOPED,STATE_SCOPED
5af9933d9eb87a2a5b2aa84823aeba23,NEW_DISTRICT,2006,2001.0,2011,Rupnagar,Sahibzada Ajit Singh Nagar,IND-000414,IND-000957,691.7517,MEASURED,STATE_SCOPED,STATE_SCOPED
b6f25017e822ad422937339e4b5a7803,NEW_DISTRICT,2006,2001.0,2011,Sangrur,Barnala,IND-000415,IND-000959,1285.0789,MEASURED,STATE_SCOPED,STATE_SCOPED
458864ab50a9b8204d3b90c82f460127,SPLIT,2006,2001.0,2011,Andamans,North & Middle Andaman,IND-000507,IND-001091,2806.5351,MEASURED,STATE_SCOPED,STATE_SCOPED
458864ab50a9b8204d3b90c82f460127,SPLIT,2006,2001.0,2011,Andamans,South Andaman,IND-000507,IND-001092,2177.074,MEASURED,STATE_SCOPED,STATE_SCOPED
5e6af5d6a084643b51b0ed42f8cb94ed,SPLIT,2006,2001.0,2011,Anantnag,Kulgam,IND-000529,IND-001018,1114.3559,MEASURED,STATE_SCOPED,STATE_SCOPED
c3258204ec2afc965ac26181e7b90237,SPLIT,2006,2001.0,2011,Baramula,Bandipore,IND-000534,IND-001012,2026.7593,MEASURED,STATE_SCOPED,STATE_SCOPED
c3258204ec2afc965ac26181e7b90237,SPLIT,2006,2001.0,2011,Baramula,Baramula,IND-000534,IND-001011,1853.8028,MEASURED,STATE_SCOPED,STATE_SCOPED
c3258204ec2afc965ac26181e7b90237,SPLIT,2006,2001.0,2011,Baramula,Ganderbal,IND-000534,IND-001014,41.0481,MEASURED,STATE_SCOPED,STATE_SCOPED
0de3db0b083640ce3756ea3a6238e58b,SPLIT,2006,2001.0,2011,Doda,Doda,IND-000382,IND-001019,2422.0649,MEASURED,STATE_SCOPED,STATE_SCOPED
0de3db0b083640ce3756ea3a6238e58b,SPLIT,2006,2001.0,2011,Doda,Kishtwar,IND-000382,IND-001021,7539.5205,MEASURED,STATE_SCOPED,STATE_SCOPED
0de3db0b083640ce3756ea3a6238e58b,SPLIT,2006,2001.0,2011,Doda,Ramban,IND-000382,IND-001020,1062.1112,MEASURED,STATE_SCOPED,STATE_SCOPED
09fae0fe900a4075887c47041550557e,SPLIT,2006,2001.0,2011,Jammu,Jammu,IND-000384,IND-001024,1978.8583,MEASURED,STATE_SCOPED,STATE_SCOPED
09fae0fe900a4075887c47041550557e,SPLIT,2006,2001.0,2011,Jammu,Samba,IND-000384,IND-001025,738.0235,MEASURED,STATE_SCOPED,STATE_SCOPED
bde491cb33467beb63752efaf5d862f4,SPLIT,2006,2001.0,2011,Pulwama,Kulgam,IND-000531,IND-001018,5.5743,MEASURED,STATE_SCOPED,STATE_SCOPED
bde491cb33467beb63752efaf5d862f4,SPLIT,2006,2001.0,2011,Pulwama,Pulwama,IND-000531,IND-001015,817.4913,MEASURED,STATE_SCOPED,STATE_SCOPED
bde491cb33467beb63752efaf5d862f4,SPLIT,2006,2001.0,2011,Pulwama,Shupiyan,IND-000531,IND-001016,416.1379,MEASURED,STATE_SCOPED,STATE_SCOPED
fda128bbeac1191eda2bde32e1e7d789,SPLIT,2006,2001.0,2011,Udhampur,Reasi,IND-000383,IND-001023,1950.6949,MEASURED,STATE_SCOPED,STATE_SCOPED
fda128bbeac1191eda2bde32e1e7d789,SPLIT,2006,2001.0,2011,Udhampur,Udhampur,IND-000383,IND-001022,2251.5869,MEASURED,STATE_SCOPED,STATE_SCOPED
4090f5b6dac6bade5dbbd318943ff286,SPLIT,2006,2001.0,2011,Amritsar,Amritsar,IND-000249,IND-000954,2606.4177,MEASURED,STATE_SCOPED,STATE_SCOPED
4090f5b6dac6bade5dbbd318943ff286,SPLIT,2006,2001.0,2011,Amritsar,Tarn Taran,IND-000249,IND-000955,2347.4174,MEASURED,STATE_SCOPED,STATE_SCOPED
9fbcaa545fd9cd64a50508d7083edda4,SPLIT,2006,2001.0,2011,Rupnagar,Rupnagar,IND-000414,IND-000956,1285.6176,MEASURED,STATE_SCOPED,STATE_SCOPED
9fbcaa545fd9cd64a50508d7083edda4,SPLIT,2006,2001.0,2011,Rupnagar,Sahibzada Ajit Singh Nagar,IND-000414,IND-000957,691.7517,MEASURED,STATE_SCOPED,STATE_SCOPED
8dd9fe17b2f15de9af293d48ef752e9a,SPLIT,2006,2001.0,2011,Sangrur,Barnala,IND-000415,IND-000959,1285.0789,MEASURED,STATE_SCOPED,STATE_SCOPED
8dd9fe17b2f15de9af293d48ef752e9a,SPLIT,2006,2001.0,2011,Sangrur,Sangrur,IND-000415,IND-000958,3236.5224,MEASURED,STATE_SCOPED,STATE_SCOPED
c028996eeef8c9916be8eea2713d726a,NEW_DISTRICT,2007,2001.0,2011,Bastar,Narayanpur,IND-000856,IND-000937,1052.2139,MEASURED,STATE_SCOPED,STATE_SCOPED
5d5e21d9e2de4296341e9ecac87e0e30,NEW_DISTRICT,2007,2001.0,2011,Dantewada,Bijapur,IND-000857,IND-000939,8025.1193,MEASURED,STATE_SCOPED,STATE_SCOPED
5d5e21d9e2de4296341e9ecac87e0e30,NEW_DISTRICT,2007,2001.0,2011,Dantewada,Dakshin Bastar Dantewada,IND-000857,IND-000938,8488.6169,MEASURED,STATE_SCOPED,STATE_SCOPED
0d193d73b7a6de508c21c4fa3499f1f7,NEW_DISTRICT,2007,2001.0,2011,Surat,Tapi,IND-000429,IND-000935,3095.6365,MEASURED,STATE_SCOPED,STATE_SCOPED
41ad0566d7dfc4ed52370d06f4f8f173,NEW_DISTRICT,2007,2001.0,2011,Hazaribag,Ramgarh,,,,PARTIALLY_RESOLVED,,
1ea7f210b74b7225280166f02e144f8e,NEW_DISTRICT,2007,2001.0,2011,Ranchi,Khunti,IND-000621,IND-001000,2642.0594,MEASURED,STATE_SCOPED,STATE_SCOPED
f9f5cbffe59bc2c198c3bff7042d426b,NEW_DISTRICT,2007,2001.0,2011,Bengaluru Rural,Ramanagara,,,,PARTIALLY_RESOLVED,,
2b9e166bc6f6e2d44df6ed26aa415c00,NEW_DISTRICT,2007,2001.0,2011,Kolar,Chikkaballapura,IND-000058,IND-001078,4197.5693,MEASURED,STATE_SCOPED,STATE_SCOPED
6c9586532fdc419703ad596a2f572dc0,NEW_DISTRICT,2007,2001.0,2011,Tiruchchirappalli,Ariyalur,,,,PARTIALLY_RESOLVED,,
2f4e1e03a232776c566c4b70469d1a46,SPLIT,2007,2001.0,2011,Bastar,Bastar,IND-000856,IND-000936,10196.2562,MEASURED,STATE_SCOPED,STATE_SCOPED
2f4e1e03a232776c566c4b70469d1a46,SPLIT,2007,2001.0,2011,Bastar,Narayanpur,IND-000856,IND-000937,1052.2139,MEASURED,STATE_SCOPED,STATE_SCOPED
52f8b3aa4e34d361bae760130737858a,SPLIT,2007,2001.0,2011,Dantewada,Bijapur,IND-000857,IND-000939,8025.1193,MEASURED,STATE_SCOPED,STATE_SCOPED
52f8b3aa4e34d361bae760130737858a,SPLIT,2007,2001.0,2011,Dantewada,Dakshin Bastar Dantewada,IND-000857,IND-000938,8488.6169,MEASURED,STATE_SCOPED,STATE_SCOPED
bd71860b86d7dfc1e14ba399e878d6f0,SPLIT,2007,2001.0,2011,Surat,Surat,IND-000429,IND-000934,4206.7449,MEASURED,STATE_SCOPED,STATE_SCOPED
bd71860b86d7dfc1e14ba399e878d6f0,SPLIT,2007,2001.0,2011,Surat,Tapi,IND-000429,IND-000935,3095.6365,MEASURED,STATE_SCOPED,STATE_SCOPED
4159a3376ef45519f290f1e1769b5b48,SPLIT,2007,2001.0,2011,Hazaribag,Hazaribagh; Ramgarh,,,,PARTIALLY_RESOLVED,,
36ac8566b64e35256a2b8b48e2a0d38e,SPLIT,2007,2001.0,2011,Ranchi,Khunti,IND-000621,IND-001000,2642.0594,MEASURED,STATE_SCOPED,STATE_SCOPED
36ac8566b64e35256a2b8b48e2a0d38e,SPLIT,2007,2001.0,2011,Ranchi,Ranchi,IND-000621,IND-000999,4937.9982,MEASURED,STATE_SCOPED,STATE_SCOPED
30ea5893848759b495cfa89faf0d0f19,SPLIT,2007,2001.0,2011,Bengaluru Rural,Bengaluru Rural; Ramanagara,,,,PARTIALLY_RESOLVED,,
d1f1ce577406e63db5984c7c050bf411,SPLIT,2007,2001.0,2011,Kolar,Chikkaballapura,IND-000058,IND-001078,4197.5693,MEASURED,STATE_SCOPED,STATE_SCOPED
d1f1ce577406e63db5984c7c050bf411,SPLIT,2007,2001.0,2011,Kolar,Kolar,IND-000058,IND-001077,3865.7783,MEASURED,STATE_SCOPED,STATE_SCOPED
2b6d5c4f252d6e287534468c0c2c3c73,SPLIT,2007,2001.0,2011,Perambalur,Ariyalur,IND-000925,IND-000926,2.5988,MEASURED,STATE_SCOPED,STATE_SCOPED
2b6d5c4f252d6e287534468c0c2c3c73,SPLIT,2007,2001.0,2011,Perambalur,Perambalur,IND-000925,IND-000925,1711.6134,MEASURED,STATE_SCOPED,STATE_SCOPED
bae64300688108fe1b597508acc6cbf7,NEW_DISTRICT,2008,2001.0,2011,Gurgaon,Palwal,IND-000566,IND-000966,41.3461,MEASURED,STATE_SCOPED,STATE_SCOPED
8f814c6745ed0c426e139bdb0fd45a10,NEW_DISTRICT,2008,2001.0,2011,Chittaurgarh,Pratapgarh,IND-000354,IND-000978,2634.4749,MEASURED,STATE_SCOPED,STATE_SCOPED
3a6fa9fb26a1bbdfd7036418dc207e8d,NEW_DISTRICT,2008,2001.0,2011,Etah,Kanshiram Nagar/Kasganj,,,,PARTIALLY_RESOLVED,,
50838291c68350aabc169df6596237c8,SPLIT,2008,2001.0,2011,Gurgaon,Gurgaon,IND-000566,IND-000963,1179.7952,MEASURED,STATE_SCOPED,STATE_SCOPED
50838291c68350aabc169df6596237c8,SPLIT,2008,2001.0,2011,Gurgaon,Palwal,IND-000566,IND-000966,41.3461,MEASURED,STATE_SCOPED,STATE_SCOPED
23ff57f1fa5576d205e52f9e69c5ff76,SPLIT,2008,2001.0,2011,Chittaurgarh,Chittaurgarh,IND-000354,IND-000977,7497.1136,MEASURED,STATE_SCOPED,STATE_SCOPED
23ff57f1fa5576d205e52f9e69c5ff76,SPLIT,2008,2001.0,2011,Chittaurgarh,Pratapgarh,IND-000354,IND-000978,2634.4749,MEASURED,STATE_SCOPED,STATE_SCOPED
a73fc626536795602862e77678dad418,SPLIT,2008,2001.0,2011,Etah,Etah,IND-000260,IND-000983,2389.5471,MEASURED,STATE_SCOPED,STATE_SCOPED
a73fc626536795602862e77678dad418,SPLIT,2008,2001.0,2011,Etah,Kanshiram Nagar,IND-000260,IND-000984,1881.7763,MEASURED,STATE_SCOPED,STATE_SCOPED
27c62f2d65f3da418706476f7a5e41a2,NEW_DISTRICT,2009,2001.0,2011,Gulbarga,Yadgir,IND-000339,IND-001076,5270.131,MEASURED,STATE_SCOPED,STATE_SCOPED
588c50bb0f86d2cf61431fb1ab6f1d3c,NEW_DISTRICT,2009,2001.0,2011,Erode,Tiruppur,IND-000492,IND-001086,2219.3672,MEASURED,STATE_SCOPED,STATE_SCOPED
588c50bb0f86d2cf61431fb1ab6f1d3c,NEW_DISTRICT,2009,2001.0,2011,Coimbatore,Tiruppur,IND-000493,IND-001086,2948.9964,MEASURED,STATE_SCOPED,STATE_SCOPED
f6279321578ea518a407b0fd6c588ddf,SPLIT,2009,2001.0,2011,Gulbarga,Gulbarga,IND-000339,IND-001075,10879.1745,MEASURED,STATE_SCOPED,STATE_SCOPED
f6279321578ea518a407b0fd6c588ddf,SPLIT,2009,2001.0,2011,Gulbarga,Yadgir,IND-000339,IND-001076,5270.131,MEASURED,STATE_SCOPED,STATE_SCOPED
a62aeea1b716e3d66d5cd4cc7f4bf6c4,SPLIT,2009,2001.0,2011,Coimbatore,Coimbatore,IND-000493,IND-001085,4694.8871,MEASURED,STATE_SCOPED,STATE_SCOPED
a62aeea1b716e3d66d5cd4cc7f4bf6c4,SPLIT,2009,2001.0,2011,Coimbatore,Tiruppur,IND-000493,IND-001086,2948.9964,MEASURED,STATE_SCOPED,STATE_SCOPED
3ebadafc4e75e548aeb7816d39a18022,SPLIT,2009,2001.0,2011,Erode,Erode,IND-000492,IND-001082,5700.4425,MEASURED,STATE_SCOPED,STATE_SCOPED
3ebadafc4e75e548aeb7816d39a18022,SPLIT,2009,2001.0,2011,Erode,Tiruppur,IND-000492,IND-001086,2219.3672,MEASURED,STATE_SCOPED,STATE_SCOPED
e50b259e4a0b0ab383e5a82449a1837b,NEW_DISTRICT,2010,2001.0,2011,Sultanpur; Raebareli,Amethi,,,,PARTIALLY_RESOLVED,,
77a2447d5ca1e17418a3b49175744466,SPLIT,2010,2001.0,2011,Raebareli,Amethi; Raebareli,,,,UNRESOLVED_NAME,,
07c660e5a1c9460aa8bde21ca6b0043a,SPLIT,2010,2001.0,2011,Sultanpur,Sultanpur,IND-000297,IND-000297,4378.4175,PARTIALLY_RESOLVED,STATE_SCOPED,STATE_SCOPED
fa0a74c53769feb6f055ceea65c022a1,NEW_DISTRICT,2011,2001.0,2021,Surguja,Surajpur,IND-000844,IND-001219,,RESOLVED_NO_OVERLAP,STATE_SCOPED,STATE_SCOPED
87fa132bdc9061151603d3895034fbb7,NEW_DISTRICT,2011,2001.0,2021,Firozpur,Fazilka,IND-000676,IND-001101,,RESOLVED_NO_OVERLAP,STATE_SCOPED,STATE_SCOPED
6f97d5aacb5c5b444c928121a75eee94,NEW_DISTRICT,2011,2001.0,2021,Gurdaspur,Pathankot,IND-000250,IND-001104,,RESOLVED_NO_OVERLAP,STATE_SCOPED,STATE_SCOPED
2ccac8ab6ec454e4781ee200183bd3e6,NEW_DISTRICT,2011,2001.0,2021,Ghaziabad,Panchsheel Nagar/Hapur,,,,PARTIALLY_RESOLVED,,
6df86089daa6b7df50153da511cf1b75,NEW_DISTRICT,2011,2001.0,2021,Moradabad; Badaun,Bhimnagar/Sambhal,,,,PARTIALLY_RESOLVED,,
73b3b1a148104b8fceb08a397b794f08,NEW_DISTRICT,2011,2001.0,2021,Muzaffarnagar,Prabuddhanagar/Shamli,,,,PARTIALLY_RESOLVED,,
623ce744fc44e7cbbd5326e7f2af1c37,RENAME,2011,2001.0,2021,Gurgaon,Gurugram,IND-000566,IND-000963,,RESOLVED_NO_OVERLAP,STATE_SCOPED,STATE_SCOPED
954434314ed6b8d94e7f2b1184bfba5c,RENAME,2011,2001.0,2021,Mewat,Nuh,,,,PARTIALLY_RESOLVED,,
ed84cec61042845122471fb5c2e2ee61,RENAME,2011,2001.0,2021,Pashchimi Singhbhum,West Singhbhum,,,,PARTIALLY_RESOLVED,,
27ab31c104148a8ff4aaedebe2e65e6c,RENAME,2011,2001.0,2021,Purbi Singhbhum,East Singhbhum,,,,PARTIALLY_RESOLVED,,
7e42b399a732b80793828731d8113911,RENAME,2011,2001.0,2021,Belgaum,Belgavi,,,,PARTIALLY_RESOLVED,,
423ef6fe97d3cd4df2ca64b4b43beea9,RENAME,2011,2001.0,2021,Bellary,Ballari,IND-000910,IND-000910,,RESOLVED_NO_OVERLAP,STATE_SCOPED,STATE_SCOPED
92341939d831cb0b1d6232a67a305b4e,RENAME,2011,2001.0,2021,Bijapur,Vijayapura,IND-000904,IND-000904,,RESOLVED_NO_OVERLAP,STATE_SCOPED,STATE_SCOPED
4e8005c6a3c8301b024e915fd65a1d07,RENAME,2011,2001.0,2021,Chamrajnagar,Chamarajanagar,,,,UNRESOLVED_NAME,,
8c38bbd62c61503c5b98fe81bf8696ac,RENAME,2011,2001.0,2021,Chikmagalur,Chikkamagaluru,IND-000054,IND-000054,,RESOLVED_NO_OVERLAP,STATE_SCOPED,STATE_SCOPED
88fbeea1ba69c829442dfd32e1b209d5,RENAME,2011,2001.0,2021,Gulbarga,Kalaburagi,IND-000339,IND-001075,,RESOLVED_NO_OVERLAP,STATE_SCOPED,STATE_SCOPED
92c6c432ab52ffda0b22568d4b16d48a,RENAME,2011,2001.0,2021,Mysore,Mysuru,IND-000916,IND-000916,,RESOLVED_NO_OVERLAP,STATE_SCOPED,STATE_SCOPED
8b1aa45908215cd6afb388bc0f7fe9cd,RENAME,2011,2001.0,2021,Ramanagara,Ramanagaram,,,,UNRESOLVED_NAME,,
238f5d8ee6de476486ec5a473e3a345e,RENAME,2011,2001.0,2021,Shimoga,Shivamogga,IND-000913,IND-000913,,RESOLVED_NO_OVERLAP,STATE_SCOPED,STATE_SCOPED
999da5f9383956e4fd0d1554916caefc,RENAME,2011,2001.0,2021,Tumkur,Tumakuru,IND-000334,IND-000334,,RESOLVED_NO_OVERLAP,STATE_SCOPED,STATE_SCOPED
3eb1febc0da767831a2e4954028af110,RENAME,2011,2001.0,2021,Hoshangabad,Narmadapuram,,,,PARTIALLY_RESOLVED,,
fce6286ea8f4732c99ae63192f8e111b,RENAME,2011,2001.0,2021,Muktsar,Sri Muktsar Sahib,IND-000677,IND-000677,,RESOLVED_NO_OVERLAP,STATE_SCOPED,STATE_SCOPED
a0f0c971df408192ee089ce5a6f2fec6,RENAME,2011,2001.0,2021,Sahibzada Ajit Singh Nagar,Sas Nagar,,,,UNRESOLVED_NAME,,
842fefc95cf2d9e4ab99b08c6ecfc878,RENAME,2011,2001.0,2021,East,Gangtok,,,,PARTIALLY_RESOLVED,,
963458a321362943b0251a81d57d504e,RENAME,2011,2001.0,2021,North,Mangan,,,,PARTIALLY_RESOLVED,,
64b09384704678ee549d40a6a52881a0,RENAME,2011,2001.0,2021,South,Namchi,,,,PARTIALLY_RESOLVED,,
04f31fcfe2671b410f658e12caaebccd,RENAME,2011,2001.0,2021,West,Gyalshing,,,,PARTIALLY_RESOLVED,,
1646caf1c6ebbb33d04fe3daafd4dca4,RENAME,2011,2001.0,2021,Warangal Rural,Warangal,,,,UNRESOLVED_NAME,,
7f0f237fba11d90356fbb5958ee5dced,RENAME,2011,2001.0,2021,Warangal Urban,Hanumakonda,,,,UNRESOLVED_NAME,,
7590ecd4efbaa095d4bf558d19555e27,RENAME,2011,2001.0,2021,Allahabad,Prayagraj,IND-000741,IND-000741,,RESOLVED_NO_OVERLAP,STATE_SCOPED,STATE_SCOPED
08f3b407fbfd10755345c6748b68771c,RENAME,2011,2001.0,2021,Bhimnagar,Sambhal,,,,PARTIALLY_RESOLVED,,
2f6efc0a86012b842a036e705b6577cd,RENAME,2011,2001.0,2021,Faizabad,Ayodhya,,,,PARTIALLY_RESOLVED,,
c4d1896afdeac2ccf46c5422d20bdf27,RENAME,2011,2001.0,2021,Jyotiba Phule Nagar,Amroha,IND-000721,IND-000721,,RESOLVED_NO_OVERLAP,STATE_SCOPED,STATE_SCOPED
7c10f1d94dc901cb96082b91b4ed9f1b,RENAME,2011,2001.0,2021,Kanshiram Nagar,Kasganj,,,,PARTIALLY_RESOLVED,,
b38b9846b28b8f739edf5f2d44354c01,RENAME,2011,2001.0,2021,Mahamaya Nagar,Hathras,,,,PARTIALLY_RESOLVED,,
c9cd75fb85b18294c0a403af3f33bb7a,RENAME,2011,2001.0,2021,Panchsheel Nagar,Hapur,,,,PARTIALLY_RESOLVED,,
c717d1d93c56c05b21d0aa7786c12591,RENAME,2011,2001.0,2021,Prabuddhanagar,Shamli,,,,PARTIALLY_RESOLVED,,
ba842edaa1bbb92c9c547da91e8db882,RENAME,2011,2001.0,2021,Sant Ravidas Nagar (Bhadohi),Bhadohi,,,,PARTIALLY_RESOLVED,,
eff036d4f8a4442a07f86ee9809ceb0f,SPLIT,2011,2001.0,2021,Surguja,Surajpur,IND-000844,IND-001219,,RESOLVED_NO_OVERLAP,STATE_SCOPED,STATE_SCOPED
eff036d4f8a4442a07f86ee9809ceb0f,SPLIT,2011,2001.0,2021,Surguja,Surguja,IND-000844,IND-001222,,RESOLVED_NO_OVERLAP,STATE_SCOPED,STATE_SCOPED
dd497edbb7ba4b1dfca19d61145816bd,SPLIT,2011,2001.0,2021,Firozpur,Fazilka,IND-000676,IND-001101,,RESOLVED_NO_OVERLAP,STATE_SCOPED,STATE_SCOPED
dd497edbb7ba4b1dfca19d61145816bd,SPLIT,2011,2001.0,2021,Firozpur,Firozpur,IND-000676,IND-001103,,RESOLVED_NO_OVERLAP,STATE_SCOPED,STATE_SCOPED
3e5824dd16640d626252b7fca8b4c976,SPLIT,2011,2001.0,2021,Gurdaspur,Gurdaspur,IND-000250,IND-001100,,RESOLVED_NO_OVERLAP,STATE_SCOPED,STATE_SCOPED
3e5824dd16640d626252b7fca8b4c976,SPLIT,2011,2001.0,2021,Gurdaspur,Pathankot,IND-000250,IND-001104,,RESOLVED_NO_OVERLAP,STATE_SCOPED,STATE_SCOPED
f74a12545fd1f4278836d40cf749f51b,SPLIT,2011,2001.0,2021,Budaun,Budaun,IND-000263,IND-001119,,RESOLVED_NO_OVERLAP,STATE_SCOPED,STATE_SCOPED
f74a12545fd1f4278836d40cf749f51b,SPLIT,2011,2001.0,2021,Budaun,Sambhal,IND-000263,IND-001124,,RESOLVED_NO_OVERLAP,STATE_SCOPED,STATE_SCOPED
6a303ce3912983e913c83657e5141e31,SPLIT,2011,2001.0,2021,Ghaziabad,Ghaziabad,IND-000724,IND-001123,,RESOLVED_NO_OVERLAP,STATE_SCOPED,STATE_SCOPED
6a303ce3912983e913c83657e5141e31,SPLIT,2011,2001.0,2021,Ghaziabad,Hapur,IND-000724,IND-001117,,RESOLVED_NO_OVERLAP,STATE_SCOPED,STATE_SCOPED
76fc5558300f000b9e8be696a8653cbe,SPLIT,2011,2001.0,2021,Moradabad,Moradabad,IND-000719,IND-001126,,RESOLVED_NO_OVERLAP,STATE_SCOPED,STATE_SCOPED
76fc5558300f000b9e8be696a8653cbe,SPLIT,2011,2001.0,2021,Moradabad,Sambhal,IND-000719,IND-001124,,RESOLVED_NO_OVERLAP,STATE_SCOPED,STATE_SCOPED
bbf3d1d2d4444bebbee0b53b1f57c675,SPLIT,2011,2001.0,2021,Muzaffarnagar,Muzaffarnagar,IND-000253,IND-001125,,RESOLVED_NO_OVERLAP,STATE_SCOPED,STATE_SCOPED
bbf3d1d2d4444bebbee0b53b1f57c675,SPLIT,2011,2001.0,2021,Muzaffarnagar,Shamli,IND-000253,IND-001127,,RESOLVED_NO_OVERLAP,STATE_SCOPED,STATE_SCOPED
693e8d09bdf2df95a542270e30678c67,NEW_DISTRICT,2012,2011.0,2021,Tirap,Longding,IND-000627,IND-001139,916.999,MEASURED,STATE_SCOPED,STATE_SCOPED
d720f02b355c23bf89b06af89e1a5262,NEW_DISTRICT,2012,2011.0,2021,Bastar,Kondagaon,IND-000936,IND-001213,5015.2072,MEASURED,STATE_SCOPED,STATE_SCOPED
a85dc251dc66a05cc45321e1b6b41105,NEW_DISTRICT,2012,2011.0,2021,Bilaspur,Mungeli,IND-000849,IND-001221,2758.9129,MEASURED,STATE_SCOPED,STATE_SCOPED
acc9ee30162db1536c88a3d985495842,NEW_DISTRICT,2012,2011.0,2021,Dakshin Bastar Dantewada,Sukma,IND-000938,IND-001226,5210.4942,MEASURED,STATE_SCOPED,STATE_SCOPED
5e5fcf29fb74d9ab116f57b9d78104fa,NEW_DISTRICT,2012,2011.0,2021,Durg,Balod,IND-000455,IND-001217,3230.2068,PARTIALLY_RESOLVED,STATE_SCOPED,STATE_SCOPED
148aa10145bb9e09511fae9233130c2d,NEW_DISTRICT,2012,2011.0,2021,Raipur,Baloda Bazar,IND-000852,IND-001220,4582.0777,PARTIALLY_RESOLVED,STATE_SCOPED,STATE_SCOPED
6c9bc70dafa06c9d8372bbdef0bc14e7,NEW_DISTRICT,2012,2011.0,2021,Surguja,Balrampur,IND-000844,IND-001223,6218.205,MEASURED,STATE_SCOPED,STATE_SCOPED
5fd02702d772292a2d11e3a5f5a6b9a9,NEW_DISTRICT,2012,2011.0,2021,East,Shahdara,IND-000703,IND-001114,21.8585,MEASURED,STATE_SCOPED,STATE_SCOPED
5fd02702d772292a2d11e3a5f5a6b9a9,NEW_DISTRICT,2012,2011.0,2021,North-East,Shahdara,IND-000969,IND-001114,13.5938,MEASURED,STATE_SCOPED,STATE_SCOPED
3f5def13115860ea3370128fa97a1800,NEW_DISTRICT,2012,2011.0,2021,North-West,North,IND-000967,IND-001107,282.4748,MEASURED,STATE_SCOPED,STATE_SCOPED
1d056fcf3332bfc8523ba2f8c539dc20,NEW_DISTRICT,2012,2011.0,2021,South,South East,IND-000708,IND-001115,97.0866,MEASURED,STATE_SCOPED,STATE_SCOPED
611900a2932314ea69a4304a0737f2a3,NEW_DISTRICT,2012,2011.0,2021,East Garo Hills,North Garo Hills,IND-001053,IND-001185,1145.6916,MEASURED,STATE_SCOPED,STATE_SCOPED
1e679559434afbc38dfeb4d39c55ea3c,NEW_DISTRICT,2012,2011.0,2021,East Jaintia Hills,West Jaintia Hills,,,,PARTIALLY_RESOLVED,,
9ef8edfe3e30432ebad0eb9da35b421e,NEW_DISTRICT,2012,2011.0,2021,West Khasi Hills,South West Khasi Hills,IND-000462,IND-001184,1410.4811,MEASURED,STATE_SCOPED,STATE_SCOPED
38c2724e43d713dae648be2110608911,NEW_DISTRICT,2012,2011.0,2021,North Tripura,Unakoti,,,,PARTIALLY_RESOLVED,,
5bbdec58d2425e3f197a61199be60c3a,NEW_DISTRICT,2012,2011.0,2021,South Tripura,Gomati,IND-000789,IND-001174,1555.0346,MEASURED,STATE_SCOPED,STATE_SCOPED
4dfb2a080faac020ab92691a1fd392e5,NEW_DISTRICT,2012,2011.0,2021,West Tripura,Khowai,IND-000497,IND-001175,972.8234,MEASURED,STATE_SCOPED,STATE_SCOPED
4dfb2a080faac020ab92691a1fd392e5,NEW_DISTRICT,2012,2011.0,2021,West Tripura,Sipahijala,IND-000497,IND-001173,1012.4235,MEASURED,STATE_SCOPED,STATE_SCOPED
9952f1c1b840dd51a0251e2f2d243b1b,SPLIT,2012,2011.0,2021,Tirap,Longding,IND-000627,IND-001139,916.999,MEASURED,STATE_SCOPED,STATE_SCOPED
9952f1c1b840dd51a0251e2f2d243b1b,SPLIT,2012,2011.0,2021,Tirap,Tirap,IND-000627,IND-001131,1062.1129,MEASURED,STATE_SCOPED,STATE_SCOPED
1e02272af55accc630e56e25904c154a,SPLIT,2012,2011.0,2021,Bastar,Bastar,IND-000936,IND-001212,5278.7781,MEASURED,STATE_SCOPED,STATE_SCOPED
1e02272af55accc630e56e25904c154a,SPLIT,2012,2011.0,2021,Bastar,Kondagaon,IND-000936,IND-001213,5015.2072,MEASURED,STATE_SCOPED,STATE_SCOPED
85cd837dcc37f5a3b4515e3d7dc0ae09,SPLIT,2012,2011.0,2021,Bilaspur,Bilaspur,IND-000849,IND-001225,5492.5314,MEASURED,STATE_SCOPED,STATE_SCOPED
85cd837dcc37f5a3b4515e3d7dc0ae09,SPLIT,2012,2011.0,2021,Bilaspur,Mungeli,IND-000849,IND-001221,2758.9129,MEASURED,STATE_SCOPED,STATE_SCOPED
347d69aab0e842579cf029418d059fbc,SPLIT,2012,2011.0,2021,Dakshin Bastar Dantewada,Dakshin Bastar Dantewada,IND-000938,IND-001211,2759.8693,MEASURED,STATE_SCOPED,STATE_SCOPED
347d69aab0e842579cf029418d059fbc,SPLIT,2012,2011.0,2021,Dakshin Bastar Dantewada,Sukma,IND-000938,IND-001226,5210.4942,MEASURED,STATE_SCOPED,STATE_SCOPED
01baf40634c2ef229ab9749b77d34b5a,SPLIT,2012,2011.0,2021,Durg,Balod,IND-000455,IND-001217,3230.2068,PARTIALLY_RESOLVED,STATE_SCOPED,STATE_SCOPED
01baf40634c2ef229ab9749b77d34b5a,SPLIT,2012,2011.0,2021,Durg,Durg,IND-000455,IND-001216,2279.5043,PARTIALLY_RESOLVED,STATE_SCOPED,STATE_SCOPED
3d06a0f12d4c134360bfbf0b11a7fa2b,SPLIT,2012,2011.0,2021,Raipur,Baloda Bazar,IND-000852,IND-001220,4582.0777,PARTIALLY_RESOLVED,STATE_SCOPED,STATE_SCOPED
3d06a0f12d4c134360bfbf0b11a7fa2b,SPLIT,2012,2011.0,2021,Raipur,Raipur,IND-000852,IND-001215,2874.6343,PARTIALLY_RESOLVED,STATE_SCOPED,STATE_SCOPED
e1e0092faa27f15805fb515f72d41221,SPLIT,2012,2011.0,2021,Surguja,Balrampur,IND-000844,IND-001223,6218.205,MEASURED,STATE_SCOPED,STATE_SCOPED
e1e0092faa27f15805fb515f72d41221,SPLIT,2012,2011.0,2021,Surguja,Surguja,IND-000844,IND-001222,3921.5566,MEASURED,STATE_SCOPED,STATE_SCOPED
1beeeea0e9480a07fd3991004f87a4c3,SPLIT,2012,2011.0,2021,East,East,IND-000703,IND-001109,42.6473,MEASURED,STATE_SCOPED,STATE_SCOPED
1beeeea0e9480a07fd3991004f87a4c3,SPLIT,2012,2011.0,2021,East,Shahdara,IND-000703,IND-001114,21.8585,MEASURED,STATE_SCOPED,STATE_SCOPED
f5e4c80e8327535745a77ee22bd79fc8,SPLIT,2012,2011.0,2021,New Delhi,New Delhi,IND-000970,IND-001112,34.4413,MEASURED,STATE_SCOPED,STATE_SCOPED
28c0af8a517f6d4660322c28a3d3d326,SPLIT,2012,2011.0,2021,North East,North East,IND-000969,IND-001108,30.8652,MEASURED,STATE_SCOPED,STATE_SCOPED
28c0af8a517f6d4660322c28a3d3d326,SPLIT,2012,2011.0,2021,North East,Shahdara,IND-000969,IND-001114,13.5938,MEASURED,STATE_SCOPED,STATE_SCOPED
6270590d2883b4cd7a91d2dcbb515eed,SPLIT,2012,2011.0,2021,North West,North,IND-000967,IND-001107,282.4748,MEASURED,STATE_SCOPED,STATE_SCOPED
6270590d2883b4cd7a91d2dcbb515eed,SPLIT,2012,2011.0,2021,North West,North West,IND-000967,IND-001116,152.7198,MEASURED,STATE_SCOPED,STATE_SCOPED
5c0e576e140caf91d3e4e5d4e95cec5a,SPLIT,2012,2011.0,2021,South,South,IND-000708,IND-001113,158.8665,MEASURED,STATE_SCOPED,STATE_SCOPED
5c0e576e140caf91d3e4e5d4e95cec5a,SPLIT,2012,2011.0,2021,South,South East,IND-000708,IND-001115,97.0866,MEASURED,STATE_SCOPED,STATE_SCOPED
c0a1ccb31e58d978ac1d292682dad6cd,SPLIT,2012,2011.0,2021,South West,New Delhi,IND-000973,IND-001112,117.2465,MEASURED,STATE_SCOPED,STATE_SCOPED
c0a1ccb31e58d978ac1d292682dad6cd,SPLIT,2012,2011.0,2021,South West,South West,IND-000973,IND-001110,276.4306,MEASURED,STATE_SCOPED,STATE_SCOPED
0ebe699aad5fb9fb638e9e3a8c9129a3,SPLIT,2012,2011.0,2021,East Garo Hills,East Garo Hills,IND-001053,IND-001182,1556.5423,MEASURED,STATE_SCOPED,STATE_SCOPED
0ebe699aad5fb9fb638e9e3a8c9129a3,SPLIT,2012,2011.0,2021,East Garo Hills,North Garo Hills,IND-001053,IND-001185,1145.6916,MEASURED,STATE_SCOPED,STATE_SCOPED
6abeac3679a1b59333ae841e6cb7158a,SPLIT,2012,2011.0,2021,Jaintia Hills,East Jaintia Hills,IND-000460,IND-001180,1896.7456,MEASURED,STATE_SCOPED,STATE_SCOPED
6abeac3679a1b59333ae841e6cb7158a,SPLIT,2012,2011.0,2021,Jaintia Hills,West Jaintia Hills,IND-000460,IND-001183,1865.3411,MEASURED,STATE_SCOPED,STATE_SCOPED
404f4488761d47c93b894e01d05bf86c,SPLIT,2012,2011.0,2021,West Khasi Hills,South West Khasi Hills,IND-000462,IND-001184,1410.4811,MEASURED,STATE_SCOPED,STATE_SCOPED
404f4488761d47c93b894e01d05bf86c,SPLIT,2012,2011.0,2021,West Khasi Hills,West Khasi Hills,IND-000462,IND-001179,3638.7141,MEASURED,STATE_SCOPED,STATE_SCOPED
604ac375047b6768b8e6e98dc5f5064b,SPLIT,2012,2011.0,2021,North Tripura,North Tripura,IND-000791,IND-001172,1329.7452,PARTIALLY_RESOLVED,STATE_SCOPED,STATE_SCOPED
2a5c73ff24596c8ca7e89cf87a65c729,SPLIT,2012,2011.0,2021,South Tripura,Gomati,IND-000789,IND-001174,1555.0346,MEASURED,STATE_SCOPED,STATE_SCOPED
2a5c73ff24596c8ca7e89cf87a65c729,SPLIT,2012,2011.0,2021,South Tripura,South Tripura,IND-000789,IND-001177,1475.3944,MEASURED,STATE_SCOPED,STATE_SCOPED
628ecc8da684a5661281442e40290781,SPLIT,2012,2011.0,2021,West Tripura,Khowai,IND-000497,IND-001175,972.8234,MEASURED,STATE_SCOPED,STATE_SCOPED
628ecc8da684a5661281442e40290781,SPLIT,2012,2011.0,2021,West Tripura,Sipahijala,IND-000497,IND-001173,1012.4235,MEASURED,STATE_SCOPED,STATE_SCOPED
628ecc8da684a5661281442e40290781,SPLIT,2012,2011.0,2021,West Tripura,West Tripura,IND-000497,IND-001176,919.5467,MEASURED,STATE_SCOPED,STATE_SCOPED
1f3e9cd8be1f25f6246248fa1362eddf,NEW_DISTRICT,2013,2011.0,2021,Ahmadabad,Botad,IND-000150,IND-001236,969.5435,MEASURED,STATE_SCOPED,STATE_SCOPED
1f3e9cd8be1f25f6246248fa1362eddf,NEW_DISTRICT,2013,2011.0,2021,Bhavnagar,Botad,IND-000881,IND-001236,1656.7399,MEASURED,STATE_SCOPED,STATE_SCOPED
af685b9fa2c84ac737c1673d7dfa54ad,NEW_DISTRICT,2013,2011.0,2021,Jamnagar,Devbhumi Dwarka,IND-000095,IND-001248,4142.3197,MEASURED,STATE_SCOPED,STATE_SCOPED
ebb1b090b37f1bba771d36040c3e552a,NEW_DISTRICT,2013,2011.0,2021,Junagarh,Gir Somnath,,,,PARTIALLY_RESOLVED,,
808d3b766f9726f43ce784610c5c45b3,NEW_DISTRICT,2013,2011.0,2021,Panch Mahals,Mahisagar,IND-000884,IND-001238,1928.2404,MEASURED,STATE_SCOPED,STATE_SCOPED
808d3b766f9726f43ce784610c5c45b3,NEW_DISTRICT,2013,2011.0,2021,Kheda,Mahisagar,IND-000883,IND-001238,567.3241,MEASURED,STATE_SCOPED,STATE_SCOPED
cf14f9d39eb962f93595e5404f2e7abe,NEW_DISTRICT,2013,2011.0,2021,Rajkot,Morbi,IND-000093,IND-001249,3530.7946,MEASURED,STATE_SCOPED,STATE_SCOPED
cf14f9d39eb962f93595e5404f2e7abe,NEW_DISTRICT,2013,2011.0,2021,Surendranagar,Morbi,IND-000092,IND-001249,1297.3742,MEASURED,STATE_SCOPED,STATE_SCOPED
cf14f9d39eb962f93595e5404f2e7abe,NEW_DISTRICT,2013,2011.0,2021,Jamnagar,Morbi,IND-000095,IND-001249,20.5297,MEASURED,STATE_SCOPED,STATE_SCOPED
50054d363845d9b821b8e3a323c3ef5b,NEW_DISTRICT,2013,2011.0,2021,Sabar Kantha,Aravalli,IND-000146,IND-001235,3207.9414,MEASURED,STATE_SCOPED,STATE_SCOPED
d2b680990c1282120e005daf1133a38e,NEW_DISTRICT,2013,2011.0,2021,Vadodara,Chhota Udepur,,,,PARTIALLY_RESOLVED,,
d3bddd34177d92419f0b3cc4f40bebbc,NEW_DISTRICT,2013,2011.0,2021,Shajapur,Agar-Malwa,IND-000033,IND-001229,2916.2541,MEASURED,STATE_SCOPED,STATE_SCOPED
b57c0352f1aba2580cc173251542d2c8,SPLIT,2013,2011.0,2021,Ahmedabad,Ahmedabad; Botad,,,,PARTIALLY_RESOLVED,,
48305929ae8b161330603a4965902c9d,SPLIT,2013,2011.0,2021,Bhavnagar,Bhavnagar,IND-000881,IND-001245,6821.2733,MEASURED,STATE_SCOPED,STATE_SCOPED
48305929ae8b161330603a4965902c9d,SPLIT,2013,2011.0,2021,Bhavnagar,Botad,IND-000881,IND-001236,1656.7399,MEASURED,STATE_SCOPED,STATE_SCOPED
1cc24b6f0f0bd9ee159ad9692a9b1972,SPLIT,2013,2011.0,2021,Jamnagar,Devbhumi Dwarka,IND-000095,IND-001248,4142.3197,MEASURED,STATE_SCOPED,STATE_SCOPED
1cc24b6f0f0bd9ee159ad9692a9b1972,SPLIT,2013,2011.0,2021,Jamnagar,Jamnagar,IND-000095,IND-001247,6426.4986,MEASURED,STATE_SCOPED,STATE_SCOPED
1cc24b6f0f0bd9ee159ad9692a9b1972,SPLIT,2013,2011.0,2021,Jamnagar,Morbi,IND-000095,IND-001249,20.5297,MEASURED,STATE_SCOPED,STATE_SCOPED
589dd3da5a2f117f748fedb6929fdaff,SPLIT,2013,2011.0,2021,Junagadh,Gir Somnath,IND-000879,IND-001239,3745.1489,MEASURED,STATE_SCOPED,STATE_SCOPED
589dd3da5a2f117f748fedb6929fdaff,SPLIT,2013,2011.0,2021,Junagadh,Junagadh,IND-000879,IND-001246,4991.4276,MEASURED,STATE_SCOPED,STATE_SCOPED
5dd32fcf8aa6831682ef1652ad0e6e7a,SPLIT,2013,2011.0,2021,Kheda,Kheda,IND-000883,IND-001243,3337.6233,MEASURED,STATE_SCOPED,STATE_SCOPED
5dd32fcf8aa6831682ef1652ad0e6e7a,SPLIT,2013,2011.0,2021,Kheda,Mahisagar,IND-000883,IND-001238,567.3241,MEASURED,STATE_SCOPED,STATE_SCOPED
ce3e7764b2007d248047b637d17ff827,SPLIT,2013,2011.0,2021,Panch Mahals,Mahisagar,IND-000884,IND-001238,1928.2404,MEASURED,STATE_SCOPED,STATE_SCOPED
ce3e7764b2007d248047b637d17ff827,SPLIT,2013,2011.0,2021,Panch Mahals,Panch Mahals,IND-000884,IND-001233,3251.0897,MEASURED,STATE_SCOPED,STATE_SCOPED
7961ac4bf4de1155507d6e19d0ff4184,SPLIT,2013,2011.0,2021,Rajkot,Morbi,IND-000093,IND-001249,3530.7946,MEASURED,STATE_SCOPED,STATE_SCOPED
7961ac4bf4de1155507d6e19d0ff4184,SPLIT,2013,2011.0,2021,Rajkot,Rajkot,IND-000093,IND-001242,7465.463,MEASURED,STATE_SCOPED,STATE_SCOPED
39bd643b1c4822e84275aab6a49d7a62,SPLIT,2013,2011.0,2021,Sabar Kantha,Aravalli,IND-000146,IND-001235,3207.9414,MEASURED,STATE_SCOPED,STATE_SCOPED
39bd643b1c4822e84275aab6a49d7a62,SPLIT,2013,2011.0,2021,Sabar Kantha,Sabar Kantha,IND-000146,IND-001240,4078.0566,MEASURED,STATE_SCOPED,STATE_SCOPED
514f1fa771ed612a4121d3de54fe6f44,SPLIT,2013,2011.0,2021,Surendranagar,Morbi,IND-000092,IND-001249,1297.3742,MEASURED,STATE_SCOPED,STATE_SCOPED
514f1fa771ed612a4121d3de54fe6f44,SPLIT,2013,2011.0,2021,Surendranagar,Surendranagar,IND-000092,IND-001241,8987.3102,MEASURED,STATE_SCOPED,STATE_SCOPED
f47d0ca834a8e14d0e8a7b79f3fd6633,SPLIT,2013,2011.0,2021,Vadodara,Vadodara,IND-000149,IND-001234,3997.8196,PARTIALLY_RESOLVED,STATE_SCOPED,STATE_SCOPED
464203d3bd56a2de5715523e3c1e0087,SPLIT,2013,2011.0,2021,Shajapur,Agar-Malwa,IND-000033,IND-001229,2916.2541,MEASURED,STATE_SCOPED,STATE_SCOPED
464203d3bd56a2de5715523e3c1e0087,SPLIT,2013,2011.0,2021,Shajapur,Shajapur,IND-000033,IND-001228,3157.1095,MEASURED,STATE_SCOPED,STATE_SCOPED
8b5059c707fb8b358c386b4062b85f9e,NEW_DISTRICT,2014,2011.0,2021,Lohit,Namsai,IND-001035,IND-001138,1324.1952,MEASURED,STATE_SCOPED,STATE_SCOPED
72617467e12b1eb72011af17e16c5b2e,NEW_DISTRICT,2014,2011.0,2021,Thane,Palghar,IND-000156,IND-001254,5110.3128,MEASURED,STATE_SCOPED,STATE_SCOPED
327209d6019f2e110dd54f88306c9a25,NEW_DISTRICT,2014,2011.0,2021,Jalpaiguri,Alipurduar,IND-000314,IND-001205,2734.3808,MEASURED,STATE_SCOPED,STATE_SCOPED
28a3352450d49ecdabe8a625b233fd6b,SPLIT,2014,2011.0,2021,Lohit,Lohit,IND-001035,IND-001133,2426.9001,MEASURED,STATE_SCOPED,STATE_SCOPED
28a3352450d49ecdabe8a625b233fd6b,SPLIT,2014,2011.0,2021,Lohit,Namsai,IND-001035,IND-001138,1324.1952,MEASURED,STATE_SCOPED,STATE_SCOPED
27a5f2f701d48bae2244b48d49507bae,SPLIT,2014,2011.0,2021,Thane,Palghar,IND-000156,IND-001254,5110.3128,MEASURED,STATE_SCOPED,STATE_SCOPED
27a5f2f701d48bae2244b48d49507bae,SPLIT,2014,2011.0,2021,Thane,Thane,IND-000156,IND-001253,4239.7472,MEASURED,STATE_SCOPED,STATE_SCOPED
1d625c792f91b7077776e1469fbd28e1,SPLIT,2014,2011.0,2021,Jalpaiguri,Alipurduar,IND-000314,IND-001205,2734.3808,MEASURED,STATE_SCOPED,STATE_SCOPED
1d625c792f91b7077776e1469fbd28e1,SPLIT,2014,2011.0,2021,Jalpaiguri,Jalpaiguri,IND-000314,IND-001201,3351.0344,MEASURED,STATE_SCOPED,STATE_SCOPED
d50d8e9a1287409431d5bfe125979041,NEW_DISTRICT,2015,2011.0,2021,East Siang,Siang,IND-001030,IND-001141,1489.4424,MEASURED,STATE_SCOPED,STATE_SCOPED
d50d8e9a1287409431d5bfe125979041,NEW_DISTRICT,2015,2011.0,2021,West Siang,Siang,IND-001029,IND-001141,1872.2638,MEASURED,STATE_SCOPED,STATE_SCOPED
3b0b122fb1cfe3dc2d567732fd4d416c,NEW_DISTRICT,2015,2011.0,2021,Kurung Kumey,Kra Daadi,IND-001032,IND-001137,2178.8556,MEASURED,STATE_SCOPED,STATE_SCOPED
b81e41596b00f56544aa99f856e6dcaf,NEW_DISTRICT,2015,2011.0,2021,Dhubri,South Salmara-Mankachar,,,,PARTIALLY_RESOLVED,,
0e95c15b0efbab1e60ce7e792c533024,NEW_DISTRICT,2015,2011.0,2021,Karbi Anglong,West Karbi Anglong,IND-000422,IND-001198,3023.6861,MEASURED,STATE_SCOPED,STATE_SCOPED
4fb0c10eb60b2598d602991a7808962b,NEW_DISTRICT,2015,2011.0,2021,Nagaon,Hojai,IND-001060,IND-001195,1399.3678,MEASURED,STATE_SCOPED,STATE_SCOPED
49e867c359bb74095b4222e2c0e10c92,NEW_DISTRICT,2015,2011.0,2021,Sivasagar,Charaideo,IND-000524,IND-001192,1051.1674,MEASURED,STATE_SCOPED,STATE_SCOPED
d6c712a7da1981ac0c4b13a862c5e9dd,NEW_DISTRICT,2015,2011.0,2021,Sonitpur,Biswanath,IND-000517,IND-001194,1732.266,MEASURED,STATE_SCOPED,STATE_SCOPED
293772fc9bcc4cf8b7613468c11f44f6,SPLIT,2015,2011.0,2021,East Siang,East Siang,IND-001030,IND-001132,1615.2135,MEASURED,STATE_SCOPED,STATE_SCOPED
293772fc9bcc4cf8b7613468c11f44f6,SPLIT,2015,2011.0,2021,East Siang,Siang,IND-001030,IND-001141,1489.4424,MEASURED,STATE_SCOPED,STATE_SCOPED
982745dee054dd341c34542c283e545d,SPLIT,2015,2011.0,2021,Kurung Kumey,Kra Daadi,IND-001032,IND-001137,2178.8556,MEASURED,STATE_SCOPED,STATE_SCOPED
982745dee054dd341c34542c283e545d,SPLIT,2015,2011.0,2021,Kurung Kumey,Kurung Kumey,IND-001032,IND-001134,4235.2835,MEASURED,STATE_SCOPED,STATE_SCOPED
81dd212f21f42604ea4755ad216ca4bd,SPLIT,2015,2011.0,2021,West Siang,Siang,IND-001029,IND-001141,1872.2638,MEASURED,STATE_SCOPED,STATE_SCOPED
81dd212f21f42604ea4755ad216ca4bd,SPLIT,2015,2011.0,2021,West Siang,West Siang,IND-001029,IND-001144,1334.1096,MEASURED,STATE_SCOPED,STATE_SCOPED
470fb939b2c36f83b95f2b8460bb95d1,SPLIT,2015,2011.0,2021,Dhubri,Dhubri,IND-001057,IND-001191,1430.1591,PARTIALLY_RESOLVED,STATE_SCOPED,STATE_SCOPED
1f837470141fcf86247ac085ea92f368,SPLIT,2015,2011.0,2021,Karbi Anglong,Karbi Anglong,IND-000422,IND-001197,7206.7263,MEASURED,STATE_SCOPED,STATE_SCOPED
1f837470141fcf86247ac085ea92f368,SPLIT,2015,2011.0,2021,Karbi Anglong,West Karbi Anglong,IND-000422,IND-001198,3023.6861,MEASURED,STATE_SCOPED,STATE_SCOPED
d0443293220952cf6de72540d0c5a34c,SPLIT,2015,2011.0,2021,Nagaon,Hojai,IND-001060,IND-001195,1399.3678,MEASURED,STATE_SCOPED,STATE_SCOPED
d0443293220952cf6de72540d0c5a34c,SPLIT,2015,2011.0,2021,Nagaon,Nagaon,IND-001060,IND-001190,2410.8484,MEASURED,STATE_SCOPED,STATE_SCOPED
98ed436b4a88ad1c6006449e8eb455a3,SPLIT,2015,2011.0,2021,Sivasagar,Charaideo,IND-000524,IND-001192,1051.1674,MEASURED,STATE_SCOPED,STATE_SCOPED
98ed436b4a88ad1c6006449e8eb455a3,SPLIT,2015,2011.0,2021,Sivasagar,Sivasagar,IND-000524,IND-001187,1527.0691,MEASURED,STATE_SCOPED,STATE_SCOPED
b65ba292bf9126f4e1484204dcc1c692,SPLIT,2015,2011.0,2021,Sonitpur,Biswanath,IND-000517,IND-001194,1732.266,MEASURED,STATE_SCOPED,STATE_SCOPED
b65ba292bf9126f4e1484204dcc1c692,SPLIT,2015,2011.0,2021,Sonitpur,Sonitpur,IND-000517,IND-001189,3334.0321,MEASURED,STATE_SCOPED,STATE_SCOPED
bfbe705069b6c59fed80fbdfdbe8b745,NEW_DISTRICT,2016,2011.0,2021,Jorhat,Majuli,IND-000523,IND-001193,769.2467,MEASURED,STATE_SCOPED,STATE_SCOPED
1ab954d776d184ba7f560f4b6ba3b772,NEW_DISTRICT,2016,2011.0,2021,Bhiwani,Charkhi Dadri,,,,PARTIALLY_RESOLVED,,
b3b5220c51b0b7741689e98d6ba0a0bd,NEW_DISTRICT,2016,2011.0,2021,Chandel,Tengnoupal,IND-000458,IND-001161,1111.3006,MEASURED,STATE_SCOPED,STATE_SCOPED
1ce0f4894b79e92655ddc5aa69fca01c,NEW_DISTRICT,2016,2011.0,2021,Churachandpur,Pherzawl,IND-000409,IND-001164,2074.632,MEASURED,STATE_SCOPED,STATE_SCOPED
35a62051a9d8add8db50261865907a9a,NEW_DISTRICT,2016,2011.0,2021,Imphal East,Jiribam,IND-001046,IND-001158,161.3696,MEASURED,STATE_SCOPED,STATE_SCOPED
e6b2047dde864b27065cdd61f7f52360,NEW_DISTRICT,2016,2011.0,2021,Senapati,Kangpokpi,IND-000407,IND-001159,1394.2628,MEASURED,STATE_SCOPED,STATE_SCOPED
c9357a49ddb695f01dbe4d7ea405eeee,NEW_DISTRICT,2016,2011.0,2021,Tamenglong,Noney,IND-000408,IND-001163,1026.5185,MEASURED,STATE_SCOPED,STATE_SCOPED
3902691a9bbb19c45ea2b7697d9a00f1,NEW_DISTRICT,2016,2011.0,2021,Thoubal,Kakching,IND-001044,IND-001153,279.1624,MEASURED,STATE_SCOPED,STATE_SCOPED
845551d1e92570bf9c1f2c54a79d92b4,NEW_DISTRICT,2016,2011.0,2021,Ukhrul,Kamjong,IND-000411,IND-001149,2292.0011,MEASURED,STATE_SCOPED,STATE_SCOPED
f8eea1181bb8ecd07f3c61a376892ae2,NEW_DISTRICT,2016,2011.0,2021,Adilabad,Mancherial,IND-000330,IND-001287,3907.4279,PARTIALLY_RESOLVED,NAME_ONLY,STATE_SCOPED
f8eea1181bb8ecd07f3c61a376892ae2,NEW_DISTRICT,2016,2011.0,2021,Adilabad,Nirmal,IND-000330,IND-001292,3598.7077,PARTIALLY_RESOLVED,NAME_ONLY,STATE_SCOPED
571f6a914ae6897c3577d17d1e9b0c33,NEW_DISTRICT,2016,2011.0,2021,Karimnagar,Peddapalli,IND-000015,IND-001294,2197.5785,PARTIALLY_RESOLVED,NAME_ONLY,STATE_SCOPED
571f6a914ae6897c3577d17d1e9b0c33,NEW_DISTRICT,2016,2011.0,2021,Karimnagar,Rajanna Sircilla,IND-000015,IND-001295,1780.8212,PARTIALLY_RESOLVED,NAME_ONLY,STATE_SCOPED
503b88a142bf461fca69a1d322413912,NEW_DISTRICT,2016,2011.0,2021,Khammam,Bhadradri Kothagudem,IND-000332,IND-001305,6893.1352,MEASURED,NAME_ONLY,STATE_SCOPED
9230c42289343d9b64de3b21f6b889fe,NEW_DISTRICT,2016,2011.0,2021,Khammam,Mahabubabad,IND-000332,IND-001285,513.9695,PARTIALLY_RESOLVED,NAME_ONLY,STATE_SCOPED
9230c42289343d9b64de3b21f6b889fe,NEW_DISTRICT,2016,2011.0,2021,Warangal,Mahabubabad,IND-000331,IND-001285,3038.0768,PARTIALLY_RESOLVED,NAME_ONLY,STATE_SCOPED
862e19458f256cb9403097c2622c3d45,NEW_DISTRICT,2016,2011.0,2021,Mahbubnagar,Jogulamba Gadwal,IND-000327,IND-001280,2546.5079,MEASURED,NAME_ONLY,STATE_SCOPED
862e19458f256cb9403097c2622c3d45,NEW_DISTRICT,2016,2011.0,2021,Mahbubnagar,Nagarkurnool,IND-000327,IND-001290,6359.5536,MEASURED,NAME_ONLY,STATE_SCOPED
862e19458f256cb9403097c2622c3d45,NEW_DISTRICT,2016,2011.0,2021,Mahbubnagar,Wanaparthy,IND-000327,IND-001301,2171.7816,MEASURED,NAME_ONLY,STATE_SCOPED
e9c5962d56a6bf5023bd84f28ad1dac4,NEW_DISTRICT,2016,2011.0,2021,Medak,Sangareddy,IND-000329,IND-001297,4206.132,MEASURED,NAME_ONLY,STATE_SCOPED
1e56eff80a5090f825c6907b4f7e2628,NEW_DISTRICT,2016,2011.0,2021,Medak,Siddipet,IND-000329,IND-001298,2472.5127,MEASURED,NAME_ONLY,STATE_SCOPED
1e56eff80a5090f825c6907b4f7e2628,NEW_DISTRICT,2016,2011.0,2021,Karimnagar,Siddipet,IND-000015,IND-001298,662.9643,MEASURED,NAME_ONLY,STATE_SCOPED
96203bac6c1d53c4a08be2c21b27fade,NEW_DISTRICT,2016,2011.0,2021,Nalgonda,Suryapet,IND-000333,IND-001299,3568.6914,MEASURED,NAME_ONLY,STATE_SCOPED
96203bac6c1d53c4a08be2c21b27fade,NEW_DISTRICT,2016,2011.0,2021,Nalgonda,Yadadri Bhuvanagiri,IND-000333,IND-001304,3202.3857,MEASURED,NAME_ONLY,STATE_SCOPED
0f551ffaf992b403adea03d0adcc7abd,NEW_DISTRICT,2016,2011.0,2021,Nalgonda; Warangal,Jangaon,,,,PARTIALLY_RESOLVED,,
8c9f14fa206a2208ec4cc6c07388d2dd,NEW_DISTRICT,2016,2011.0,2021,Nizamabad,Kamareddy,IND-000013,IND-001281,3697.6873,MEASURED,NAME_ONLY,STATE_SCOPED
9be6eb9d016cc0c879362f34a5e143b9,NEW_DISTRICT,2016,2011.0,2021,Ranga Reddy,Medchal–Malkajgiri; Vikarabad,,,,PARTIALLY_RESOLVED,,
e773d3129a34d623f2de684d74a1fc80,NEW_DISTRICT,2016,2011.0,2021,Warangal,Warangal Urban,IND-000331,IND-001303,824.3205,MEASURED,NAME_ONLY,STATE_SCOPED
1f2fddd6e22614c298820c250eeb98aa,SPLIT,2016,2011.0,2021,Jorhat,Jorhat,IND-000523,IND-001188,2012.8691,MEASURED,STATE_SCOPED,STATE_SCOPED
1f2fddd6e22614c298820c250eeb98aa,SPLIT,2016,2011.0,2021,Jorhat,Majuli,IND-000523,IND-001193,769.2467,MEASURED,STATE_SCOPED,STATE_SCOPED
a5c632fb58fc65aa9355cbe2f9cd35d0,SPLIT,2016,2011.0,2021,Bhiwani,Bhiwani,IND-000568,IND-001106,3240.0067,PARTIALLY_RESOLVED,STATE_SCOPED,STATE_SCOPED
f9df435104571ba7eda74f784050651a,SPLIT,2016,2011.0,2021,Chandel,Chandel,IND-000458,IND-001155,2069.2071,MEASURED,STATE_SCOPED,STATE_SCOPED
f9df435104571ba7eda74f784050651a,SPLIT,2016,2011.0,2021,Chandel,Tengnoupal,IND-000458,IND-001161,1111.3006,MEASURED,STATE_SCOPED,STATE_SCOPED
4c8cb023fbd9eccea2724801e7778937,SPLIT,2016,2011.0,2021,Churachandpur,Churachandpur,IND-000409,IND-001156,2396.5375,MEASURED,STATE_SCOPED,STATE_SCOPED
4c8cb023fbd9eccea2724801e7778937,SPLIT,2016,2011.0,2021,Churachandpur,Pherzawl,IND-000409,IND-001164,2074.632,MEASURED,STATE_SCOPED,STATE_SCOPED
8d690c051d84204cf1f502aaf6e4cf75,SPLIT,2016,2011.0,2021,Imphal East,Imphal East,IND-001046,IND-001157,297.7188,MEASURED,STATE_SCOPED,STATE_SCOPED
8d690c051d84204cf1f502aaf6e4cf75,SPLIT,2016,2011.0,2021,Imphal East,Jiribam,IND-001046,IND-001158,161.3696,MEASURED,STATE_SCOPED,STATE_SCOPED
ddb50ea5b2cb0f08ed1f5a2282bdaef1,SPLIT,2016,2011.0,2021,Senapati,Kangpokpi,IND-000407,IND-001159,1394.2628,MEASURED,STATE_SCOPED,STATE_SCOPED
ddb50ea5b2cb0f08ed1f5a2282bdaef1,SPLIT,2016,2011.0,2021,Senapati,Senapati,IND-000407,IND-001150,1727.6625,MEASURED,STATE_SCOPED,STATE_SCOPED
773e891845cd52aa90f95272e994be15,SPLIT,2016,2011.0,2021,Tamenglong,Noney,IND-000408,IND-001163,1026.5185,MEASURED,STATE_SCOPED,STATE_SCOPED
773e891845cd52aa90f95272e994be15,SPLIT,2016,2011.0,2021,Tamenglong,Tamenglong,IND-000408,IND-001151,2967.6645,MEASURED,STATE_SCOPED,STATE_SCOPED
5189b029508154fca9ba3695897b102d,SPLIT,2016,2011.0,2021,Thoubal,Kakching,IND-001044,IND-001153,279.1624,MEASURED,STATE_SCOPED,STATE_SCOPED
5189b029508154fca9ba3695897b102d,SPLIT,2016,2011.0,2021,Thoubal,Thoubal,IND-001044,IND-001160,280.9458,MEASURED,STATE_SCOPED,STATE_SCOPED
f680313e3dd5b8bebd67a6cf9d914758,SPLIT,2016,2011.0,2021,Ukhrul,Kamjong,IND-000411,IND-001149,2292.0011,MEASURED,STATE_SCOPED,STATE_SCOPED
f680313e3dd5b8bebd67a6cf9d914758,SPLIT,2016,2011.0,2021,Ukhrul,Ukhrul,IND-000411,IND-001162,2084.5274,MEASURED,STATE_SCOPED,STATE_SCOPED
044d28f64f327b6e58998c1cb0f8e7e7,SPLIT,2016,2011.0,2021,Adilabad,Adilabad,IND-000330,IND-001275,3970.4064,PARTIALLY_RESOLVED,NAME_ONLY,STATE_SCOPED
044d28f64f327b6e58998c1cb0f8e7e7,SPLIT,2016,2011.0,2021,Adilabad,Mancherial,IND-000330,IND-001287,3907.4279,PARTIALLY_RESOLVED,NAME_ONLY,STATE_SCOPED
044d28f64f327b6e58998c1cb0f8e7e7,SPLIT,2016,2011.0,2021,Adilabad,Nirmal,IND-000330,IND-001292,3598.7077,PARTIALLY_RESOLVED,NAME_ONLY,STATE_SCOPED
7a0eb5770d4270f01aabc5ff9c56657b,SPLIT,2016,2011.0,2021,Karimnagar,Jagitial,IND-000015,IND-001277,2825.243,PARTIALLY_RESOLVED,NAME_ONLY,STATE_SCOPED
7a0eb5770d4270f01aabc5ff9c56657b,SPLIT,2016,2011.0,2021,Karimnagar,Karimnagar,IND-000015,IND-001282,2133.2015,PARTIALLY_RESOLVED,NAME_ONLY,STATE_SCOPED
7a0eb5770d4270f01aabc5ff9c56657b,SPLIT,2016,2011.0,2021,Karimnagar,Medak,IND-000015,IND-001288,,PARTIALLY_RESOLVED,NAME_ONLY,STATE_SCOPED
7a0eb5770d4270f01aabc5ff9c56657b,SPLIT,2016,2011.0,2021,Karimnagar,Peddapalli,IND-000015,IND-001294,2197.5785,PARTIALLY_RESOLVED,NAME_ONLY,STATE_SCOPED
7a0eb5770d4270f01aabc5ff9c56657b,SPLIT,2016,2011.0,2021,Karimnagar,Rajanna Sircilla,IND-000015,IND-001295,1780.8212,PARTIALLY_RESOLVED,NAME_ONLY,STATE_SCOPED
7a0eb5770d4270f01aabc5ff9c56657b,SPLIT,2016,2011.0,2021,Karimnagar,Siddipet,IND-000015,IND-001298,662.9643,PARTIALLY_RESOLVED,NAME_ONLY,STATE_SCOPED
5ac050d435d39b6b30fffd19bd90a97d,SPLIT,2016,2011.0,2021,Khammam,Bhadradri Kothagudem,IND-000332,IND-001305,6893.1352,MEASURED,NAME_ONLY,STATE_SCOPED
5ac050d435d39b6b30fffd19bd90a97d,SPLIT,2016,2011.0,2021,Khammam,Khammam,IND-000332,IND-001283,4455.6269,MEASURED,NAME_ONLY,STATE_SCOPED
5ac050d435d39b6b30fffd19bd90a97d,SPLIT,2016,2011.0,2021,Khammam,Mahabubabad,IND-000332,IND-001285,513.9695,MEASURED,NAME_ONLY,STATE_SCOPED
4ab3e2228bd71782aa25809893a583d4,SPLIT,2016,2011.0,2021,Mahabubnagar,Jogulamba Gadwal; Mahabubnagar; Nagarkurnool; Wanaparthy,,,,PARTIALLY_RESOLVED,,
e3cb893a7cbbbeddb531a9bb405a5910,SPLIT,2016,2011.0,2021,Medak,Medak,IND-000329,IND-001288,2684.4661,MEASURED,NAME_ONLY,STATE_SCOPED
e3cb893a7cbbbeddb531a9bb405a5910,SPLIT,2016,2011.0,2021,Medak,Sangareddy,IND-000329,IND-001297,4206.132,MEASURED,NAME_ONLY,STATE_SCOPED
e3cb893a7cbbbeddb531a9bb405a5910,SPLIT,2016,2011.0,2021,Medak,Siddipet,IND-000329,IND-001298,2472.5127,MEASURED,NAME_ONLY,STATE_SCOPED
64aad4db87f5beb6ae20bea30e8ca171,SPLIT,2016,2011.0,2021,Nalgonda,Nalgonda,IND-000333,IND-001291,7139.231,PARTIALLY_RESOLVED,NAME_ONLY,STATE_SCOPED
64aad4db87f5beb6ae20bea30e8ca171,SPLIT,2016,2011.0,2021,Nalgonda,Suryapet,IND-000333,IND-001299,3568.6914,PARTIALLY_RESOLVED,NAME_ONLY,STATE_SCOPED
64aad4db87f5beb6ae20bea30e8ca171,SPLIT,2016,2011.0,2021,Nalgonda,Yadadri Bhuvanagiri,IND-000333,IND-001304,3202.3857,PARTIALLY_RESOLVED,NAME_ONLY,STATE_SCOPED
c827945b4c2de7c9dfe2bbebe402fdd6,SPLIT,2016,2011.0,2021,Nizamabad,Kamareddy,IND-000013,IND-001281,3697.6873,MEASURED,NAME_ONLY,STATE_SCOPED
c827945b4c2de7c9dfe2bbebe402fdd6,SPLIT,2016,2011.0,2021,Nizamabad,Nizamabad,IND-000013,IND-001293,4188.01,MEASURED,NAME_ONLY,STATE_SCOPED
cf01022b63ffecc158074d6fd9df411f,SPLIT,2016,2011.0,2021,Ranga Reddy,Medchal–Malkajgiri; Ranga Reddy; Vikarabad,,,,PARTIALLY_RESOLVED,,
022d9eaac33c0ee363cf0bc146713940,SPLIT,2016,2011.0,2021,Warangal,Mahabubabad,IND-000331,IND-001285,3038.0768,PARTIALLY_RESOLVED,NAME_ONLY,STATE_SCOPED
022d9eaac33c0ee363cf0bc146713940,SPLIT,2016,2011.0,2021,Warangal,Medak,IND-000331,IND-001288,,PARTIALLY_RESOLVED,NAME_ONLY,STATE_SCOPED
022d9eaac33c0ee363cf0bc146713940,SPLIT,2016,2011.0,2021,Warangal,Warangal Rural,IND-000331,IND-001302,2085.1937,PARTIALLY_RESOLVED,NAME_ONLY,STATE_SCOPED
022d9eaac33c0ee363cf0bc146713940,SPLIT,2016,2011.0,2021,Warangal,Warangal Urban,IND-000331,IND-001303,824.3205,PARTIALLY_RESOLVED,NAME_ONLY,STATE_SCOPED
a09c9160019522047cd6f374fe86a475,NEW_DISTRICT,2017,2011.0,2021,East Siang,Lower Siang,IND-001030,IND-001140,525.7487,MEASURED,STATE_SCOPED,STATE_SCOPED
a09c9160019522047cd6f374fe86a475,NEW_DISTRICT,2017,2011.0,2021,West Siang,Lower Siang,IND-001029,IND-001140,1198.8679,MEASURED,STATE_SCOPED,STATE_SCOPED
0d15edc4a37ba65d7924ae7b61f207a7,NEW_DISTRICT,2017,2011.0,2021,Lower Subansiri,Kamle,IND-001031,IND-001146,1231.3691,MEASURED,STATE_SCOPED,STATE_SCOPED
0d15edc4a37ba65d7924ae7b61f207a7,NEW_DISTRICT,2017,2011.0,2021,Upper Subansiri,Kamle,IND-001028,IND-001146,17.9556,MEASURED,STATE_SCOPED,STATE_SCOPED
0cd55c9a768f332c4389c93192f4423d,NEW_DISTRICT,2017,2011.0,2021,Tuensang,Noklak,,,,PARTIALLY_RESOLVED,,
584b1f82b194309472bc9f8819ec53b3,NEW_DISTRICT,2017,2011.0,2021,Barddhaman,Pashchim Barddhaman; Purba Barddhaman,,,,PARTIALLY_RESOLVED,,
46334fdda0b0bc6d452773f10eafb88f,NEW_DISTRICT,2017,2011.0,2021,Darjiling,Kalimpong,IND-000363,IND-001207,1079.8848,MEASURED,STATE_SCOPED,STATE_SCOPED
66180bd8e864735f547074fb0e0fe8cd,NEW_DISTRICT,2017,2011.0,2021,Paschim Medinipur,Jhargram,IND-000989,IND-001208,3067.7076,MEASURED,STATE_SCOPED,STATE_SCOPED
86824bd401dca06abacb4cca4f1d4a4f,SPLIT,2017,2011.0,2021,East Siang,East Siang,IND-001030,IND-001132,1615.2135,MEASURED,STATE_SCOPED,STATE_SCOPED
86824bd401dca06abacb4cca4f1d4a4f,SPLIT,2017,2011.0,2021,East Siang,Lower Siang,IND-001030,IND-001140,525.7487,MEASURED,STATE_SCOPED,STATE_SCOPED
2632d26e17232217133d78280f8a0d21,SPLIT,2017,2011.0,2021,Lower Subansiri,Kamle,IND-001031,IND-001146,1231.3691,MEASURED,STATE_SCOPED,STATE_SCOPED
2632d26e17232217133d78280f8a0d21,SPLIT,2017,2011.0,2021,Lower Subansiri,Lower Subansiri,IND-001031,IND-001135,1258.4372,MEASURED,STATE_SCOPED,STATE_SCOPED
8bc6552722b026d64e8dffc9d369ffb5,SPLIT,2017,2011.0,2021,Upper Subansiri,Kamle,IND-001028,IND-001146,17.9556,MEASURED,STATE_SCOPED,STATE_SCOPED
8bc6552722b026d64e8dffc9d369ffb5,SPLIT,2017,2011.0,2021,Upper Subansiri,Upper Subansiri,IND-001028,IND-001028,6270.8104,MEASURED,STATE_SCOPED,STATE_SCOPED
ee8dd0abbc0c216b4e5b13b57961d1ef,SPLIT,2017,2011.0,2021,West Siang,Lower Siang,IND-001029,IND-001140,1198.8679,MEASURED,STATE_SCOPED,STATE_SCOPED
ee8dd0abbc0c216b4e5b13b57961d1ef,SPLIT,2017,2011.0,2021,West Siang,West Siang,IND-001029,IND-001144,1334.1096,MEASURED,STATE_SCOPED,STATE_SCOPED
58048b579a8c32a8263048ce59719ddd,SPLIT,2017,2011.0,2021,Tuensang,Noklak,,,,PARTIALLY_RESOLVED,,
fdde64498322e3d86421d4b590296cc5,SPLIT,2017,2011.0,2021,Barddhaman,Pashchim Barddhaman; Purba Barddhaman,,,,PARTIALLY_RESOLVED,,
69cc983754d22ba8347868bc0a69a1b6,SPLIT,2017,2011.0,2021,Darjiling,Darjiling,IND-000363,IND-001200,2012.0394,MEASURED,STATE_SCOPED,STATE_SCOPED
69cc983754d22ba8347868bc0a69a1b6,SPLIT,2017,2011.0,2021,Darjiling,Kalimpong,IND-000363,IND-001207,1079.8848,MEASURED,STATE_SCOPED,STATE_SCOPED
d27b2caea01c89d75993421654c7dd46,SPLIT,2017,2011.0,2021,Paschim Medinipur,Jhargram,IND-000989,IND-001208,3067.7076,PARTIALLY_RESOLVED,STATE_SCOPED,STATE_SCOPED
f1e1f92b19be8e970d98df04e277c1bf,NEW_DISTRICT,2018,2011.0,2021,East Kameng,Pakke-Kesang,,,,PARTIALLY_RESOLVED,,
fb9986c6e59884a6b0070ce0567ee119,NEW_DISTRICT,2018,2011.0,2021,Lower Siang,Lepa-Rada,,,,PARTIALLY_RESOLVED,,
dae93d96dd7fbf8cd726267d8495e00d,NEW_DISTRICT,2018,2011.0,2021,West Siang,Shi-Yomi,IND-001029,IND-001142,2621.8095,MEASURED,STATE_SCOPED,STATE_SCOPED
89a4c09d80bc97c7d5be126643ec8405,NEW_DISTRICT,2018,2011.0,2021,Tikamgarh,Niwari,IND-000133,IND-001231,1246.0304,MEASURED,STATE_SCOPED,STATE_SCOPED
03f4f06818a6b2d5930b0ac825c869f3,SPLIT,2018,2011.0,2021,East Kameng,East Kameng,IND-000486,IND-001136,4277.364,PARTIALLY_RESOLVED,STATE_SCOPED,STATE_SCOPED
46d77e5495b87e78a5db770fe73dcb06,SPLIT,2018,2011.0,2021,Lower Siang,Lepa-Rada; Lower Siang,,,,PARTIALLY_RESOLVED,,
cb8ef7e33477f518a97c860ca7056467,SPLIT,2018,2011.0,2021,West Siang,Shi-Yomi,IND-001029,IND-001142,2621.8095,MEASURED,STATE_SCOPED,STATE_SCOPED
cb8ef7e33477f518a97c860ca7056467,SPLIT,2018,2011.0,2021,West Siang,West Siang,IND-001029,IND-001144,1334.1096,MEASURED,STATE_SCOPED,STATE_SCOPED
86486000e5c4efad03d2053683cb8b8c,SPLIT,2018,2011.0,2021,Tikamgarh,Niwari,IND-000133,IND-001231,1246.0304,MEASURED,STATE_SCOPED,STATE_SCOPED
86486000e5c4efad03d2053683cb8b8c,SPLIT,2018,2011.0,2021,Tikamgarh,Tikamgarh,IND-000133,IND-001227,3617.777,MEASURED,STATE_SCOPED,STATE_SCOPED
f109986bf05da73b9ef11984aaf65027,NEW_DISTRICT,2019,2011.0,2021,Aizawl,Saitual,IND-001047,IND-001168,1023.75,MEASURED,STATE_SCOPED,STATE_SCOPED
f35479937f6342ea0a77662b93a9e2bb,NEW_DISTRICT,2019,2011.0,2021,Champhai,Khawzawl,IND-001048,IND-001171,1136.0948,MEASURED,STATE_SCOPED,STATE_SCOPED
be278fb524880de8277af3311d3830c4,NEW_DISTRICT,2019,2011.0,2021,Lunglei,Hnathial,,,,PARTIALLY_RESOLVED,,
2a74d393a0df76e76904b757bb5f200b,NEW_DISTRICT,2019,2011.0,2021,Kancheepuram,Chengalpattu,IND-000919,IND-001268,2693.4591,MEASURED,STATE_SCOPED,STATE_SCOPED
f04583423ac9131f98e14a14d2c3716e,NEW_DISTRICT,2019,2011.0,2021,Tirunelveli,Tenkasi,IND-000668,IND-001262,2780.317,MEASURED,STATE_SCOPED,STATE_SCOPED
f1b347e61cbf134a03900e5deb0f709c,NEW_DISTRICT,2019,2011.0,2021,Vellore,Ranipet,IND-000665,IND-001265,1827.3452,PARTIALLY_RESOLVED,STATE_SCOPED,STATE_SCOPED
ee5b49d14ca2995b3ab83c35ec6337e8,NEW_DISTRICT,2019,2011.0,2021,Viluppuram,Kallakurichi,IND-000920,IND-001261,3249.5685,MEASURED,STATE_SCOPED,STATE_SCOPED
92dbb54a25436557fd65e00ffdaef40c,NEW_DISTRICT,2019,2011.0,2021,Mahbubnagar,Narayanpet,IND-000327,IND-001307,2298.8871,MEASURED,NAME_ONLY,STATE_SCOPED
6c835fb6e259b9f177b0d7af821cf07c,NEW_DISTRICT,2019,2011.0,2021,Warangal,Mulugu,IND-000331,IND-001279,2947.3198,MEASURED,NAME_ONLY,STATE_SCOPED
6c835fb6e259b9f177b0d7af821cf07c,NEW_DISTRICT,2019,2011.0,2021,Khammam,Mulugu,IND-000332,IND-001279,1241.1028,MEASURED,NAME_ONLY,STATE_SCOPED
7c109ed60b0ccce34f86770450cae830,SPLIT,2019,2011.0,2021,Aizawl,Aizawl,IND-001047,IND-001169,2022.1468,MEASURED,STATE_SCOPED,STATE_SCOPED
7c109ed60b0ccce34f86770450cae830,SPLIT,2019,2011.0,2021,Aizawl,Saitual,IND-001047,IND-001168,1023.75,MEASURED,STATE_SCOPED,STATE_SCOPED
21cc0b1b7396efabfb737f766a1419a3,SPLIT,2019,2011.0,2021,Champhai,Champhai,IND-001048,IND-001170,1544.4119,MEASURED,STATE_SCOPED,STATE_SCOPED
21cc0b1b7396efabfb737f766a1419a3,SPLIT,2019,2011.0,2021,Champhai,Khawzawl,IND-001048,IND-001171,1136.0948,MEASURED,STATE_SCOPED,STATE_SCOPED
3b06c039b4bee8e22a25a93a628d78e5,SPLIT,2019,2011.0,2021,Lunglei,Lunglei,IND-000466,IND-001166,3323.2034,PARTIALLY_RESOLVED,STATE_SCOPED,STATE_SCOPED
cb7438c7c23b2c4a8ad0e92888797ec2,SPLIT,2019,2011.0,2021,Kancheepuram,Chengalpattu,IND-000919,IND-001268,2693.4591,MEASURED,STATE_SCOPED,STATE_SCOPED
cb7438c7c23b2c4a8ad0e92888797ec2,SPLIT,2019,2011.0,2021,Kancheepuram,Kancheepuram,IND-000919,IND-001267,1615.2416,MEASURED,STATE_SCOPED,STATE_SCOPED
3e141cf3ba2349675efefd26ca273501,SPLIT,2019,2011.0,2021,Tirunelveli,Tenkasi,IND-000668,IND-001262,2780.317,MEASURED,STATE_SCOPED,STATE_SCOPED
3e141cf3ba2349675efefd26ca273501,SPLIT,2019,2011.0,2021,Tirunelveli,Tirunelveli,IND-000668,IND-001263,3858.8137,MEASURED,STATE_SCOPED,STATE_SCOPED
701111c334db4a2708a2d7734a1eca1a,SPLIT,2019,2011.0,2021,Vellore,Ranipet,IND-000665,IND-001265,1827.3452,PARTIALLY_RESOLVED,STATE_SCOPED,STATE_SCOPED
701111c334db4a2708a2d7734a1eca1a,SPLIT,2019,2011.0,2021,Vellore,Vellore,IND-000665,IND-001264,2165.2002,PARTIALLY_RESOLVED,STATE_SCOPED,STATE_SCOPED
a8d7b5a23549294a02a9a7122f18a73f,SPLIT,2019,2011.0,2021,Viluppuram,Kallakurichi,IND-000920,IND-001261,3249.5685,MEASURED,STATE_SCOPED,STATE_SCOPED
a8d7b5a23549294a02a9a7122f18a73f,SPLIT,2019,2011.0,2021,Viluppuram,Viluppuram,IND-000920,IND-001260,3887.7195,MEASURED,STATE_SCOPED,STATE_SCOPED
ec8d55b16a0b7a22b789e39f31d04fac,SPLIT,2019,2011.0,2021,Jayashankar Bhupalpally,Jayashankar Bhupalpally,,,,UNRESOLVED_NAME,,
be70aa779dd20c5e5a7174e3e8f14871,SPLIT,2019,2011.0,2021,Khammam,Mulugu,IND-000332,IND-001279,1241.1028,MEASURED,NAME_ONLY,STATE_SCOPED
fb12d320d0c2d9fbbf1d326a8919d23b,SPLIT,2019,2011.0,2021,Mahabubnagar,Mahabubnagar; Narayanpet,,,,PARTIALLY_RESOLVED,,
9a3799d89c84971b0493cdf79ab91882,SPLIT,2019,2011.0,2021,Warangal,Mulugu,IND-000331,IND-001279,2947.3198,MEASURED,NAME_ONLY,STATE_SCOPED
3efebfa1ff429d8566731564192663db,NEW_DISTRICT,2020,2011.0,2021,Baksa,Tamulpur,,,,PARTIALLY_RESOLVED,,
efa6902270c0d282507c8d1c027b481e,NEW_DISTRICT,2020,2011.0,2021,Barpeta,Bajali,,,,PARTIALLY_RESOLVED,,
f541aa3d799e1ad9317a310c0e3ca325,NEW_DISTRICT,2020,2011.0,2021,Bilaspur,Gaurela-Pendra-Marwahi,,,,PARTIALLY_RESOLVED,,
3664712d1591bc64c79270d5d8dcc442,NEW_DISTRICT,2020,2011.0,2021,Nagapattinam,Mayiladuthurai,,,,PARTIALLY_RESOLVED,,
61b5fc3ec83046603480d6f1d34f962b,SPLIT,2020,2011.0,2021,Baksa,Baksa,IND-001066,IND-001066,2322.2344,PARTIALLY_RESOLVED,STATE_SCOPED,STATE_SCOPED
c087e307651d15ace2f321761ff6c442,SPLIT,2020,2011.0,2021,Barpeta,Barpeta,IND-001058,IND-001058,2162.35,PARTIALLY_RESOLVED,STATE_SCOPED,STATE_SCOPED
700c3dd520463d5c16293d7c54e600cb,SPLIT,2020,2011.0,2021,Bilaspur,Bilaspur,IND-000849,IND-001225,5492.5314,PARTIALLY_RESOLVED,STATE_SCOPED,STATE_SCOPED
b19744dedda7ff1f556f560166493a2f,SPLIT,2020,2011.0,2021,Nagapattinam,Nagapattinam,IND-000928,IND-000928,2547.1203,PARTIALLY_RESOLVED,STATE_SCOPED,STATE_SCOPED
9cb6e53949698da70ca34ce01d344a56,NEW_DISTRICT,2021,2011.0,2025,Ballari,Vijayanagara,,,,UNRESOLVED_NAME,,
f08c8a0fe831d6e4b44f70ba7ff8b782,NEW_DISTRICT,2021,2011.0,2025,West Khasi Hills,Eastern West Khasi Hills,,,,PARTIALLY_RESOLVED,,
cb5b9ff8b05a29d2317e807a483cc34a,NEW_DISTRICT,2021,2011.0,2025,Dimapur,Chumoukedima; Niuland,,,,PARTIALLY_RESOLVED,,
2dc1c32a67d2a00e5e229f65a6758add,NEW_DISTRICT,2021,2011.0,2025,Kohima,Tseminyü,,,,PARTIALLY_RESOLVED,,
1905f75582039a5e67bad72ded1b558f,NEW_DISTRICT,2021,2011.0,2025,Sangrur,Malerkotla,,,,PARTIALLY_RESOLVED,,
1dee5653b437c8abfc6ff7132627e50b,NEW_DISTRICT,2021,2011.0,2025,East,Pakyong,,,,PARTIALLY_RESOLVED,,
0fb0baaa42c76cddd427a3ea8921a3e1,NEW_DISTRICT,2021,2011.0,2025,West,Soreng,,,,PARTIALLY_RESOLVED,,
31646638e2fa801a321f3825a9b8c3c1,RENAME,2021,2011.0,2025,Ramanagaram,Bengaluru South,,,,UNRESOLVED_NAME,,
48b8061fc9c9f6aa320b268d72a14fdd,RENAME,2021,2011.0,2025,Aurangabad,Sambhaji Nagar,,,,PARTIALLY_RESOLVED,,
e8dc068df0dd72d0e08dc1889c493176,RENAME,2021,2011.0,2025,Osmanabad,Dharashiv,,,,PARTIALLY_RESOLVED,,
5a034462b78e89b6c8597a8f8f26a56d,SPLIT,2021,2011.0,2025,Ballari,Ballari; Vijayanagara,,,,PARTIALLY_RESOLVED,,
856a91b03c3d32a68ad6ffeafaa1f9df,SPLIT,2021,2011.0,2025,West Khasi Hills,West Khasi Hills,IND-000462,IND-001179,,PARTIALLY_RESOLVED,STATE_SCOPED,STATE_SCOPED
55d939faa0b56fcbf70db60d156d229d,SPLIT,2021,2011.0,2025,Dimapur,Dimapur,IND-001037,IND-001353,,PARTIALLY_RESOLVED,STATE_SCOPED,STATE_SCOPED
2d853ffec61210bd916d8eb1923299ce,SPLIT,2021,2011.0,2025,Kohima,Kohima,IND-001041,IND-001147,,PARTIALLY_RESOLVED,STATE_SCOPED,STATE_SCOPED
cb866cae3b4e34df373f00e4c49e7b46,SPLIT,2021,2011.0,2025,Tuensang,Tuensang,IND-001038,IND-001038,,RESOLVED_NO_OVERLAP,STATE_SCOPED,STATE_SCOPED
d8b94391d77df26fa8dcded322e460fc,SPLIT,2021,2011.0,2025,Sangrur,Sangrur,IND-000958,IND-000958,,PARTIALLY_RESOLVED,STATE_SCOPED,STATE_SCOPED
1ed9ee0d091e88e40a870cb24a8f25bd,SPLIT,2021,2011.0,2025,East,East,IND-000482,IND-000482,,PARTIALLY_RESOLVED,STATE_SCOPED,STATE_SCOPED
0de605f8045201aeeda90b60ed68775b,SPLIT,2021,2011.0,2025,West,West,IND-000484,IND-000484,,PARTIALLY_RESOLVED,STATE_SCOPED,STATE_SCOPED
cdcf588217e0e96f749c05cb738b1789,NEW_DISTRICT,2022,2021.0,2025,Anantapuramu,Sri Sathya Sai,,,,UNRESOLVED_NAME,,
96dbd1952290179aed19c2f839167b58,NEW_DISTRICT,2022,2021.0,2025,Chittoor; Nellore,Tirupati,,,,PARTIALLY_RESOLVED,,
2a4d449c11a00e321b3dbfeafdb9b563,NEW_DISTRICT,2022,2021.0,2025,Chittoor; Ysr,Annamayya,,,,PARTIALLY_RESOLVED,,
0b76d22a701ed45bd67633c13cba97aa,NEW_DISTRICT,2022,2021.0,2025,East Godavari,Dr. B. R. Ambedkar Konaseema; Kakinada,,,,PARTIALLY_RESOLVED,,
6ffbc0cc55ee2c2a141c6b686543a36b,NEW_DISTRICT,2022,2021.0,2025,East Godavari; Visakhapatnam; Vizianagaram,Alluri Sitharama Raju,,,,PARTIALLY_RESOLVED,,
8a0c2ae91e1a45e2288e4d56afc7304e,NEW_DISTRICT,2022,2021.0,2025,Guntur,Bapatla; Palnadu,,,,PARTIALLY_RESOLVED,,
d1633201be62c8dafdfd73521f93be34,NEW_DISTRICT,2022,2021.0,2025,Krishna,Ntr,,,,PARTIALLY_RESOLVED,,
02e196153985ac1028983a97a60cde08,NEW_DISTRICT,2022,2021.0,2025,Kurnool,Nandyal,,,,PARTIALLY_RESOLVED,,
9c5cb93f1cb955230fb3b5556b4e0e1d,NEW_DISTRICT,2022,2021.0,2025,Srikakulam; Vizianagaram,Parvathipuram Manyam,,,,PARTIALLY_RESOLVED,,
a52eef93b6946bf7c18d84c75dd47171,NEW_DISTRICT,2022,2021.0,2025,Visakhapatnam,Anakapalli,,,,PARTIALLY_RESOLVED,,
4b975da314bbd75f801fa64d1383cd14,NEW_DISTRICT,2022,2021.0,2025,West Godavari,Eluru,,,,PARTIALLY_RESOLVED,,
c3f09fcab071beb37b0490eaa6ca8ee4,SPLIT,2022,2021.0,2025,Anantapuramu,Anantapuramu; Sri Sathya Sai,,,,UNRESOLVED_NAME,,
9fcf14c7f763f75fbf8e4edc6fe57bf6,SPLIT,2022,2021.0,2025,Chittoor,Chittoor,IND-000203,IND-000203,14995.0316,PARTIALLY_RESOLVED,STATE_SCOPED,STATE_SCOPED
271dc1143140cc0f1edfee1cb8928382,SPLIT,2022,2021.0,2025,East Godavari,East Godavari,IND-001256,IND-001256,12888.6203,PARTIALLY_RESOLVED,STATE_SCOPED,STATE_SCOPED
b3f19f6c2fd93892a5cdfe079855ab99,SPLIT,2022,2021.0,2025,Guntur,Guntur,IND-000404,IND-000404,11397.7947,PARTIALLY_RESOLVED,STATE_SCOPED,STATE_SCOPED
261e4f8ad2966f8b19de7af2c6e267b8,SPLIT,2022,2021.0,2025,Krishna,Krishna,IND-000210,IND-000210,8742.835,PARTIALLY_RESOLVED,STATE_SCOPED,STATE_SCOPED
8c1ecacba73bc5895327c3eb6597cf78,SPLIT,2022,2021.0,2025,Kurnool,Nandyal,,,,PARTIALLY_RESOLVED,,
a52966d9a69642991b68a36d67185d18,SPLIT,2022,2021.0,2025,Nellore,Nellore; Tirupati,,,,UNRESOLVED_NAME,,
cbc408999915fe56ab80aa05d52e02b5,SPLIT,2022,2021.0,2025,Srikakulam,Srikakulam,IND-000447,IND-000447,5828.1335,PARTIALLY_RESOLVED,STATE_SCOPED,STATE_SCOPED
6db56dce423a877367599c633025da26,SPLIT,2022,2021.0,2025,Visakhapatnam,Visakhapatnam,IND-000451,IND-000451,11564.9937,PARTIALLY_RESOLVED,STATE_SCOPED,STATE_SCOPED
97245c1e51c7c9a2e3eee4851d7f6cbe,SPLIT,2022,2021.0,2025,Vizianagaram,Vizianagaram,IND-000450,IND-000450,6142.0176,PARTIALLY_RESOLVED,STATE_SCOPED,STATE_SCOPED
f66bc426381122acfd40af7d67fbc699,SPLIT,2022,2021.0,2025,West Godavari,West Godavari,IND-000321,IND-000321,8317.1599,PARTIALLY_RESOLVED,STATE_SCOPED,STATE_SCOPED
43d296fd72b3af8d4369ec538c0e9024,SPLIT,2022,2021.0,2025,Ysr,Annamayya; Ysr,,,,PARTIALLY_RESOLVED,,
ad0dc0c6df922f939c6ad99dc66f1e14,SPLIT,2023,2021.0,2025,Ajmer,Ajmer,IND-000589,IND-000589,8454.9179,PARTIALLY_RESOLVED,STATE_SCOPED,STATE_SCOPED
e3c7c20952bfe1e88ba660677f13deda,SPLIT,2023,2021.0,2025,Alwar,Alwar,IND-000071,IND-000071,8365.6966,PARTIALLY_RESOLVED,STATE_SCOPED,STATE_SCOPED
dd6bb3113ecef23127d32d7bfa5457f2,SPLIT,2023,2021.0,2025,Barmer,Barmer,IND-000078,IND-000078,28373.414,PARTIALLY_RESOLVED,STATE_SCOPED,STATE_SCOPED
8be64f53a73d93398ee6acea7b2010a9,SPLIT,2023,2021.0,2025,Bharatpur,Bharatpur,IND-000590,IND-000590,5049.2188,PARTIALLY_RESOLVED,STATE_SCOPED,STATE_SCOPED
d222d31c3584c44de129f428830b7b7b,SPLIT,2023,2021.0,2025,Bhilwara,Bhilwara,IND-000088,IND-000088,10464.5834,PARTIALLY_RESOLVED,STATE_SCOPED,STATE_SCOPED
7a2ef57e2e27f18fdf6ef80af9f75ce7,SPLIT,2023,2021.0,2025,Jaipur,Dudu District; Jaipur Rural; Jaipur Urban; Kotputli-Behror District,,,,PARTIALLY_RESOLVED,,
e317ee90e41b5aee440b4335d53f45ac,SPLIT,2023,2021.0,2025,Jalore,Jalore; Sanchore District,,,,UNRESOLVED_NAME,,
1575074818aa312ec03e13a78d937322,SPLIT,2023,2021.0,2025,Jodhpur,Jodhpur Rural; Jodhpur Urban; Phalodi District,,,,PARTIALLY_RESOLVED,,
12326143772adb516315bd870bc9769a,SPLIT,2023,2021.0,2025,Nagaur,Nagaur,IND-000352,IND-000352,17784.5281,PARTIALLY_RESOLVED,STATE_SCOPED,STATE_SCOPED
f7809390c1a71140600912c5c3582ea0,SPLIT,2023,2021.0,2025,Sawai Madhopur,Sawai Madhopur,IND-000712,IND-000712,5009.2043,PARTIALLY_RESOLVED,STATE_SCOPED,STATE_SCOPED
71cc0493703ecfea0fea18e75bb4565d,SPLIT,2023,2021.0,2025,Sikar,Sikar,IND-000073,IND-000073,7707.043,PARTIALLY_RESOLVED,STATE_SCOPED,STATE_SCOPED
3e708274a84fcfe2e028eea3c09a8f9e,SPLIT,2023,2021.0,2025,Sriganganagar,Anupgarh District; Sriganganagar,,,,UNRESOLVED_NAME,,
8b5ff922de605854d35ecb8c0775ff4d,SPLIT,2023,2021.0,2025,Udaipur,Udaipur,IND-000716,IND-000716,11683.6205,PARTIALLY_RESOLVED,STATE_SCOPED,STATE_SCOPED
